DETAIL_LAB_PROCEDURE_ID,n_valid_records,n_abnormal_records,abnormal_rate_records,n_valid_records_pos,n_abnormal_records_pos,abnormal_rate_records_pos,n_valid_records_neg,n_abnormal_records_neg,abnormal_rate_records_neg,n_valid_encounters,n_abnormal_encounters,abnormal_rate_encounters,n_valid_encounters_pos,n_abnormal_encounters_pos,abnormal_rate_encounters_pos,n_valid_encounters_neg,n_abnormal_encounters_neg,abnormal_rate_encounters_neg,n_valid_patients,n_abnormal_patients,abnormal_rate_patients,n_valid_patients_pos,n_abnormal_patients_pos,abnormal_rate_patients_pos,n_valid_patients_neg,n_abnormal_patients_neg,abnormal_rate_patients_neg,n_patients_with_lab,n_encounters_with_lab
1,3183087,1265265,0.3974962041565311,37971.0,15192.0,0.40009480919649204,3145116.0,1250073.0,0.3974648311858768,1861581,479795,0.2577352261330557,21489.0,5519.0,0.25682907534087207,1840092.0,474276.0,0.2577458083617558,1532316,417821,0.2726728690426779,18102.0,4966.0,0.27433432769859684,1514214.0,412855.0,0.2726530067744718,1532463,1861787
2,5401430,2780965,0.5148571767106118,73308.0,36788.0,0.5018279041850822,5328122.0,2744177.0,0.515036442483862,2906940,1079868,0.371479287498194,36635.0,13421.0,0.3663436604340112,2870305.0,1066447.0,0.37154483582755143,2228552,792567,0.3556421389314676,30047.0,11189.0,0.37238326621626117,2198505.0,781378.0,0.355413337699937,2231838,2911267
3,19212078,7589666,0.39504659516789387,329364.0,114156.0,0.34659525631216526,18882714.0,7475510.0,0.39589171344754787,7508985,2558419,0.34071435753300877,101040.0,35472.0,0.3510688836104513,7407945.0,2522947.0,0.3405731279052423,4996311,1858711,0.3720166739020049,70508.0,28219.0,0.4002240880467465,4925803.0,1830492.0,0.37161291265606844,4996706,7509878
4,1735653,579028,0.3336081578518287,28934.0,12710.0,0.43927559272827815,1706719.0,566318.0,0.33181677827457245,957654,298168,0.31135253442266203,15750.0,5819.0,0.36946031746031743,941904.0,292349.0,0.31038088807351916,788097,269707,0.34222563973724046,13413.0,5407.0,0.4031163796317006,774684.0,264300.0,0.341171367938411,788184,957751
5,1155378,258012,0.22331392842861816,17038.0,4109.0,0.24116680361544782,1138340.0,253903.0,0.22304671714953353,574128,128778,0.2243018978346292,8604.0,2046.0,0.2377963737796374,565524.0,126732.0,0.22409659006514313,471878,118845,0.2518553524427924,7237.0,1907.0,0.26350697802957024,464641.0,116938.0,0.25167387294707094,477142,580490
6,515603,136251,0.2642556385436082,7312.0,1557.0,0.21293763676148797,508291.0,134694.0,0.26499387162078414,256304,50731,0.1979329234034584,3939.0,542.0,0.1375983752221376,252365.0,50189.0,0.19887464585025658,190536,42278,0.22188982659444934,3037.0,488.0,0.16068488640105366,187499.0,41790.0,0.22288118869967308,210891,280096
7,342287,238906,0.6979698323336849,8003.0,6007.0,0.7505935274272147,334284.0,232899.0,0.6967099831281186,237774,155366,0.6534187926350232,5143.0,3661.0,0.7118413377406183,232631.0,151705.0,0.6521271885518267,213267,142034,0.6659914567185734,4771.0,3436.0,0.7201844477048837,208496.0,138598.0,0.6647513621364438,219303,244861
8,10348023,2365289,0.22857399911074802,164366.0,45151.0,0.27469793022887945,10183657.0,2320138.0,0.2278295508185321,5964493,1216238,0.20391305681807323,81779.0,21274.0,0.26014013377517453,5882714.0,1194964.0,0.2031314117939441,4280300,1015009,0.2371350139008948,61085.0,18185.0,0.2976999263321601,4219215.0,996824.0,0.23625816650727682,4283302,5969061
9,10028714,3007171,0.29985609321394546,158107.0,58042.0,0.36710582074164966,9870607.0,2949129.0,0.2987788896873313,5869619,1556189,0.26512606695596425,78707.0,27717.0,0.3521541921303061,5790912.0,1528472.0,0.2639432269045014,4203453,1273154,0.3028828917558969,58305.0,23077.0,0.3957979590086613,4145148.0,1250077.0,0.3015759630295468,4205506,5872575
10,615071,309022,0.5024167941587231,12089.0,6535.0,0.5405740756059227,602982.0,302487.0,0.5016517906007144,331735,153483,0.46266749061751095,6538.0,3370.0,0.5154481492811257,325197.0,150113.0,0.46160634938206685,270472,132015,0.4880911887367269,5733.0,3037.0,0.5297401011686727,264739.0,128978.0,0.4871892694314022,270788,332141
11,119352,36190,0.30322072524968163,1309.0,453.0,0.3460656990068755,118043.0,35737.0,0.3027456096507205,75602,23149,0.3061956032909182,778.0,255.0,0.3277634961439589,74824.0,22894.0,0.3059713460921629,61893,20909,0.337824955972404,660.0,241.0,0.36515151515151517,61233.0,20668.0,0.33753041660542515,61980,75697
12,675,241,0.35703703703703704,2.0,1.0,0.5,673.0,240.0,0.35661218424962854,638,223,0.3495297805642633,2.0,1.0,0.5,636.0,222.0,0.3490566037735849,613,214,0.34910277324632955,2.0,1.0,0.5,611.0,213.0,0.3486088379705401,7076,7942
13,17950122,6291513,0.35049973476503393,273108.0,94031.0,0.34429969096474655,17677014.0,6197482.0,0.35059552478716144,6869442,2080023,0.30279358934830514,77803.0,25859.0,0.3323650758968163,6791639.0,2054164.0,0.3024548271779463,4537819,1477331,0.3255597016981065,53357.0,19823.0,0.3715163896021141,4484462.0,1457508.0,0.32501290009816114,4540156,6873560
14,211767,38088,0.179858051537775,5291.0,971.0,0.18351918351918353,206476.0,37117.0,0.17976423409984696,74298,17029,0.22919863253385017,1856.0,409.0,0.22036637931034483,72442.0,16620.0,0.22942491924574143,58256,15432,0.26489975281516065,1458.0,339.0,0.23251028806584362,56798.0,15093.0,0.2657311877178774,58297,74348
15,202824,53416,0.26336133790872873,2630.0,666.0,0.2532319391634981,200194.0,52750.0,0.26349441042189076,172187,45783,0.2658911532229495,2216.0,586.0,0.2644404332129964,169971.0,45197.0,0.2659100670114314,155688,42322,0.27183854889265713,2119.0,567.0,0.26757904672015104,153569.0,41755.0,0.2718973230274339,177045,196098
16,299650,176387,0.5886434173202069,7413.0,4180.0,0.5638742749224336,292237.0,172207.0,0.5892717212399525,85868,40468,0.47128150184003353,1392.0,593.0,0.4260057471264368,84476.0,39875.0,0.47202755812301717,71963,32248,0.4481191723524589,1231.0,529.0,0.429731925264013,70732.0,31719.0,0.4484391788723633,101172,126519
17,102960,25060,0.2433954933954934,1089.0,262.0,0.24058769513314968,101871.0,24798.0,0.24342550873163118,63915,14677,0.22963310646952984,654.0,144.0,0.22018348623853212,63261.0,14533.0,0.22973079780591518,57145,13992,0.24485081809432147,616.0,140.0,0.22727272727272727,56529.0,13852.0,0.2450423676343116,59034,66084
18,206645,146523,0.7090565946429868,530.0,373.0,0.7037735849056603,206115.0,146150.0,0.7090701792688547,65996,51958,0.7872901387962907,187.0,154.0,0.8235294117647058,65809.0,51804.0,0.7871871628500661,61529,48463,0.7876448503957484,181.0,149.0,0.8232044198895028,61348.0,48314.0,0.7875399361022364,62368,66842
19,10790,4317,0.40009267840593143,87.0,43.0,0.4942528735632184,10703.0,4274.0,0.39932729141362233,7114,3035,0.4266235591790835,64.0,31.0,0.484375,7050.0,3004.0,0.42609929078014186,7059,3023,0.42824762714265474,64.0,31.0,0.484375,6995.0,2992.0,0.42773409578270194,7115,7170
20,12886,4604,0.3572869781157846,407.0,56.0,0.1375921375921376,12479.0,4548.0,0.3644522798301146,9539,3551,0.3722612433169095,159.0,47.0,0.29559748427672955,9380.0,3504.0,0.37356076759061835,9181,3466,0.37751878880296263,155.0,46.0,0.2967741935483871,9026.0,3420.0,0.3789053844449368,9309,9669
21,280579,160198,0.5709550607850196,3939.0,2418.0,0.6138613861386139,276640.0,157780.0,0.5703441295546559,252825,141172,0.5583783249283101,3389.0,2018.0,0.5954558866922396,249436.0,139154.0,0.5578745650186822,241655,136499,0.5648507169311622,3239.0,1950.0,0.6020376659462797,238416.0,134549.0,0.5643455137239112,255928,268279
22,250093,116311,0.4650709935903844,5875.0,2227.0,0.379063829787234,244218.0,114084.0,0.4671400142495639,121148,64268,0.5304916300723083,1648.0,791.0,0.4799757281553398,119500.0,63477.0,0.5311882845188285,114708,61192,0.5334588694772815,1618.0,774.0,0.4783683559950556,113090.0,60418.0,0.5342470598638253,114838,121285
23,207,0,0.0,0.0,0.0,,207.0,0.0,0.0,194,0,0.0,0.0,0.0,,194.0,0.0,0.0,194,0,0.0,0.0,0.0,,194.0,0.0,0.0,450,450
24,19811491,3120801,0.15752479205123934,343440.0,65434.0,0.19052527370137434,19468051.0,3055367.0,0.15694262358363453,7348628,1490488,0.20282534372402578,99009.0,26966.0,0.27235907846761404,7249619.0,1463522.0,0.20187571236502222,4906560,1241815,0.2530927982130046,69255.0,23088.0,0.3333766515053065,4837305.0,1218727.0,0.25194338583157355,4909966,7354669
25,4444672,940512,0.21160436585646814,84792.0,20254.0,0.23886687423341824,4359880.0,920258.0,0.21107415800434876,1468147,449212,0.3059720859014799,26772.0,9429.0,0.3521963245181533,1441375.0,439783.0,0.30511352007631604,1198206,393064,0.32804375875266856,22916.0,8405.0,0.3667743061616338,1175290.0,384659.0,0.32728858409413847,1198529,1468547
26,125731,59697,0.47479937326514543,725.0,423.0,0.5834482758620689,125006.0,59274.0,0.4741692398764859,87894,47332,0.5385122989054998,482.0,319.0,0.6618257261410788,87412.0,47013.0,0.537832334233286,70078,41437,0.5912982676446246,423.0,286.0,0.6761229314420804,69655.0,41151.0,0.5907831455028354,70628,88584
27,1366,1141,0.835285505124451,12.0,10.0,0.8333333333333334,1354.0,1131.0,0.8353028064992615,1312,1102,0.8399390243902439,12.0,10.0,0.8333333333333334,1300.0,1092.0,0.84,1245,1051,0.8441767068273093,11.0,9.0,0.8181818181818182,1234.0,1042.0,0.8444084278768234,1263,1330
28,9121561,4332459,0.47496903216456043,150788.0,77503.0,0.5139865241265883,8970773.0,4254956.0,0.4743131946377419,5112916,1673996,0.3274053397317695,74617.0,29327.0,0.39303375906294813,5038299.0,1644669.0,0.32643338555333856,3664404,1304843,0.35608601016700125,55719.0,24380.0,0.4375527198980599,3608685.0,1280463.0,0.35482814376982197,3667237,5116811
29,9106592,1953196,0.21448155358228413,161539.0,39317.0,0.24339014108048213,8945053.0,1913879.0,0.21395949247030732,5322327,979179,0.18397573091619512,80109.0,18196.0,0.2271405210400829,5242218.0,960983.0,0.1833161078001716,3810040,774730,0.20333907255566872,59629.0,14779.0,0.24784920089218335,3750411.0,759951.0,0.2026313915994807,3812192,5325501
30,1802,98,0.05438401775804662,24.0,2.0,0.08333333333333333,1778.0,96.0,0.05399325084364454,1534,91,0.059322033898305086,19.0,2.0,0.10526315789473684,1515.0,89.0,0.058745874587458745,1476,88,0.05962059620596206,17.0,2.0,0.11764705882352941,1459.0,86.0,0.05894448252227553,1482,1540
31,1732,7,0.0040415704387990765,45.0,0.0,0.0,1687.0,7.0,0.004149377593360996,1717,7,0.004076878276062901,45.0,0.0,0.0,1672.0,7.0,0.004186602870813397,1684,7,0.004156769596199525,45.0,0.0,0.0,1639.0,7.0,0.004270896888346553,3396,3464
32,13,2,0.15384615384615385,0.0,0.0,,13.0,2.0,0.15384615384615385,13,2,0.15384615384615385,0.0,0.0,,13.0,2.0,0.15384615384615385,9,2,0.2222222222222222,0.0,0.0,,9.0,2.0,0.2222222222222222,9,13
33,508518,124001,0.24384780873046774,12927.0,3430.0,0.2653361182022124,495591.0,120571.0,0.24328730747733515,266308,57648,0.2164711537017288,4886.0,1293.0,0.26463364715513715,261422.0,56355.0,0.2155709924948933,225808,50315,0.2228220435059874,4178.0,1176.0,0.28147438966012445,221630.0,49139.0,0.22171637413707532,236951,281779
34,15811914,5657047,0.357771171788564,243225.0,91016.0,0.3742049542604584,15568689.0,5566031.0,0.35751443169042685,6389590,1834673,0.28713469878349,79120.0,27847.0,0.35195904954499496,6310470.0,1806826.0,0.2863219379856017,4269581,1477986,0.34616652078974497,55191.0,23034.0,0.41735065499809754,4214390.0,1454952.0,0.34523430437145114,4272360,6392857
35,12225484,2445444,0.20002839969362357,194929.0,40241.0,0.20643926763077838,12030555.0,2405203.0,0.19992452551025286,4683211,978958,0.2090356381551034,61420.0,15873.0,0.258433734939759,4621791.0,963085.0,0.2083791759514872,3100181,791557,0.2553260599945616,42464.0,13329.0,0.31388941220798794,3057717.0,778228.0,0.25451276229945413,3102888,4686372
36,88,34,0.38636363636363635,0.0,0.0,,88.0,34.0,0.38636363636363635,85,31,0.36470588235294116,0.0,0.0,,85.0,31.0,0.36470588235294116,80,31,0.3875,0.0,0.0,,80.0,31.0,0.3875,99,104
37,345,221,0.6405797101449275,1.0,1.0,1.0,344.0,220.0,0.6395348837209303,341,217,0.6363636363636364,1.0,1.0,1.0,340.0,216.0,0.6352941176470588,325,206,0.6338461538461538,1.0,1.0,1.0,324.0,205.0,0.6327160493827161,327,343
38,18562321,5244219,0.28251957284867557,317338.0,94859.0,0.2989210242706515,18244983.0,5149360.0,0.282234299697621,7174036,2092250,0.29164197113033724,96930.0,35798.0,0.36931806458268857,7077106.0,2056452.0,0.2905780978835134,4796358,1624901,0.33877808954210675,67785.0,29161.0,0.4301984214796784,4728573.0,1595740.0,0.3374675615666714,4798274,7177227
39,21621243,14156300,0.6547403403217844,342903.0,238699.0,0.6961123116449841,21278340.0,13917601.0,0.6540736260441369,8248431,4283426,0.5193019132972077,104791.0,61098.0,0.5830462539721922,8143640.0,4222328.0,0.5184816617630446,5580293,3071517,0.5504221731726273,73236.0,45914.0,0.6269321098913103,5507057.0,3025603.0,0.549404700187414,5582705,8253340
40,20488603,13621060,0.664811554013712,324578.0,224857.0,0.6927672239030371,20164025.0,13396203.0,0.6643615547987071,7887352,4221325,0.5352018015678773,98837.0,58007.0,0.5868955957789087,7788515.0,4163318.0,0.5345458023769615,5346328,3040896,0.5687821622616495,69048.0,43616.0,0.6316765148881938,5277280.0,2997280.0,0.5679592517357427,5348157,7890781
41,21943981,7407394,0.3375592605553204,330655.0,118435.0,0.35818300040828055,21613326.0,7288959.0,0.3372437449007154,7596365,3047053,0.4011198777309937,91462.0,40767.0,0.4457260938969189,7504903.0,3006286.0,0.40057626327748674,5170763,2462176,0.4761726654267465,63930.0,33342.0,0.5215391834819334,5106833.0,2428834.0,0.4756047436836098,5174117,7600337
42,14750176,8902127,0.6035268324933886,199088.0,127083.0,0.6383257654906374,14551088.0,8775044.0,0.6030507134586774,5909153,3032345,0.5131606847884967,66879.0,37953.0,0.5674875521464137,5842274.0,2994392.0,0.5125387819879725,3978615,2157157,0.5421879221789492,46339.0,28088.0,0.6061416949006236,3932276.0,2129069.0,0.5414342736878083,4004503,5941092
47,19197135,4206834,0.21913863709350379,332794.0,77865.0,0.23397356923502227,18864341.0,4128969.0,0.21887692763823555,7267092,1651901,0.22731252060659202,98819.0,28350.0,0.28688814904016435,7168273.0,1623551.0,0.2264912343600753,4859150,1320748,0.2718063858905364,69142.0,23541.0,0.34047322900697113,4790008.0,1297207.0,0.27081520531907255,4861268,7270532
49,1019487,558667,0.5479883510039854,21963.0,14256.0,0.6490916541456085,997524.0,544411.0,0.5457623074733039,243799,155092,0.6361469899384329,3271.0,2289.0,0.6997859981656985,240528.0,152803.0,0.6352815472626887,222067,142729,0.6427294465183931,3079.0,2169.0,0.7044494965898019,218988.0,140560.0,0.6418616545198824,222114,243852
50,132535,40871,0.30837891877617235,1686.0,438.0,0.2597864768683274,130849.0,40433.0,0.3090050363395975,100890,33567,0.3327088908712459,1359.0,375.0,0.27593818984547464,99531.0,33192.0,0.3334840401482955,95028,31909,0.3357852422443911,1304.0,356.0,0.27300613496932513,93724.0,31553.0,0.33665870001280357,103362,111143
51,335119,141958,0.4236047493576908,5906.0,2245.0,0.3801219099221131,329213.0,139713.0,0.4243848207695322,297083,124794,0.4200644264397492,5201.0,1949.0,0.3747356277638916,291882.0,122845.0,0.4208721332593308,269695,115700,0.4290031331689501,4969.0,1883.0,0.3789494868182733,264726.0,113817.0,0.4299426576913488,271053,298612
52,18741912,11808685,0.6300683196036776,297247.0,171268.0,0.5761807520345033,18444665.0,11637417.0,0.6309367505454829,6247607,3875418,0.6203043821418345,78139.0,47556.0,0.6086077374934412,6169468.0,3827862.0,0.6204525252420467,4146884,2794110,0.6737854253941031,54127.0,36325.0,0.6711068413176419,4092757.0,2757785.0,0.6738208498574433,4153615,6256209
53,110,0,0.0,9.0,0.0,0.0,101.0,0.0,0.0,109,0,0.0,9.0,0.0,0.0,100.0,0.0,0.0,109,0,0.0,9.0,0.0,0.0,100.0,0.0,0.0,110,110
54,397223,211332,0.5320235736601355,6818.0,4029.0,0.5909357582868876,390405.0,207303.0,0.5309947362354478,341238,184041,0.5393332512791659,5819.0,3471.0,0.5964942429970785,335419.0,180570.0,0.5383415966298868,310099,172738,0.5570414609527925,5518.0,3351.0,0.6072852482783617,304581.0,169387.0,0.5561312097602936,310653,341850
55,394197,210420,0.5337940166972351,6307.0,3405.0,0.5398763278896465,387890.0,207015.0,0.5336951197504447,267104,163913,0.6136673355696658,4416.0,2701.0,0.6116394927536232,262688.0,161212.0,0.6137014252649531,243567,151568,0.6222846280489557,4199.0,2597.0,0.6184805906168135,239368.0,148971.0,0.6223513585775876,243920,267480
56,428594,205060,0.4784481350648866,8030.0,4465.0,0.5560398505603985,420564.0,200595.0,0.47696664479128026,190377,91490,0.4805727582638659,2486.0,1419.0,0.5707964601769911,187891.0,90071.0,0.47937900165521496,148713,81196,0.5459912717785265,2228.0,1334.0,0.5987432675044884,146485.0,79862.0,0.5451889271939107,148773,190449
57,92477,23331,0.25228975853455454,1948.0,460.0,0.23613963039014374,90529.0,22871.0,0.2526372764528494,67572,16252,0.24051382229325757,1241.0,351.0,0.28283642224012895,66331.0,15901.0,0.23972200027136634,64576,15594,0.2414829038652131,1216.0,343.0,0.28207236842105265,63360.0,15251.0,0.24070391414141415,65203,68219
58,4485385,1282750,0.28598436923474796,101306.0,27786.0,0.2742779302311808,4384079.0,1254964.0,0.28625487816255135,1197773,470300,0.3926453509972257,24418.0,9799.0,0.40130231796215904,1173355.0,460501.0,0.3924651959551883,970973,413073,0.42542171615482616,20786.0,8941.0,0.4301452900991052,950187.0,404132.0,0.425318384696907,971247,1198289
59,18377674,4186703,0.22781462986012266,284863.0,72321.0,0.25387993526712843,18092811.0,4114382.0,0.22740424359708394,7541050,1451380,0.1924639141764078,97361.0,22883.0,0.23503250788303326,7443689.0,1428497.0,0.19190713099378548,5102901,1128769,0.22120143032365316,67861.0,18479.0,0.27230662678121453,5035040.0,1110290.0,0.22051264736725032,5106356,7546932
60,25828,1885,0.07298280935418926,383.0,31.0,0.08093994778067885,25445.0,1854.0,0.07286303792493613,25382,1815,0.07150736742573477,372.0,28.0,0.07526881720430108,25010.0,1787.0,0.0714514194322271,23049,1361,0.059048114885678335,331.0,22.0,0.06646525679758308,22718.0,1339.0,0.05894004753939607,57299,65840
61,282195,3067,0.01086837116178529,2783.0,23.0,0.008264462809917356,279412.0,3044.0,0.010894306615320745,264798,3025,0.011423802294579264,2673.0,22.0,0.00823045267489712,262125.0,3003.0,0.011456366237482118,227271,2788,0.012267293231428559,2260.0,21.0,0.009292035398230088,225011.0,2767.0,0.01229717658247819,239361,278050
62,8920178,3166114,0.3549384328429321,158853.0,58008.0,0.36516779664217863,8761325.0,3108106.0,0.3547529625941282,5167968,1405941,0.2720490916352423,78121.0,25583.0,0.327479166933347,5089847.0,1380358.0,0.27119832875133576,3705019,1172950,0.31658407149868867,58328.0,22234.0,0.38118913729255244,3646691.0,1150716.0,0.315550728043588,3708061,5172413
63,162318,93775,0.5777239739277221,4293.0,2594.0,0.6042394595853715,158025.0,91181.0,0.5770036386647682,119460,67131,0.5619537920642893,2530.0,1482.0,0.5857707509881422,116930.0,65649.0,0.5614384674591636,103285,55982,0.5420148133804521,2040.0,1084.0,0.5313725490196078,101245.0,54898.0,0.5422292458886858,109970,127330
64,457157,269331,0.5891433358780462,8777.0,6050.0,0.6893015836846302,448380.0,263281.0,0.5871827467772871,374493,212819,0.568285655539623,6188.0,4099.0,0.6624111182934712,368305.0,208720.0,0.5667042261169412,333121,190374,0.5714860366053176,5654.0,3764.0,0.6657233816766891,327467.0,186610.0,0.5698589476191495,333585,375066
65,183142,44883,0.24507212982276047,2154.0,681.0,0.3161559888579387,180988.0,44202.0,0.2442261365394391,135967,31236,0.22973221443438482,1548.0,355.0,0.229328165374677,134419.0,30881.0,0.22973686755592587,116045,28662,0.2469903916584084,1476.0,343.0,0.23238482384823847,114569.0,28319.0,0.24717855615393344,124175,144536
66,4534,758,0.16718129686810762,26.0,1.0,0.038461538461538464,4508.0,757.0,0.16792369121561668,4150,743,0.17903614457831327,26.0,1.0,0.038461538461538464,4124.0,742.0,0.17992240543161978,3913,721,0.18425760286225404,25.0,1.0,0.04,3888.0,720.0,0.18518518518518517,4771,5038
67,3304,2263,0.6849273607748184,76.0,57.0,0.75,3228.0,2206.0,0.6833952912019826,3189,2182,0.6842270304170587,72.0,55.0,0.7638888888888888,3117.0,2127.0,0.6823869104908566,2573,1757,0.6828604741546832,61.0,46.0,0.7540983606557377,2512.0,1711.0,0.6811305732484076,2583,3199
68,2577,1496,0.5805199844780753,61.0,41.0,0.6721311475409836,2516.0,1455.0,0.5782988871224165,2465,1450,0.5882352941176471,49.0,31.0,0.6326530612244898,2416.0,1419.0,0.5873344370860927,2029,1200,0.5914243469689502,48.0,30.0,0.625,1981.0,1170.0,0.5906108026249369,2036,2476
71,1856,1850,0.9967672413793104,11.0,11.0,1.0,1845.0,1839.0,0.9967479674796748,1765,1759,0.996600566572238,10.0,10.0,1.0,1755.0,1749.0,0.9965811965811966,1651,1645,0.9963658388855239,10.0,10.0,1.0,1641.0,1635.0,0.9963436928702011,18272,21650
76,1570,7,0.0044585987261146496,87.0,0.0,0.0,1483.0,7.0,0.004720161834120027,1015,7,0.006896551724137931,77.0,0.0,0.0,938.0,7.0,0.007462686567164179,972,7,0.00720164609053498,75.0,0.0,0.0,897.0,7.0,0.007803790412486065,95703,113367
78,1,0,0.0,0.0,0.0,,1.0,0.0,0.0,1,0,0.0,0.0,0.0,,1.0,0.0,0.0,1,0,0.0,0.0,0.0,,1.0,0.0,0.0,946,999
80,44,10,0.22727272727272727,0.0,0.0,,44.0,10.0,0.22727272727272727,44,10,0.22727272727272727,0.0,0.0,,44.0,10.0,0.22727272727272727,41,10,0.24390243902439024,0.0,0.0,,41.0,10.0,0.24390243902439024,41,44
81,990,161,0.16262626262626262,6.0,1.0,0.16666666666666666,984.0,160.0,0.16260162601626016,990,161,0.16262626262626262,6.0,1.0,0.16666666666666666,984.0,160.0,0.16260162601626016,931,157,0.1686358754027927,6.0,1.0,0.16666666666666666,925.0,156.0,0.16864864864864865,1085,1160
82,41,5,0.12195121951219512,0.0,0.0,,41.0,5.0,0.12195121951219512,39,5,0.1282051282051282,0.0,0.0,,39.0,5.0,0.1282051282051282,38,5,0.13157894736842105,0.0,0.0,,38.0,5.0,0.13157894736842105,38,39
83,5258,315,0.0599087105363256,98.0,2.0,0.02040816326530612,5160.0,313.0,0.06065891472868217,4387,123,0.028037383177570093,90.0,1.0,0.011111111111111112,4297.0,122.0,0.028391901326506864,4316,119,0.02757182576459685,89.0,1.0,0.011235955056179775,4227.0,118.0,0.02791577951265673,4711,4787
85,791,26,0.03286978508217446,18.0,0.0,0.0,773.0,26.0,0.03363518758085381,745,18,0.024161073825503355,16.0,0.0,0.0,729.0,18.0,0.024691358024691357,719,16,0.022253129346314324,15.0,0.0,0.0,704.0,16.0,0.022727272727272728,1251,1302
87,11,0,0.0,0.0,0.0,,11.0,0.0,0.0,11,0,0.0,0.0,0.0,,11.0,0.0,0.0,11,0,0.0,0.0,0.0,,11.0,0.0,0.0,45,45
88,32,0,0.0,2.0,0.0,0.0,30.0,0.0,0.0,30,0,0.0,2.0,0.0,0.0,28.0,0.0,0.0,30,0,0.0,2.0,0.0,0.0,28.0,0.0,0.0,405,425
89,5,0,0.0,0.0,0.0,,5.0,0.0,0.0,5,0,0.0,0.0,0.0,,5.0,0.0,0.0,5,0,0.0,0.0,0.0,,5.0,0.0,0.0,5,5
91,4,0,0.0,0.0,0.0,,4.0,0.0,0.0,4,0,0.0,0.0,0.0,,4.0,0.0,0.0,4,0,0.0,0.0,0.0,,4.0,0.0,0.0,29,32
114,1,0,0.0,0.0,0.0,,1.0,0.0,0.0,1,0,0.0,0.0,0.0,,1.0,0.0,0.0,1,0,0.0,0.0,0.0,,1.0,0.0,0.0,14561,15618
119,794,0,0.0,12.0,0.0,0.0,782.0,0.0,0.0,794,0,0.0,12.0,0.0,0.0,782.0,0.0,0.0,741,0,0.0,11.0,0.0,0.0,730.0,0.0,0.0,948,1004
122,37,11,0.2972972972972973,0.0,0.0,,37.0,11.0,0.2972972972972973,34,11,0.3235294117647059,0.0,0.0,,34.0,11.0,0.3235294117647059,33,10,0.30303030303030304,0.0,0.0,,33.0,10.0,0.30303030303030304,7898,8305
124,6611,118,0.017849039479655122,42.0,1.0,0.023809523809523808,6569.0,117.0,0.017810930126351043,4020,100,0.024875621890547265,24.0,1.0,0.041666666666666664,3996.0,99.0,0.024774774774774775,3791,100,0.02637826431020839,21.0,1.0,0.047619047619047616,3770.0,99.0,0.026259946949602122,15715,16647
131,10,0,0.0,0.0,0.0,,10.0,0.0,0.0,10,0,0.0,0.0,0.0,,10.0,0.0,0.0,10,0,0.0,0.0,0.0,,10.0,0.0,0.0,142,144
137,3837,51,0.013291634089132134,37.0,1.0,0.02702702702702703,3800.0,50.0,0.013157894736842105,3074,45,0.014638906961613532,28.0,1.0,0.03571428571428571,3046.0,44.0,0.014445173998686802,2910,44,0.015120274914089347,27.0,1.0,0.037037037037037035,2883.0,43.0,0.014915019077349982,8042,8501
138,278,0,0.0,4.0,0.0,0.0,274.0,0.0,0.0,259,0,0.0,3.0,0.0,0.0,256.0,0.0,0.0,255,0,0.0,3.0,0.0,0.0,252.0,0.0,0.0,20287,22449
139,105,0,0.0,0.0,0.0,,105.0,0.0,0.0,100,0,0.0,0.0,0.0,,100.0,0.0,0.0,100,0,0.0,0.0,0.0,,100.0,0.0,0.0,1000,1035
141,881,119,0.13507377979568672,14.0,1.0,0.07142857142857142,867.0,118.0,0.13610149942329874,805,110,0.13664596273291926,13.0,1.0,0.07692307692307693,792.0,109.0,0.13762626262626262,796,109,0.13693467336683418,13.0,1.0,0.07692307692307693,783.0,108.0,0.13793103448275862,918,946
145,89,0,0.0,0.0,0.0,,89.0,0.0,0.0,81,0,0.0,0.0,0.0,,81.0,0.0,0.0,80,0,0.0,0.0,0.0,,80.0,0.0,0.0,382,387
146,4598,1,0.00021748586341887777,54.0,0.0,0.0,4544.0,1.0,0.00022007042253521127,4591,1,0.00021781746896101068,54.0,0.0,0.0,4537.0,1.0,0.00022040996253030638,4460,1,0.0002242152466367713,54.0,0.0,0.0,4406.0,1.0,0.00022696323195642307,8159,8623
147,6202,19,0.0030635278942276684,27.0,0.0,0.0,6175.0,19.0,0.003076923076923077,5502,17,0.0030897855325336242,26.0,0.0,0.0,5476.0,17.0,0.00310445580715851,5229,16,0.0030598584815452285,25.0,0.0,0.0,5204.0,16.0,0.0030745580322828594,5243,5516
148,5145,110,0.021379980563654033,43.0,2.0,0.046511627906976744,5102.0,108.0,0.021168169345354763,4313,108,0.025040575005796428,39.0,2.0,0.05128205128205128,4274.0,106.0,0.024801123069723912,4026,104,0.025832091405861898,38.0,2.0,0.05263157894736842,3988.0,102.0,0.025576730190571714,5788,6197
149,212,4,0.018867924528301886,4.0,0.0,0.0,208.0,4.0,0.019230769230769232,200,3,0.015,4.0,0.0,0.0,196.0,3.0,0.015306122448979591,195,3,0.015384615384615385,4.0,0.0,0.0,191.0,3.0,0.015706806282722512,2485,2595
150,14,0,0.0,0.0,0.0,,14.0,0.0,0.0,14,0,0.0,0.0,0.0,,14.0,0.0,0.0,14,0,0.0,0.0,0.0,,14.0,0.0,0.0,16,16
151,5746,334,0.058127392969021925,60.0,1.0,0.016666666666666666,5686.0,333.0,0.05856489623637003,3913,258,0.06593406593406594,40.0,1.0,0.025,3873.0,257.0,0.06635682933126776,3719,251,0.06749126109169132,35.0,1.0,0.02857142857142857,3684.0,250.0,0.06786102062975027,11244,11911
152,2451,391,0.15952672378620972,21.0,1.0,0.047619047619047616,2430.0,390.0,0.16049382716049382,1337,309,0.23111443530291698,11.0,1.0,0.09090909090909091,1326.0,308.0,0.23227752639517346,1284,292,0.22741433021806853,11.0,1.0,0.09090909090909091,1273.0,291.0,0.22859387274155538,3175,3311
155,27,0,0.0,0.0,0.0,,27.0,0.0,0.0,9,0,0.0,0.0,0.0,,9.0,0.0,0.0,8,0,0.0,0.0,0.0,,8.0,0.0,0.0,8,9
157,90,0,0.0,0.0,0.0,,90.0,0.0,0.0,29,0,0.0,0.0,0.0,,29.0,0.0,0.0,29,0,0.0,0.0,0.0,,29.0,0.0,0.0,29,29
159,3,0,0.0,0.0,0.0,,3.0,0.0,0.0,1,0,0.0,0.0,0.0,,1.0,0.0,0.0,1,0,0.0,0.0,0.0,,1.0,0.0,0.0,1,1
162,18,0,0.0,0.0,0.0,,18.0,0.0,0.0,4,0,0.0,0.0,0.0,,4.0,0.0,0.0,4,0,0.0,0.0,0.0,,4.0,0.0,0.0,4,4
166,4,0,0.0,0.0,0.0,,4.0,0.0,0.0,4,0,0.0,0.0,0.0,,4.0,0.0,0.0,4,0,0.0,0.0,0.0,,4.0,0.0,0.0,4,4
167,11213,64,0.005707660750914117,184.0,0.0,0.0,11029.0,64.0,0.005802883307643485,7703,41,0.00532260158379852,111.0,0.0,0.0,7592.0,41.0,0.005400421496311907,7238,40,0.005526388505111909,98.0,0.0,0.0,7140.0,40.0,0.0056022408963585435,15524,16545
169,10,0,0.0,0.0,0.0,,10.0,0.0,0.0,10,0,0.0,0.0,0.0,,10.0,0.0,0.0,10,0,0.0,0.0,0.0,,10.0,0.0,0.0,14904,15686
172,67,0,0.0,3.0,0.0,0.0,64.0,0.0,0.0,30,0,0.0,1.0,0.0,0.0,29.0,0.0,0.0,29,0,0.0,1.0,0.0,0.0,28.0,0.0,0.0,32,33
173,64,0,0.0,0.0,0.0,,64.0,0.0,0.0,21,0,0.0,0.0,0.0,,21.0,0.0,0.0,21,0,0.0,0.0,0.0,,21.0,0.0,0.0,587,595
175,52752,12562,0.23813315134971186,823.0,186.0,0.22600243013365734,51929.0,12376.0,0.23832540584259276,48685,12107,0.24868029167094588,742.0,180.0,0.24258760107816713,47943.0,11927.0,0.2487745864881213,40238,10708,0.26611660619315075,593.0,163.0,0.2748735244519393,39645.0,10545.0,0.26598562239878926,40238,48685
176,125,34,0.272,2.0,0.0,0.0,123.0,34.0,0.2764227642276423,118,34,0.288135593220339,2.0,0.0,0.0,116.0,34.0,0.29310344827586204,114,34,0.2982456140350877,2.0,0.0,0.0,112.0,34.0,0.30357142857142855,114,118
177,22,2,0.09090909090909091,1.0,0.0,0.0,21.0,2.0,0.09523809523809523,21,2,0.09523809523809523,1.0,0.0,0.0,20.0,2.0,0.1,20,2,0.1,1.0,0.0,0.0,19.0,2.0,0.10526315789473684,77,78
179,81,19,0.2345679012345679,2.0,0.0,0.0,79.0,19.0,0.24050632911392406,66,7,0.10606060606060606,2.0,0.0,0.0,64.0,7.0,0.109375,66,7,0.10606060606060606,2.0,0.0,0.0,64.0,7.0,0.109375,96,96
180,34,6,0.17647058823529413,0.0,0.0,,34.0,6.0,0.17647058823529413,29,2,0.06896551724137931,0.0,0.0,,29.0,2.0,0.06896551724137931,29,2,0.06896551724137931,0.0,0.0,,29.0,2.0,0.06896551724137931,36,36
181,9623,59,0.006131144133845994,206.0,1.0,0.0048543689320388345,9417.0,58.0,0.006159074015079112,9209,56,0.006081007709849061,199.0,1.0,0.005025125628140704,9010.0,55.0,0.006104328523862375,8917,55,0.00616799371986094,194.0,1.0,0.005154639175257732,8723.0,54.0,0.006190530780694715,10745,11305
182,508,17,0.03346456692913386,7.0,0.0,0.0,501.0,17.0,0.033932135728542916,484,16,0.03305785123966942,7.0,0.0,0.0,477.0,16.0,0.033542976939203356,476,16,0.03361344537815126,7.0,0.0,0.0,469.0,16.0,0.03411513859275053,510,518
184,209,39,0.18660287081339713,1.0,0.0,0.0,208.0,39.0,0.1875,172,37,0.21511627906976744,1.0,0.0,0.0,171.0,37.0,0.21637426900584794,164,36,0.21951219512195122,1.0,0.0,0.0,163.0,36.0,0.22085889570552147,168,176
186,10,10,1.0,0.0,0.0,,10.0,10.0,1.0,10,10,1.0,0.0,0.0,,10.0,10.0,1.0,10,10,1.0,0.0,0.0,,10.0,10.0,1.0,333,342
187,121,12,0.09917355371900827,3.0,0.0,0.0,118.0,12.0,0.1016949152542373,120,12,0.1,3.0,0.0,0.0,117.0,12.0,0.10256410256410256,119,12,0.10084033613445378,3.0,0.0,0.0,116.0,12.0,0.10344827586206896,316,336
188,173,19,0.10982658959537572,2.0,0.0,0.0,171.0,19.0,0.1111111111111111,173,19,0.10982658959537572,2.0,0.0,0.0,171.0,19.0,0.1111111111111111,170,19,0.11176470588235295,2.0,0.0,0.0,168.0,19.0,0.1130952380952381,172,175
189,19375,1206,0.06224516129032258,130.0,7.0,0.05384615384615385,19245.0,1199.0,0.06230189659651857,19292,1200,0.062201948994401825,127.0,7.0,0.05511811023622047,19165.0,1193.0,0.062248891207931124,18188,1169,0.06427314712997581,123.0,7.0,0.056910569105691054,18065.0,1162.0,0.06432327705507888,26202,28136
190,5374,290,0.053963528098250835,92.0,1.0,0.010869565217391304,5282.0,289.0,0.05471412343809163,5351,289,0.054008596524014206,91.0,1.0,0.01098901098901099,5260.0,288.0,0.05475285171102662,5033,285,0.056626266640174845,83.0,1.0,0.012048192771084338,4950.0,284.0,0.057373737373737375,5241,5567
191,261,1,0.0038314176245210726,2.0,0.0,0.0,259.0,1.0,0.003861003861003861,236,1,0.00423728813559322,2.0,0.0,0.0,234.0,1.0,0.004273504273504274,233,1,0.004291845493562232,2.0,0.0,0.0,231.0,1.0,0.004329004329004329,256,259
192,157,12,0.07643312101910828,2.0,0.0,0.0,155.0,12.0,0.07741935483870968,153,12,0.0784313725490196,2.0,0.0,0.0,151.0,12.0,0.07947019867549669,153,12,0.0784313725490196,2.0,0.0,0.0,151.0,12.0,0.07947019867549669,186,186
193,12409,1146,0.09235232492545734,83.0,5.0,0.060240963855421686,12326.0,1141.0,0.09256855427551518,12314,1140,0.09257755400357316,82.0,5.0,0.06097560975609756,12232.0,1135.0,0.09278940483976456,11195,1100,0.09825815096025012,76.0,5.0,0.06578947368421052,11119.0,1095.0,0.0984800791438079,15519,16971
194,5868,402,0.06850715746421268,58.0,2.0,0.034482758620689655,5810.0,400.0,0.06884681583476764,5732,390,0.0680390788555478,56.0,2.0,0.03571428571428571,5676.0,388.0,0.06835799859055673,5386,376,0.06981062012625325,55.0,2.0,0.03636363636363636,5331.0,374.0,0.07015569311573813,6606,7081
196,4405,1436,0.3259931895573212,45.0,2.0,0.044444444444444446,4360.0,1434.0,0.32889908256880734,2976,1012,0.3400537634408602,24.0,2.0,0.08333333333333333,2952.0,1010.0,0.3421409214092141,2723,899,0.3301505692251194,23.0,2.0,0.08695652173913043,2700.0,897.0,0.3322222222222222,3248,3587
197,106531,11991,0.11255878570556926,1349.0,127.0,0.09414381022979985,105182.0,11864.0,0.11279496491795174,81261,10319,0.12698588498787858,1024.0,117.0,0.1142578125,80237.0,10202.0,0.12714832309283747,74850,9586,0.12806947227788912,964.0,108.0,0.11203319502074689,73886.0,9478.0,0.12827869961833094,80996,87840
198,31481,2964,0.09415202820749023,438.0,41.0,0.09360730593607305,31043.0,2923.0,0.09415971394517282,28498,2833,0.09941048494631202,383.0,40.0,0.10443864229765012,28115.0,2793.0,0.09934198826249332,26712,2689,0.10066636717580114,367.0,40.0,0.10899182561307902,26345.0,2649.0,0.10055038906813438,26718,28504
211,1,0,0.0,0.0,0.0,,1.0,0.0,0.0,1,0,0.0,0.0,0.0,,1.0,0.0,0.0,1,0,0.0,0.0,0.0,,1.0,0.0,0.0,730,738
217,32,6,0.1875,0.0,0.0,,32.0,6.0,0.1875,32,6,0.1875,0.0,0.0,,32.0,6.0,0.1875,30,4,0.13333333333333333,0.0,0.0,,30.0,4.0,0.13333333333333333,66,68
224,48,18,0.375,0.0,0.0,,48.0,18.0,0.375,48,18,0.375,0.0,0.0,,48.0,18.0,0.375,45,18,0.4,0.0,0.0,,45.0,18.0,0.4,45,48
225,13,0,0.0,0.0,0.0,,13.0,0.0,0.0,13,0,0.0,0.0,0.0,,13.0,0.0,0.0,13,0,0.0,0.0,0.0,,13.0,0.0,0.0,13311,14375
234,95,0,0.0,1.0,0.0,0.0,94.0,0.0,0.0,71,0,0.0,1.0,0.0,0.0,70.0,0.0,0.0,71,0,0.0,1.0,0.0,0.0,70.0,0.0,0.0,71,71
236,527,2,0.003795066413662239,2.0,0.0,0.0,525.0,2.0,0.0038095238095238095,417,2,0.004796163069544364,2.0,0.0,0.0,415.0,2.0,0.004819277108433735,227,2,0.00881057268722467,2.0,0.0,0.0,225.0,2.0,0.008888888888888889,244,438
237,2,0,0.0,0.0,0.0,,2.0,0.0,0.0,2,0,0.0,0.0,0.0,,2.0,0.0,0.0,2,0,0.0,0.0,0.0,,2.0,0.0,0.0,2,2
238,18643,1604,0.08603765488387062,211.0,16.0,0.07582938388625593,18432.0,1588.0,0.0861545138888889,11138,992,0.08906446399712695,162.0,10.0,0.06172839506172839,10976.0,982.0,0.08946793002915451,9548,880,0.09216589861751152,156.0,10.0,0.0641025641025641,9392.0,870.0,0.09263202725724021,11454,13411
247,4927,291,0.05906230972194033,100.0,3.0,0.03,4827.0,288.0,0.05966438781852082,4565,280,0.06133625410733844,92.0,2.0,0.021739130434782608,4473.0,278.0,0.062150681868991725,4528,280,0.061837455830388695,92.0,2.0,0.021739130434782608,4436.0,278.0,0.06266907123534717,5007,5070
248,1444,295,0.20429362880886426,32.0,12.0,0.375,1412.0,283.0,0.20042492917847027,1266,267,0.2109004739336493,32.0,12.0,0.375,1234.0,255.0,0.206645056726094,1248,263,0.2107371794871795,31.0,11.0,0.3548387096774194,1217.0,252.0,0.20706655710764174,1369,1387
249,485,150,0.30927835051546393,27.0,9.0,0.3333333333333333,458.0,141.0,0.3078602620087336,371,125,0.33692722371967654,20.0,8.0,0.4,351.0,117.0,0.3333333333333333,359,124,0.34540389972144847,20.0,8.0,0.4,339.0,116.0,0.3421828908554572,380,392
250,84,3,0.03571428571428571,0.0,0.0,,84.0,3.0,0.03571428571428571,84,3,0.03571428571428571,0.0,0.0,,84.0,3.0,0.03571428571428571,84,3,0.03571428571428571,0.0,0.0,,84.0,3.0,0.03571428571428571,87,87
251,562,296,0.5266903914590747,2.0,1.0,0.5,560.0,295.0,0.5267857142857143,562,296,0.5266903914590747,2.0,1.0,0.5,560.0,295.0,0.5267857142857143,543,290,0.5340699815837937,2.0,1.0,0.5,541.0,289.0,0.5341959334565619,698,733
252,13083,139,0.010624474508904686,145.0,1.0,0.006896551724137931,12938.0,138.0,0.010666254444272685,12464,134,0.010750962772785623,141.0,1.0,0.0070921985815602835,12323.0,133.0,0.010792826422137466,12118,134,0.01105793035154316,136.0,1.0,0.007352941176470588,11982.0,133.0,0.011099983308295777,12373,12724
254,777,0,0.0,0.0,0.0,,777.0,0.0,0.0,776,0,0.0,0.0,0.0,,776.0,0.0,0.0,737,0,0.0,0.0,0.0,,737.0,0.0,0.0,1809,1913
255,4525,399,0.0881767955801105,36.0,4.0,0.1111111111111111,4489.0,395.0,0.08799287146357763,4198,389,0.092663172939495,36.0,4.0,0.1111111111111111,4162.0,385.0,0.0925036040365209,4051,385,0.09503826215749198,36.0,4.0,0.1111111111111111,4015.0,381.0,0.09489414694894147,5288,5499
258,234,23,0.09829059829059829,6.0,0.0,0.0,228.0,23.0,0.10087719298245613,234,23,0.09829059829059829,6.0,0.0,0.0,228.0,23.0,0.10087719298245613,233,23,0.09871244635193133,6.0,0.0,0.0,227.0,23.0,0.1013215859030837,4558,4643
259,10693,1260,0.1178340970728514,94.0,5.0,0.05319148936170213,10599.0,1255.0,0.11840739692423814,10679,1258,0.11780129225582919,94.0,5.0,0.05319148936170213,10585.0,1253.0,0.11837505904581956,10550,1253,0.11876777251184834,93.0,5.0,0.053763440860215055,10457.0,1248.0,0.11934589270345224,12117,12321
260,49,9,0.1836734693877551,0.0,0.0,,49.0,9.0,0.1836734693877551,49,9,0.1836734693877551,0.0,0.0,,49.0,9.0,0.1836734693877551,49,9,0.1836734693877551,0.0,0.0,,49.0,9.0,0.1836734693877551,49,49
261,246,18,0.07317073170731707,1.0,0.0,0.0,245.0,18.0,0.07346938775510205,246,18,0.07317073170731707,1.0,0.0,0.0,245.0,18.0,0.07346938775510205,240,18,0.075,1.0,0.0,0.0,239.0,18.0,0.07531380753138076,437,446
262,782,173,0.22122762148337596,7.0,3.0,0.42857142857142855,775.0,170.0,0.21935483870967742,778,173,0.22236503856041132,7.0,3.0,0.42857142857142855,771.0,170.0,0.2204928664072633,770,173,0.22467532467532467,7.0,3.0,0.42857142857142855,763.0,170.0,0.22280471821756226,1221,1233
264,798,393,0.4924812030075188,4.0,2.0,0.5,794.0,391.0,0.4924433249370277,394,388,0.9847715736040609,2.0,2.0,1.0,392.0,386.0,0.9846938775510204,387,382,0.9870801033591732,2.0,2.0,1.0,385.0,380.0,0.987012987012987,387,394
265,745,7,0.009395973154362415,6.0,0.0,0.0,739.0,7.0,0.009472259810554804,574,7,0.012195121951219513,6.0,0.0,0.0,568.0,7.0,0.01232394366197183,541,7,0.012939001848428836,5.0,0.0,0.0,536.0,7.0,0.013059701492537313,599,632
266,4623,263,0.05688946571490374,100.0,6.0,0.06,4523.0,257.0,0.0568206942294937,4337,255,0.05879640304357851,98.0,6.0,0.061224489795918366,4239.0,249.0,0.05874026893135174,4288,253,0.05900186567164179,97.0,6.0,0.061855670103092786,4191.0,247.0,0.05893581484132665,5278,5339
267,4032,235,0.05828373015873016,152.0,6.0,0.039473684210526314,3880.0,229.0,0.05902061855670103,3910,217,0.055498721227621485,151.0,5.0,0.033112582781456956,3759.0,212.0,0.05639797818568768,3817,214,0.05606497249148546,149.0,5.0,0.03355704697986577,3668.0,209.0,0.05697928026172301,6018,6162
268,53,31,0.5849056603773585,12.0,4.0,0.3333333333333333,41.0,27.0,0.6585365853658537,49,30,0.6122448979591837,9.0,4.0,0.4444444444444444,40.0,26.0,0.65,43,26,0.6046511627906976,8.0,4.0,0.5,35.0,22.0,0.6285714285714286,43,49
269,225,3,0.013333333333333334,1.0,0.0,0.0,224.0,3.0,0.013392857142857142,194,3,0.015463917525773196,1.0,0.0,0.0,193.0,3.0,0.015544041450777202,193,3,0.015544041450777202,1.0,0.0,0.0,192.0,3.0,0.015625,3983,4121
270,54,3,0.05555555555555555,1.0,0.0,0.0,53.0,3.0,0.05660377358490566,54,3,0.05555555555555555,1.0,0.0,0.0,53.0,3.0,0.05660377358490566,53,3,0.05660377358490566,1.0,0.0,0.0,52.0,3.0,0.057692307692307696,166,169
271,6060,382,0.06303630363036304,117.0,3.0,0.02564102564102564,5943.0,379.0,0.06377250546861854,5290,344,0.06502835538752363,98.0,3.0,0.030612244897959183,5192.0,341.0,0.06567796610169492,4925,344,0.06984771573604061,94.0,3.0,0.031914893617021274,4831.0,341.0,0.07058580004139929,4925,5290
272,17960,800,0.044543429844097995,423.0,8.0,0.018912529550827423,17537.0,792.0,0.04516165820835947,17772,799,0.04495836146747693,418.0,7.0,0.01674641148325359,17354.0,792.0,0.045637893281087936,17164,799,0.04655092053134467,397.0,7.0,0.017632241813602016,16767.0,792.0,0.04723564143853999,17164,17772
273,6,0,0.0,0.0,0.0,,6.0,0.0,0.0,6,0,0.0,0.0,0.0,,6.0,0.0,0.0,6,0,0.0,0.0,0.0,,6.0,0.0,0.0,6,6
274,233,2,0.008583690987124463,5.0,0.0,0.0,228.0,2.0,0.008771929824561403,222,2,0.009009009009009009,5.0,0.0,0.0,217.0,2.0,0.009216589861751152,216,2,0.009259259259259259,5.0,0.0,0.0,211.0,2.0,0.009478672985781991,361,369
275,376,56,0.14893617021276595,7.0,2.0,0.2857142857142857,369.0,54.0,0.14634146341463414,365,55,0.1506849315068493,7.0,2.0,0.2857142857142857,358.0,53.0,0.14804469273743018,363,55,0.15151515151515152,6.0,2.0,0.3333333333333333,357.0,53.0,0.1484593837535014,482,486
276,361,54,0.14958448753462603,1.0,0.0,0.0,360.0,54.0,0.15,244,51,0.20901639344262296,1.0,0.0,0.0,243.0,51.0,0.20987654320987653,242,50,0.2066115702479339,1.0,0.0,0.0,241.0,50.0,0.2074688796680498,310,314
277,2,0,0.0,0.0,0.0,,2.0,0.0,0.0,2,0,0.0,0.0,0.0,,2.0,0.0,0.0,2,0,0.0,0.0,0.0,,2.0,0.0,0.0,2,2
278,592,68,0.11486486486486487,3.0,0.0,0.0,589.0,68.0,0.11544991511035653,426,30,0.07042253521126761,3.0,0.0,0.0,423.0,30.0,0.07092198581560284,416,30,0.07211538461538461,3.0,0.0,0.0,413.0,30.0,0.07263922518159806,448,458
279,1,0,0.0,0.0,0.0,,1.0,0.0,0.0,1,0,0.0,0.0,0.0,,1.0,0.0,0.0,1,0,0.0,0.0,0.0,,1.0,0.0,0.0,47,49
280,65850,5892,0.08947608200455581,1287.0,125.0,0.09712509712509712,64563.0,5767.0,0.08932360639995043,63882,5601,0.0876772799849723,1239.0,123.0,0.09927360774818401,62643.0,5478.0,0.08744791916095973,56425,5060,0.08967656180770935,1123.0,115.0,0.10240427426536064,55302.0,4945.0,0.0894181042276952,73463,81884
282,773,1,0.00129366106080207,18.0,0.0,0.0,755.0,1.0,0.0013245033112582781,542,1,0.0018450184501845018,11.0,0.0,0.0,531.0,1.0,0.0018832391713747645,515,1,0.001941747572815534,10.0,0.0,0.0,505.0,1.0,0.0019801980198019802,549,576
283,3,0,0.0,0.0,0.0,,3.0,0.0,0.0,3,0,0.0,0.0,0.0,,3.0,0.0,0.0,3,0,0.0,0.0,0.0,,3.0,0.0,0.0,3,3
284,8,0,0.0,0.0,0.0,,8.0,0.0,0.0,7,0,0.0,0.0,0.0,,7.0,0.0,0.0,6,0,0.0,0.0,0.0,,6.0,0.0,0.0,196,209
287,34434,611,0.017744090143462857,468.0,5.0,0.010683760683760684,33966.0,606.0,0.01784137078254725,32355,599,0.018513367331169834,410.0,5.0,0.012195121951219513,31945.0,594.0,0.018594459226796055,29072,587,0.020191249312052833,370.0,5.0,0.013513513513513514,28702.0,582.0,0.02027733259006341,39497,43824
288,45515,1029,0.022607931451169943,500.0,12.0,0.024,45015.0,1017.0,0.02259246917694102,44332,1007,0.02271496887124425,492.0,11.0,0.022357723577235773,43840.0,996.0,0.02271897810218978,41369,989,0.023906790108535376,466.0,11.0,0.023605150214592276,40903.0,978.0,0.023910226633743245,42579,45674
289,626,7,0.011182108626198083,1.0,0.0,0.0,625.0,7.0,0.0112,626,7,0.011182108626198083,1.0,0.0,0.0,625.0,7.0,0.0112,609,7,0.011494252873563218,1.0,0.0,0.0,608.0,7.0,0.011513157894736841,2237,2403
290,606,52,0.0858085808580858,4.0,0.0,0.0,602.0,52.0,0.08637873754152824,601,52,0.08652246256239601,4.0,0.0,0.0,597.0,52.0,0.08710217755443886,587,51,0.0868824531516184,4.0,0.0,0.0,583.0,51.0,0.08747855917667238,5422,5834
291,11777,66,0.005604143669864991,201.0,0.0,0.0,11576.0,66.0,0.005701451278507256,9034,55,0.006088111578481293,105.0,0.0,0.0,8929.0,55.0,0.006159704334191959,8719,52,0.005963986695721986,99.0,0.0,0.0,8620.0,52.0,0.0060324825986078886,13198,13742
292,2358,4,0.0016963528413910093,11.0,0.0,0.0,2347.0,4.0,0.0017043033659991478,2227,4,0.001796138302649304,10.0,0.0,0.0,2217.0,4.0,0.0018042399639152007,2165,4,0.0018475750577367205,10.0,0.0,0.0,2155.0,4.0,0.0018561484918793504,2177,2239
293,1962,24,0.012232415902140673,23.0,0.0,0.0,1939.0,24.0,0.012377514182568335,1784,20,0.011210762331838564,19.0,0.0,0.0,1765.0,20.0,0.0113314447592068,1719,18,0.010471204188481676,17.0,0.0,0.0,1702.0,18.0,0.010575793184488837,1722,1787
295,4476,1986,0.4436997319034853,61.0,24.0,0.39344262295081966,4415.0,1962.0,0.4443941109852775,3938,1790,0.45454545454545453,53.0,19.0,0.3584905660377358,3885.0,1771.0,0.45585585585585586,3859,1763,0.4568541072816792,52.0,19.0,0.36538461538461536,3807.0,1744.0,0.4581034935644865,4699,4808
296,606,1,0.0016501650165016502,8.0,0.0,0.0,598.0,1.0,0.0016722408026755853,515,1,0.001941747572815534,7.0,0.0,0.0,508.0,1.0,0.001968503937007874,510,1,0.00196078431372549,7.0,0.0,0.0,503.0,1.0,0.0019880715705765406,1118,1144
297,606,1,0.0016501650165016502,8.0,0.0,0.0,598.0,1.0,0.0016722408026755853,515,1,0.001941747572815534,7.0,0.0,0.0,508.0,1.0,0.001968503937007874,510,1,0.00196078431372549,7.0,0.0,0.0,503.0,1.0,0.0019880715705765406,1118,1144
298,605,2,0.003305785123966942,8.0,0.0,0.0,597.0,2.0,0.0033500837520938024,514,2,0.0038910505836575876,7.0,0.0,0.0,507.0,2.0,0.0039447731755424065,509,2,0.003929273084479371,7.0,0.0,0.0,502.0,2.0,0.00398406374501992,1117,1143
300,11,1,0.09090909090909091,0.0,0.0,,11.0,1.0,0.09090909090909091,9,1,0.1111111111111111,0.0,0.0,,9.0,1.0,0.1111111111111111,8,1,0.125,0.0,0.0,,8.0,1.0,0.125,17,18
301,1455,256,0.1759450171821306,21.0,1.0,0.047619047619047616,1434.0,255.0,0.17782426778242677,1156,194,0.16782006920415224,18.0,1.0,0.05555555555555555,1138.0,193.0,0.1695957820738137,1112,191,0.17176258992805754,17.0,1.0,0.058823529411764705,1095.0,190.0,0.1735159817351598,1112,1156
305,55,1,0.01818181818181818,2.0,0.0,0.0,53.0,1.0,0.018867924528301886,55,1,0.01818181818181818,2.0,0.0,0.0,53.0,1.0,0.018867924528301886,55,1,0.01818181818181818,2.0,0.0,0.0,53.0,1.0,0.018867924528301886,55,55
306,239,1,0.0041841004184100415,0.0,0.0,,239.0,1.0,0.0041841004184100415,228,1,0.0043859649122807015,0.0,0.0,,228.0,1.0,0.0043859649122807015,210,1,0.004761904761904762,0.0,0.0,,210.0,1.0,0.004761904761904762,248,266
307,5999,550,0.09168194699116519,153.0,39.0,0.2549019607843137,5846.0,511.0,0.08741019500513171,5702,517,0.09066994037179937,132.0,31.0,0.23484848484848486,5570.0,486.0,0.08725314183123878,5299,513,0.09681071900358558,125.0,31.0,0.248,5174.0,482.0,0.0931580981832238,5409,5819
308,267,16,0.0599250936329588,4.0,0.0,0.0,263.0,16.0,0.060836501901140684,244,15,0.06147540983606557,4.0,0.0,0.0,240.0,15.0,0.0625,231,15,0.06493506493506493,3.0,0.0,0.0,228.0,15.0,0.06578947368421052,2521,2639
309,5129,184,0.03587443946188341,62.0,0.0,0.0,5067.0,184.0,0.036313400434181964,4745,178,0.0375131717597471,57.0,0.0,0.0,4688.0,178.0,0.037969283276450515,4433,177,0.03992781412136251,53.0,0.0,0.0,4380.0,177.0,0.04041095890410959,4548,4874
311,51,0,0.0,1.0,0.0,0.0,50.0,0.0,0.0,47,0,0.0,1.0,0.0,0.0,46.0,0.0,0.0,45,0,0.0,1.0,0.0,0.0,44.0,0.0,0.0,169,176
312,557,27,0.04847396768402154,4.0,0.0,0.0,553.0,27.0,0.048824593128390596,545,26,0.047706422018348627,4.0,0.0,0.0,541.0,26.0,0.04805914972273567,540,26,0.04814814814814815,4.0,0.0,0.0,536.0,26.0,0.048507462686567165,549,555
313,6022,169,0.028063766190634342,107.0,3.0,0.028037383177570093,5915.0,166.0,0.028064243448858835,4931,157,0.03183938349219225,71.0,3.0,0.04225352112676056,4860.0,154.0,0.03168724279835391,4824,157,0.032545605306799334,70.0,3.0,0.04285714285714286,4754.0,154.0,0.032393773664282706,5301,5421
315,10,0,0.0,0.0,0.0,,10.0,0.0,0.0,10,0,0.0,0.0,0.0,,10.0,0.0,0.0,10,0,0.0,0.0,0.0,,10.0,0.0,0.0,27,27
321,1170,0,0.0,24.0,0.0,0.0,1146.0,0.0,0.0,1127,0,0.0,21.0,0.0,0.0,1106.0,0.0,0.0,1100,0,0.0,21.0,0.0,0.0,1079.0,0.0,0.0,1100,1127
322,93,81,0.8709677419354839,1.0,0.0,0.0,92.0,81.0,0.8804347826086957,36,24,0.6666666666666666,1.0,0.0,0.0,35.0,24.0,0.6857142857142857,36,24,0.6666666666666666,1.0,0.0,0.0,35.0,24.0,0.6857142857142857,36,36
323,153,0,0.0,4.0,0.0,0.0,149.0,0.0,0.0,151,0,0.0,4.0,0.0,0.0,147.0,0.0,0.0,149,0,0.0,3.0,0.0,0.0,146.0,0.0,0.0,149,151
325,1,0,0.0,0.0,0.0,,1.0,0.0,0.0,1,0,0.0,0.0,0.0,,1.0,0.0,0.0,1,0,0.0,0.0,0.0,,1.0,0.0,0.0,25,26
327,264,102,0.38636363636363635,6.0,2.0,0.3333333333333333,258.0,100.0,0.3875968992248062,237,84,0.35443037974683544,6.0,2.0,0.3333333333333333,231.0,82.0,0.354978354978355,232,83,0.3577586206896552,6.0,2.0,0.3333333333333333,226.0,81.0,0.3584070796460177,268,274
328,1,0,0.0,1.0,0.0,0.0,0.0,0.0,,1,0,0.0,1.0,0.0,0.0,0.0,0.0,,1,0,0.0,1.0,0.0,0.0,0.0,0.0,,1,1
329,3808,1317,0.34585084033613445,121.0,45.0,0.371900826446281,3687.0,1272.0,0.3449959316517494,3105,1168,0.3761674718196457,107.0,38.0,0.35514018691588783,2998.0,1130.0,0.37691794529686456,2976,1125,0.3780241935483871,105.0,37.0,0.3523809523809524,2871.0,1088.0,0.3789620341344479,3187,3325
330,31338,7142,0.2279022273278448,603.0,61.0,0.1011608623548922,30735.0,7081.0,0.2303888075483976,27307,5791,0.2120701651591167,550.0,60.0,0.10909090909090909,26757.0,5731.0,0.21418694173487313,26421,5688,0.2152832973770864,531.0,60.0,0.11299435028248588,25890.0,5628.0,0.21738122827346465,29771,30877
331,3438,210,0.06108202443280977,34.0,9.0,0.2647058823529412,3404.0,201.0,0.05904817861339601,3378,209,0.061870929544108944,33.0,9.0,0.2727272727272727,3345.0,200.0,0.059790732436472344,3337,206,0.06173209469583458,33.0,9.0,0.2727272727272727,3304.0,197.0,0.05962469733656174,4000,4058
333,31,20,0.6451612903225806,0.0,0.0,,31.0,20.0,0.6451612903225806,30,19,0.6333333333333333,0.0,0.0,,30.0,19.0,0.6333333333333333,30,19,0.6333333333333333,0.0,0.0,,30.0,19.0,0.6333333333333333,30,30
334,2883,287,0.09954908081859175,68.0,6.0,0.08823529411764706,2815.0,281.0,0.09982238010657193,2871,284,0.09892023685127134,68.0,6.0,0.08823529411764706,2803.0,278.0,0.09917945058865502,2766,276,0.09978308026030369,68.0,6.0,0.08823529411764706,2698.0,270.0,0.10007412898443291,2926,3047
337,70318,51,0.0007252766005859097,1377.0,0.0,0.0,68941.0,51.0,0.0007397629857414311,67484,51,0.0007557346926678917,1338.0,0.0,0.0,66146.0,51.0,0.0007710216793154537,55146,49,0.0008885503935008886,1049.0,0.0,0.0,54097.0,49.0,0.0009057803575059615,141832,169296
339,499,0,0.0,0.0,0.0,,499.0,0.0,0.0,310,0,0.0,0.0,0.0,,310.0,0.0,0.0,230,0,0.0,0.0,0.0,,230.0,0.0,0.0,760,860
340,3786,1136,0.3000528262017961,68.0,10.0,0.14705882352941177,3718.0,1126.0,0.30285099515868746,2516,438,0.1740858505564388,49.0,4.0,0.08163265306122448,2467.0,434.0,0.17592217267936766,2493,437,0.17529081427998394,47.0,4.0,0.0851063829787234,2446.0,433.0,0.17702371218315618,3674,3712
341,94,0,0.0,2.0,0.0,0.0,92.0,0.0,0.0,92,0,0.0,2.0,0.0,0.0,90.0,0.0,0.0,91,0,0.0,2.0,0.0,0.0,89.0,0.0,0.0,91,92
342,1231,103,0.08367181153533712,20.0,0.0,0.0,1211.0,103.0,0.08505367464905036,867,89,0.10265282583621683,13.0,0.0,0.0,854.0,89.0,0.10421545667447307,856,89,0.10397196261682243,13.0,0.0,0.0,843.0,89.0,0.1055753262158956,1290,1305
344,23,0,0.0,0.0,0.0,,23.0,0.0,0.0,23,0,0.0,0.0,0.0,,23.0,0.0,0.0,23,0,0.0,0.0,0.0,,23.0,0.0,0.0,70,70
345,944,371,0.3930084745762712,11.0,4.0,0.36363636363636365,933.0,367.0,0.3933547695605573,888,351,0.3952702702702703,11.0,4.0,0.36363636363636365,877.0,347.0,0.3956670467502851,878,347,0.3952164009111617,11.0,4.0,0.36363636363636365,867.0,343.0,0.3956170703575548,1926,1952
346,161,9,0.055900621118012424,3.0,0.0,0.0,158.0,9.0,0.056962025316455694,139,8,0.05755395683453238,3.0,0.0,0.0,136.0,8.0,0.058823529411764705,138,8,0.057971014492753624,3.0,0.0,0.0,135.0,8.0,0.05925925925925926,160,161
347,9,0,0.0,0.0,0.0,,9.0,0.0,0.0,8,0,0.0,0.0,0.0,,8.0,0.0,0.0,8,0,0.0,0.0,0.0,,8.0,0.0,0.0,10,10
348,1820,82,0.045054945054945054,59.0,5.0,0.0847457627118644,1761.0,77.0,0.043725156161272004,1062,80,0.07532956685499058,29.0,5.0,0.1724137931034483,1033.0,75.0,0.07260406582768635,1040,79,0.07596153846153846,27.0,5.0,0.18518518518518517,1013.0,74.0,0.07305034550839092,1728,1756
354,47,2,0.0425531914893617,1.0,0.0,0.0,46.0,2.0,0.043478260869565216,47,2,0.0425531914893617,1.0,0.0,0.0,46.0,2.0,0.043478260869565216,47,2,0.0425531914893617,1.0,0.0,0.0,46.0,2.0,0.043478260869565216,85,85
357,21464,1062,0.04947819604919866,184.0,5.0,0.02717391304347826,21280.0,1057.0,0.04967105263157895,21151,1053,0.04978488014751076,176.0,5.0,0.028409090909090908,20975.0,1048.0,0.049964243146603096,19107,1025,0.05364526089914691,163.0,5.0,0.03067484662576687,18944.0,1020.0,0.05384290540540541,19124,21169
358,28,7,0.25,0.0,0.0,,28.0,7.0,0.25,27,7,0.25925925925925924,0.0,0.0,,27.0,7.0,0.25925925925925924,27,7,0.25925925925925924,0.0,0.0,,27.0,7.0,0.25925925925925924,43,43
359,26043,2683,0.10302192527742579,221.0,18.0,0.08144796380090498,25822.0,2665.0,0.10320656804275424,26001,2679,0.10303449867312796,220.0,18.0,0.08181818181818182,25781.0,2661.0,0.1032155463325705,24706,2612,0.10572330607949486,211.0,17.0,0.08056872037914692,24495.0,2595.0,0.10593998775260258,26863,28391
363,3,0,0.0,0.0,0.0,,3.0,0.0,0.0,3,0,0.0,0.0,0.0,,3.0,0.0,0.0,3,0,0.0,0.0,0.0,,3.0,0.0,0.0,15,15
365,1403,26,0.018531717747683536,22.0,1.0,0.045454545454545456,1381.0,25.0,0.018102824040550327,1266,24,0.018957345971563982,20.0,1.0,0.05,1246.0,23.0,0.018459069020866775,1207,23,0.019055509527754765,20.0,1.0,0.05,1187.0,22.0,0.018534119629317607,1647,1718
368,18,4,0.2222222222222222,0.0,0.0,,18.0,4.0,0.2222222222222222,17,4,0.23529411764705882,0.0,0.0,,17.0,4.0,0.23529411764705882,16,4,0.25,0.0,0.0,,16.0,4.0,0.25,21,22
369,150,68,0.4533333333333333,1.0,0.0,0.0,149.0,68.0,0.4563758389261745,143,67,0.46853146853146854,1.0,0.0,0.0,142.0,67.0,0.47183098591549294,142,66,0.4647887323943662,1.0,0.0,0.0,141.0,66.0,0.46808510638297873,160,161
370,18,0,0.0,0.0,0.0,,18.0,0.0,0.0,6,0,0.0,0.0,0.0,,6.0,0.0,0.0,6,0,0.0,0.0,0.0,,6.0,0.0,0.0,6,6
372,9,0,0.0,0.0,0.0,,9.0,0.0,0.0,9,0,0.0,0.0,0.0,,9.0,0.0,0.0,9,0,0.0,0.0,0.0,,9.0,0.0,0.0,9,9
374,97,25,0.25773195876288657,0.0,0.0,,97.0,25.0,0.25773195876288657,66,21,0.3181818181818182,0.0,0.0,,66.0,21.0,0.3181818181818182,66,21,0.3181818181818182,0.0,0.0,,66.0,21.0,0.3181818181818182,109,111
376,309,0,0.0,5.0,0.0,0.0,304.0,0.0,0.0,298,0,0.0,5.0,0.0,0.0,293.0,0.0,0.0,296,0,0.0,5.0,0.0,0.0,291.0,0.0,0.0,11776,12044
378,51,25,0.49019607843137253,1.0,0.0,0.0,50.0,25.0,0.5,50,24,0.48,1.0,0.0,0.0,49.0,24.0,0.4897959183673469,44,22,0.5,1.0,0.0,0.0,43.0,22.0,0.5116279069767442,44,50
379,11083,8064,0.7276008301001534,549.0,421.0,0.7668488160291439,10534.0,7643.0,0.7255553445984432,10299,7457,0.7240508787260899,495.0,381.0,0.7696969696969697,9804.0,7076.0,0.7217462260301918,8594,6172,0.7181754712590179,445.0,333.0,0.748314606741573,8149.0,5839.0,0.7165296355381028,8872,10591
380,2967,2056,0.6929558476575666,141.0,97.0,0.6879432624113475,2826.0,1959.0,0.6932059447983014,2419,1666,0.6887143447705664,97.0,66.0,0.6804123711340206,2322.0,1600.0,0.6890611541774333,2077,1456,0.7010110736639383,91.0,62.0,0.6813186813186813,1986.0,1394.0,0.701913393756294,2095,2441
382,10365,7319,0.7061263868789195,438.0,333.0,0.7602739726027398,9927.0,6986.0,0.7037372821597663,9253,6743,0.7287366259591483,377.0,302.0,0.8010610079575596,8876.0,6441.0,0.7256647138350608,7751,5679,0.7326796542381628,337.0,263.0,0.7804154302670623,7414.0,5416.0,0.7305098462368492,7961,9495
384,80,45,0.5625,2.0,1.0,0.5,78.0,44.0,0.5641025641025641,80,45,0.5625,2.0,1.0,0.5,78.0,44.0,0.5641025641025641,76,43,0.5657894736842105,2.0,1.0,0.5,74.0,42.0,0.5675675675675675,76,80
385,9,0,0.0,0.0,0.0,,9.0,0.0,0.0,9,0,0.0,0.0,0.0,,9.0,0.0,0.0,8,0,0.0,0.0,0.0,,8.0,0.0,0.0,8,9
387,20300,15106,0.7441379310344828,886.0,751.0,0.8476297968397292,19414.0,14355.0,0.7394148552590913,19052,14221,0.7464308209111904,794.0,679.0,0.8551637279596978,18258.0,13542.0,0.7417022674991784,15516,11360,0.7321474606857438,699.0,589.0,0.8426323319027181,14817.0,10771.0,0.7269352770466356,15569,19120
389,742,42,0.05660377358490566,1.0,0.0,0.0,741.0,42.0,0.05668016194331984,531,36,0.06779661016949153,1.0,0.0,0.0,530.0,36.0,0.06792452830188679,452,35,0.07743362831858407,1.0,0.0,0.0,451.0,35.0,0.07760532150776053,452,531
390,9905,7374,0.7444724886420999,422.0,331.0,0.7843601895734598,9483.0,7043.0,0.7426974586101445,9046,6825,0.7544771169577714,386.0,304.0,0.7875647668393783,8660.0,6521.0,0.7530023094688222,7777,5823,0.7487463032017487,345.0,264.0,0.7652173913043478,7432.0,5559.0,0.7479817007534983,8017,9295
391,411,257,0.6253041362530414,39.0,25.0,0.6410256410256411,372.0,232.0,0.6236559139784946,397,250,0.6297229219143576,37.0,25.0,0.6756756756756757,360.0,225.0,0.625,330,202,0.6121212121212121,28.0,20.0,0.7142857142857143,302.0,182.0,0.6026490066225165,337,404
394,9966,5144,0.5161549267509532,377.0,250.0,0.6631299734748011,9589.0,4894.0,0.5103764730420273,9418,4856,0.5156084094287534,342.0,226.0,0.6608187134502924,9076.0,4630.0,0.510136624063464,8031,4123,0.5133856306811106,306.0,195.0,0.6372549019607843,7725.0,3928.0,0.5084789644012945,8396,9845
397,106,9,0.08490566037735849,1.0,0.0,0.0,105.0,9.0,0.08571428571428572,103,6,0.05825242718446602,1.0,0.0,0.0,102.0,6.0,0.058823529411764705,102,6,0.058823529411764705,1.0,0.0,0.0,101.0,6.0,0.0594059405940594,103,104
398,4935,761,0.15420466058763932,65.0,21.0,0.3230769230769231,4870.0,740.0,0.15195071868583163,3478,659,0.1894767107533065,56.0,20.0,0.35714285714285715,3422.0,639.0,0.18673290473407364,3051,644,0.2110783349721403,52.0,19.0,0.36538461538461536,2999.0,625.0,0.20840280093364455,3774,4240
399,4095,1334,0.32576312576312577,147.0,41.0,0.2789115646258503,3948.0,1293.0,0.32750759878419455,3455,1093,0.3163531114327062,101.0,31.0,0.3069306930693069,3354.0,1062.0,0.31663685152057247,3421,1088,0.31803566208710904,101.0,31.0,0.3069306930693069,3320.0,1057.0,0.3183734939759036,9099,9208
400,1461,349,0.23887748117727584,38.0,9.0,0.23684210526315788,1423.0,340.0,0.23893183415319746,668,246,0.36826347305389223,19.0,9.0,0.47368421052631576,649.0,237.0,0.36517719568567025,656,246,0.375,19.0,9.0,0.47368421052631576,637.0,237.0,0.37205651491365777,669,681
401,100863,3983,0.03948920813380526,2968.0,81.0,0.0272911051212938,97895.0,3902.0,0.03985903263700904,92477,3777,0.040842587886717775,2776.0,77.0,0.027737752161383286,89701.0,3700.0,0.04124814662043901,89720,3625,0.04040347748551048,2750.0,76.0,0.027636363636363636,86970.0,3549.0,0.04080717488789238,103214,106240
402,44900,6085,0.13552338530066815,1103.0,246.0,0.2230281051677244,43797.0,5839.0,0.13331963376486974,41300,5333,0.1291283292978208,1038.0,235.0,0.22639691714836224,40262.0,5098.0,0.1266206348417863,39275,5034,0.12817313812858053,1007.0,231.0,0.22939424031777558,38268.0,4803.0,0.12550956412668549,41947,44018
403,86554,4403,0.05086997712410749,2860.0,129.0,0.045104895104895106,83694.0,4274.0,0.05106698210146486,79262,4154,0.05240846811839217,2658.0,120.0,0.045146726862302484,76604.0,4034.0,0.05266043548639758,77505,3994,0.05153215921553448,2636.0,119.0,0.045144157814871015,74869.0,3875.0,0.051757069013877575,89707,91756
404,70295,21586,0.3070773170211253,1729.0,504.0,0.291497975708502,68566.0,21082.0,0.3074701747221655,59498,18904,0.31772496554506036,1434.0,476.0,0.3319386331938633,58064.0,18428.0,0.3173739322127308,57422,18239,0.31763087318449373,1418.0,472.0,0.3328631875881523,56004.0,17767.0,0.3172451967716592,72520,75854
405,224626,13513,0.06015777336550533,5255.0,192.0,0.03653663177925785,219371.0,13321.0,0.060723614333708646,192720,11654,0.0604711498547115,4642.0,170.0,0.03662214562688496,188078.0,11484.0,0.06105977307287402,182615,11015,0.060318155682720476,4543.0,168.0,0.03697996918335902,178072.0,10847.0,0.06091356305314704,208636,220555
406,3089,1067,0.34541922952411785,97.0,42.0,0.4329896907216495,2992.0,1025.0,0.3425802139037433,3029,1029,0.3397160779135028,95.0,40.0,0.42105263157894735,2934.0,989.0,0.3370824812542604,2958,1004,0.3394185260311021,94.0,40.0,0.425531914893617,2864.0,964.0,0.3365921787709497,3414,3501
407,3982,1037,0.2604218985434455,117.0,41.0,0.3504273504273504,3865.0,996.0,0.25769728331177233,3872,998,0.2577479338842975,115.0,41.0,0.3565217391304348,3757.0,957.0,0.2547245142400852,3795,978,0.25770750988142294,114.0,41.0,0.35964912280701755,3681.0,937.0,0.2545503939146971,4024,4104
408,135161,15184,0.11234009810522266,4029.0,1440.0,0.3574087862993299,131132.0,13744.0,0.10481042003477412,122905,14359,0.11683007200683455,3724.0,1358.0,0.36466165413533835,119181.0,13001.0,0.10908617984410267,118398,13860,0.11706278822277404,3662.0,1342.0,0.3664664117968323,114736.0,12518.0,0.10910263561567424,129538,134434
409,12,0,0.0,1.0,0.0,0.0,11.0,0.0,0.0,12,0,0.0,1.0,0.0,0.0,11.0,0.0,0.0,12,0,0.0,1.0,0.0,0.0,11.0,0.0,0.0,23,23
410,185,21,0.11351351351351352,8.0,0.0,0.0,177.0,21.0,0.11864406779661017,180,20,0.1111111111111111,8.0,0.0,0.0,172.0,20.0,0.11627906976744186,177,18,0.1016949152542373,8.0,0.0,0.0,169.0,18.0,0.10650887573964497,217,220
411,53,2,0.03773584905660377,5.0,0.0,0.0,48.0,2.0,0.041666666666666664,51,2,0.0392156862745098,5.0,0.0,0.0,46.0,2.0,0.043478260869565216,51,2,0.0392156862745098,5.0,0.0,0.0,46.0,2.0,0.043478260869565216,52,52
413,67,0,0.0,2.0,0.0,0.0,65.0,0.0,0.0,63,0,0.0,2.0,0.0,0.0,61.0,0.0,0.0,62,0,0.0,2.0,0.0,0.0,60.0,0.0,0.0,64,65
416,39,0,0.0,1.0,0.0,0.0,38.0,0.0,0.0,30,0,0.0,1.0,0.0,0.0,29.0,0.0,0.0,30,0,0.0,1.0,0.0,0.0,29.0,0.0,0.0,51,52
417,1368,766,0.5599415204678363,36.0,13.0,0.3611111111111111,1332.0,753.0,0.5653153153153153,1323,740,0.5593348450491308,35.0,12.0,0.34285714285714286,1288.0,728.0,0.5652173913043478,1123,650,0.578806767586821,32.0,12.0,0.375,1091.0,638.0,0.5847846012832264,1163,1372
419,241,143,0.5933609958506224,7.0,6.0,0.8571428571428571,234.0,137.0,0.5854700854700855,235,139,0.5914893617021276,7.0,6.0,0.8571428571428571,228.0,133.0,0.5833333333333334,232,139,0.5991379310344828,7.0,6.0,0.8571428571428571,225.0,133.0,0.5911111111111111,232,235
420,256,114,0.4453125,3.0,1.0,0.3333333333333333,253.0,113.0,0.44664031620553357,250,112,0.448,3.0,1.0,0.3333333333333333,247.0,111.0,0.4493927125506073,250,112,0.448,3.0,1.0,0.3333333333333333,247.0,111.0,0.4493927125506073,251,251
421,3,0,0.0,0.0,0.0,,3.0,0.0,0.0,2,0,0.0,0.0,0.0,,2.0,0.0,0.0,2,0,0.0,0.0,0.0,,2.0,0.0,0.0,2,2
422,361,20,0.055401662049861494,6.0,1.0,0.16666666666666666,355.0,19.0,0.05352112676056338,357,19,0.05322128851540616,6.0,1.0,0.16666666666666666,351.0,18.0,0.05128205128205128,355,19,0.05352112676056338,6.0,1.0,0.16666666666666666,349.0,18.0,0.05157593123209169,355,357
423,43,1,0.023255813953488372,0.0,0.0,,43.0,1.0,0.023255813953488372,39,1,0.02564102564102564,0.0,0.0,,39.0,1.0,0.02564102564102564,39,1,0.02564102564102564,0.0,0.0,,39.0,1.0,0.02564102564102564,48,48
424,2212,144,0.0650994575045208,114.0,11.0,0.09649122807017543,2098.0,133.0,0.06339370829361296,2141,141,0.0658570761326483,111.0,11.0,0.0990990990990991,2030.0,130.0,0.06403940886699508,2113,139,0.06578324656885944,111.0,11.0,0.0990990990990991,2002.0,128.0,0.06393606393606394,2233,2261
425,8,6,0.75,0.0,0.0,,8.0,6.0,0.75,7,5,0.7142857142857143,0.0,0.0,,7.0,5.0,0.7142857142857143,7,5,0.7142857142857143,0.0,0.0,,7.0,5.0,0.7142857142857143,7,7
427,54,5,0.09259259259259259,1.0,0.0,0.0,53.0,5.0,0.09433962264150944,53,5,0.09433962264150944,1.0,0.0,0.0,52.0,5.0,0.09615384615384616,53,5,0.09433962264150944,1.0,0.0,0.0,52.0,5.0,0.09615384615384616,53,53
428,111,4,0.036036036036036036,2.0,0.0,0.0,109.0,4.0,0.03669724770642202,108,4,0.037037037037037035,2.0,0.0,0.0,106.0,4.0,0.03773584905660377,108,4,0.037037037037037035,2.0,0.0,0.0,106.0,4.0,0.03773584905660377,108,108
429,102,57,0.5588235294117647,2.0,1.0,0.5,100.0,56.0,0.56,100,56,0.56,2.0,1.0,0.5,98.0,55.0,0.5612244897959183,98,54,0.5510204081632653,2.0,1.0,0.5,96.0,53.0,0.5520833333333334,98,100
431,179,62,0.3463687150837989,14.0,3.0,0.21428571428571427,165.0,59.0,0.3575757575757576,129,43,0.3333333333333333,13.0,3.0,0.23076923076923078,116.0,40.0,0.3448275862068966,129,43,0.3333333333333333,13.0,3.0,0.23076923076923078,116.0,40.0,0.3448275862068966,168,169
433,139,17,0.1223021582733813,3.0,1.0,0.3333333333333333,136.0,16.0,0.11764705882352941,137,17,0.12408759124087591,3.0,1.0,0.3333333333333333,134.0,16.0,0.11940298507462686,135,16,0.11851851851851852,3.0,1.0,0.3333333333333333,132.0,15.0,0.11363636363636363,137,139
434,130,16,0.12307692307692308,4.0,2.0,0.5,126.0,14.0,0.1111111111111111,128,16,0.125,4.0,2.0,0.5,124.0,14.0,0.11290322580645161,128,16,0.125,4.0,2.0,0.5,124.0,14.0,0.11290322580645161,243,245
435,864,211,0.24421296296296297,44.0,15.0,0.3409090909090909,820.0,196.0,0.23902439024390243,755,203,0.26887417218543047,33.0,14.0,0.42424242424242425,722.0,189.0,0.26177285318559557,728,190,0.260989010989011,33.0,14.0,0.42424242424242425,695.0,176.0,0.25323741007194245,1028,1060
437,8285,254,0.030657815328907663,351.0,5.0,0.014245014245014245,7934.0,249.0,0.03138391731787245,7907,243,0.030732262552168963,330.0,5.0,0.015151515151515152,7577.0,238.0,0.03141084862082619,7815,239,0.030582213691618683,327.0,5.0,0.01529051987767584,7488.0,234.0,0.03125,7834,7926
438,2,0,0.0,0.0,0.0,,2.0,0.0,0.0,2,0,0.0,0.0,0.0,,2.0,0.0,0.0,2,0,0.0,0.0,0.0,,2.0,0.0,0.0,2,2
441,117,1,0.008547008547008548,4.0,0.0,0.0,113.0,1.0,0.008849557522123894,117,1,0.008547008547008548,4.0,0.0,0.0,113.0,1.0,0.008849557522123894,117,1,0.008547008547008548,4.0,0.0,0.0,113.0,1.0,0.008849557522123894,117,117
443,139,126,0.9064748201438849,0.0,0.0,,139.0,126.0,0.9064748201438849,137,125,0.9124087591240876,0.0,0.0,,137.0,125.0,0.9124087591240876,125,115,0.92,0.0,0.0,,125.0,115.0,0.92,416,517
444,13,0,0.0,0.0,0.0,,13.0,0.0,0.0,10,0,0.0,0.0,0.0,,10.0,0.0,0.0,10,0,0.0,0.0,0.0,,10.0,0.0,0.0,10,10
445,2571,1042,0.40528977051730847,66.0,32.0,0.48484848484848486,2505.0,1010.0,0.4031936127744511,2515,1005,0.3996023856858847,66.0,32.0,0.48484848484848486,2449.0,973.0,0.3973050224581462,1913,792,0.41400940930475694,61.0,30.0,0.4918032786885246,1852.0,762.0,0.4114470842332613,2627,3420
446,216,22,0.10185185185185185,9.0,1.0,0.1111111111111111,207.0,21.0,0.10144927536231885,110,17,0.15454545454545454,5.0,1.0,0.2,105.0,16.0,0.1523809523809524,97,15,0.15463917525773196,5.0,1.0,0.2,92.0,14.0,0.15217391304347827,97,110
447,5916,1867,0.31558485463150776,255.0,80.0,0.3137254901960784,5661.0,1787.0,0.3156686097862568,4604,1768,0.3840139009556907,177.0,77.0,0.4350282485875706,4427.0,1691.0,0.38197424892703863,3844,1492,0.3881373569198751,171.0,75.0,0.43859649122807015,3673.0,1417.0,0.38578818404573917,4448,5463
448,83,21,0.25301204819277107,5.0,2.0,0.4,78.0,19.0,0.24358974358974358,76,21,0.27631578947368424,4.0,2.0,0.5,72.0,19.0,0.2638888888888889,73,19,0.2602739726027397,4.0,2.0,0.5,69.0,17.0,0.2463768115942029,570,645
449,534,2,0.003745318352059925,33.0,0.0,0.0,501.0,2.0,0.003992015968063872,528,2,0.003787878787878788,31.0,0.0,0.0,497.0,2.0,0.004024144869215292,517,2,0.0038684719535783366,30.0,0.0,0.0,487.0,2.0,0.004106776180698152,520,531
450,382,3,0.007853403141361256,12.0,0.0,0.0,370.0,3.0,0.008108108108108109,372,3,0.008064516129032258,12.0,0.0,0.0,360.0,3.0,0.008333333333333333,368,3,0.008152173913043478,12.0,0.0,0.0,356.0,3.0,0.008426966292134831,368,372
451,256,0,0.0,3.0,0.0,0.0,253.0,0.0,0.0,250,0,0.0,3.0,0.0,0.0,247.0,0.0,0.0,250,0,0.0,3.0,0.0,0.0,247.0,0.0,0.0,250,250
454,33,20,0.6060606060606061,2.0,2.0,1.0,31.0,18.0,0.5806451612903226,33,20,0.6060606060606061,2.0,2.0,1.0,31.0,18.0,0.5806451612903226,33,20,0.6060606060606061,2.0,2.0,1.0,31.0,18.0,0.5806451612903226,33,33
455,154,0,0.0,9.0,0.0,0.0,145.0,0.0,0.0,150,0,0.0,9.0,0.0,0.0,141.0,0.0,0.0,149,0,0.0,9.0,0.0,0.0,140.0,0.0,0.0,151,152
457,262,144,0.549618320610687,2.0,2.0,1.0,260.0,142.0,0.5461538461538461,252,135,0.5357142857142857,2.0,2.0,1.0,250.0,133.0,0.532,250,134,0.536,2.0,2.0,1.0,248.0,132.0,0.532258064516129,252,254
458,23,21,0.9130434782608695,2.0,2.0,1.0,21.0,19.0,0.9047619047619048,17,15,0.8823529411764706,1.0,1.0,1.0,16.0,14.0,0.875,17,15,0.8823529411764706,1.0,1.0,1.0,16.0,14.0,0.875,19,19
462,131,75,0.5725190839694656,1.0,0.0,0.0,130.0,75.0,0.5769230769230769,123,74,0.6016260162601627,1.0,0.0,0.0,122.0,74.0,0.6065573770491803,123,74,0.6016260162601627,1.0,0.0,0.0,122.0,74.0,0.6065573770491803,831,834
463,1508,130,0.08620689655172414,4.0,1.0,0.25,1504.0,129.0,0.08577127659574468,1486,129,0.08681022880215343,4.0,1.0,0.25,1482.0,128.0,0.08636977058029689,1453,129,0.08878183069511356,4.0,1.0,0.25,1449.0,128.0,0.0883367839889579,1475,1508
467,284,76,0.2676056338028169,0.0,0.0,,284.0,76.0,0.2676056338028169,283,76,0.26855123674911663,0.0,0.0,,283.0,76.0,0.26855123674911663,283,76,0.26855123674911663,0.0,0.0,,283.0,76.0,0.26855123674911663,283,283
469,20,4,0.2,0.0,0.0,,20.0,4.0,0.2,16,4,0.25,0.0,0.0,,16.0,4.0,0.25,16,4,0.25,0.0,0.0,,16.0,4.0,0.25,20,20
470,1,0,0.0,0.0,0.0,,1.0,0.0,0.0,1,0,0.0,0.0,0.0,,1.0,0.0,0.0,1,0,0.0,0.0,0.0,,1.0,0.0,0.0,1,1
473,23,17,0.7391304347826086,2.0,2.0,1.0,21.0,15.0,0.7142857142857143,17,12,0.7058823529411765,1.0,1.0,1.0,16.0,11.0,0.6875,17,12,0.7058823529411765,1.0,1.0,1.0,16.0,11.0,0.6875,19,19
478,33580,1000,0.029779630732578916,392.0,6.0,0.015306122448979591,33188.0,994.0,0.029950584548632034,32688,997,0.0305004894762604,379.0,6.0,0.0158311345646438,32309.0,991.0,0.03067256801510415,30946,989,0.03195889614166613,361.0,6.0,0.01662049861495845,30585.0,983.0,0.03213993787804479,38393,40734
479,60,2,0.03333333333333333,1.0,0.0,0.0,59.0,2.0,0.03389830508474576,52,2,0.038461538461538464,1.0,0.0,0.0,51.0,2.0,0.0392156862745098,52,2,0.038461538461538464,1.0,0.0,0.0,51.0,2.0,0.0392156862745098,52,52
480,327,119,0.363914373088685,4.0,1.0,0.25,323.0,118.0,0.3653250773993808,288,118,0.4097222222222222,4.0,1.0,0.25,284.0,117.0,0.4119718309859155,283,117,0.4134275618374558,4.0,1.0,0.25,279.0,116.0,0.4157706093189964,286,291
486,23,4,0.17391304347826086,1.0,0.0,0.0,22.0,4.0,0.18181818181818182,22,4,0.18181818181818182,1.0,0.0,0.0,21.0,4.0,0.19047619047619047,22,4,0.18181818181818182,1.0,0.0,0.0,21.0,4.0,0.19047619047619047,22,22
487,10089,49,0.004856774705124393,139.0,0.0,0.0,9950.0,49.0,0.00492462311557789,9477,46,0.004853856705708558,130.0,0.0,0.0,9347.0,46.0,0.004921365143896438,8961,46,0.005133355652270952,126.0,0.0,0.0,8835.0,46.0,0.0052065647990945105,10746,11529
489,1,0,0.0,0.0,0.0,,1.0,0.0,0.0,1,0,0.0,0.0,0.0,,1.0,0.0,0.0,1,0,0.0,0.0,0.0,,1.0,0.0,0.0,1,1
491,22,0,0.0,1.0,0.0,0.0,21.0,0.0,0.0,21,0,0.0,1.0,0.0,0.0,20.0,0.0,0.0,21,0,0.0,1.0,0.0,0.0,20.0,0.0,0.0,21,21
492,10091,26,0.0025765533643841046,139.0,0.0,0.0,9952.0,26.0,0.002612540192926045,9478,24,0.0025321797847647183,130.0,0.0,0.0,9348.0,24.0,0.0025673940949935813,8962,24,0.0026779736665922785,126.0,0.0,0.0,8836.0,24.0,0.002716161158895428,10747,11530
493,23,1,0.043478260869565216,1.0,0.0,0.0,22.0,1.0,0.045454545454545456,22,1,0.045454545454545456,1.0,0.0,0.0,21.0,1.0,0.047619047619047616,22,1,0.045454545454545456,1.0,0.0,0.0,21.0,1.0,0.047619047619047616,22,22
494,10087,197,0.01953008823237831,139.0,0.0,0.0,9948.0,197.0,0.019802975472456776,9475,179,0.018891820580474936,130.0,0.0,0.0,9345.0,179.0,0.019154628143392187,8959,179,0.01997990847192767,126.0,0.0,0.0,8833.0,179.0,0.020264915657194613,10744,11527
497,2,0,0.0,0.0,0.0,,2.0,0.0,0.0,2,0,0.0,0.0,0.0,,2.0,0.0,0.0,2,0,0.0,0.0,0.0,,2.0,0.0,0.0,3,3
503,22,0,0.0,1.0,0.0,0.0,21.0,0.0,0.0,19,0,0.0,1.0,0.0,0.0,18.0,0.0,0.0,16,0,0.0,1.0,0.0,0.0,15.0,0.0,0.0,16,19
505,100,26,0.26,13.0,2.0,0.15384615384615385,87.0,24.0,0.27586206896551724,96,24,0.25,13.0,2.0,0.15384615384615385,83.0,22.0,0.26506024096385544,90,24,0.26666666666666666,13.0,2.0,0.15384615384615385,77.0,22.0,0.2857142857142857,90,96
506,100,66,0.66,13.0,10.0,0.7692307692307693,87.0,56.0,0.6436781609195402,96,64,0.6666666666666666,13.0,10.0,0.7692307692307693,83.0,54.0,0.6506024096385542,90,59,0.6555555555555556,13.0,10.0,0.7692307692307693,77.0,49.0,0.6363636363636364,90,96
508,34,6,0.17647058823529413,0.0,0.0,,34.0,6.0,0.17647058823529413,17,4,0.23529411764705882,0.0,0.0,,17.0,4.0,0.23529411764705882,17,4,0.23529411764705882,0.0,0.0,,17.0,4.0,0.23529411764705882,17,17
509,570,230,0.40350877192982454,25.0,10.0,0.4,545.0,220.0,0.4036697247706422,296,170,0.5743243243243243,13.0,6.0,0.46153846153846156,283.0,164.0,0.5795053003533569,260,158,0.6076923076923076,13.0,6.0,0.46153846153846156,247.0,152.0,0.6153846153846154,260,296
510,1598,1598,1.0,2.0,2.0,1.0,1596.0,1596.0,1.0,985,985,1.0,2.0,2.0,1.0,983.0,983.0,1.0,835,835,1.0,2.0,2.0,1.0,833.0,833.0,1.0,942,1101
511,332647,126332,0.3797779628254576,7351.0,1917.0,0.2607808461433819,325296.0,124415.0,0.3824670453986523,161143,67482,0.41877090534494205,2956.0,1071.0,0.3623139377537212,158187.0,66411.0,0.4198259022549261,133245,57357,0.4304626815265113,2374.0,898.0,0.37826453243470937,130871.0,56459.0,0.4314095559749677,145712,175121
512,871,22,0.02525832376578645,28.0,0.0,0.0,843.0,22.0,0.02609727164887307,784,19,0.02423469387755102,27.0,0.0,0.0,757.0,19.0,0.02509907529722589,750,19,0.025333333333333333,27.0,0.0,0.0,723.0,19.0,0.02627939142461964,755,789
514,2,0,0.0,0.0,0.0,,2.0,0.0,0.0,2,0,0.0,0.0,0.0,,2.0,0.0,0.0,2,0,0.0,0.0,0.0,,2.0,0.0,0.0,220,220
522,814,44,0.05405405405405406,7.0,0.0,0.0,807.0,44.0,0.05452292441140025,790,41,0.05189873417721519,7.0,0.0,0.0,783.0,41.0,0.05236270753512133,779,41,0.05263157894736842,7.0,0.0,0.0,772.0,41.0,0.05310880829015544,781,792
524,2,0,0.0,0.0,0.0,,2.0,0.0,0.0,2,0,0.0,0.0,0.0,,2.0,0.0,0.0,2,0,0.0,0.0,0.0,,2.0,0.0,0.0,2,2
525,29,6,0.20689655172413793,0.0,0.0,,29.0,6.0,0.20689655172413793,27,6,0.2222222222222222,0.0,0.0,,27.0,6.0,0.2222222222222222,27,6,0.2222222222222222,0.0,0.0,,27.0,6.0,0.2222222222222222,30,30
526,95794,56191,0.5865816230661628,519.0,272.0,0.5240847784200385,95275.0,55919.0,0.5869220676987668,25868,12333,0.4767666615122932,247.0,119.0,0.4817813765182186,25621.0,12214.0,0.47671831700558137,19149,10267,0.5361637683429944,214.0,108.0,0.5046728971962616,18935.0,10159.0,0.5365196725640349,22394,30713
527,853,61,0.07151230949589683,7.0,0.0,0.0,846.0,61.0,0.07210401891252956,707,55,0.07779349363507779,6.0,0.0,0.0,701.0,55.0,0.07845934379457917,705,54,0.07659574468085106,6.0,0.0,0.0,699.0,54.0,0.07725321888412018,846,849
529,25,0,0.0,0.0,0.0,,25.0,0.0,0.0,20,0,0.0,0.0,0.0,,20.0,0.0,0.0,20,0,0.0,0.0,0.0,,20.0,0.0,0.0,45,45
531,49,0,0.0,0.0,0.0,,49.0,0.0,0.0,49,0,0.0,0.0,0.0,,49.0,0.0,0.0,49,0,0.0,0.0,0.0,,49.0,0.0,0.0,49,49
532,10,0,0.0,1.0,0.0,0.0,9.0,0.0,0.0,10,0,0.0,1.0,0.0,0.0,9.0,0.0,0.0,10,0,0.0,1.0,0.0,0.0,9.0,0.0,0.0,10,10
534,6206,1676,0.27006123106670965,131.0,37.0,0.2824427480916031,6075.0,1639.0,0.2697942386831276,5779,1545,0.2673472919190171,118.0,33.0,0.2796610169491525,5661.0,1512.0,0.2670906200317965,5656,1503,0.2657355021216407,117.0,33.0,0.28205128205128205,5539.0,1470.0,0.26539086477703555,6017,6144
541,10,0,0.0,0.0,0.0,,10.0,0.0,0.0,9,0,0.0,0.0,0.0,,9.0,0.0,0.0,9,0,0.0,0.0,0.0,,9.0,0.0,0.0,26,27
542,2174,232,0.10671573137074516,46.0,8.0,0.17391304347826086,2128.0,224.0,0.10526315789473684,2041,219,0.10730034296913278,43.0,7.0,0.16279069767441862,1998.0,212.0,0.1061061061061061,2017,216,0.10708973723351513,43.0,7.0,0.16279069767441862,1974.0,209.0,0.10587639311043566,2186,2224
544,29,3,0.10344827586206896,0.0,0.0,,29.0,3.0,0.10344827586206896,28,3,0.10714285714285714,0.0,0.0,,28.0,3.0,0.10714285714285714,27,3,0.1111111111111111,0.0,0.0,,27.0,3.0,0.1111111111111111,174,176
545,1998,34,0.01701701701701702,26.0,0.0,0.0,1972.0,34.0,0.017241379310344827,1890,31,0.0164021164021164,24.0,0.0,0.0,1866.0,31.0,0.016613076098606645,1876,31,0.01652452025586354,24.0,0.0,0.0,1852.0,31.0,0.01673866090712743,1950,1966
546,987,13,0.013171225937183385,8.0,0.0,0.0,979.0,13.0,0.013278855975485188,961,13,0.013527575442247659,8.0,0.0,0.0,953.0,13.0,0.013641133263378805,953,13,0.013641133263378805,8.0,0.0,0.0,945.0,13.0,0.013756613756613757,953,961
548,367,157,0.42779291553133514,2.0,1.0,0.5,365.0,156.0,0.4273972602739726,334,129,0.38622754491017963,2.0,1.0,0.5,332.0,128.0,0.3855421686746988,332,128,0.3855421686746988,2.0,1.0,0.5,330.0,127.0,0.38484848484848483,356,358
549,608,427,0.7023026315789473,4.0,3.0,0.75,604.0,424.0,0.7019867549668874,492,326,0.6626016260162602,4.0,3.0,0.75,488.0,323.0,0.6618852459016393,490,325,0.6632653061224489,4.0,3.0,0.75,486.0,322.0,0.6625514403292181,498,500
550,29,7,0.2413793103448276,1.0,0.0,0.0,28.0,7.0,0.25,26,7,0.2692307692307692,1.0,0.0,0.0,25.0,7.0,0.28,26,7,0.2692307692307692,1.0,0.0,0.0,25.0,7.0,0.28,30,30
551,50,9,0.18,1.0,0.0,0.0,49.0,9.0,0.1836734693877551,40,9,0.225,1.0,0.0,0.0,39.0,9.0,0.23076923076923078,40,9,0.225,1.0,0.0,0.0,39.0,9.0,0.23076923076923078,55,55
555,1483,43,0.02899527983816588,15.0,0.0,0.0,1468.0,43.0,0.029291553133514985,1257,43,0.03420843277645187,12.0,0.0,0.0,1245.0,43.0,0.03453815261044177,1203,43,0.03574397339983375,10.0,0.0,0.0,1193.0,43.0,0.03604358759430008,1203,1257
556,59,0,0.0,1.0,0.0,0.0,58.0,0.0,0.0,58,0,0.0,1.0,0.0,0.0,57.0,0.0,0.0,58,0,0.0,1.0,0.0,0.0,57.0,0.0,0.0,58,58
557,11,0,0.0,0.0,0.0,,11.0,0.0,0.0,11,0,0.0,0.0,0.0,,11.0,0.0,0.0,11,0,0.0,0.0,0.0,,11.0,0.0,0.0,13,13
558,1141,50,0.04382120946538125,5.0,0.0,0.0,1136.0,50.0,0.04401408450704225,1119,49,0.043789097408400354,5.0,0.0,0.0,1114.0,49.0,0.04398563734290844,1087,48,0.04415823367065318,5.0,0.0,0.0,1082.0,48.0,0.04436229205175601,1087,1119
559,25,0,0.0,0.0,0.0,,25.0,0.0,0.0,25,0,0.0,0.0,0.0,,25.0,0.0,0.0,25,0,0.0,0.0,0.0,,25.0,0.0,0.0,25,25
560,27,5,0.18518518518518517,0.0,0.0,,27.0,5.0,0.18518518518518517,19,5,0.2631578947368421,0.0,0.0,,19.0,5.0,0.2631578947368421,19,5,0.2631578947368421,0.0,0.0,,19.0,5.0,0.2631578947368421,19,19
562,4097,79,0.019282401757383452,29.0,0.0,0.0,4068.0,79.0,0.019419862340216323,3604,79,0.021920088790233074,23.0,0.0,0.0,3581.0,79.0,0.022060876850041888,3336,78,0.023381294964028777,22.0,0.0,0.0,3314.0,78.0,0.023536511768255886,3336,3604
563,4451,63,0.014154122669063131,95.0,4.0,0.042105263157894736,4356.0,59.0,0.013544536271808998,4167,59,0.014158867290616751,89.0,4.0,0.0449438202247191,4078.0,55.0,0.013487003433055419,4064,57,0.014025590551181102,89.0,4.0,0.0449438202247191,3975.0,53.0,0.013333333333333334,4586,4700
564,3326,80,0.024052916416115455,69.0,1.0,0.014492753623188406,3257.0,79.0,0.024255449800429842,3162,76,0.02403542061986085,64.0,1.0,0.015625,3098.0,75.0,0.02420916720464816,3104,74,0.02384020618556701,63.0,1.0,0.015873015873015872,3041.0,73.0,0.024005261427162118,3285,3344
565,3,1,0.3333333333333333,0.0,0.0,,3.0,1.0,0.3333333333333333,3,1,0.3333333333333333,0.0,0.0,,3.0,1.0,0.3333333333333333,3,1,0.3333333333333333,0.0,0.0,,3.0,1.0,0.3333333333333333,10,10
566,182,16,0.08791208791208792,1.0,0.0,0.0,181.0,16.0,0.08839779005524862,177,14,0.07909604519774012,1.0,0.0,0.0,176.0,14.0,0.07954545454545454,173,10,0.057803468208092484,1.0,0.0,0.0,172.0,10.0,0.05813953488372093,175,179
567,10401,152,0.014613979425055284,174.0,6.0,0.034482758620689655,10227.0,146.0,0.014275936247188814,8255,94,0.011387038158691703,146.0,2.0,0.0136986301369863,8109.0,92.0,0.0113454186706129,8006,78,0.0097426929802648,143.0,2.0,0.013986013986013986,7863.0,76.0,0.009665522065369452,9097,9383
568,6900,437,0.06333333333333334,158.0,3.0,0.0189873417721519,6742.0,434.0,0.0643725897359834,6084,422,0.06936226166995398,132.0,3.0,0.022727272727272728,5952.0,419.0,0.07039650537634409,6035,415,0.0687655343827672,132.0,3.0,0.022727272727272728,5903.0,412.0,0.06979501948161952,6294,6343
570,105,0,0.0,0.0,0.0,,105.0,0.0,0.0,99,0,0.0,0.0,0.0,,99.0,0.0,0.0,92,0,0.0,0.0,0.0,,92.0,0.0,0.0,99,106
571,5,0,0.0,0.0,0.0,,5.0,0.0,0.0,5,0,0.0,0.0,0.0,,5.0,0.0,0.0,5,0,0.0,0.0,0.0,,5.0,0.0,0.0,19,19
572,14805,6850,0.4626815265113137,150.0,62.0,0.41333333333333333,14655.0,6788.0,0.4631866257250085,11747,6335,0.5392866263726909,124.0,59.0,0.47580645161290325,11623.0,6276.0,0.5399638647509248,11434,6155,0.5383068042679727,124.0,59.0,0.47580645161290325,11310.0,6096.0,0.5389920424403183,13232,13591
573,39,13,0.3333333333333333,0.0,0.0,,39.0,13.0,0.3333333333333333,39,13,0.3333333333333333,0.0,0.0,,39.0,13.0,0.3333333333333333,37,11,0.2972972972972973,0.0,0.0,,37.0,11.0,0.2972972972972973,51,53
574,11970,1719,0.14360902255639096,166.0,31.0,0.18674698795180722,11804.0,1688.0,0.14300237207726194,9339,1470,0.15740443302280757,133.0,26.0,0.19548872180451127,9206.0,1444.0,0.15685422550510536,9178,1452,0.15820440183046416,133.0,26.0,0.19548872180451127,9045.0,1426.0,0.15765616362631288,10657,10851
576,168,91,0.5416666666666666,1.0,0.0,0.0,167.0,91.0,0.5449101796407185,164,91,0.5548780487804879,1.0,0.0,0.0,163.0,91.0,0.558282208588957,159,88,0.5534591194968553,1.0,0.0,0.0,158.0,88.0,0.5569620253164557,312,324
578,383,0,0.0,2.0,0.0,0.0,381.0,0.0,0.0,169,0,0.0,1.0,0.0,0.0,168.0,0.0,0.0,159,0,0.0,1.0,0.0,0.0,158.0,0.0,0.0,1393,1467
579,23,6,0.2608695652173913,0.0,0.0,,23.0,6.0,0.2608695652173913,20,6,0.3,0.0,0.0,,20.0,6.0,0.3,20,6,0.3,0.0,0.0,,20.0,6.0,0.3,66,66
580,52,1,0.019230769230769232,0.0,0.0,,52.0,1.0,0.019230769230769232,52,1,0.019230769230769232,0.0,0.0,,52.0,1.0,0.019230769230769232,51,1,0.0196078431372549,0.0,0.0,,51.0,1.0,0.0196078431372549,72,73
581,1061,134,0.12629594721960416,20.0,2.0,0.1,1041.0,132.0,0.12680115273775217,618,120,0.1941747572815534,15.0,2.0,0.13333333333333333,603.0,118.0,0.1956882255389718,607,115,0.18945634266886327,15.0,2.0,0.13333333333333333,592.0,113.0,0.19087837837837837,697,709
582,150,0,0.0,4.0,0.0,0.0,146.0,0.0,0.0,149,0,0.0,4.0,0.0,0.0,145.0,0.0,0.0,148,0,0.0,4.0,0.0,0.0,144.0,0.0,0.0,487,490
587,2,2,1.0,0.0,0.0,,2.0,2.0,1.0,1,1,1.0,0.0,0.0,,1.0,1.0,1.0,1,1,1.0,0.0,0.0,,1.0,1.0,1.0,1,1
591,609,429,0.7044334975369458,5.0,4.0,0.8,604.0,425.0,0.7036423841059603,601,423,0.7038269550748752,5.0,4.0,0.8,596.0,419.0,0.7030201342281879,596,419,0.7030201342281879,5.0,4.0,0.8,591.0,415.0,0.7021996615905245,788,796
592,9628,5749,0.5971125882841711,100.0,69.0,0.69,9528.0,5680.0,0.5961376994122586,7428,4859,0.6541464728056005,83.0,58.0,0.6987951807228916,7345.0,4801.0,0.653641933287951,7295,4793,0.6570253598355038,83.0,58.0,0.6987951807228916,7212.0,4735.0,0.6565446478092068,8844,9018
593,10298,971,0.09429015342785006,123.0,6.0,0.04878048780487805,10175.0,965.0,0.09484029484029484,8282,876,0.1057715527650326,102.0,6.0,0.058823529411764705,8180.0,870.0,0.10635696821515893,8172,869,0.10633871757219775,102.0,6.0,0.058823529411764705,8070.0,863.0,0.10693928128872367,9870,10084
594,4,4,1.0,0.0,0.0,,4.0,4.0,1.0,4,4,1.0,0.0,0.0,,4.0,4.0,1.0,4,4,1.0,0.0,0.0,,4.0,4.0,1.0,4,4
595,1,0,0.0,0.0,0.0,,1.0,0.0,0.0,1,0,0.0,0.0,0.0,,1.0,0.0,0.0,1,0,0.0,0.0,0.0,,1.0,0.0,0.0,1,1
596,41,1,0.024390243902439025,1.0,0.0,0.0,40.0,1.0,0.025,41,1,0.024390243902439025,1.0,0.0,0.0,40.0,1.0,0.025,41,1,0.024390243902439025,1.0,0.0,0.0,40.0,1.0,0.025,43,43
611,143,81,0.5664335664335665,1.0,1.0,1.0,142.0,80.0,0.5633802816901409,142,80,0.5633802816901409,1.0,1.0,1.0,141.0,79.0,0.5602836879432624,138,80,0.5797101449275363,1.0,1.0,1.0,137.0,79.0,0.5766423357664233,171,177
613,7,0,0.0,0.0,0.0,,7.0,0.0,0.0,7,0,0.0,0.0,0.0,,7.0,0.0,0.0,7,0,0.0,0.0,0.0,,7.0,0.0,0.0,43,43
614,9578,1759,0.18365003132177907,91.0,19.0,0.2087912087912088,9487.0,1740.0,0.18340887530304628,9150,1554,0.16983606557377048,81.0,14.0,0.1728395061728395,9069.0,1540.0,0.1698092402690484,8968,1533,0.17094112399643177,80.0,14.0,0.175,8888.0,1519.0,0.1709045904590459,9389,9581
616,1178,8,0.006791171477079796,15.0,0.0,0.0,1163.0,8.0,0.006878761822871883,1123,7,0.006233303650934996,14.0,0.0,0.0,1109.0,7.0,0.0063119927862939585,1113,7,0.006289308176100629,14.0,0.0,0.0,1099.0,7.0,0.006369426751592357,1167,1177
617,840,140,0.16666666666666666,36.0,8.0,0.2222222222222222,804.0,132.0,0.16417910447761194,692,90,0.13005780346820808,29.0,6.0,0.20689655172413793,663.0,84.0,0.12669683257918551,647,79,0.12210200927357033,28.0,5.0,0.17857142857142858,619.0,74.0,0.11954765751211632,929,1004
618,6246,1921,0.3075568363752802,498.0,133.0,0.26706827309236947,5748.0,1788.0,0.31106471816283926,5380,1635,0.30390334572490707,464.0,121.0,0.2607758620689655,4916.0,1514.0,0.3079739625711961,5060,1559,0.30810276679841897,447.0,117.0,0.26174496644295303,4613.0,1442.0,0.3125948406676783,5698,6062
619,46711,4704,0.10070433088565862,1173.0,475.0,0.40494458653026427,45538.0,4229.0,0.09286749527866836,43883,4358,0.09930952760750177,1079.0,422.0,0.3911028730305839,42804.0,3936.0,0.09195402298850575,42831,4270,0.09969414676285868,1071.0,421.0,0.3930905695611578,41760.0,3849.0,0.09216954022988506,50081,51349
620,10,1,0.1,3.0,1.0,0.3333333333333333,7.0,0.0,0.0,10,1,0.1,3.0,1.0,0.3333333333333333,7.0,0.0,0.0,10,1,0.1,3.0,1.0,0.3333333333333333,7.0,0.0,0.0,18,18
621,505,16,0.031683168316831684,0.0,0.0,,505.0,16.0,0.031683168316831684,498,16,0.0321285140562249,0.0,0.0,,498.0,16.0,0.0321285140562249,494,16,0.032388663967611336,0.0,0.0,,494.0,16.0,0.032388663967611336,14573,14974
623,1985,126,0.06347607052896725,45.0,0.0,0.0,1940.0,126.0,0.06494845360824743,1636,119,0.07273838630806846,30.0,0.0,0.0,1606.0,119.0,0.07409713574097136,1621,118,0.07279457125231338,30.0,0.0,0.0,1591.0,118.0,0.07416719044626022,2918,2974
624,729,343,0.47050754458161864,1.0,1.0,1.0,728.0,342.0,0.4697802197802198,426,341,0.8004694835680751,1.0,1.0,1.0,425.0,340.0,0.8,417,334,0.8009592326139089,1.0,1.0,1.0,416.0,333.0,0.8004807692307693,515,524
625,1825,475,0.2602739726027397,26.0,6.0,0.23076923076923078,1799.0,469.0,0.2607003891050584,1547,382,0.24692954104718812,23.0,5.0,0.21739130434782608,1524.0,377.0,0.2473753280839895,1525,374,0.24524590163934426,23.0,5.0,0.21739130434782608,1502.0,369.0,0.24567243675099867,1898,1934
626,4334,130,0.029995385325334564,60.0,1.0,0.016666666666666666,4274.0,129.0,0.030182498830135705,3614,121,0.03348090758162701,51.0,1.0,0.0196078431372549,3563.0,120.0,0.03367948358125175,3558,121,0.03400786958965711,51.0,1.0,0.0196078431372549,3507.0,120.0,0.03421727972626176,3806,3869
627,8628,212,0.024571163653222067,86.0,0.0,0.0,8542.0,212.0,0.02481854366658862,5777,187,0.032369742080664704,53.0,0.0,0.0,5724.0,187.0,0.032669461914744936,5606,173,0.030859793078844094,53.0,0.0,0.0,5553.0,173.0,0.031154330992256438,5734,5907
628,810,18,0.022222222222222223,8.0,0.0,0.0,802.0,18.0,0.022443890274314215,797,18,0.02258469259723965,6.0,0.0,0.0,791.0,18.0,0.022756005056890013,792,18,0.022727272727272728,6.0,0.0,0.0,786.0,18.0,0.022900763358778626,836,842
629,30,0,0.0,2.0,0.0,0.0,28.0,0.0,0.0,30,0,0.0,2.0,0.0,0.0,28.0,0.0,0.0,30,0,0.0,2.0,0.0,0.0,28.0,0.0,0.0,43,43
630,635,320,0.5039370078740157,22.0,15.0,0.6818181818181818,613.0,305.0,0.49755301794453505,606,304,0.5016501650165016,22.0,15.0,0.6818181818181818,584.0,289.0,0.4948630136986301,596,300,0.5033557046979866,21.0,14.0,0.6666666666666666,575.0,286.0,0.4973913043478261,680,695
631,8,0,0.0,0.0,0.0,,8.0,0.0,0.0,8,0,0.0,0.0,0.0,,8.0,0.0,0.0,8,0,0.0,0.0,0.0,,8.0,0.0,0.0,8,8
632,1792,1544,0.8616071428571429,160.0,141.0,0.88125,1632.0,1403.0,0.8596813725490197,1558,1331,0.8543003851091142,136.0,120.0,0.8823529411764706,1422.0,1211.0,0.8516174402250352,1265,1082,0.8553359683794466,115.0,101.0,0.8782608695652174,1150.0,981.0,0.8530434782608696,2059,2591
633,307,10,0.03257328990228013,5.0,1.0,0.2,302.0,9.0,0.029801324503311258,305,10,0.03278688524590164,5.0,1.0,0.2,300.0,9.0,0.03,287,10,0.03484320557491289,5.0,1.0,0.2,282.0,9.0,0.031914893617021274,387,411
634,3417,56,0.016388645010242904,87.0,0.0,0.0,3330.0,56.0,0.016816816816816817,3199,51,0.01594248202563301,54.0,0.0,0.0,3145.0,51.0,0.016216216216216217,3089,51,0.016510197474910976,54.0,0.0,0.0,3035.0,51.0,0.016803953871499175,3446,3564
635,1441,431,0.29909784871616935,11.0,7.0,0.6363636363636364,1430.0,424.0,0.2965034965034965,1438,431,0.2997218358831711,11.0,7.0,0.6363636363636364,1427.0,424.0,0.29712683952347585,1368,418,0.3055555555555556,11.0,7.0,0.6363636363636364,1357.0,411.0,0.30287398673544585,1443,1514
636,4694,435,0.09267149552620367,34.0,4.0,0.11764705882352941,4660.0,431.0,0.0924892703862661,4658,434,0.09317303563761271,33.0,4.0,0.12121212121212122,4625.0,430.0,0.09297297297297297,4432,425,0.09589350180505415,33.0,4.0,0.12121212121212122,4399.0,421.0,0.09570356899295294,4447,4673
637,14815,1380,0.0931488356395545,115.0,10.0,0.08695652173913043,14700.0,1370.0,0.09319727891156462,14694,1371,0.09330338913842384,113.0,10.0,0.08849557522123894,14581.0,1361.0,0.09334064878952061,14413,1350,0.09366544092139041,113.0,10.0,0.08849557522123894,14300.0,1340.0,0.0937062937062937,15085,15401
638,788,209,0.2652284263959391,16.0,4.0,0.25,772.0,205.0,0.2655440414507772,783,209,0.2669220945083014,16.0,4.0,0.25,767.0,205.0,0.26727509778357234,781,209,0.2676056338028169,16.0,4.0,0.25,765.0,205.0,0.2679738562091503,790,792
640,776,180,0.23195876288659795,16.0,3.0,0.1875,760.0,177.0,0.23289473684210527,773,180,0.23285899094437257,16.0,3.0,0.1875,757.0,177.0,0.23381770145310435,771,180,0.23346303501945526,16.0,3.0,0.1875,755.0,177.0,0.23443708609271524,780,782
642,655,135,0.20610687022900764,10.0,3.0,0.3,645.0,132.0,0.20465116279069767,616,115,0.18668831168831168,10.0,3.0,0.3,606.0,112.0,0.1848184818481848,612,114,0.18627450980392157,10.0,3.0,0.3,602.0,111.0,0.18438538205980065,1334,1354
643,405,3,0.007407407407407408,4.0,0.0,0.0,401.0,3.0,0.007481296758104738,371,3,0.008086253369272238,4.0,0.0,0.0,367.0,3.0,0.008174386920980926,369,3,0.008130081300813009,4.0,0.0,0.0,365.0,3.0,0.00821917808219178,370,372
644,15,15,1.0,0.0,0.0,,15.0,15.0,1.0,14,14,1.0,0.0,0.0,,14.0,14.0,1.0,14,14,1.0,0.0,0.0,,14.0,14.0,1.0,14,14
645,214,18,0.08411214953271028,0.0,0.0,,214.0,18.0,0.08411214953271028,188,18,0.09574468085106383,0.0,0.0,,188.0,18.0,0.09574468085106383,188,18,0.09574468085106383,0.0,0.0,,188.0,18.0,0.09574468085106383,247,247
646,448,12,0.026785714285714284,1.0,0.0,0.0,447.0,12.0,0.026845637583892617,377,11,0.029177718832891247,1.0,0.0,0.0,376.0,11.0,0.02925531914893617,362,11,0.03038674033149171,1.0,0.0,0.0,361.0,11.0,0.030470914127423823,439,454
647,19,0,0.0,0.0,0.0,,19.0,0.0,0.0,17,0,0.0,0.0,0.0,,17.0,0.0,0.0,16,0,0.0,0.0,0.0,,16.0,0.0,0.0,32,33
648,2527,485,0.1919271863870202,25.0,2.0,0.08,2502.0,483.0,0.19304556354916066,2514,481,0.1913285600636436,24.0,2.0,0.08333333333333333,2490.0,479.0,0.19236947791164657,2420,458,0.18925619834710744,24.0,2.0,0.08333333333333333,2396.0,456.0,0.19031719532554256,5017,5165
649,50,3,0.06,0.0,0.0,,50.0,3.0,0.06,50,3,0.06,0.0,0.0,,50.0,3.0,0.06,48,3,0.0625,0.0,0.0,,48.0,3.0,0.0625,52,54
650,22,0,0.0,0.0,0.0,,22.0,0.0,0.0,22,0,0.0,0.0,0.0,,22.0,0.0,0.0,21,0,0.0,0.0,0.0,,21.0,0.0,0.0,142,144
651,1183,10,0.0084530853761623,18.0,0.0,0.0,1165.0,10.0,0.008583690987124463,1134,9,0.007936507936507936,16.0,0.0,0.0,1118.0,9.0,0.008050089445438283,1123,9,0.008014247551202136,16.0,0.0,0.0,1107.0,9.0,0.008130081300813009,1310,1321
652,1116,19,0.017025089605734768,8.0,0.0,0.0,1108.0,19.0,0.017148014440433214,1103,19,0.017225747960108794,8.0,0.0,0.0,1095.0,19.0,0.017351598173515982,1089,19,0.017447199265381085,8.0,0.0,0.0,1081.0,19.0,0.01757631822386679,3423,3480
654,891,44,0.04938271604938271,14.0,1.0,0.07142857142857142,877.0,43.0,0.04903078677309008,771,44,0.057068741893644616,12.0,1.0,0.08333333333333333,759.0,43.0,0.05665349143610013,754,42,0.05570291777188329,12.0,1.0,0.08333333333333333,742.0,41.0,0.05525606469002695,1470,1509
655,592,35,0.05912162162162162,2.0,0.0,0.0,590.0,35.0,0.059322033898305086,581,35,0.060240963855421686,2.0,0.0,0.0,579.0,35.0,0.06044905008635579,575,35,0.06086956521739131,2.0,0.0,0.0,573.0,35.0,0.06108202443280977,599,605
656,5273,1823,0.3457234970604969,16.0,4.0,0.25,5257.0,1819.0,0.34601483735971084,4563,1681,0.3683979837825992,12.0,4.0,0.3333333333333333,4551.0,1677.0,0.3684904416611734,4516,1667,0.3691319751992914,12.0,4.0,0.3333333333333333,4504.0,1663.0,0.3692273534635879,5132,5182
657,376,37,0.09840425531914894,2.0,0.0,0.0,374.0,37.0,0.09893048128342247,373,35,0.0938337801608579,2.0,0.0,0.0,371.0,35.0,0.09433962264150944,370,35,0.0945945945945946,2.0,0.0,0.0,368.0,35.0,0.09510869565217392,403,407
658,27,2,0.07407407407407407,0.0,0.0,,27.0,2.0,0.07407407407407407,27,2,0.07407407407407407,0.0,0.0,,27.0,2.0,0.07407407407407407,27,2,0.07407407407407407,0.0,0.0,,27.0,2.0,0.07407407407407407,180,184
659,7,7,1.0,0.0,0.0,,7.0,7.0,1.0,7,7,1.0,0.0,0.0,,7.0,7.0,1.0,7,7,1.0,0.0,0.0,,7.0,7.0,1.0,7,7
660,21,0,0.0,0.0,0.0,,21.0,0.0,0.0,21,0,0.0,0.0,0.0,,21.0,0.0,0.0,21,0,0.0,0.0,0.0,,21.0,0.0,0.0,21,21
661,1541,7,0.004542504866969501,16.0,0.0,0.0,1525.0,7.0,0.0045901639344262295,1310,7,0.0053435114503816794,13.0,0.0,0.0,1297.0,7.0,0.005397070161912105,1255,7,0.005577689243027889,11.0,0.0,0.0,1244.0,7.0,0.005627009646302251,1255,1310
663,507,28,0.055226824457593686,0.0,0.0,,507.0,28.0,0.055226824457593686,501,28,0.05588822355289421,0.0,0.0,,501.0,28.0,0.05588822355289421,495,28,0.05656565656565657,0.0,0.0,,495.0,28.0,0.05656565656565657,520,526
664,494,31,0.06275303643724696,2.0,0.0,0.0,492.0,31.0,0.06300813008130081,486,31,0.06378600823045268,2.0,0.0,0.0,484.0,31.0,0.0640495867768595,484,31,0.0640495867768595,2.0,0.0,0.0,482.0,31.0,0.06431535269709543,556,558
667,333,98,0.29429429429429427,9.0,4.0,0.4444444444444444,324.0,94.0,0.29012345679012347,176,94,0.5340909090909091,5.0,4.0,0.8,171.0,90.0,0.5263157894736842,174,92,0.5287356321839081,5.0,4.0,0.8,169.0,88.0,0.5207100591715976,174,176
668,14,1,0.07142857142857142,0.0,0.0,,14.0,1.0,0.07142857142857142,14,1,0.07142857142857142,0.0,0.0,,14.0,1.0,0.07142857142857142,14,1,0.07142857142857142,0.0,0.0,,14.0,1.0,0.07142857142857142,14,14
670,3219,1549,0.4812053432743088,69.0,35.0,0.5072463768115942,3150.0,1514.0,0.48063492063492064,3039,1473,0.4846989141164857,65.0,32.0,0.49230769230769234,2974.0,1441.0,0.48453261600537995,3016,1467,0.4864058355437666,64.0,32.0,0.5,2952.0,1435.0,0.4861111111111111,3445,3473
671,4381,21,0.004793426158411321,58.0,0.0,0.0,4323.0,21.0,0.004857737682165163,4105,19,0.004628501827040195,54.0,0.0,0.0,4051.0,19.0,0.004690199950629474,3799,19,0.005001316135825217,50.0,0.0,0.0,3749.0,19.0,0.005068018138170179,3799,4105
672,454,274,0.6035242290748899,1.0,0.0,0.0,453.0,274.0,0.6048565121412803,309,154,0.49838187702265374,1.0,0.0,0.0,308.0,154.0,0.5,306,152,0.49673202614379086,1.0,0.0,0.0,305.0,152.0,0.49836065573770494,402,408
673,3457,77,0.02227364767139138,31.0,0.0,0.0,3426.0,77.0,0.022475189725627554,2718,61,0.022442972774098603,23.0,0.0,0.0,2695.0,61.0,0.022634508348794064,2637,60,0.022753128555176336,23.0,0.0,0.0,2614.0,60.0,0.022953328232593728,2658,2741
674,11,3,0.2727272727272727,0.0,0.0,,11.0,3.0,0.2727272727272727,11,3,0.2727272727272727,0.0,0.0,,11.0,3.0,0.2727272727272727,11,3,0.2727272727272727,0.0,0.0,,11.0,3.0,0.2727272727272727,50,51
675,10,0,0.0,0.0,0.0,,10.0,0.0,0.0,7,0,0.0,0.0,0.0,,7.0,0.0,0.0,7,0,0.0,0.0,0.0,,7.0,0.0,0.0,11,11
676,85,3,0.03529411764705882,1.0,0.0,0.0,84.0,3.0,0.03571428571428571,81,3,0.037037037037037035,1.0,0.0,0.0,80.0,3.0,0.0375,81,3,0.037037037037037035,1.0,0.0,0.0,80.0,3.0,0.0375,141,142
677,1,0,0.0,0.0,0.0,,1.0,0.0,0.0,1,0,0.0,0.0,0.0,,1.0,0.0,0.0,1,0,0.0,0.0,0.0,,1.0,0.0,0.0,1,1
679,2,0,0.0,0.0,0.0,,2.0,0.0,0.0,2,0,0.0,0.0,0.0,,2.0,0.0,0.0,2,0,0.0,0.0,0.0,,2.0,0.0,0.0,2,2
680,1344,118,0.08779761904761904,25.0,2.0,0.08,1319.0,116.0,0.08794541319181198,1266,115,0.09083728278041074,23.0,2.0,0.08695652173913043,1243.0,113.0,0.09090909090909091,1261,115,0.09119746233148295,23.0,2.0,0.08695652173913043,1238.0,113.0,0.0912762520193861,1463,1469
681,60,2,0.03333333333333333,6.0,0.0,0.0,54.0,2.0,0.037037037037037035,60,2,0.03333333333333333,6.0,0.0,0.0,54.0,2.0,0.037037037037037035,60,2,0.03333333333333333,6.0,0.0,0.0,54.0,2.0,0.037037037037037035,60,60
682,10452,3780,0.3616532721010333,50.0,8.0,0.16,10402.0,3772.0,0.3626225725821957,10292,3702,0.35969685192382433,49.0,8.0,0.16326530612244897,10243.0,3694.0,0.3606365322659377,10068,3623,0.3598529996027016,49.0,8.0,0.16326530612244897,10019.0,3615.0,0.3608144525401737,13356,13656
683,1529,377,0.24656638325703073,5.0,0.0,0.0,1524.0,377.0,0.2473753280839895,1527,376,0.24623444662737393,5.0,0.0,0.0,1522.0,376.0,0.24704336399474375,1506,368,0.24435590969455512,5.0,0.0,0.0,1501.0,368.0,0.24516988674217188,1708,1730
684,584,204,0.3493150684931507,21.0,1.0,0.047619047619047616,563.0,203.0,0.3605683836589698,268,200,0.746268656716418,4.0,1.0,0.25,264.0,199.0,0.7537878787878788,261,196,0.7509578544061303,4.0,1.0,0.25,257.0,195.0,0.7587548638132295,261,268
685,51,8,0.1568627450980392,0.0,0.0,,51.0,8.0,0.1568627450980392,50,8,0.16,0.0,0.0,,50.0,8.0,0.16,49,8,0.16326530612244897,0.0,0.0,,49.0,8.0,0.16326530612244897,55,56
686,10,0,0.0,0.0,0.0,,10.0,0.0,0.0,10,0,0.0,0.0,0.0,,10.0,0.0,0.0,10,0,0.0,0.0,0.0,,10.0,0.0,0.0,15,15
687,26,0,0.0,0.0,0.0,,26.0,0.0,0.0,26,0,0.0,0.0,0.0,,26.0,0.0,0.0,26,0,0.0,0.0,0.0,,26.0,0.0,0.0,26,26
696,106,38,0.3584905660377358,1.0,0.0,0.0,105.0,38.0,0.3619047619047619,103,37,0.3592233009708738,1.0,0.0,0.0,102.0,37.0,0.3627450980392157,102,37,0.3627450980392157,1.0,0.0,0.0,101.0,37.0,0.36633663366336633,102,103
697,7,1,0.14285714285714285,2.0,0.0,0.0,5.0,1.0,0.2,6,1,0.16666666666666666,1.0,0.0,0.0,5.0,1.0,0.2,6,1,0.16666666666666666,1.0,0.0,0.0,5.0,1.0,0.2,6,6
701,225931,81202,0.35941061651566186,4604.0,1117.0,0.24261511728931365,221327.0,80085.0,0.36184017313748434,119339,47490,0.39794199716773226,2128.0,749.0,0.3519736842105263,117211.0,46741.0,0.3987765653394306,101303,41876,0.4133737401656417,1818.0,666.0,0.36633663366336633,99485.0,41210.0,0.4142333015027391,117654,137848
709,4234,398,0.09400094473311289,26.0,1.0,0.038461538461538464,4208.0,397.0,0.09434410646387832,4210,396,0.09406175771971496,26.0,1.0,0.038461538461538464,4184.0,395.0,0.09440726577437858,3976,385,0.09683098591549295,26.0,1.0,0.038461538461538464,3950.0,384.0,0.09721518987341772,4017,4252
711,4082,506,0.12395884370406664,27.0,3.0,0.1111111111111111,4055.0,503.0,0.12404438964241676,4079,506,0.12405001225790635,27.0,3.0,0.1111111111111111,4052.0,503.0,0.12413622902270484,3680,478,0.1298913043478261,25.0,3.0,0.12,3655.0,475.0,0.12995896032831739,3680,4079
714,116,116,1.0,0.0,0.0,,116.0,116.0,1.0,116,116,1.0,0.0,0.0,,116.0,116.0,1.0,114,114,1.0,0.0,0.0,,114.0,114.0,1.0,492,499
718,129,29,0.2248062015503876,4.0,1.0,0.25,125.0,28.0,0.224,128,29,0.2265625,4.0,1.0,0.25,124.0,28.0,0.22580645161290322,128,29,0.2265625,4.0,1.0,0.25,124.0,28.0,0.22580645161290322,258,261
719,287151,2745,0.009559430404212418,3686.0,55.0,0.014921323928377646,283465.0,2690.0,0.009489707724057644,280991,2609,0.009284994893074867,3538.0,49.0,0.013849632560768797,277453.0,2560.0,0.009226787960483398,259811,2450,0.009429931758085685,3436.0,48.0,0.013969732246798603,256375.0,2402.0,0.009369088249634325,289073,312398
720,1648,491,0.2979368932038835,41.0,18.0,0.43902439024390244,1607.0,473.0,0.2943372744243933,1557,441,0.2832369942196532,36.0,14.0,0.3888888888888889,1521.0,427.0,0.2807363576594346,1503,414,0.2754491017964072,35.0,13.0,0.37142857142857144,1468.0,401.0,0.2731607629427793,1930,1988
721,84,45,0.5357142857142857,3.0,3.0,1.0,81.0,42.0,0.5185185185185185,79,41,0.5189873417721519,3.0,3.0,1.0,76.0,38.0,0.5,79,41,0.5189873417721519,3.0,3.0,1.0,76.0,38.0,0.5,86,86
722,25582,1348,0.05269329997654601,136.0,16.0,0.11764705882352941,25446.0,1332.0,0.052346144777175196,24181,1236,0.05111451139324263,126.0,16.0,0.12698412698412698,24055.0,1220.0,0.05071710663063812,22022,1177,0.05344655344655345,123.0,16.0,0.13008130081300814,21899.0,1161.0,0.053016119457509475,22098,24269
723,164,4,0.024390243902439025,7.0,0.0,0.0,157.0,4.0,0.025477707006369428,133,3,0.022556390977443608,6.0,0.0,0.0,127.0,3.0,0.023622047244094488,133,3,0.022556390977443608,6.0,0.0,0.0,127.0,3.0,0.023622047244094488,561,575
724,4973,1444,0.2903679871305047,69.0,25.0,0.36231884057971014,4904.0,1419.0,0.28935562805872755,3560,1181,0.3317415730337079,51.0,22.0,0.43137254901960786,3509.0,1159.0,0.3302935309204902,3499,1162,0.3320948842526436,51.0,22.0,0.43137254901960786,3448.0,1140.0,0.3306264501160093,4451,4550
725,3378,177,0.052397868561278864,53.0,3.0,0.05660377358490566,3325.0,174.0,0.05233082706766917,2699,164,0.060763245646535756,37.0,3.0,0.08108108108108109,2662.0,161.0,0.06048084147257701,2681,162,0.06042521447221186,37.0,3.0,0.08108108108108109,2644.0,159.0,0.06013615733736762,3388,3442
726,15,0,0.0,0.0,0.0,,15.0,0.0,0.0,15,0,0.0,0.0,0.0,,15.0,0.0,0.0,15,0,0.0,0.0,0.0,,15.0,0.0,0.0,20,20
728,1496,138,0.09224598930481283,21.0,4.0,0.19047619047619047,1475.0,134.0,0.09084745762711864,1345,133,0.09888475836431226,20.0,4.0,0.2,1325.0,129.0,0.09735849056603774,1312,130,0.09908536585365854,20.0,4.0,0.2,1292.0,126.0,0.09752321981424149,1412,1447
732,1814,361,0.1990077177508269,27.0,7.0,0.25925925925925924,1787.0,354.0,0.19809736989367654,1766,355,0.20101925254813138,26.0,7.0,0.2692307692307692,1740.0,348.0,0.2,1744,350,0.2006880733944954,26.0,7.0,0.2692307692307692,1718.0,343.0,0.19965075669383003,1972,1995
733,64,0,0.0,0.0,0.0,,64.0,0.0,0.0,64,0,0.0,0.0,0.0,,64.0,0.0,0.0,64,0,0.0,0.0,0.0,,64.0,0.0,0.0,64,64
734,177,64,0.3615819209039548,1.0,0.0,0.0,176.0,64.0,0.36363636363636365,173,60,0.3468208092485549,1.0,0.0,0.0,172.0,60.0,0.3488372093023256,173,60,0.3468208092485549,1.0,0.0,0.0,172.0,60.0,0.3488372093023256,380,384
735,1402,79,0.056348074179743225,27.0,1.0,0.037037037037037035,1375.0,78.0,0.05672727272727273,1318,74,0.05614567526555387,26.0,1.0,0.038461538461538464,1292.0,73.0,0.0565015479876161,1307,73,0.0558530986993114,26.0,1.0,0.038461538461538464,1281.0,72.0,0.05620608899297424,1866,1894
736,68,0,0.0,0.0,0.0,,68.0,0.0,0.0,32,0,0.0,0.0,0.0,,32.0,0.0,0.0,32,0,0.0,0.0,0.0,,32.0,0.0,0.0,322,331
737,1393,1276,0.9160086145010768,4.0,3.0,0.75,1389.0,1273.0,0.9164866810655148,1244,1127,0.9059485530546624,4.0,3.0,0.75,1240.0,1124.0,0.9064516129032258,1205,1088,0.9029045643153527,4.0,3.0,0.75,1201.0,1085.0,0.9034138218151541,15820,16196
741,1571,668,0.4252068746021642,33.0,13.0,0.3939393939393939,1538.0,655.0,0.4258777633289987,1492,637,0.4269436997319035,25.0,13.0,0.52,1467.0,624.0,0.42535787321063395,1481,634,0.42808912896691426,24.0,13.0,0.5416666666666666,1457.0,621.0,0.42621825669183255,1590,1602
743,6018,2908,0.48321701561980723,75.0,34.0,0.4533333333333333,5943.0,2874.0,0.48359414437152953,5561,2655,0.4774321165258047,71.0,32.0,0.4507042253521127,5490.0,2623.0,0.4777777777777778,5423,2579,0.4755670293195648,71.0,32.0,0.4507042253521127,5352.0,2547.0,0.4758968609865471,5432,5570
744,262,4,0.015267175572519083,8.0,0.0,0.0,254.0,4.0,0.015748031496062992,260,4,0.015384615384615385,8.0,0.0,0.0,252.0,4.0,0.015873015873015872,260,4,0.015384615384615385,8.0,0.0,0.0,252.0,4.0,0.015873015873015872,285,285
745,742,222,0.2991913746630728,3.0,3.0,1.0,739.0,219.0,0.2963464140730717,527,222,0.42125237191650855,3.0,3.0,1.0,524.0,219.0,0.4179389312977099,520,217,0.4173076923076923,3.0,3.0,1.0,517.0,214.0,0.41392649903288203,705,720
746,1534,266,0.17340286831812254,16.0,4.0,0.25,1518.0,262.0,0.1725955204216074,1262,256,0.20285261489698891,13.0,4.0,0.3076923076923077,1249.0,252.0,0.20176140912730184,1253,255,0.20351157222665603,13.0,4.0,0.3076923076923077,1240.0,251.0,0.20241935483870968,1362,1371
747,767,149,0.19426336375488917,3.0,2.0,0.6666666666666666,764.0,147.0,0.19240837696335078,548,146,0.2664233576642336,3.0,2.0,0.6666666666666666,545.0,144.0,0.26422018348623855,541,145,0.2680221811460259,3.0,2.0,0.6666666666666666,538.0,143.0,0.26579925650557623,779,796
748,426,97,0.22769953051643194,7.0,2.0,0.2857142857142857,419.0,95.0,0.22673031026252982,393,95,0.24173027989821882,7.0,2.0,0.2857142857142857,386.0,93.0,0.24093264248704663,391,95,0.24296675191815856,7.0,2.0,0.2857142857142857,384.0,93.0,0.2421875,498,502
749,1708,39,0.022833723653395786,51.0,1.0,0.0196078431372549,1657.0,38.0,0.022933011466505733,1672,39,0.02332535885167464,51.0,1.0,0.0196078431372549,1621.0,38.0,0.023442319555829736,1658,39,0.023522316043425813,51.0,1.0,0.0196078431372549,1607.0,38.0,0.023646546359676415,1658,1672
750,3150,1117,0.3546031746031746,42.0,16.0,0.38095238095238093,3108.0,1101.0,0.35424710424710426,2432,819,0.33675986842105265,15.0,8.0,0.5333333333333333,2417.0,811.0,0.33553992552751344,2362,802,0.33954276037256564,15.0,8.0,0.5333333333333333,2347.0,794.0,0.33830421815083084,2532,2604
751,3185,939,0.2948194662480377,37.0,8.0,0.21621621621621623,3148.0,931.0,0.2957433290978399,2636,846,0.3209408194233687,16.0,7.0,0.4375,2620.0,839.0,0.3202290076335878,2556,829,0.32433489827856027,16.0,7.0,0.4375,2540.0,822.0,0.3236220472440945,2754,2836
752,120,107,0.8916666666666667,0.0,0.0,,120.0,107.0,0.8916666666666667,119,106,0.8907563025210085,0.0,0.0,,119.0,106.0,0.8907563025210085,119,106,0.8907563025210085,0.0,0.0,,119.0,106.0,0.8907563025210085,119,119
754,5866,1724,0.2938970337538357,8.0,1.0,0.125,5858.0,1723.0,0.2941276886309321,4710,1621,0.3441613588110403,8.0,1.0,0.125,4702.0,1620.0,0.3445342407486176,4661,1609,0.34520489165415147,8.0,1.0,0.125,4653.0,1608.0,0.34558349451966475,5345,5401
755,42,0,0.0,1.0,0.0,0.0,41.0,0.0,0.0,42,0,0.0,1.0,0.0,0.0,41.0,0.0,0.0,42,0,0.0,1.0,0.0,0.0,41.0,0.0,0.0,58,58
756,895,18,0.02011173184357542,19.0,0.0,0.0,876.0,18.0,0.02054794520547945,751,14,0.018641810918774968,15.0,0.0,0.0,736.0,14.0,0.019021739130434784,710,12,0.016901408450704224,13.0,0.0,0.0,697.0,12.0,0.01721664275466284,710,751
757,990,5,0.005050505050505051,8.0,0.0,0.0,982.0,5.0,0.0050916496945010185,983,5,0.00508646998982706,8.0,0.0,0.0,975.0,5.0,0.005128205128205128,960,5,0.005208333333333333,8.0,0.0,0.0,952.0,5.0,0.005252100840336135,1345,1389
758,3851,2881,0.7481173721111399,52.0,39.0,0.75,3799.0,2842.0,0.7480916030534351,3702,2797,0.755537547271745,51.0,39.0,0.7647058823529411,3651.0,2758.0,0.755409476855656,3676,2780,0.7562568008705114,51.0,39.0,0.7647058823529411,3625.0,2741.0,0.7561379310344828,4046,4077
759,3837,1302,0.3393275996872557,52.0,19.0,0.36538461538461536,3785.0,1283.0,0.33896961690885075,3713,1259,0.33907891193105305,51.0,19.0,0.37254901960784315,3662.0,1240.0,0.3386127799016931,3686,1244,0.33749321758003253,51.0,19.0,0.37254901960784315,3635.0,1225.0,0.33700137551581844,4294,4327
760,35995,11404,0.3168217808028893,636.0,210.0,0.330188679245283,35359.0,11194.0,0.3165813512825589,34534,11090,0.32113279666415706,593.0,196.0,0.3305227655986509,33941.0,10894.0,0.32096873987213104,33995,10937,0.32172378290925135,591.0,195.0,0.3299492385786802,33404.0,10742.0,0.32157825410130525,35876,36439
763,8486,1658,0.1953806269149187,60.0,17.0,0.2833333333333333,8426.0,1641.0,0.19475433183004984,7458,1637,0.2194958433896487,57.0,17.0,0.2982456140350877,7401.0,1620.0,0.21888933927847587,7387,1623,0.21971030188168403,57.0,17.0,0.2982456140350877,7330.0,1606.0,0.21909959072305593,8755,8841
765,32,0,0.0,0.0,0.0,,32.0,0.0,0.0,32,0,0.0,0.0,0.0,,32.0,0.0,0.0,32,0,0.0,0.0,0.0,,32.0,0.0,0.0,43,43
767,762,263,0.3451443569553806,16.0,1.0,0.0625,746.0,262.0,0.3512064343163539,694,238,0.34293948126801155,8.0,1.0,0.125,686.0,237.0,0.3454810495626822,686,237,0.3454810495626822,8.0,1.0,0.125,678.0,236.0,0.3480825958702065,722,730
768,1782,97,0.05443322109988777,42.0,1.0,0.023809523809523808,1740.0,96.0,0.05517241379310345,1700,84,0.04941176470588235,33.0,1.0,0.030303030303030304,1667.0,83.0,0.04979004199160168,1685,84,0.049851632047477744,32.0,1.0,0.03125,1653.0,83.0,0.05021173623714459,1812,1828
769,193,58,0.3005181347150259,9.0,1.0,0.1111111111111111,184.0,57.0,0.30978260869565216,174,56,0.3218390804597701,2.0,1.0,0.5,172.0,55.0,0.31976744186046513,174,56,0.3218390804597701,2.0,1.0,0.5,172.0,55.0,0.31976744186046513,190,190
770,1086,144,0.13259668508287292,28.0,2.0,0.07142857142857142,1058.0,142.0,0.1342155009451796,1039,135,0.12993262752646775,20.0,2.0,0.1,1019.0,133.0,0.13052011776251227,1035,135,0.13043478260869565,19.0,2.0,0.10526315789473684,1016.0,133.0,0.1309055118110236,1129,1134
771,1096,74,0.06751824817518248,28.0,1.0,0.03571428571428571,1068.0,73.0,0.06835205992509363,1045,65,0.06220095693779904,20.0,1.0,0.05,1025.0,64.0,0.0624390243902439,1041,65,0.06243996157540826,20.0,1.0,0.05,1021.0,64.0,0.06268364348677767,1137,1142
772,5877,2713,0.461630083375872,82.0,29.0,0.35365853658536583,5795.0,2684.0,0.4631578947368421,4707,2468,0.5243254727002337,66.0,28.0,0.42424242424242425,4641.0,2440.0,0.5257487610428787,4652,2436,0.523645743766122,66.0,28.0,0.42424242424242425,4586.0,2408.0,0.5250763192324466,5272,5344
773,1956,206,0.10531697341513292,49.0,13.0,0.2653061224489796,1907.0,193.0,0.10120608285264814,1384,186,0.13439306358381503,29.0,10.0,0.3448275862068966,1355.0,176.0,0.12988929889298892,1370,182,0.13284671532846715,29.0,10.0,0.3448275862068966,1341.0,172.0,0.12826249067859807,1557,1572
774,7225,2672,0.36982698961937716,96.0,38.0,0.3958333333333333,7129.0,2634.0,0.3694767849628279,5988,2503,0.418002672010688,81.0,37.0,0.4567901234567901,5907.0,2466.0,0.4174707973590655,5903,2461,0.4169066576317127,81.0,37.0,0.4567901234567901,5822.0,2424.0,0.41635176915149436,6604,6704
775,2004,173,0.08632734530938124,47.0,14.0,0.2978723404255319,1957.0,159.0,0.08124680633622892,1441,154,0.10687022900763359,30.0,10.0,0.3333333333333333,1411.0,144.0,0.10205527994330262,1424,150,0.10533707865168539,30.0,10.0,0.3333333333333333,1394.0,140.0,0.10043041606886657,1442,1459
776,2769,1991,0.7190321415673528,49.0,35.0,0.7142857142857143,2720.0,1956.0,0.7191176470588235,2633,1912,0.7261678693505507,49.0,35.0,0.7142857142857143,2584.0,1877.0,0.7263931888544891,2570,1853,0.721011673151751,47.0,33.0,0.7021276595744681,2523.0,1820.0,0.721363456202933,2713,2778
777,5266,2018,0.38321306494492974,83.0,32.0,0.3855421686746988,5183.0,1986.0,0.3831757669303492,4629,1943,0.4197450853316051,75.0,32.0,0.4266666666666667,4554.0,1911.0,0.419631093544137,4500,1881,0.418,73.0,30.0,0.410958904109589,4427.0,1851.0,0.41811610571493113,4823,4959
783,214,3,0.014018691588785047,2.0,0.0,0.0,212.0,3.0,0.014150943396226415,180,3,0.016666666666666666,2.0,0.0,0.0,178.0,3.0,0.016853932584269662,176,3,0.017045454545454544,2.0,0.0,0.0,174.0,3.0,0.017241379310344827,831,848
784,177,0,0.0,8.0,0.0,0.0,169.0,0.0,0.0,161,0,0.0,1.0,0.0,0.0,160.0,0.0,0.0,161,0,0.0,1.0,0.0,0.0,160.0,0.0,0.0,202,202
785,965,21,0.021761658031088083,26.0,0.0,0.0,939.0,21.0,0.022364217252396165,937,21,0.022411953041622197,18.0,0.0,0.0,919.0,21.0,0.022850924918389554,934,21,0.022483940042826552,18.0,0.0,0.0,916.0,21.0,0.02292576419213974,1018,1022
786,1027,5,0.004868549172346641,27.0,0.0,0.0,1000.0,5.0,0.005,996,5,0.0050200803212851405,19.0,0.0,0.0,977.0,5.0,0.00511770726714432,992,5,0.005040322580645161,19.0,0.0,0.0,973.0,5.0,0.0051387461459403904,1078,1083
787,9,0,0.0,0.0,0.0,,9.0,0.0,0.0,8,0,0.0,0.0,0.0,,8.0,0.0,0.0,7,0,0.0,0.0,0.0,,7.0,0.0,0.0,7,8
788,2,0,0.0,0.0,0.0,,2.0,0.0,0.0,2,0,0.0,0.0,0.0,,2.0,0.0,0.0,2,0,0.0,0.0,0.0,,2.0,0.0,0.0,2,2
789,754,107,0.1419098143236074,8.0,0.0,0.0,746.0,107.0,0.14343163538873996,452,96,0.21238938053097345,5.0,0.0,0.0,447.0,96.0,0.21476510067114093,434,92,0.2119815668202765,5.0,0.0,0.0,429.0,92.0,0.21445221445221446,1029,1454
790,960,525,0.546875,24.0,12.0,0.5,936.0,513.0,0.5480769230769231,932,501,0.5375536480686696,24.0,12.0,0.5,908.0,489.0,0.538546255506608,921,496,0.5385450597176982,24.0,12.0,0.5,897.0,484.0,0.5395763656633222,1488,1525
792,1,0,0.0,0.0,0.0,,1.0,0.0,0.0,1,0,0.0,0.0,0.0,,1.0,0.0,0.0,1,0,0.0,0.0,0.0,,1.0,0.0,0.0,14,14
793,242,1,0.004132231404958678,5.0,0.0,0.0,237.0,1.0,0.004219409282700422,230,1,0.004347826086956522,5.0,0.0,0.0,225.0,1.0,0.0044444444444444444,229,1,0.004366812227074236,5.0,0.0,0.0,224.0,1.0,0.004464285714285714,297,299
794,68,32,0.47058823529411764,0.0,0.0,,68.0,32.0,0.47058823529411764,51,26,0.5098039215686274,0.0,0.0,,51.0,26.0,0.5098039215686274,51,26,0.5098039215686274,0.0,0.0,,51.0,26.0,0.5098039215686274,51,51
796,1446,0,0.0,4.0,0.0,0.0,1442.0,0.0,0.0,1326,0,0.0,3.0,0.0,0.0,1323.0,0.0,0.0,1287,0,0.0,3.0,0.0,0.0,1284.0,0.0,0.0,74567,83429
798,982,264,0.26883910386965376,11.0,1.0,0.09090909090909091,971.0,263.0,0.2708547888774459,961,259,0.2695109261186264,10.0,1.0,0.1,951.0,258.0,0.27129337539432175,946,254,0.26849894291754756,10.0,1.0,0.1,936.0,253.0,0.2702991452991453,1225,1243
799,89665,63838,0.7119611888696816,6859.0,4649.0,0.6777955970258055,82806.0,59189.0,0.7147911987054079,81993,59007,0.7196589952800849,6195.0,4258.0,0.6873284907183212,75798.0,54749.0,0.7223013799836407,75218,54666,0.7267675290488979,5689.0,3964.0,0.6967832659518369,69529.0,50702.0,0.7292209006313912,95572,103958
800,2226,25,0.011230907457322551,3.0,0.0,0.0,2223.0,25.0,0.011246063877642825,2226,25,0.011230907457322551,3.0,0.0,0.0,2223.0,25.0,0.011246063877642825,1784,25,0.014013452914798207,3.0,0.0,0.0,1781.0,25.0,0.01403705783267827,1789,2231
801,3742,1339,0.35783003741314806,66.0,19.0,0.2878787878787879,3676.0,1320.0,0.3590859630032644,3195,1197,0.37464788732394366,61.0,18.0,0.29508196721311475,3134.0,1179.0,0.37619655392469686,3170,1189,0.3750788643533123,61.0,18.0,0.29508196721311475,3109.0,1171.0,0.37664844001286585,3380,3407
802,335,89,0.2656716417910448,5.0,3.0,0.6,330.0,86.0,0.2606060606060606,332,89,0.2680722891566265,5.0,3.0,0.6,327.0,86.0,0.26299694189602446,328,89,0.27134146341463417,5.0,3.0,0.6,323.0,86.0,0.26625386996904027,328,332
803,715,282,0.3944055944055944,10.0,5.0,0.5,705.0,277.0,0.39290780141843973,649,275,0.423728813559322,10.0,5.0,0.5,639.0,270.0,0.4225352112676056,640,272,0.425,10.0,5.0,0.5,630.0,267.0,0.4238095238095238,763,772
804,7134,826,0.11578357162881973,355.0,37.0,0.10422535211267606,6779.0,789.0,0.11638884791267148,6956,822,0.11817136285221391,343.0,37.0,0.10787172011661808,6613.0,785.0,0.11870557991834266,6440,787,0.12220496894409938,309.0,33.0,0.10679611650485436,6131.0,754.0,0.12298156907519164,20062,21725
805,23137,8953,0.38695595798936766,1164.0,332.0,0.2852233676975945,21973.0,8621.0,0.3923451508669731,22615,8673,0.38350652221976567,1136.0,322.0,0.2834507042253521,21479.0,8351.0,0.38879836118999955,19859,7528,0.3790724608489853,1012.0,283.0,0.27964426877470355,18847.0,7245.0,0.384411312145169,19883,22639
806,194,97,0.5,6.0,0.0,0.0,188.0,97.0,0.5159574468085106,105,42,0.4,2.0,0.0,0.0,103.0,42.0,0.4077669902912621,105,42,0.4,2.0,0.0,0.0,103.0,42.0,0.4077669902912621,105,105
807,302,143,0.4735099337748344,7.0,2.0,0.2857142857142857,295.0,141.0,0.47796610169491527,200,67,0.335,6.0,1.0,0.16666666666666666,194.0,66.0,0.3402061855670103,199,67,0.33668341708542715,6.0,1.0,0.16666666666666666,193.0,66.0,0.34196891191709844,305,306
808,77912,16490,0.21164903994249923,463.0,83.0,0.17926565874730022,77449.0,16407.0,0.2118426319255252,52082,9258,0.17775815060865557,313.0,56.0,0.17891373801916932,51769.0,9202.0,0.17775116382391007,38546,7051,0.18292429824106263,247.0,46.0,0.1862348178137652,38299.0,7005.0,0.1829029478576464,38547,52084
809,2498,540,0.21617293835068055,40.0,12.0,0.3,2458.0,528.0,0.21480878763222133,2284,506,0.22154115586690018,40.0,12.0,0.3,2244.0,494.0,0.22014260249554368,2276,503,0.22100175746924428,40.0,12.0,0.3,2236.0,491.0,0.21958855098389982,2458,2467
810,32,0,0.0,0.0,0.0,,32.0,0.0,0.0,32,0,0.0,0.0,0.0,,32.0,0.0,0.0,32,0,0.0,0.0,0.0,,32.0,0.0,0.0,41,41
811,51,1,0.0196078431372549,4.0,0.0,0.0,47.0,1.0,0.02127659574468085,49,1,0.02040816326530612,4.0,0.0,0.0,45.0,1.0,0.022222222222222223,49,1,0.02040816326530612,4.0,0.0,0.0,45.0,1.0,0.022222222222222223,73,73
812,229722,113881,0.4957339741078347,7129.0,3635.0,0.5098891850189368,222593.0,110246.0,0.4952806242783915,136044,59936,0.44056334715239187,4306.0,1971.0,0.4577333952624245,131738.0,57965.0,0.44000212543077927,118942,51106,0.42967160464764337,3904.0,1743.0,0.44646516393442626,115038.0,49363.0,0.4291016881378327,119655,136812
813,9406,823,0.08749734212204975,287.0,40.0,0.13937282229965156,9119.0,783.0,0.08586467814453339,9175,814,0.08871934604904633,267.0,38.0,0.14232209737827714,8908.0,776.0,0.08711270767849125,8241,744,0.09028030578813251,231.0,35.0,0.15151515151515152,8010.0,709.0,0.0885143570536829,8273,9207
814,378181,48787,0.1290043656344449,24562.0,3357.0,0.13667453790407946,353619.0,45430.0,0.12847160361858384,348794,45600,0.1307361938565457,20847.0,2996.0,0.14371372379718905,327947.0,42604.0,0.12991123565698115,307724,41801,0.1358392585563687,18481.0,2829.0,0.1530761322439262,289243.0,38972.0,0.1347379193273476,324995,368136
815,695977,158737,0.2280779393571914,12584.0,3193.0,0.2537349014621742,683393.0,155544.0,0.2276054920082588,537764,106575,0.19818173027573432,9090.0,2076.0,0.22838283828382838,528674.0,104499.0,0.19766245361035345,482740,99712,0.206554252806894,7662.0,1876.0,0.24484468807099974,475078.0,97836.0,0.20593670934036096,484542,539813
816,43,25,0.5813953488372093,1.0,1.0,1.0,42.0,24.0,0.5714285714285714,25,11,0.44,1.0,1.0,1.0,24.0,10.0,0.4166666666666667,24,10,0.4166666666666667,1.0,1.0,1.0,23.0,9.0,0.391304347826087,24,25
817,2,0,0.0,0.0,0.0,,2.0,0.0,0.0,1,0,0.0,0.0,0.0,,1.0,0.0,0.0,1,0,0.0,0.0,0.0,,1.0,0.0,0.0,1,1
819,227,68,0.29955947136563876,11.0,0.0,0.0,216.0,68.0,0.3148148148148148,202,52,0.25742574257425743,11.0,0.0,0.0,191.0,52.0,0.27225130890052357,196,47,0.23979591836734693,10.0,0.0,0.0,186.0,47.0,0.25268817204301075,209,215
820,162,59,0.36419753086419754,4.0,0.0,0.0,158.0,59.0,0.37341772151898733,147,58,0.3945578231292517,3.0,0.0,0.0,144.0,58.0,0.4027777777777778,142,58,0.4084507042253521,3.0,0.0,0.0,139.0,58.0,0.4172661870503597,158,164
821,75704,14646,0.19346401775335517,1087.0,162.0,0.14903403863845446,74617.0,14484.0,0.19411126150877145,66310,14092,0.21251696576685267,933.0,155.0,0.16613076098606644,65377.0,13937.0,0.2131789467243832,64867,13639,0.2102609955755623,923.0,155.0,0.16793066088840736,63944.0,13484.0,0.21087201301138497,76471,78221
822,8266,3830,0.4633438180498427,115.0,51.0,0.4434782608695652,8151.0,3779.0,0.4636240952030426,7951,3684,0.4633379449125896,112.0,50.0,0.44642857142857145,7839.0,3634.0,0.46357953820640385,7776,3587,0.46129115226337447,112.0,50.0,0.44642857142857145,7664.0,3537.0,0.4615083507306889,8478,8663
823,216,40,0.18518518518518517,4.0,1.0,0.25,212.0,39.0,0.18396226415094338,215,40,0.18604651162790697,4.0,1.0,0.25,211.0,39.0,0.1848341232227488,214,39,0.1822429906542056,4.0,1.0,0.25,210.0,38.0,0.18095238095238095,273,275
824,16,3,0.1875,0.0,0.0,,16.0,3.0,0.1875,16,3,0.1875,0.0,0.0,,16.0,3.0,0.1875,16,3,0.1875,0.0,0.0,,16.0,3.0,0.1875,16,16
825,1,0,0.0,0.0,0.0,,1.0,0.0,0.0,1,0,0.0,0.0,0.0,,1.0,0.0,0.0,1,0,0.0,0.0,0.0,,1.0,0.0,0.0,13,14
826,4,1,0.25,0.0,0.0,,4.0,1.0,0.25,4,1,0.25,0.0,0.0,,4.0,1.0,0.25,4,1,0.25,0.0,0.0,,4.0,1.0,0.25,5,5
827,121340,56823,0.4682956980385693,800.0,380.0,0.475,120540.0,56443.0,0.46825120292019246,23390,7193,0.30752458315519454,204.0,73.0,0.35784313725490197,23186.0,7120.0,0.3070818597429483,20888,6766,0.32391803906549216,187.0,70.0,0.37433155080213903,20701.0,6696.0,0.32346263465533065,23306,26061
829,789,87,0.11026615969581749,22.0,1.0,0.045454545454545456,767.0,86.0,0.1121251629726206,744,84,0.11290322580645161,21.0,1.0,0.047619047619047616,723.0,83.0,0.11479944674965421,737,82,0.1112618724559023,21.0,1.0,0.047619047619047616,716.0,81.0,0.11312849162011174,866,874
830,464,143,0.3081896551724138,9.0,0.0,0.0,455.0,143.0,0.3142857142857143,309,76,0.2459546925566343,8.0,0.0,0.0,301.0,76.0,0.25249169435215946,307,75,0.24429967426710097,8.0,0.0,0.0,299.0,75.0,0.2508361204013378,364,366
832,1286,340,0.2643856920684292,24.0,10.0,0.4166666666666667,1262.0,330.0,0.26148969889064977,1244,312,0.2508038585209003,24.0,10.0,0.4166666666666667,1220.0,302.0,0.24754098360655738,1226,308,0.25122349102773245,24.0,10.0,0.4166666666666667,1202.0,298.0,0.24792013311148087,1674,1701
833,392742,34302,0.08733978031379379,25125.0,1488.0,0.05922388059701492,367617.0,32814.0,0.08926137801026612,370093,32953,0.08903978189265942,23113.0,1384.0,0.05987972136892658,346980.0,31569.0,0.09098218917516859,326626,30117,0.09220637671220294,20515.0,1292.0,0.06297830855471606,306111.0,28825.0,0.0941651884447145,350526,397931
834,399809,83660,0.20924991683528885,26263.0,7758.0,0.2953965655104139,373546.0,75902.0,0.20319318102723627,376160,79435,0.2111734368353892,23748.0,7323.0,0.30836280949974737,352412.0,72112.0,0.20462413311691996,331680,72081,0.21732091172214182,20963.0,6725.0,0.3208033201354768,310717.0,65356.0,0.2103393119784241,362312,411241
835,420,372,0.8857142857142857,0.0,0.0,,420.0,372.0,0.8857142857142857,390,346,0.8871794871794871,0.0,0.0,,390.0,346.0,0.8871794871794871,343,301,0.8775510204081632,0.0,0.0,,343.0,301.0,0.8775510204081632,404,452
836,34400,2355,0.0684593023255814,99.0,13.0,0.13131313131313133,34301.0,2342.0,0.06827789277280545,21971,2079,0.09462473260206636,61.0,11.0,0.18032786885245902,21910.0,2068.0,0.09438612505705157,21890,2075,0.094792142530836,61.0,11.0,0.18032786885245902,21829.0,2064.0,0.09455311741261624,21964,22045
837,50,41,0.82,0.0,0.0,,50.0,41.0,0.82,50,41,0.82,0.0,0.0,,50.0,41.0,0.82,50,41,0.82,0.0,0.0,,50.0,41.0,0.82,50,50
840,34,14,0.4117647058823529,2.0,0.0,0.0,32.0,14.0,0.4375,33,13,0.3939393939393939,2.0,0.0,0.0,31.0,13.0,0.41935483870967744,33,13,0.3939393939393939,2.0,0.0,0.0,31.0,13.0,0.41935483870967744,33,33
841,144994,57575,0.39708539663710224,1843.0,951.0,0.5160065111231688,143151.0,56624.0,0.3955543447129255,30356,19129,0.6301554882066148,483.0,319.0,0.660455486542443,29873.0,18810.0,0.6296655843068992,27813,17812,0.6404199475065617,460.0,303.0,0.658695652173913,27353.0,17509.0,0.640112601908383,28580,31129
842,540,43,0.07962962962962963,13.0,0.0,0.0,527.0,43.0,0.08159392789373814,441,28,0.06349206349206349,12.0,0.0,0.0,429.0,28.0,0.06526806526806526,258,22,0.08527131782945736,11.0,0.0,0.0,247.0,22.0,0.08906882591093117,258,441
844,1426391,427079,0.2994122929827796,33941.0,10045.0,0.2959547449986742,1392450.0,417034.0,0.29949657079248804,884854,199019,0.22491733099471778,19162.0,4302.0,0.22450683644713496,865692.0,194717.0,0.22492641724770474,741778,175027,0.2359560407561292,15964.0,3844.0,0.2407917815083939,725814.0,171183.0,0.23584968049665617,789884,953638
845,10134,3876,0.38247483718176434,195.0,72.0,0.36923076923076925,9939.0,3804.0,0.38273468155750073,1388,866,0.6239193083573487,9.0,7.0,0.7777777777777778,1379.0,859.0,0.6229151559100797,1326,828,0.6244343891402715,9.0,7.0,0.7777777777777778,1317.0,821.0,0.6233864844343204,1334,1397
847,8214133,1445482,0.1759749933437893,144187.0,27089.0,0.18787408018753424,8069946.0,1418393.0,0.17576239047944064,4792092,703035,0.14670732531846217,71304.0,11805.0,0.16555873443285088,4720788.0,691230.0,0.14642258877119668,3435028,581811,0.16937591192851995,53307.0,10037.0,0.1882867165663046,3381721.0,571774.0,0.16907781570389752,3448240,4812007
848,216956,6034,0.027812090930879996,2312.0,62.0,0.026816608996539794,214644.0,5972.0,0.027822813589012504,203720,5707,0.028013940702925583,2185.0,59.0,0.02700228832951945,201535.0,5648.0,0.028024908824769892,158917,5377,0.03383527250073938,1586.0,55.0,0.03467843631778058,157331.0,5322.0,0.03382677285468217,237497,310072
849,32,32,1.0,1.0,1.0,1.0,31.0,31.0,1.0,31,31,1.0,1.0,1.0,1.0,30.0,30.0,1.0,21,21,1.0,1.0,1.0,1.0,20.0,20.0,1.0,8574,11441
850,4140,887,0.2142512077294686,22.0,8.0,0.36363636363636365,4118.0,879.0,0.21345313258863527,3919,831,0.21204388874712937,21.0,8.0,0.38095238095238093,3898.0,823.0,0.21113391482811697,3791,802,0.21155367976787126,21.0,8.0,0.38095238095238093,3770.0,794.0,0.21061007957559683,3923,4055
852,135,21,0.15555555555555556,0.0,0.0,,135.0,21.0,0.15555555555555556,31,14,0.45161290322580644,0.0,0.0,,31.0,14.0,0.45161290322580644,22,11,0.5,0.0,0.0,,22.0,11.0,0.5,22,31
855,5551,1320,0.23779499189335254,94.0,16.0,0.1702127659574468,5457.0,1304.0,0.2389591350558915,2196,653,0.29735883424408016,22.0,3.0,0.13636363636363635,2174.0,650.0,0.29898804047838085,1479,537,0.3630831643002028,18.0,3.0,0.16666666666666666,1461.0,534.0,0.3655030800821355,2650,3928
856,1890,1317,0.6968253968253968,23.0,1.0,0.043478260869565216,1867.0,1316.0,0.7048741296197107,1398,956,0.6838340486409156,18.0,1.0,0.05555555555555555,1380.0,955.0,0.6920289855072463,920,533,0.5793478260869566,14.0,1.0,0.07142857142857142,906.0,532.0,0.58719646799117,2118,3118
857,99749,34940,0.35027920079399294,1374.0,516.0,0.37554585152838427,98375.0,34424.0,0.3499263024142313,76823,27310,0.3554924957369538,959.0,359.0,0.3743482794577685,75864.0,26951.0,0.3552541389855531,68200,24994,0.36648093841642226,864.0,336.0,0.3888888888888889,67336.0,24658.0,0.3661934180824522,68200,76823
860,1351,246,0.18208734270910437,36.0,3.0,0.08333333333333333,1315.0,243.0,0.18479087452471482,1344,241,0.1793154761904762,36.0,3.0,0.08333333333333333,1308.0,238.0,0.1819571865443425,1337,239,0.1787584143605086,36.0,3.0,0.08333333333333333,1301.0,236.0,0.1813989239046887,1343,1350
861,345,20,0.057971014492753624,11.0,0.0,0.0,334.0,20.0,0.059880239520958084,342,20,0.05847953216374269,11.0,0.0,0.0,331.0,20.0,0.06042296072507553,339,20,0.058997050147492625,11.0,0.0,0.0,328.0,20.0,0.06097560975609756,339,342
862,7,0,0.0,0.0,0.0,,7.0,0.0,0.0,7,0,0.0,0.0,0.0,,7.0,0.0,0.0,7,0,0.0,0.0,0.0,,7.0,0.0,0.0,7,7
863,25199,10440,0.41430215484741456,166.0,52.0,0.3132530120481928,25033.0,10388.0,0.4149722366476251,22489,9147,0.40673218017697543,135.0,43.0,0.31851851851851853,22354.0,9104.0,0.4072649190301512,19734,8203,0.4156785243741766,126.0,39.0,0.30952380952380953,19608.0,8164.0,0.4163606691146471,20836,23782
864,950972,420136,0.44179639358466916,14642.0,5724.0,0.3909302007922415,936330.0,414412.0,0.4425918212595987,274486,121132,0.44130483886245564,5811.0,1843.0,0.3171571158148339,268675.0,119289.0,0.4439899506839118,248837,115689,0.46491880226815147,5145.0,1739.0,0.3379980563654033,243692.0,113950.0,0.4675984439374292,251734,277576
865,154615,64684,0.4183552695404715,9436.0,4712.0,0.49936413734633317,145179.0,59972.0,0.41309004745865446,50231,21339,0.42481734387131453,854.0,452.0,0.5292740046838408,49377.0,20887.0,0.42301071349008645,44488,19826,0.44564826470059343,787.0,436.0,0.554002541296061,43701.0,19390.0,0.4436969405734423,44515,50262
866,3130,1383,0.44185303514376995,31.0,13.0,0.41935483870967744,3099.0,1370.0,0.44207808970635687,2974,1349,0.4535978480161399,26.0,11.0,0.4230769230769231,2948.0,1338.0,0.45386702849389415,2835,1289,0.454673721340388,26.0,11.0,0.4230769230769231,2809.0,1278.0,0.45496618013527945,2877,3021
867,2698,1303,0.48295033358042994,19.0,9.0,0.47368421052631576,2679.0,1294.0,0.4830160507652109,2592,1277,0.49266975308641975,19.0,9.0,0.47368421052631576,2573.0,1268.0,0.49280994947532064,2499,1220,0.4881952781112445,19.0,9.0,0.47368421052631576,2480.0,1211.0,0.4883064516129032,3017,3134
868,1210,342,0.28264462809917357,11.0,4.0,0.36363636363636365,1199.0,338.0,0.2819015846538782,1104,324,0.29347826086956524,10.0,3.0,0.3,1094.0,321.0,0.29341864716636196,1074,316,0.2942271880819367,10.0,3.0,0.3,1064.0,313.0,0.2941729323308271,2449,2518
869,944,29,0.03072033898305085,6.0,1.0,0.16666666666666666,938.0,28.0,0.029850746268656716,923,28,0.030335861321776816,6.0,1.0,0.16666666666666666,917.0,27.0,0.029443838604143947,915,28,0.030601092896174863,6.0,1.0,0.16666666666666666,909.0,27.0,0.0297029702970297,920,928
870,374463,81309,0.2171349372301135,23994.0,5307.0,0.22118029507376843,350469.0,76002.0,0.21685798173304915,364304,78171,0.2145762879353507,22217.0,5013.0,0.22563802493585994,342087.0,73158.0,0.21385787825903937,322366,70692,0.21929111630879186,19773.0,4603.0,0.23279219137207302,302593.0,66089.0,0.21840888586318916,358020,403548
872,13034,5180,0.39742212674543503,397.0,199.0,0.5012594458438288,12637.0,4981.0,0.39416000633061643,10321,4365,0.42292413525821143,308.0,168.0,0.5454545454545454,10013.0,4197.0,0.41915509837211623,8375,3940,0.47044776119402987,273.0,147.0,0.5384615384615384,8102.0,3793.0,0.46815601086151565,8585,10566
873,439401,190858,0.43435950305074406,5295.0,2632.0,0.49707271010387155,434106.0,188226.0,0.4335945598540449,76251,38499,0.5048982964157848,736.0,428.0,0.5815217391304348,75515.0,38071.0,0.5041514930808448,68745,36256,0.5273983562440905,709.0,415.0,0.5853314527503526,68036.0,35841.0,0.5267946381327533,68824,76336
874,201389,70260,0.3488770488954213,5510.0,4159.0,0.7548094373865699,195879.0,66101.0,0.3374583288662899,76281,25299,0.3316553270145908,618.0,347.0,0.5614886731391586,75663.0,24952.0,0.32977809497376526,62761,23072,0.36761683210911233,542.0,323.0,0.5959409594095941,62219.0,22749.0,0.36562786287147014,62805,76330
876,54340,11670,0.21475892528524107,192.0,27.0,0.140625,54148.0,11643.0,0.21502179212528624,19485,4401,0.2258660508083141,74.0,15.0,0.20270270270270271,19411.0,4386.0,0.22595435577765186,13766,3762,0.2732819991282871,65.0,15.0,0.23076923076923078,13701.0,3747.0,0.27348368732209327,13766,19485
877,563609,177889,0.3156248392059034,12085.0,4722.0,0.39073231278444354,551524.0,173167.0,0.3139790834125079,179058,75802,0.42333768946374917,4205.0,2163.0,0.5143876337693223,174853.0,73639.0,0.42114805007634987,163355,70840,0.43365675981757523,3927.0,2052.0,0.5225362872421696,159428.0,68788.0,0.4314674962992699,164629,180431
879,468,231,0.4935897435897436,4.0,4.0,1.0,464.0,227.0,0.4892241379310345,409,201,0.49144254278728605,4.0,4.0,1.0,405.0,197.0,0.48641975308641977,404,201,0.4975247524752475,4.0,4.0,1.0,400.0,197.0,0.4925,468,473
880,71315,29441,0.41283040033653506,594.0,286.0,0.48148148148148145,70721.0,29155.0,0.4122537860041572,62239,24619,0.3955558411928212,497.0,240.0,0.482897384305835,61742.0,24379.0,0.3948527744485115,54913,21797,0.39693697303006575,468.0,218.0,0.4658119658119658,54445.0,21579.0,0.3963449352557627,57621,65604
881,1152,989,0.8585069444444444,1.0,0.0,0.0,1151.0,989.0,0.8592528236316247,873,756,0.865979381443299,1.0,0.0,0.0,872.0,756.0,0.8669724770642202,699,595,0.8512160228898427,1.0,0.0,0.0,698.0,595.0,0.8524355300859598,1262,1453
882,9453,5128,0.5424732889029937,266.0,98.0,0.3684210526315789,9187.0,5030.0,0.5475127898116904,3555,1638,0.4607594936708861,86.0,31.0,0.36046511627906974,3469.0,1607.0,0.4632458921879504,3425,1588,0.46364963503649637,84.0,31.0,0.36904761904761907,3341.0,1557.0,0.4660281352888357,4290,4435
883,244,240,0.9836065573770492,0.0,0.0,,244.0,240.0,0.9836065573770492,230,227,0.9869565217391304,0.0,0.0,,230.0,227.0,0.9869565217391304,223,220,0.9865470852017937,0.0,0.0,,223.0,220.0,0.9865470852017937,258,268
894,296,93,0.3141891891891892,2.0,1.0,0.5,294.0,92.0,0.3129251700680272,261,86,0.32950191570881227,2.0,1.0,0.5,259.0,85.0,0.3281853281853282,261,86,0.32950191570881227,2.0,1.0,0.5,259.0,85.0,0.3281853281853282,261,261
895,1765,370,0.2096317280453258,10.0,3.0,0.3,1755.0,367.0,0.2091168091168091,1659,340,0.2049427365883062,8.0,2.0,0.25,1651.0,338.0,0.2047244094488189,1298,304,0.23420647149460708,8.0,2.0,0.25,1290.0,302.0,0.23410852713178296,1309,1670
897,515,275,0.5339805825242718,18.0,12.0,0.6666666666666666,497.0,263.0,0.5291750503018109,369,231,0.6260162601626016,11.0,8.0,0.7272727272727273,358.0,223.0,0.6229050279329609,365,228,0.6246575342465753,11.0,8.0,0.7272727272727273,354.0,220.0,0.6214689265536724,404,408
898,11788,5330,0.4521547336274177,255.0,98.0,0.3843137254901961,11533.0,5232.0,0.4536547299054886,9973,4615,0.4627494234432969,224.0,87.0,0.38839285714285715,9749.0,4528.0,0.4644578931172428,9377,4421,0.47147275247947107,215.0,84.0,0.39069767441860465,9162.0,4337.0,0.47336826020519535,18225,19864
899,43123,19584,0.45414280082554553,1011.0,553.0,0.5469831849653808,42112.0,19031.0,0.45191394376899696,36413,15905,0.43679455139647927,669.0,278.0,0.4155455904334828,35744.0,15627.0,0.43719225604297224,34653,15077,0.4350849854269472,656.0,273.0,0.41615853658536583,33997.0,14804.0,0.4354501867811866,38347,40299
900,745123,184792,0.24800200772221498,19846.0,4517.0,0.2276025395545702,725277.0,180275.0,0.2485602052732956,283321,62835,0.22178024219877807,5599.0,1419.0,0.25343811394891946,277722.0,61416.0,0.22114200531466718,212624,53593,0.252055271276996,4175.0,1249.0,0.29916167664670656,208449.0,52344.0,0.25111178273822377,241490,319859
901,10,0,0.0,1.0,0.0,0.0,9.0,0.0,0.0,8,0,0.0,1.0,0.0,0.0,7.0,0.0,0.0,8,0,0.0,1.0,0.0,0.0,7.0,0.0,0.0,8,8
903,108854,44765,0.41123890716004924,4679.0,1742.0,0.3723017738833084,104175.0,43023.0,0.41298776097912165,76357,27814,0.364262608536218,3336.0,1156.0,0.34652278177458035,73021.0,26658.0,0.36507306117418276,60684,23544,0.3879770614989124,2935.0,1052.0,0.35843270868824534,57749.0,22492.0,0.3894786056901418,78587,96445
904,34,32,0.9411764705882353,0.0,0.0,,34.0,32.0,0.9411764705882353,34,32,0.9411764705882353,0.0,0.0,,34.0,32.0,0.9411764705882353,30,28,0.9333333333333333,0.0,0.0,,30.0,28.0,0.9333333333333333,618,722
905,1236776,317902,0.2570408869512345,11855.0,2877.0,0.2426824124841839,1224921.0,315025.0,0.2571798507822137,1135544,295572,0.2602911027666035,10788.0,2637.0,0.24443826473859845,1124756.0,292935.0,0.2604431538929332,960952,265656,0.27645085290420335,10006.0,2509.0,0.2507495502698381,950946.0,263147.0,0.27672128596155826,1002631,1184880
906,213,83,0.38967136150234744,1.0,0.0,0.0,212.0,83.0,0.3915094339622642,149,62,0.4161073825503356,1.0,0.0,0.0,148.0,62.0,0.4189189189189189,147,61,0.41496598639455784,1.0,0.0,0.0,146.0,61.0,0.4178082191780822,215,219
907,16,0,0.0,0.0,0.0,,16.0,0.0,0.0,16,0,0.0,0.0,0.0,,16.0,0.0,0.0,16,0,0.0,0.0,0.0,,16.0,0.0,0.0,16,16
908,112649,5673,0.0503599676872409,1296.0,28.0,0.021604938271604937,111353.0,5645.0,0.05069463777356695,70088,3377,0.048182285127268576,776.0,21.0,0.027061855670103094,69312.0,3356.0,0.04841874422899354,53397,3031,0.05676348858550106,621.0,21.0,0.033816425120772944,52776.0,3010.0,0.057033500075792026,53418,70109
915,1,1,1.0,0.0,0.0,,1.0,1.0,1.0,1,1,1.0,0.0,0.0,,1.0,1.0,1.0,1,1,1.0,0.0,0.0,,1.0,1.0,1.0,1,1
919,24412,3302,0.1352613468785843,737.0,71.0,0.09633649932157395,23675.0,3231.0,0.13647307286166843,12440,1851,0.14879421221864952,450.0,60.0,0.13333333333333333,11990.0,1791.0,0.1493744787322769,10196,1699,0.16663397410749314,369.0,55.0,0.14905149051490515,9827.0,1644.0,0.16729418947796887,10201,12445
920,79133,12852,0.1624101196719447,910.0,99.0,0.1087912087912088,78223.0,12753.0,0.1630338902880227,41008,6392,0.1558720249707374,485.0,49.0,0.10103092783505155,40523.0,6343.0,0.1565283912839622,34293,5865,0.1710261569416499,381.0,46.0,0.12073490813648294,33912.0,5819.0,0.17159117716442557,34293,41008
922,39077,6639,0.16989533485170305,683.0,80.0,0.1171303074670571,38394.0,6559.0,0.17083398447674117,18768,3080,0.16410912190963342,391.0,35.0,0.08951406649616368,18377.0,3045.0,0.1656962507482179,15435,2842,0.18412698412698414,309.0,32.0,0.10355987055016182,15126.0,2810.0,0.1857728414650271,15435,18768
923,37519,21185,0.5646472453956662,384.0,127.0,0.3307291666666667,37135.0,21058.0,0.5670661101386831,15720,9335,0.5938295165394402,151.0,55.0,0.36423841059602646,15569.0,9280.0,0.5960562656561115,14775,8928,0.604263959390863,144.0,54.0,0.375,14631.0,8874.0,0.6065204018864055,14775,15720
926,216,0,0.0,2.0,0.0,0.0,214.0,0.0,0.0,205,0,0.0,1.0,0.0,0.0,204.0,0.0,0.0,203,0,0.0,1.0,0.0,0.0,202.0,0.0,0.0,204,206
927,444507,44990,0.1012132542344665,28239.0,3443.0,0.12192358086334502,416268.0,41547.0,0.09980829657816599,418581,42501,0.10153590344521132,25423.0,3152.0,0.12398222082366361,393158.0,39349.0,0.10008444442183549,369038,38503,0.10433342907776436,22418.0,2933.0,0.1308323668480685,346620.0,35570.0,0.10261958340545843,396214,448643
928,472,1,0.00211864406779661,14.0,0.0,0.0,458.0,1.0,0.002183406113537118,455,1,0.002197802197802198,14.0,0.0,0.0,441.0,1.0,0.0022675736961451248,449,1,0.0022271714922048997,14.0,0.0,0.0,435.0,1.0,0.0022988505747126436,602,608
929,1648,170,0.10315533980582524,21.0,2.0,0.09523809523809523,1627.0,168.0,0.10325752919483712,1600,165,0.103125,20.0,2.0,0.1,1580.0,163.0,0.10316455696202531,1588,162,0.10201511335012595,20.0,2.0,0.1,1568.0,160.0,0.10204081632653061,1901,1915
930,150826,0,0.0,2395.0,0.0,0.0,148431.0,0.0,0.0,89815,0,0.0,1499.0,0.0,0.0,88316.0,0.0,0.0,49386,0,0.0,815.0,0.0,0.0,48571.0,0.0,0.0,85729,130475
934,469,0,0.0,5.0,0.0,0.0,464.0,0.0,0.0,453,0,0.0,5.0,0.0,0.0,448.0,0.0,0.0,438,0,0.0,5.0,0.0,0.0,433.0,0.0,0.0,438,453
939,1,1,1.0,0.0,0.0,,1.0,1.0,1.0,1,1,1.0,0.0,0.0,,1.0,1.0,1.0,1,1,1.0,0.0,0.0,,1.0,1.0,1.0,866,900
942,2068,631,0.3051257253384913,24.0,3.0,0.125,2044.0,628.0,0.30724070450097846,1368,508,0.3713450292397661,17.0,3.0,0.17647058823529413,1351.0,505.0,0.3737971872686899,1334,490,0.36731634182908546,17.0,3.0,0.17647058823529413,1317.0,487.0,0.3697798025816249,1361,1396
943,68691,28822,0.4195891747099329,1130.0,376.0,0.3327433628318584,67561.0,28446.0,0.42104172525569483,53692,22647,0.4217946807718096,848.0,285.0,0.33608490566037735,52844.0,22362.0,0.42317008553478164,51929,22133,0.42621656492518634,828.0,283.0,0.3417874396135266,51101.0,21850.0,0.42758458738576544,60175,62301
944,320,95,0.296875,3.0,1.0,0.3333333333333333,317.0,94.0,0.29652996845425866,315,93,0.29523809523809524,3.0,1.0,0.3333333333333333,312.0,92.0,0.2948717948717949,304,86,0.28289473684210525,3.0,1.0,0.3333333333333333,301.0,85.0,0.2823920265780731,317,328
945,35,26,0.7428571428571429,1.0,0.0,0.0,34.0,26.0,0.7647058823529411,35,26,0.7428571428571429,1.0,0.0,0.0,34.0,26.0,0.7647058823529411,24,15,0.625,1.0,0.0,0.0,23.0,15.0,0.6521739130434783,136,181
946,72710,57734,0.7940310823820658,1982.0,1651.0,0.8329969727547931,70728.0,56083.0,0.7929391471552992,48016,36300,0.7559980006664445,1147.0,907.0,0.7907585004359198,46869.0,35393.0,0.7551473255243338,42409,32597,0.768634016364451,1032.0,828.0,0.8023255813953488,41377.0,31769.0,0.767793701815018,56695,64628
948,284,154,0.5422535211267606,13.0,9.0,0.6923076923076923,271.0,145.0,0.5350553505535055,270,144,0.5333333333333333,13.0,9.0,0.6923076923076923,257.0,135.0,0.5252918287937743,265,142,0.5358490566037736,13.0,9.0,0.6923076923076923,252.0,133.0,0.5277777777777778,415,451
950,21344,4769,0.22343515742128936,158.0,20.0,0.12658227848101267,21186.0,4749.0,0.22415746247521948,14699,3282,0.2232804952717872,94.0,12.0,0.1276595744680851,14605.0,3270.0,0.22389592605272168,12242,2823,0.2305995752328051,75.0,12.0,0.16,12167.0,2811.0,0.23103476617078983,12745,15235
951,147,135,0.9183673469387755,1.0,1.0,1.0,146.0,134.0,0.9178082191780822,147,135,0.9183673469387755,1.0,1.0,1.0,146.0,134.0,0.9178082191780822,114,102,0.8947368421052632,1.0,1.0,1.0,113.0,101.0,0.8938053097345132,131,164
952,143,0,0.0,0.0,0.0,,143.0,0.0,0.0,141,0,0.0,0.0,0.0,,141.0,0.0,0.0,108,0,0.0,0.0,0.0,,108.0,0.0,0.0,108,141
953,17304,5134,0.2966944059177069,215.0,65.0,0.3023255813953488,17089.0,5069.0,0.29662355901457077,12944,4230,0.32679233621755255,128.0,48.0,0.375,12816.0,4182.0,0.32631086142322097,12476,4113,0.32967297210644436,124.0,48.0,0.3870967741935484,12352.0,4065.0,0.3290965025906736,13167,13666
954,111375,12446,0.11174859708193041,2313.0,465.0,0.20103761348897536,109062.0,11981.0,0.10985494489373017,97517,9993,0.10247444035398956,1969.0,303.0,0.15388522092432708,95548.0,9690.0,0.1014149956043036,87507,9219,0.10535157187425007,1741.0,246.0,0.14129810453762207,85766.0,8973.0,0.10462187813352611,93255,103637
955,62264,17186,0.27601824489271487,582.0,161.0,0.2766323024054983,61682.0,17025.0,0.27601245095814014,59714,16112,0.2698194728204441,552.0,144.0,0.2608695652173913,59162.0,15968.0,0.26990297826307424,55050,15078,0.27389645776566757,534.0,142.0,0.26591760299625467,54516.0,14936.0,0.2739746129576638,55050,59714
956,84180,16742,0.1988833452126396,2617.0,339.0,0.1295376385173863,81563.0,16403.0,0.20110834569596509,81558,15636,0.19171632457882734,2544.0,320.0,0.12578616352201258,79014.0,15316.0,0.19383906649454527,61053,12383,0.2028237760634203,1717.0,252.0,0.14676761793826443,59336.0,12131.0,0.2044458676014561,61093,81621
957,2756,96,0.03483309143686502,44.0,1.0,0.022727272727272728,2712.0,95.0,0.03502949852507375,2516,92,0.03656597774244833,36.0,1.0,0.027777777777777776,2480.0,91.0,0.03669354838709677,2412,92,0.03814262023217247,36.0,1.0,0.027777777777777776,2376.0,91.0,0.0382996632996633,2965,3094
962,8125,4706,0.5792,49.0,10.0,0.20408163265306123,8076.0,4696.0,0.5814759782070332,2924,1656,0.5663474692202463,31.0,9.0,0.2903225806451613,2893.0,1647.0,0.5693052194953335,1835,1004,0.5471389645776567,21.0,5.0,0.23809523809523808,1814.0,999.0,0.5507166482910695,2025,3254
963,155,0,0.0,2.0,0.0,0.0,153.0,0.0,0.0,147,0,0.0,2.0,0.0,0.0,145.0,0.0,0.0,143,0,0.0,2.0,0.0,0.0,141.0,0.0,0.0,143,147
966,93,0,0.0,0.0,0.0,,93.0,0.0,0.0,87,0,0.0,0.0,0.0,,87.0,0.0,0.0,86,0,0.0,0.0,0.0,,86.0,0.0,0.0,124,132
968,28,6,0.21428571428571427,2.0,1.0,0.5,26.0,5.0,0.19230769230769232,28,6,0.21428571428571427,2.0,1.0,0.5,26.0,5.0,0.19230769230769232,28,6,0.21428571428571427,2.0,1.0,0.5,26.0,5.0,0.19230769230769232,29,29
969,812,359,0.4421182266009852,10.0,4.0,0.4,802.0,355.0,0.442643391521197,798,356,0.44611528822055135,10.0,4.0,0.4,788.0,352.0,0.4467005076142132,767,347,0.45241199478487615,10.0,4.0,0.4,757.0,343.0,0.45310435931307796,833,864
970,250524,0,0.0,2913.0,0.0,0.0,247611.0,0.0,0.0,154800,0,0.0,1836.0,0.0,0.0,152964.0,0.0,0.0,85147,0,0.0,1008.0,0.0,0.0,84139.0,0.0,0.0,85147,154800
971,340,46,0.13529411764705881,3.0,0.0,0.0,337.0,46.0,0.13649851632047477,326,46,0.1411042944785276,3.0,0.0,0.0,323.0,46.0,0.14241486068111456,311,33,0.10610932475884244,3.0,0.0,0.0,308.0,33.0,0.10714285714285714,35120,50287
973,5855,0,0.0,99.0,0.0,0.0,5756.0,0.0,0.0,3971,0,0.0,66.0,0.0,0.0,3905.0,0.0,0.0,3928,0,0.0,66.0,0.0,0.0,3862.0,0.0,0.0,4244,4294
974,54010,1,1.851508979818552e-05,1412.0,0.0,0.0,52598.0,1.0,1.9012129738773337e-05,22940,1,4.359197907585005e-05,618.0,0.0,0.0,22322.0,1.0,4.479885314935937e-05,16975,1,5.8910162002945506e-05,475.0,0.0,0.0,16500.0,1.0,6.0606060606060605e-05,17939,23995
975,33235,0,0.0,189.0,0.0,0.0,33046.0,0.0,0.0,12899,0,0.0,80.0,0.0,0.0,12819.0,0.0,0.0,9319,0,0.0,71.0,0.0,0.0,9248.0,0.0,0.0,45887,62384
976,474,32,0.06751054852320675,3.0,0.0,0.0,471.0,32.0,0.06794055201698514,444,30,0.06756756756756757,3.0,0.0,0.0,441.0,30.0,0.06802721088435375,436,30,0.06880733944954129,3.0,0.0,0.0,433.0,30.0,0.06928406466512702,436,444
977,11555,5945,0.5144958892254435,210.0,115.0,0.5476190476190477,11345.0,5830.0,0.5138827677390921,3859,2343,0.6071521119461,82.0,47.0,0.573170731707317,3777.0,2296.0,0.6078898596769923,3571,2215,0.6202744329319518,77.0,44.0,0.5714285714285714,3494.0,2171.0,0.6213508872352604,3860,4187
979,949,226,0.23814541622760801,4.0,2.0,0.5,945.0,224.0,0.23703703703703705,773,194,0.25097024579560157,4.0,2.0,0.5,769.0,192.0,0.24967490247074123,762,191,0.25065616797900264,4.0,2.0,0.5,758.0,189.0,0.24934036939313983,847,858
980,1016,0,0.0,3.0,0.0,0.0,1013.0,0.0,0.0,836,0,0.0,3.0,0.0,0.0,833.0,0.0,0.0,812,0,0.0,3.0,0.0,0.0,809.0,0.0,0.0,824,848
981,16068,727,0.04524520786656709,882.0,45.0,0.05102040816326531,15186.0,682.0,0.044909785328592126,15902,712,0.044774242233681295,863.0,45.0,0.05214368482039398,15039.0,667.0,0.04435135314848062,14175,676,0.04768959435626102,719.0,40.0,0.055632823365785816,13456.0,636.0,0.04726516052318668,14748,16525
982,30,1,0.03333333333333333,0.0,0.0,,30.0,1.0,0.03333333333333333,26,1,0.038461538461538464,0.0,0.0,,26.0,1.0,0.038461538461538464,25,1,0.04,0.0,0.0,,25.0,1.0,0.04,1932,2070
984,3,0,0.0,0.0,0.0,,3.0,0.0,0.0,3,0,0.0,0.0,0.0,,3.0,0.0,0.0,3,0,0.0,0.0,0.0,,3.0,0.0,0.0,3,3
985,1,0,0.0,0.0,0.0,,1.0,0.0,0.0,1,0,0.0,0.0,0.0,,1.0,0.0,0.0,1,0,0.0,0.0,0.0,,1.0,0.0,0.0,11,12
986,9254458,666639,0.07203436441118431,151544.0,13086.0,0.08635115873937602,9102914.0,653553.0,0.07179602048311123,4216179,394699,0.09361533274559737,55810.0,6203.0,0.11114495610105715,4160369.0,388496.0,0.09338017853704804,2935863,328425,0.11186659595492024,40193.0,5336.0,0.13275943572263826,2895670.0,323089.0,0.11157659539933763,3004568,4320833
987,6542,1541,0.235554876184653,147.0,43.0,0.2925170068027211,6395.0,1498.0,0.23424550430023455,4811,1079,0.22427769694450217,100.0,26.0,0.26,4711.0,1053.0,0.22351942262789218,4717,1064,0.22556709773160907,99.0,26.0,0.26262626262626265,4618.0,1038.0,0.22477262884365526,4756,4850
988,1112,122,0.10971223021582734,12.0,0.0,0.0,1100.0,122.0,0.11090909090909092,1060,119,0.11226415094339623,10.0,0.0,0.0,1050.0,119.0,0.11333333333333333,962,118,0.12266112266112267,10.0,0.0,0.0,952.0,118.0,0.12394957983193278,962,1060
989,21443,1210,0.056428671361283406,348.0,18.0,0.05172413793103448,21095.0,1192.0,0.0565062811092676,20026,1140,0.056925996204933584,323.0,18.0,0.05572755417956656,19703.0,1122.0,0.056945642795513375,19574,1126,0.0575252886482068,315.0,18.0,0.05714285714285714,19259.0,1108.0,0.05753154369385742,21459,21937
990,1014,31,0.03057199211045365,5.0,0.0,0.0,1009.0,31.0,0.030723488602576808,524,28,0.05343511450381679,5.0,0.0,0.0,519.0,28.0,0.05394990366088632,510,28,0.054901960784313725,5.0,0.0,0.0,505.0,28.0,0.055445544554455446,527,541
991,4530,284,0.06269315673289183,76.0,3.0,0.039473684210526314,4454.0,281.0,0.0630893578805568,2695,277,0.10278293135435992,43.0,3.0,0.06976744186046512,2652.0,274.0,0.1033182503770739,2659,276,0.10379842045881911,43.0,3.0,0.06976744186046512,2616.0,273.0,0.10435779816513761,3192,3236
994,29062,15874,0.5462115477255522,463.0,290.0,0.6263498920086393,28599.0,15584.0,0.5449141578376866,26031,13562,0.5209941992240021,399.0,235.0,0.5889724310776943,25632.0,13327.0,0.5199360174781523,23446,12355,0.5269555574511644,367.0,219.0,0.5967302452316077,23079.0,12136.0,0.525846007192686,23813,26435
995,80,42,0.525,1.0,0.0,0.0,79.0,42.0,0.5316455696202531,73,37,0.5068493150684932,1.0,0.0,0.0,72.0,37.0,0.5138888888888888,69,33,0.4782608695652174,1.0,0.0,0.0,68.0,33.0,0.4852941176470588,69,73
997,8092,1968,0.24320316361838853,41.0,6.0,0.14634146341463414,8051.0,1962.0,0.24369643522543782,7925,1953,0.2464353312302839,41.0,6.0,0.14634146341463414,7884.0,1947.0,0.2469558599695586,6836,1751,0.2561439438267993,39.0,5.0,0.1282051282051282,6797.0,1746.0,0.25687803442695306,7747,8945
999,219,16,0.0730593607305936,2.0,0.0,0.0,217.0,16.0,0.07373271889400922,219,16,0.0730593607305936,2.0,0.0,0.0,217.0,16.0,0.07373271889400922,216,16,0.07407407407407407,2.0,0.0,0.0,214.0,16.0,0.07476635514018691,242,246
1001,5,0,0.0,0.0,0.0,,5.0,0.0,0.0,5,0,0.0,0.0,0.0,,5.0,0.0,0.0,5,0,0.0,0.0,0.0,,5.0,0.0,0.0,5,5
1002,137554,42413,0.30833708943396776,8044.0,2084.0,0.2590750870213824,129510.0,40329.0,0.31139680333564973,130778,39934,0.3053571701662359,7652.0,1974.0,0.25797177208572925,123126.0,37960.0,0.30830206455176,112239,34147,0.30423471342403263,6552.0,1681.0,0.25656288156288154,105687.0,32466.0,0.30719009906611033,123209,143199
1003,7,2,0.2857142857142857,0.0,0.0,,7.0,2.0,0.2857142857142857,7,2,0.2857142857142857,0.0,0.0,,7.0,2.0,0.2857142857142857,7,2,0.2857142857142857,0.0,0.0,,7.0,2.0,0.2857142857142857,7,7
1005,53774,28671,0.5331758842563321,428.0,174.0,0.40654205607476634,53346.0,28497.0,0.5341918794286357,20060,11070,0.5518444666001994,142.0,59.0,0.4154929577464789,19918.0,11011.0,0.5528165478461693,10547,6203,0.5881293258746563,80.0,35.0,0.4375,10467.0,6168.0,0.589280596159358,10860,20488
1007,17961,2883,0.16051444797060296,335.0,64.0,0.191044776119403,17626.0,2819.0,0.15993418813116986,13101,2350,0.17937562018166553,242.0,42.0,0.17355371900826447,12859.0,2308.0,0.17948518547320944,12155,2333,0.19193747429041547,210.0,42.0,0.2,11945.0,2291.0,0.19179573043114273,13947,14927
1008,253236,50669,0.2000860857066136,5565.0,976.0,0.17538185085354896,247671.0,49693.0,0.20064117316924468,229911,47337,0.20589271500711145,5166.0,916.0,0.1773132017034456,224745.0,46421.0,0.20654964515339608,217634,45453,0.2088506391464569,4997.0,894.0,0.178907344406644,212637.0,44559.0,0.20955431086781698,224721,237540
1009,46270,17030,0.36805705640803976,817.0,317.0,0.3880048959608323,45453.0,16713.0,0.3676985017490595,43071,15888,0.368879292331267,766.0,296.0,0.38642297650130547,42305.0,15592.0,0.3685616357404562,40451,15313,0.3785567723912882,755.0,294.0,0.3894039735099338,39696.0,15019.0,0.3783504635227731,40636,43264
1010,204497,30191,0.14763541763448854,2879.0,468.0,0.16255644320944773,201618.0,29723.0,0.14742235316291205,193626,27381,0.14141179387065786,2641.0,396.0,0.14994320333207117,190985.0,26985.0,0.14129381888629997,172299,25518,0.14810300698204865,2487.0,382.0,0.15359871330920788,169812.0,25136.0,0.14802251902103503,172424,193792
1011,3644,593,0.16273326015367728,22.0,8.0,0.36363636363636365,3622.0,585.0,0.16151297625621203,3625,591,0.1630344827586207,22.0,8.0,0.36363636363636365,3603.0,583.0,0.1618096031085207,3399,572,0.16828478964401294,19.0,6.0,0.3157894736842105,3380.0,566.0,0.16745562130177516,3400,3626
1012,13310,5032,0.37806160781367393,95.0,23.0,0.24210526315789474,13215.0,5009.0,0.3790389708664397,12538,4843,0.3862657521135747,94.0,23.0,0.24468085106382978,12444.0,4820.0,0.38733526197364193,11969,4641,0.3877516918706659,92.0,22.0,0.2391304347826087,11877.0,4619.0,0.388902921613202,14777,15441
1013,1679,686,0.40857653365098273,60.0,24.0,0.4,1619.0,662.0,0.40889437924644845,1530,624,0.40784313725490196,58.0,23.0,0.39655172413793105,1472.0,601.0,0.40828804347826086,1512,618,0.4087301587301587,58.0,23.0,0.39655172413793105,1454.0,595.0,0.4092159559834938,1877,1901
1014,12415,4906,0.3951671365283931,165.0,52.0,0.3151515151515151,12250.0,4854.0,0.39624489795918366,7683,3097,0.4030977482754132,109.0,35.0,0.3211009174311927,7574.0,3062.0,0.4042777924478479,7419,3000,0.4043671653861706,107.0,35.0,0.32710280373831774,7312.0,2965.0,0.40549781181619254,8238,8525
1015,197068,84888,0.4307548663405525,5538.0,2332.0,0.4210906464427591,191530.0,82556.0,0.4310343027202005,131809,48857,0.370665129088302,3665.0,1437.0,0.392087312414734,128144.0,47420.0,0.37005244100387064,108423,41726,0.38484454405430585,3328.0,1305.0,0.39212740384615385,105095.0,40421.0,0.3846139207383796,108667,132096
1016,32,0,0.0,0.0,0.0,,32.0,0.0,0.0,32,0,0.0,0.0,0.0,,32.0,0.0,0.0,32,0,0.0,0.0,0.0,,32.0,0.0,0.0,45,45
1017,188,30,0.1595744680851064,4.0,1.0,0.25,184.0,29.0,0.15760869565217392,188,30,0.1595744680851064,4.0,1.0,0.25,184.0,29.0,0.15760869565217392,187,30,0.16042780748663102,4.0,1.0,0.25,183.0,29.0,0.15846994535519127,189,190
1018,198,42,0.21212121212121213,4.0,1.0,0.25,194.0,41.0,0.211340206185567,198,42,0.21212121212121213,4.0,1.0,0.25,194.0,41.0,0.211340206185567,197,41,0.20812182741116753,4.0,1.0,0.25,193.0,40.0,0.20725388601036268,199,200
1019,62,3,0.04838709677419355,1.0,0.0,0.0,61.0,3.0,0.04918032786885246,62,3,0.04838709677419355,1.0,0.0,0.0,61.0,3.0,0.04918032786885246,61,3,0.04918032786885246,1.0,0.0,0.0,60.0,3.0,0.05,63,64
1024,45734,30378,0.6642322998207023,432.0,236.0,0.5462962962962963,45302.0,30142.0,0.6653569378835371,23178,12706,0.5481922512727586,301.0,168.0,0.5581395348837209,22877.0,12538.0,0.5480613716833501,21402,12061,0.5635454630408373,294.0,164.0,0.5578231292517006,21108.0,11897.0,0.5636251658139094,22668,24615
1025,60215,21172,0.3516067425060201,1356.0,585.0,0.4314159292035398,58859.0,20587.0,0.3497680898418254,43703,15194,0.34766492002837335,858.0,394.0,0.4592074592074592,42845.0,14800.0,0.3454312055082273,42377,14903,0.35167661703282443,845.0,393.0,0.4650887573964497,41532.0,14510.0,0.3493691611287682,42816,44155
1026,1459,639,0.43797121315969845,8.0,2.0,0.25,1451.0,637.0,0.4390075809786354,1376,627,0.45566860465116277,8.0,2.0,0.25,1368.0,625.0,0.45687134502923976,1357,623,0.4591009579955785,8.0,2.0,0.25,1349.0,621.0,0.4603409933283914,1413,1432
1027,5208,2591,0.4975038402457757,13.0,8.0,0.6153846153846154,5195.0,2583.0,0.49720885466794995,5060,2497,0.4934782608695652,12.0,7.0,0.5833333333333334,5048.0,2490.0,0.49326465927099844,4989,2471,0.49528963720184405,11.0,6.0,0.5454545454545454,4978.0,2465.0,0.49517878666130977,5494,5574
1028,3949,2057,0.520891364902507,10.0,7.0,0.7,3939.0,2050.0,0.5204366590505204,3779,1996,0.5281820587456999,9.0,6.0,0.6666666666666666,3770.0,1990.0,0.5278514588859416,3738,1984,0.530765115034778,9.0,6.0,0.6666666666666666,3729.0,1978.0,0.530437114507911,4378,4426
1029,76,48,0.631578947368421,0.0,0.0,,76.0,48.0,0.631578947368421,76,48,0.631578947368421,0.0,0.0,,76.0,48.0,0.631578947368421,76,48,0.631578947368421,0.0,0.0,,76.0,48.0,0.631578947368421,107,107
1030,30,19,0.6333333333333333,0.0,0.0,,30.0,19.0,0.6333333333333333,30,19,0.6333333333333333,0.0,0.0,,30.0,19.0,0.6333333333333333,30,19,0.6333333333333333,0.0,0.0,,30.0,19.0,0.6333333333333333,54,54
1031,1,1,1.0,0.0,0.0,,1.0,1.0,1.0,1,1,1.0,0.0,0.0,,1.0,1.0,1.0,1,1,1.0,0.0,0.0,,1.0,1.0,1.0,1,1
1033,75346,67349,0.8938629787911767,198.0,176.0,0.8888888888888888,75148.0,67173.0,0.8938760845265343,8046,7380,0.9172259507829977,14.0,14.0,1.0,8032.0,7366.0,0.9170816733067729,7029,6446,0.917057902973396,13.0,13.0,1.0,7016.0,6433.0,0.9169042189281642,7162,8187
1034,331064,29242,0.08832733247952057,3321.0,307.0,0.09244203553146643,327743.0,28935.0,0.08828563844231609,297345,27289,0.09177554692360726,2920.0,276.0,0.09452054794520548,294425.0,27013.0,0.09174832300246243,226591,23337,0.10299173400532237,2182.0,220.0,0.1008249312557287,224409.0,23117.0,0.1030128025168331,226591,297345
1035,12223283,9991287,0.8173979936486785,196209.0,156425.0,0.7972366201346524,12027074.0,9834862.0,0.817726905147503,814653,703305,0.8633184926588375,10849.0,9286.0,0.8559314222508987,803804.0,694019.0,0.8634181964757578,640360,552437,0.8626975451308639,8651.0,7363.0,0.8511154779794243,631709.0,545074.0,0.862856156869698,640413,814750
1036,311,202,0.6495176848874598,1.0,0.0,0.0,310.0,202.0,0.6516129032258065,100,61,0.61,1.0,0.0,0.0,99.0,61.0,0.6161616161616161,99,61,0.6161616161616161,1.0,0.0,0.0,98.0,61.0,0.6224489795918368,113,114
1037,39778,10432,0.26225551812559705,557.0,99.0,0.17773788150807898,39221.0,10333.0,0.2634558017388644,33056,9245,0.2796769119070668,452.0,88.0,0.19469026548672566,32604.0,9157.0,0.28085510980247824,31230,8775,0.28097982708933716,437.0,83.0,0.18993135011441648,30793.0,8692.0,0.2822719449225473,35148,37310
1038,753,266,0.35325365205843295,1.0,1.0,1.0,752.0,265.0,0.3523936170212766,717,251,0.3500697350069735,1.0,1.0,1.0,716.0,250.0,0.34916201117318435,694,246,0.35446685878962536,1.0,1.0,1.0,693.0,245.0,0.35353535353535354,699,722
1039,5038,2138,0.4243747518856689,32.0,18.0,0.5625,5006.0,2120.0,0.42349180982820617,4743,2001,0.42188488298545224,30.0,17.0,0.5666666666666667,4713.0,1984.0,0.4209632930193083,4499,1907,0.4238719715492332,29.0,17.0,0.5862068965517241,4470.0,1890.0,0.4228187919463087,4499,4743
1040,570500,313244,0.5490692375109553,14878.0,7917.0,0.5321279741900793,555622.0,305327.0,0.5495228770639031,160541,94358,0.5877501697385714,2124.0,1423.0,0.6699623352165726,158417.0,92935.0,0.5866478976372486,109837,70039,0.637663082567805,1521.0,1119.0,0.7357001972386588,108316.0,68920.0,0.6362864212120093,109876,160590
1041,13,7,0.5384615384615384,0.0,0.0,,13.0,7.0,0.5384615384615384,10,7,0.7,0.0,0.0,,10.0,7.0,0.7,10,7,0.7,0.0,0.0,,10.0,7.0,0.7,10,10
1042,954948,181658,0.190228159020177,12079.0,2368.0,0.19604271876810994,942869.0,179290.0,0.1901536692796136,821748,152972,0.1861543928308922,9721.0,1861.0,0.19144120975208312,812027.0,151111.0,0.18609110288204703,633862,124887,0.19702553552666038,7651.0,1561.0,0.2040256175663312,626211.0,123326.0,0.19694000903848702,648056,838793
1043,57,57,1.0,0.0,0.0,,57.0,57.0,1.0,56,56,1.0,0.0,0.0,,56.0,56.0,1.0,52,52,1.0,0.0,0.0,,52.0,52.0,1.0,14755,15083
1044,149567,79444,0.5311599483843361,694.0,184.0,0.26512968299711814,148873.0,79260.0,0.5324000994135941,52237,13104,0.2508566724735341,519.0,85.0,0.16377649325626203,51718.0,13019.0,0.2517305386905913,44336,11071,0.24970678455431253,472.0,76.0,0.16101694915254236,43864.0,10995.0,0.250661134415466,135607,173826
1045,5209,4360,0.8370128623536187,25.0,23.0,0.92,5184.0,4337.0,0.8366126543209876,1127,998,0.8855368234250222,6.0,6.0,1.0,1121.0,992.0,0.8849241748438894,1096,976,0.8905109489051095,6.0,6.0,1.0,1090.0,970.0,0.8899082568807339,1096,1127
1046,5697615,4412715,0.7744845869719172,82825.0,58047.0,0.7008391186236039,5614790.0,4354668.0,0.7755709474441609,495505,374823,0.7564464536180261,8798.0,5449.0,0.6193453057513071,486707.0,369374.0,0.7589247740426992,389126,298976,0.7683269686425477,6829.0,4422.0,0.6475325816371358,382297.0,294554.0,0.770484727842489,389199,495615
1048,1022750,737510,0.7211048643363481,38133.0,27748.0,0.7276637033540503,984617.0,709762.0,0.7208508486040766,80991,66378,0.8195725450976035,2489.0,1918.0,0.7705905986339896,78502.0,64460.0,0.8211255764184352,58868,48737,0.8279031052524292,1883.0,1450.0,0.7700477960701009,56985.0,47287.0,0.8298148635605861,58922,81230
1050,2226,1380,0.6199460916442049,0.0,0.0,,2226.0,1380.0,0.6199460916442049,438,402,0.9178082191780822,0.0,0.0,,438.0,402.0,0.9178082191780822,431,397,0.9211136890951276,0.0,0.0,,431.0,397.0,0.9211136890951276,432,439
1051,28,8,0.2857142857142857,3.0,1.0,0.3333333333333333,25.0,7.0,0.28,24,7,0.2916666666666667,2.0,1.0,0.5,22.0,6.0,0.2727272727272727,23,7,0.30434782608695654,2.0,1.0,0.5,21.0,6.0,0.2857142857142857,23,24
1054,126731,71134,0.5612991296525712,1378.0,775.0,0.5624092888243831,125353.0,70359.0,0.5612869257217618,89944,56303,0.6259783865516322,1084.0,669.0,0.6171586715867159,88860.0,55634.0,0.6260859779428314,75994,46781,0.615588072742585,982.0,595.0,0.6059063136456212,75012.0,46186.0,0.6157148189622994,78673,93227
1060,1549,1,0.0006455777921239509,21.0,0.0,0.0,1528.0,1.0,0.0006544502617801048,1320,1,0.0007575757575757576,16.0,0.0,0.0,1304.0,1.0,0.0007668711656441718,1266,1,0.0007898894154818325,14.0,0.0,0.0,1252.0,1.0,0.0007987220447284345,1266,1320
1061,38,0,0.0,1.0,0.0,0.0,37.0,0.0,0.0,38,0,0.0,1.0,0.0,0.0,37.0,0.0,0.0,38,0,0.0,1.0,0.0,0.0,37.0,0.0,0.0,38,38
1062,2421,1543,0.6373399421726559,27.0,16.0,0.5925925925925926,2394.0,1527.0,0.6378446115288221,2319,1458,0.628719275549806,25.0,15.0,0.6,2294.0,1443.0,0.6290322580645161,1841,1121,0.6089082020640956,25.0,15.0,0.6,1816.0,1106.0,0.6090308370044053,1844,2322
1063,35130,4176,0.11887275832621691,654.0,23.0,0.035168195718654434,34476.0,4153.0,0.1204606102796148,34645,3981,0.11490835618415356,635.0,17.0,0.026771653543307086,34010.0,3964.0,0.11655395471920023,30462,3292,0.1080690696605607,562.0,14.0,0.02491103202846975,29900.0,3278.0,0.10963210702341138,30484,34668
1064,273,34,0.12454212454212454,3.0,0.0,0.0,270.0,34.0,0.1259259259259259,242,30,0.12396694214876033,3.0,0.0,0.0,239.0,30.0,0.12552301255230125,240,30,0.125,3.0,0.0,0.0,237.0,30.0,0.12658227848101267,253,257
1066,69756,25898,0.37126555421755836,1131.0,275.0,0.24314765694076038,68625.0,25623.0,0.3733770491803279,67841,24966,0.3680075470585634,1087.0,253.0,0.23275068997240111,66754.0,24713.0,0.37021002486742366,55189,19832,0.3593469713167479,923.0,220.0,0.23835319609967498,54266.0,19612.0,0.36140493126451184,56025,68836
1070,32,32,1.0,1.0,1.0,1.0,31.0,31.0,1.0,30,30,1.0,1.0,1.0,1.0,29.0,29.0,1.0,27,27,1.0,1.0,1.0,1.0,26.0,26.0,1.0,250,258
1071,37,5,0.13513513513513514,0.0,0.0,,37.0,5.0,0.13513513513513514,37,5,0.13513513513513514,0.0,0.0,,37.0,5.0,0.13513513513513514,27,5,0.18518518518518517,0.0,0.0,,27.0,5.0,0.18518518518518517,186,197
1073,11122,5897,0.5302103938140622,111.0,35.0,0.3153153153153153,11011.0,5862.0,0.532376714194896,10857,5701,0.5250990144607166,107.0,34.0,0.3177570093457944,10750.0,5667.0,0.5271627906976745,9051,4446,0.49121644017235666,97.0,27.0,0.27835051546391754,8954.0,4419.0,0.49352244806790263,9850,11804
1074,8386,378,0.045075125208681135,117.0,8.0,0.06837606837606838,8269.0,370.0,0.04474543475631878,8331,361,0.043332132997239224,116.0,8.0,0.06896551724137931,8215.0,353.0,0.04297017650639075,7644,352,0.046049188906331764,112.0,8.0,0.07142857142857142,7532.0,344.0,0.04567180031864047,8564,9294
1075,43506,340,0.007815014021054566,641.0,1.0,0.0015600624024961,42865.0,339.0,0.00790855009914849,42985,337,0.007839944166569733,638.0,1.0,0.001567398119122257,42347.0,336.0,0.007934446359836589,34608,334,0.009650947757743875,434.0,1.0,0.002304147465437788,34174.0,333.0,0.009744250014631006,34847,43271
1076,128029,7398,0.057783783361582144,1384.0,51.0,0.03684971098265896,126645.0,7347.0,0.05801255477910695,112999,7267,0.06431030363100558,1290.0,51.0,0.03953488372093023,111709.0,7216.0,0.06459640673535705,101494,6784,0.06684138963879638,1145.0,48.0,0.04192139737991266,100349.0,6736.0,0.06712573119811857,113171,126722
1077,43345,12435,0.28688430038066676,725.0,329.0,0.45379310344827584,42620.0,12106.0,0.28404504927264196,31695,8666,0.2734185202713362,514.0,196.0,0.38132295719844356,31181.0,8470.0,0.2716397806356435,27256,6997,0.25671411799236865,459.0,178.0,0.3877995642701525,26797.0,6819.0,0.2544687838190842,44785,54086
1078,11,2,0.18181818181818182,0.0,0.0,,11.0,2.0,0.18181818181818182,11,2,0.18181818181818182,0.0,0.0,,11.0,2.0,0.18181818181818182,11,2,0.18181818181818182,0.0,0.0,,11.0,2.0,0.18181818181818182,97,138
1079,122351,1421,0.011614126570277317,1521.0,19.0,0.012491781722550954,120830.0,1402.0,0.011603078705619465,118891,1323,0.01112783978602249,1441.0,18.0,0.012491325468424705,117450.0,1305.0,0.011111111111111112,101709,1230,0.012093325074477185,1229.0,18.0,0.014646053702196907,100480.0,1212.0,0.012062101910828026,110769,128993
1080,40179,226,0.005624828890714055,560.0,2.0,0.0035714285714285713,39619.0,224.0,0.0056538529493424874,39843,226,0.0056722636347664585,552.0,2.0,0.0036231884057971015,39291.0,224.0,0.005701051131302334,36108,221,0.006120527306967985,498.0,2.0,0.004016064257028112,35610.0,219.0,0.006149957877000843,36112,39847
1081,1283796,540223,0.420801279954136,12898.0,5572.0,0.4320049620096139,1270898.0,534651.0,0.42068757681576335,1176661,494324,0.420107405616401,11863.0,5091.0,0.4291494562926747,1164798.0,489233.0,0.42001531596036396,997135,436992,0.43824757931473673,11045.0,4853.0,0.4393843368039837,986090.0,432139.0,0.43823484671784524,1038455,1223792
1084,13607,3636,0.26721540383626075,169.0,30.0,0.17751479289940827,13438.0,3606.0,0.26834350349754427,12649,3560,0.28144517353150444,156.0,30.0,0.19230769230769232,12493.0,3530.0,0.28255823261026175,12495,3513,0.2811524609843938,156.0,30.0,0.19230769230769232,12339.0,3483.0,0.28227571115973743,14315,14490
1086,732182,460843,0.6294104471292656,28979.0,19900.0,0.6867041650850616,703203.0,440943.0,0.62704937265626,121393,53716,0.4424966843228193,3340.0,1795.0,0.5374251497005988,118053.0,51921.0,0.4398109323778303,86165,41848,0.4856728369987814,2511.0,1500.0,0.5973715651135006,83654.0,40348.0,0.48232003251488276,86172,121409
1087,720,534,0.7416666666666667,6.0,4.0,0.6666666666666666,714.0,530.0,0.742296918767507,432,322,0.7453703703703703,6.0,4.0,0.6666666666666666,426.0,318.0,0.7464788732394366,399,302,0.7568922305764411,6.0,4.0,0.6666666666666666,393.0,298.0,0.7582697201017812,399,432
1088,945,112,0.11851851851851852,13.0,1.0,0.07692307692307693,932.0,111.0,0.11909871244635194,872,107,0.12270642201834862,11.0,1.0,0.09090909090909091,861.0,106.0,0.12311265969802555,865,107,0.12369942196531791,11.0,1.0,0.09090909090909091,854.0,106.0,0.12412177985948478,994,1001
1089,188039,106933,0.5686745834640686,4548.0,1954.0,0.42963940193491645,183491.0,104979.0,0.572120703467745,122069,58051,0.4755589052093488,3559.0,1377.0,0.38690643439168304,118510.0,56674.0,0.47822124715213904,104935,51969,0.49524944012960403,3059.0,1247.0,0.40764955867930697,101876.0,50722.0,0.49787977541324746,104953,122093
1090,26,26,1.0,0.0,0.0,,26.0,26.0,1.0,26,26,1.0,0.0,0.0,,26.0,26.0,1.0,26,26,1.0,0.0,0.0,,26.0,26.0,1.0,2223,2330
1091,222,85,0.38288288288288286,10.0,2.0,0.2,212.0,83.0,0.3915094339622642,118,40,0.3389830508474576,5.0,1.0,0.2,113.0,39.0,0.34513274336283184,113,37,0.3274336283185841,5.0,1.0,0.2,108.0,36.0,0.3333333333333333,113,118
1092,29,1,0.034482758620689655,0.0,0.0,,29.0,1.0,0.034482758620689655,29,1,0.034482758620689655,0.0,0.0,,29.0,1.0,0.034482758620689655,29,1,0.034482758620689655,0.0,0.0,,29.0,1.0,0.034482758620689655,29,29
1093,874328,529070,0.6051161577806041,11249.0,5921.0,0.5263578984798649,863079.0,523149.0,0.6061426590149916,783693,475947,0.6073130677446398,9889.0,5125.0,0.518252603903327,773804.0,470822.0,0.6084512357134365,671508,400122,0.5958558944941832,9031.0,4570.0,0.5060347691285572,662477.0,395552.0,0.5970803514688057,677544,790514
1094,31865,25816,0.8101678958104503,2854.0,1996.0,0.6993693062368606,29011.0,23820.0,0.8210678708076247,4142,3586,0.8657653307580879,137.0,132.0,0.9635036496350365,4005.0,3454.0,0.8624219725343321,4039,3504,0.8675414706610547,134.0,130.0,0.9701492537313433,3905.0,3374.0,0.8640204865556979,4041,4144
1095,5076,116,0.022852639873916468,120.0,0.0,0.0,4956.0,116.0,0.023405972558514933,4483,115,0.02565246486727638,105.0,0.0,0.0,4378.0,115.0,0.026267702147099132,4095,113,0.027594627594627594,102.0,0.0,0.0,3993.0,113.0,0.028299524167292762,5559,6025
1096,1234,342,0.2771474878444084,29.0,16.0,0.5517241379310345,1205.0,326.0,0.2705394190871369,1059,299,0.28234183191690276,24.0,14.0,0.5833333333333334,1035.0,285.0,0.2753623188405797,1023,277,0.270772238514174,22.0,12.0,0.5454545454545454,1001.0,265.0,0.2647352647352647,1281,1323
1097,248,95,0.38306451612903225,0.0,0.0,,248.0,95.0,0.38306451612903225,202,82,0.40594059405940597,0.0,0.0,,202.0,82.0,0.40594059405940597,191,79,0.41361256544502617,0.0,0.0,,191.0,79.0,0.41361256544502617,276,287
1098,338540,138755,0.4098629408637089,3076.0,1167.0,0.3793888166449935,335464.0,137588.0,0.41014236997114445,286426,115089,0.4018105898207565,2299.0,831.0,0.36146150500217483,284127.0,114258.0,0.4021370725063088,222011,97671,0.43993766074653956,1762.0,708.0,0.4018161180476731,220249.0,96963.0,0.44024263447280126,224938,290044
1099,133,107,0.8045112781954887,7.0,7.0,1.0,126.0,100.0,0.7936507936507936,120,95,0.7916666666666666,6.0,6.0,1.0,114.0,89.0,0.7807017543859649,119,94,0.7899159663865546,6.0,6.0,1.0,113.0,88.0,0.7787610619469026,119,120
1100,5579,4120,0.7384835992113282,51.0,44.0,0.8627450980392157,5528.0,4076.0,0.7373371924746743,794,635,0.7997481108312342,6.0,4.0,0.6666666666666666,788.0,631.0,0.800761421319797,602,510,0.8471760797342193,5.0,3.0,0.6,597.0,507.0,0.8492462311557789,602,794
1101,6632,2418,0.3645958986731001,178.0,130.0,0.7303370786516854,6454.0,2288.0,0.35450883173225906,4984,1423,0.2855136436597111,112.0,67.0,0.5982142857142857,4872.0,1356.0,0.27832512315270935,4549,1091,0.2398329303143548,90.0,49.0,0.5444444444444444,4459.0,1042.0,0.2336846826642745,5183,5633
1103,27,15,0.5555555555555556,0.0,0.0,,27.0,15.0,0.5555555555555556,17,10,0.5882352941176471,0.0,0.0,,17.0,10.0,0.5882352941176471,17,10,0.5882352941176471,0.0,0.0,,17.0,10.0,0.5882352941176471,47835,56764
1105,221,16,0.07239819004524888,3.0,0.0,0.0,218.0,16.0,0.07339449541284404,213,14,0.06572769953051644,3.0,0.0,0.0,210.0,14.0,0.06666666666666667,211,14,0.06635071090047394,3.0,0.0,0.0,208.0,14.0,0.0673076923076923,276,279
1106,130,0,0.0,1.0,0.0,0.0,129.0,0.0,0.0,127,0,0.0,1.0,0.0,0.0,126.0,0.0,0.0,126,0,0.0,1.0,0.0,0.0,125.0,0.0,0.0,125639,166043
1107,335,57,0.1701492537313433,16.0,1.0,0.0625,319.0,56.0,0.1755485893416928,306,52,0.16993464052287582,14.0,1.0,0.07142857142857142,292.0,51.0,0.17465753424657535,302,51,0.16887417218543047,14.0,1.0,0.07142857142857142,288.0,50.0,0.1736111111111111,345,349
1108,1153,18,0.015611448395490026,49.0,1.0,0.02040816326530612,1104.0,17.0,0.015398550724637682,1100,17,0.015454545454545455,46.0,1.0,0.021739130434782608,1054.0,16.0,0.015180265654648957,1039,17,0.016361886429258902,44.0,1.0,0.022727272727272728,995.0,16.0,0.016080402010050253,1039,1100
1109,3000,61,0.02033333333333333,34.0,0.0,0.0,2966.0,61.0,0.020566419420094403,2913,59,0.020254033642293168,34.0,0.0,0.0,2879.0,59.0,0.02049322681486627,2882,58,0.020124913254684247,34.0,0.0,0.0,2848.0,58.0,0.020365168539325844,2908,2939
1110,13,0,0.0,0.0,0.0,,13.0,0.0,0.0,12,0,0.0,0.0,0.0,,12.0,0.0,0.0,12,0,0.0,0.0,0.0,,12.0,0.0,0.0,12,12
1111,242,3,0.012396694214876033,17.0,0.0,0.0,225.0,3.0,0.013333333333333334,238,3,0.012605042016806723,17.0,0.0,0.0,221.0,3.0,0.013574660633484163,236,3,0.012711864406779662,17.0,0.0,0.0,219.0,3.0,0.0136986301369863,263,265
1112,1539,868,0.5640025990903184,23.0,13.0,0.5652173913043478,1516.0,855.0,0.5639841688654353,1471,826,0.5615227736233854,22.0,13.0,0.5909090909090909,1449.0,813.0,0.5610766045548654,1457,815,0.5593685655456417,22.0,13.0,0.5909090909090909,1435.0,802.0,0.5588850174216028,1472,1486
1113,17,0,0.0,1.0,0.0,0.0,16.0,0.0,0.0,17,0,0.0,1.0,0.0,0.0,16.0,0.0,0.0,16,0,0.0,1.0,0.0,0.0,15.0,0.0,0.0,23,24
1114,188,61,0.324468085106383,7.0,3.0,0.42857142857142855,181.0,58.0,0.32044198895027626,187,60,0.32085561497326204,7.0,3.0,0.42857142857142855,180.0,57.0,0.31666666666666665,187,60,0.32085561497326204,7.0,3.0,0.42857142857142855,180.0,57.0,0.31666666666666665,187,187
1115,1753,704,0.4015972618368511,18.0,7.0,0.3888888888888889,1735.0,697.0,0.40172910662824207,1704,677,0.39730046948356806,18.0,7.0,0.3888888888888889,1686.0,670.0,0.3973902728351127,1677,660,0.3935599284436494,18.0,7.0,0.3888888888888889,1659.0,653.0,0.3936106088004822,2050,2089
1116,17,0,0.0,1.0,0.0,0.0,16.0,0.0,0.0,17,0,0.0,1.0,0.0,0.0,16.0,0.0,0.0,16,0,0.0,1.0,0.0,0.0,15.0,0.0,0.0,23,24
1117,1922,883,0.459417273673257,28.0,13.0,0.4642857142857143,1894.0,870.0,0.4593453009503696,1846,841,0.45557963163596965,28.0,13.0,0.4642857142857143,1818.0,828.0,0.45544554455445546,1830,830,0.453551912568306,28.0,13.0,0.4642857142857143,1802.0,817.0,0.45338512763596006,1845,1861
1118,242,3,0.012396694214876033,17.0,0.0,0.0,225.0,3.0,0.013333333333333334,238,3,0.012605042016806723,17.0,0.0,0.0,221.0,3.0,0.013574660633484163,236,3,0.012711864406779662,17.0,0.0,0.0,219.0,3.0,0.0136986301369863,263,265
1119,6,0,0.0,0.0,0.0,,6.0,0.0,0.0,3,0,0.0,0.0,0.0,,3.0,0.0,0.0,3,0,0.0,0.0,0.0,,3.0,0.0,0.0,3,3
1122,93,19,0.20430107526881722,0.0,0.0,,93.0,19.0,0.20430107526881722,88,19,0.2159090909090909,0.0,0.0,,88.0,19.0,0.2159090909090909,88,19,0.2159090909090909,0.0,0.0,,88.0,19.0,0.2159090909090909,95,95
1123,40248,12030,0.298896839594514,497.0,125.0,0.2515090543259557,39751.0,11905.0,0.2994893210233705,36691,10804,0.29445913166716636,455.0,115.0,0.25274725274725274,36236.0,10689.0,0.2949828899437024,34401,9829,0.28571843841748784,450.0,114.0,0.25333333333333335,33951.0,9715.0,0.28614768342611413,34990,37368
1124,296,160,0.5405405405405406,2.0,1.0,0.5,294.0,159.0,0.5408163265306123,288,157,0.5451388888888888,2.0,1.0,0.5,286.0,156.0,0.5454545454545454,285,155,0.543859649122807,2.0,1.0,0.5,283.0,154.0,0.5441696113074205,294,297
1125,7924,3535,0.446113074204947,113.0,46.0,0.40707964601769914,7811.0,3489.0,0.446677762130329,7576,3410,0.45010559662090815,105.0,43.0,0.4095238095238095,7471.0,3367.0,0.45067594699504754,7329,3304,0.45081184336198665,101.0,41.0,0.40594059405940597,7228.0,3263.0,0.45143884892086333,7871,8130
1126,46089,19393,0.42077285252446356,687.0,299.0,0.43522561863173215,45402.0,19094.0,0.4205541606096648,36999,15760,0.42595745830968407,515.0,243.0,0.47184466019417476,36484.0,15517.0,0.425309724810876,33575,14252,0.4244825018615041,505.0,238.0,0.47128712871287126,33070.0,14014.0,0.4237677653462353,33857,37311
1127,30307,12081,0.3986207806777312,405.0,157.0,0.38765432098765434,29902.0,11924.0,0.3987693130894255,27160,10761,0.39620765832106036,362.0,138.0,0.3812154696132597,26798.0,10623.0,0.396410179864169,24992,9503,0.38024167733674774,357.0,136.0,0.38095238095238093,24635.0,9367.0,0.3802313781205602,25311,27540
1128,405,12,0.02962962962962963,7.0,0.0,0.0,398.0,12.0,0.03015075376884422,393,12,0.030534351145038167,7.0,0.0,0.0,386.0,12.0,0.031088082901554404,382,10,0.02617801047120419,7.0,0.0,0.0,375.0,10.0,0.02666666666666667,383,394
1130,1587514,307212,0.19351766346627494,19213.0,4198.0,0.21849789205225628,1568301.0,303014.0,0.19321163475633824,1359034,277660,0.20430688268284677,16298.0,3866.0,0.23720701926616763,1342736.0,273794.0,0.20390754399971403,1050658,252135,0.23997818509924257,12493.0,3448.0,0.27599455695189307,1038165.0,248687.0,0.23954477371130795,1060305,1371177
1131,316613,72552,0.2291504139122525,2816.0,704.0,0.25,313797.0,71848.0,0.22896331067537293,295530,70153,0.23738029980035869,2608.0,676.0,0.25920245398773006,292922.0,69477.0,0.23718600856200628,242834,65585,0.27008161954256815,2224.0,641.0,0.28821942446043164,240610.0,64944.0,0.26991396866298156,299450,359174
1132,1223281,428292,0.35011743009169605,29891.0,8908.0,0.2980161252550935,1193390.0,419384.0,0.3514224184885075,680455,213950,0.3144219676539962,15935.0,4568.0,0.2866645748352683,664520.0,209382.0,0.3150875820140854,591282,198707,0.33606130408163953,14148.0,4326.0,0.3057675996607294,577134.0,194381.0,0.3368039311494384,591438,680620
1133,26,0,0.0,0.0,0.0,,26.0,0.0,0.0,26,0,0.0,0.0,0.0,,26.0,0.0,0.0,26,0,0.0,0.0,0.0,,26.0,0.0,0.0,27,27
1134,12,4,0.3333333333333333,0.0,0.0,,12.0,4.0,0.3333333333333333,12,4,0.3333333333333333,0.0,0.0,,12.0,4.0,0.3333333333333333,9,1,0.1111111111111111,0.0,0.0,,9.0,1.0,0.1111111111111111,21,24
1135,304835,93245,0.3058867912149196,1959.0,563.0,0.2873915262889229,302876.0,92682.0,0.306006418468284,293211,90937,0.3101418432459901,1848.0,545.0,0.2949134199134199,291363.0,90392.0,0.31023843109797744,241738,80978,0.33498250171673466,1690.0,518.0,0.30650887573964497,240048.0,80460.0,0.3351829634073185,292302,360128
1138,3287,234,0.07118953452996654,21.0,3.0,0.14285714285714285,3266.0,231.0,0.07072872014696877,3240,225,0.06944444444444445,21.0,3.0,0.14285714285714285,3219.0,222.0,0.06896551724137931,3095,202,0.06526655896607432,21.0,3.0,0.14285714285714285,3074.0,199.0,0.06473649967469096,3674,3832
1139,209,9,0.0430622009569378,4.0,0.0,0.0,205.0,9.0,0.04390243902439024,203,9,0.04433497536945813,4.0,0.0,0.0,199.0,9.0,0.04522613065326633,202,9,0.04455445544554455,4.0,0.0,0.0,198.0,9.0,0.045454545454545456,243,244
1140,482,85,0.17634854771784234,13.0,2.0,0.15384615384615385,469.0,83.0,0.17697228144989338,334,62,0.18562874251497005,9.0,2.0,0.2222222222222222,325.0,60.0,0.18461538461538463,334,62,0.18562874251497005,9.0,2.0,0.2222222222222222,325.0,60.0,0.18461538461538463,394,394
1142,39470,2411,0.06108436787433494,764.0,58.0,0.07591623036649214,38706.0,2353.0,0.060791608536144265,37771,2306,0.061052129940959994,710.0,55.0,0.07746478873239436,37061.0,2251.0,0.06073770270634899,36247,2219,0.061218859491820016,686.0,52.0,0.07580174927113703,35561.0,2167.0,0.0609375439385844,37831,39378
1143,1959,17,0.008677896886166412,17.0,0.0,0.0,1942.0,17.0,0.008753861997940269,1708,16,0.00936768149882904,14.0,0.0,0.0,1694.0,16.0,0.009445100354191263,1645,16,0.009726443768996961,12.0,0.0,0.0,1633.0,16.0,0.009797917942437232,1749,1812
1144,90,5,0.05555555555555555,0.0,0.0,,90.0,5.0,0.05555555555555555,74,5,0.06756756756756757,0.0,0.0,,74.0,5.0,0.06756756756756757,74,5,0.06756756756756757,0.0,0.0,,74.0,5.0,0.06756756756756757,82,82
1145,9036,3534,0.39110225763612216,53.0,14.0,0.2641509433962264,8983.0,3520.0,0.3918512746298564,8271,3294,0.3982589771490751,52.0,13.0,0.25,8219.0,3281.0,0.3991969826012897,7803,3153,0.40407535563244906,51.0,13.0,0.2549019607843137,7752.0,3140.0,0.40505675954592363,9939,10474
1146,1828191,476683,0.26074026182165866,35359.0,11388.0,0.32206793178540116,1792832.0,465295.0,0.25953073126762577,1485703,335630,0.22590652371301667,26764.0,7650.0,0.285831714243013,1458939.0,327980.0,0.22480720578447763,1262850,302292,0.2393728471314883,21182.0,6656.0,0.31422906241148146,1241668.0,295636.0,0.23809585170915254,1263455,1486525
1149,1,0,0.0,0.0,0.0,,1.0,0.0,0.0,1,0,0.0,0.0,0.0,,1.0,0.0,0.0,1,0,0.0,0.0,0.0,,1.0,0.0,0.0,32888,36633
1150,18814,10774,0.5726586584458382,880.0,520.0,0.5909090909090909,17934.0,10254.0,0.571763131482101,13129,8078,0.615279153020032,649.0,433.0,0.6671802773497689,12480.0,7645.0,0.6125801282051282,10433,7015,0.6723856992236174,571.0,395.0,0.691768826619965,9862.0,6620.0,0.6712634354086392,10738,13482
1151,18,17,0.9444444444444444,0.0,0.0,,18.0,17.0,0.9444444444444444,18,17,0.9444444444444444,0.0,0.0,,18.0,17.0,0.9444444444444444,18,17,0.9444444444444444,0.0,0.0,,18.0,17.0,0.9444444444444444,26,26
1153,3,0,0.0,0.0,0.0,,3.0,0.0,0.0,3,0,0.0,0.0,0.0,,3.0,0.0,0.0,3,0,0.0,0.0,0.0,,3.0,0.0,0.0,20,20
1154,678,189,0.27876106194690264,9.0,6.0,0.6666666666666666,669.0,183.0,0.273542600896861,587,181,0.3083475298126065,7.0,6.0,0.8571428571428571,580.0,175.0,0.3017241379310345,559,179,0.32021466905187834,7.0,6.0,0.8571428571428571,552.0,173.0,0.3134057971014493,599,628
1155,531,154,0.2900188323917137,9.0,3.0,0.3333333333333333,522.0,151.0,0.289272030651341,442,130,0.29411764705882354,8.0,3.0,0.375,434.0,127.0,0.2926267281105991,436,129,0.2958715596330275,8.0,3.0,0.375,428.0,126.0,0.29439252336448596,451,457
1156,388,73,0.18814432989690721,9.0,1.0,0.1111111111111111,379.0,72.0,0.18997361477572558,359,69,0.19220055710306408,7.0,1.0,0.14285714285714285,352.0,68.0,0.19318181818181818,354,69,0.19491525423728814,7.0,1.0,0.14285714285714285,347.0,68.0,0.19596541786743515,489,494
1157,71934,18521,0.25747212722773655,1259.0,393.0,0.31215250198570293,70675.0,18128.0,0.2564980544747082,25100,8469,0.33741035856573703,374.0,149.0,0.3983957219251337,24726.0,8320.0,0.33648790746582546,21917,7681,0.3504585481589634,339.0,143.0,0.4218289085545723,21578.0,7538.0,0.3493372879784966,21917,25100
1160,579,0,0.0,0.0,0.0,,579.0,0.0,0.0,549,0,0.0,0.0,0.0,,549.0,0.0,0.0,549,0,0.0,0.0,0.0,,549.0,0.0,0.0,42376,59308
1162,1,0,0.0,0.0,0.0,,1.0,0.0,0.0,1,0,0.0,0.0,0.0,,1.0,0.0,0.0,1,0,0.0,0.0,0.0,,1.0,0.0,0.0,3932,4500
1163,1,0,0.0,0.0,0.0,,1.0,0.0,0.0,1,0,0.0,0.0,0.0,,1.0,0.0,0.0,1,0,0.0,0.0,0.0,,1.0,0.0,0.0,1,1
1165,3027,933,0.30822596630327054,47.0,15.0,0.3191489361702128,2980.0,918.0,0.3080536912751678,2350,835,0.3553191489361702,27.0,12.0,0.4444444444444444,2323.0,823.0,0.3542832544123978,2294,817,0.3561464690496949,26.0,12.0,0.46153846153846156,2268.0,805.0,0.3549382716049383,2381,2438
1166,355879,60565,0.17018424801688214,9392.0,1968.0,0.20954003407155025,346487.0,58597.0,0.16911745606617276,106288,20887,0.19651324702694567,1781.0,227.0,0.1274564851207187,104507.0,20660.0,0.19769010688279254,96929,19991,0.20624374542190677,1685.0,222.0,0.13175074183976263,95244.0,19769.0,0.20756163117886692,96942,106301
1167,12086,5055,0.4182525235810028,1556.0,796.0,0.5115681233933161,10530.0,4259.0,0.40446343779677113,2786,876,0.31442928930366115,50.0,37.0,0.74,2736.0,839.0,0.30665204678362573,2634,830,0.31511009870918755,50.0,37.0,0.74,2584.0,793.0,0.30688854489164086,2659,2814
1168,66,37,0.5606060606060606,0.0,0.0,,66.0,37.0,0.5606060606060606,66,37,0.5606060606060606,0.0,0.0,,66.0,37.0,0.5606060606060606,65,36,0.5538461538461539,0.0,0.0,,65.0,36.0,0.5538461538461539,65,66
1169,43125,15197,0.3523942028985507,353.0,118.0,0.3342776203966006,42772.0,15079.0,0.352543720190779,42730,15101,0.3534051018020126,348.0,116.0,0.3333333333333333,42382.0,14985.0,0.3535699117549903,38406,13897,0.36184450346300057,335.0,112.0,0.33432835820895523,38071.0,13785.0,0.3620866276168212,41706,46261
1170,52567,20891,0.39741663020526186,532.0,200.0,0.37593984962406013,52035.0,20691.0,0.3976362063995388,50196,19668,0.39182404972507767,476.0,178.0,0.3739495798319328,49720.0,19490.0,0.3919951729686243,45528,18124,0.3980846951326656,464.0,172.0,0.3706896551724138,45064.0,17952.0,0.3983667672643352,46354,51117
1173,1267,291,0.2296764009471192,16.0,5.0,0.3125,1251.0,286.0,0.22861710631494805,892,246,0.2757847533632287,13.0,5.0,0.38461538461538464,879.0,241.0,0.27417519908987487,855,244,0.28538011695906434,13.0,5.0,0.38461538461538464,842.0,239.0,0.2838479809976247,855,892
1174,275,0,0.0,2.0,0.0,0.0,273.0,0.0,0.0,174,0,0.0,1.0,0.0,0.0,173.0,0.0,0.0,171,0,0.0,1.0,0.0,0.0,170.0,0.0,0.0,606,637
1180,9333,913,0.09782492231865424,78.0,4.0,0.05128205128205128,9255.0,909.0,0.09821717990275526,8431,771,0.09144822678211363,76.0,4.0,0.05263157894736842,8355.0,767.0,0.09180131657690006,8255,765,0.09267110841913992,76.0,4.0,0.05263157894736842,8179.0,761.0,0.09304315931042914,11867,12417
1181,14175,5367,0.37862433862433864,358.0,146.0,0.40782122905027934,13817.0,5221.0,0.37786784396033873,9465,4222,0.4460644479661912,197.0,105.0,0.5329949238578681,9268.0,4117.0,0.44421665947345707,9029,4062,0.449883708051833,192.0,104.0,0.5416666666666666,8837.0,3958.0,0.4478895552789408,10043,10526
1182,606,278,0.45874587458745875,0.0,0.0,,606.0,278.0,0.45874587458745875,581,269,0.4629948364888124,0.0,0.0,,581.0,269.0,0.4629948364888124,545,261,0.47889908256880737,0.0,0.0,,545.0,261.0,0.47889908256880737,545,581
1183,2509,612,0.2439218812275807,59.0,11.0,0.1864406779661017,2450.0,601.0,0.2453061224489796,1601,541,0.33791380387257963,30.0,11.0,0.36666666666666664,1571.0,530.0,0.33736473583704646,1590,541,0.340251572327044,30.0,11.0,0.36666666666666664,1560.0,530.0,0.33974358974358976,1830,1841
1187,141,100,0.7092198581560284,4.0,3.0,0.75,137.0,97.0,0.708029197080292,107,69,0.6448598130841121,3.0,2.0,0.6666666666666666,104.0,67.0,0.6442307692307693,107,69,0.6448598130841121,3.0,2.0,0.6666666666666666,104.0,67.0,0.6442307692307693,107,107
1190,345,145,0.42028985507246375,11.0,6.0,0.5454545454545454,334.0,139.0,0.4161676646706587,315,130,0.4126984126984127,11.0,6.0,0.5454545454545454,304.0,124.0,0.40789473684210525,314,129,0.410828025477707,11.0,6.0,0.5454545454545454,303.0,123.0,0.40594059405940597,326,327
1191,1540,487,0.31623376623376626,13.0,5.0,0.38461538461538464,1527.0,482.0,0.31565160445317614,1153,456,0.3954900260190807,10.0,5.0,0.5,1143.0,451.0,0.39457567804024496,1126,447,0.3969804618117229,10.0,5.0,0.5,1116.0,442.0,0.3960573476702509,1270,1302
1192,2763,1001,0.3622873688020268,34.0,11.0,0.3235294117647059,2729.0,990.0,0.36277024551117626,2479,939,0.37878176684146836,33.0,11.0,0.3333333333333333,2446.0,928.0,0.3793949304987735,2420,918,0.3793388429752066,32.0,11.0,0.34375,2388.0,907.0,0.37981574539363483,2459,2518
1194,106,35,0.330188679245283,0.0,0.0,,106.0,35.0,0.330188679245283,104,33,0.3173076923076923,0.0,0.0,,104.0,33.0,0.3173076923076923,102,33,0.3235294117647059,0.0,0.0,,102.0,33.0,0.3235294117647059,121,124
1197,2378,458,0.19259882253994953,46.0,3.0,0.06521739130434782,2332.0,455.0,0.1951114922813036,2296,436,0.18989547038327526,46.0,3.0,0.06521739130434782,2250.0,433.0,0.19244444444444445,2270,435,0.19162995594713655,46.0,3.0,0.06521739130434782,2224.0,432.0,0.19424460431654678,2715,2741
1198,364970,87568,0.23993204920952407,20749.0,8429.0,0.40623644512988577,344221.0,79139.0,0.22990753033661515,338057,83496,0.24698793398746366,18372.0,7995.0,0.4351730894839974,319685.0,75501.0,0.2361731079030921,299257,77963,0.2605218925538918,16297.0,7502.0,0.4603301221083635,282960.0,70461.0,0.24901399491094148,337145,380199
1199,62,0,0.0,3.0,0.0,0.0,59.0,0.0,0.0,59,0,0.0,3.0,0.0,0.0,56.0,0.0,0.0,58,0,0.0,3.0,0.0,0.0,55.0,0.0,0.0,270,281
1200,8,0,0.0,0.0,0.0,,8.0,0.0,0.0,8,0,0.0,0.0,0.0,,8.0,0.0,0.0,8,0,0.0,0.0,0.0,,8.0,0.0,0.0,9,9
1201,103,53,0.5145631067961165,0.0,0.0,,103.0,53.0,0.5145631067961165,97,50,0.5154639175257731,0.0,0.0,,97.0,50.0,0.5154639175257731,95,49,0.5157894736842106,0.0,0.0,,95.0,49.0,0.5157894736842106,215,220
1202,60,46,0.7666666666666667,2.0,2.0,1.0,58.0,44.0,0.7586206896551724,55,44,0.8,2.0,2.0,1.0,53.0,42.0,0.7924528301886793,54,43,0.7962962962962963,2.0,2.0,1.0,52.0,41.0,0.7884615384615384,54,55
1203,1654,242,0.14631197097944376,13.0,2.0,0.15384615384615385,1641.0,240.0,0.14625228519195613,1444,237,0.16412742382271467,13.0,2.0,0.15384615384615385,1431.0,235.0,0.1642208245981831,1370,224,0.1635036496350365,13.0,2.0,0.15384615384615385,1357.0,222.0,0.16359616801768606,1370,1444
1205,306,196,0.6405228758169934,0.0,0.0,,306.0,196.0,0.6405228758169934,261,180,0.6896551724137931,0.0,0.0,,261.0,180.0,0.6896551724137931,259,180,0.694980694980695,0.0,0.0,,259.0,180.0,0.694980694980695,259,261
1206,457,100,0.2188183807439825,2.0,0.0,0.0,455.0,100.0,0.21978021978021978,423,100,0.2364066193853428,2.0,0.0,0.0,421.0,100.0,0.2375296912114014,410,99,0.24146341463414633,2.0,0.0,0.0,408.0,99.0,0.2426470588235294,668,699
1207,171082,76817,0.44900690896762957,3054.0,1172.0,0.3837590045841519,168028.0,75645.0,0.45019282500535623,54197,31542,0.5819879329114157,940.0,530.0,0.5638297872340425,53257.0,31012.0,0.5823084289389189,50141,29789,0.5941046249576195,897.0,511.0,0.5696767001114827,49244.0,29278.0,0.5945495897977419,50143,54199
1210,327434,2509,0.007662612923520465,21880.0,269.0,0.012294332723948812,305554.0,2240.0,0.0073309464120908255,318196,2228,0.0070019736263183694,20292.0,251.0,0.012369406662724226,297904.0,1977.0,0.006636366077662602,280791,2059,0.007332856110060508,17975.0,236.0,0.013129346314325451,262816.0,1823.0,0.006936411786192621,287409,325636
1211,11339,4742,0.41820266337419526,340.0,183.0,0.538235294117647,10999.0,4559.0,0.41449222656605145,6673,3243,0.4859883111044508,194.0,135.0,0.6958762886597938,6479.0,3108.0,0.4797036579719092,5378,2920,0.5429527705466716,162.0,117.0,0.7222222222222222,5216.0,2803.0,0.5373849693251533,5475,6781
1212,92667,57880,0.6246020697767274,2046.0,1345.0,0.6573802541544477,90621.0,56535.0,0.6238620187373788,45759,33692,0.7362923140802902,1014.0,808.0,0.796844181459566,44745.0,32884.0,0.7349201028047827,35192,27431,0.7794669243009775,825.0,677.0,0.8206060606060606,34367.0,26754.0,0.7784793551953909,36055,46945
1213,179,35,0.19553072625698323,2.0,0.0,0.0,177.0,35.0,0.1977401129943503,168,34,0.20238095238095238,2.0,0.0,0.0,166.0,34.0,0.20481927710843373,166,34,0.20481927710843373,2.0,0.0,0.0,164.0,34.0,0.2073170731707317,177,179
1214,1537,395,0.25699414443721535,6.0,2.0,0.3333333333333333,1531.0,393.0,0.2566949706074461,778,217,0.27892030848329047,6.0,2.0,0.3333333333333333,772.0,215.0,0.27849740932642486,750,212,0.2826666666666667,6.0,2.0,0.3333333333333333,744.0,210.0,0.28225806451612906,752,780
1215,900,326,0.3622222222222222,14.0,2.0,0.14285714285714285,886.0,324.0,0.3656884875846501,814,307,0.37714987714987713,7.0,2.0,0.2857142857142857,807.0,305.0,0.37794299876084264,785,300,0.3821656050955414,7.0,2.0,0.2857142857142857,778.0,298.0,0.38303341902313626,814,844
1216,562,317,0.5640569395017794,1.0,1.0,1.0,561.0,316.0,0.5632798573975044,384,210,0.546875,1.0,1.0,1.0,383.0,209.0,0.5456919060052219,380,209,0.55,1.0,1.0,1.0,379.0,208.0,0.5488126649076517,630,636
1217,3721,260,0.06987368986831496,18.0,0.0,0.0,3703.0,260.0,0.07021334053470159,2566,211,0.08222915042868277,9.0,0.0,0.0,2557.0,211.0,0.0825185764567853,2514,204,0.081145584725537,9.0,0.0,0.0,2505.0,204.0,0.081437125748503,2953,3010
1219,2110,1988,0.9421800947867298,14.0,14.0,1.0,2096.0,1974.0,0.941793893129771,522,487,0.9329501915708812,6.0,6.0,1.0,516.0,481.0,0.9321705426356589,451,418,0.926829268292683,6.0,6.0,1.0,445.0,412.0,0.9258426966292135,458,529
1220,146,43,0.2945205479452055,8.0,3.0,0.375,138.0,40.0,0.2898550724637681,139,40,0.28776978417266186,6.0,2.0,0.3333333333333333,133.0,38.0,0.2857142857142857,136,38,0.27941176470588236,6.0,2.0,0.3333333333333333,130.0,36.0,0.27692307692307694,166,169
1221,87,9,0.10344827586206896,6.0,1.0,0.16666666666666666,81.0,8.0,0.09876543209876543,76,9,0.11842105263157894,6.0,1.0,0.16666666666666666,70.0,8.0,0.11428571428571428,75,9,0.12,6.0,1.0,0.16666666666666666,69.0,8.0,0.11594202898550725,82,83
1222,76794,23950,0.3118733234367268,2952.0,1220.0,0.4132791327913279,73842.0,22730.0,0.3078193981744807,17978,7670,0.426632550895539,421.0,191.0,0.45368171021377673,17557.0,7479.0,0.42598393803041523,17108,7512,0.4390928220715455,417.0,190.0,0.4556354916067146,16691.0,7322.0,0.43867952788928166,17150,18021
1223,6381,2273,0.35621375959880897,57.0,25.0,0.43859649122807015,6324.0,2248.0,0.35547122074636306,5692,1931,0.3392480674631061,46.0,21.0,0.45652173913043476,5646.0,1910.0,0.3382925965285158,4657,1776,0.38136139145372555,44.0,21.0,0.4772727272727273,4613.0,1755.0,0.3804465640580967,4665,5701
1225,619,273,0.4410339256865913,9.0,3.0,0.3333333333333333,610.0,270.0,0.4426229508196721,476,186,0.3907563025210084,7.0,2.0,0.2857142857142857,469.0,184.0,0.39232409381663114,469,183,0.39019189765458423,7.0,2.0,0.2857142857142857,462.0,181.0,0.3917748917748918,989,1018
1227,1030,245,0.23786407766990292,17.0,2.0,0.11764705882352941,1013.0,243.0,0.23988153998025666,985,236,0.23959390862944163,15.0,2.0,0.13333333333333333,970.0,234.0,0.24123711340206186,952,234,0.24579831932773108,15.0,2.0,0.13333333333333333,937.0,232.0,0.24759871931696906,978,1011
1228,24692,8352,0.3382472055726551,444.0,107.0,0.240990990990991,24248.0,8245.0,0.3400280435499835,21246,7146,0.33634566506636543,391.0,97.0,0.24808184143222506,20855.0,7049.0,0.3380004795013186,20365,6971,0.3423029707832065,379.0,97.0,0.2559366754617414,19986.0,6874.0,0.34394075853097167,29423,31353
1229,35815,10547,0.29448555074689375,935.0,421.0,0.4502673796791444,34880.0,10126.0,0.29030963302752294,29523,8316,0.2816786911899197,593.0,168.0,0.28330522765598654,28930.0,8148.0,0.28164535084687176,27805,8004,0.2878618953425643,578.0,164.0,0.2837370242214533,27227.0,7840.0,0.28794946193117127,31777,33691
1230,555899,120412,0.21660769312411068,19639.0,6293.0,0.3204338306431081,536260.0,114119.0,0.21280535561108418,213635,47767,0.22359163994663794,5878.0,1366.0,0.23239197005784282,207757.0,46401.0,0.22334265512112708,175746,45463,0.2586858306874694,4733.0,1304.0,0.2755123600253539,171013.0,44159.0,0.2582201353113506,177236,216900
1231,209958,52400,0.24957372426866326,1852.0,485.0,0.26187904967602593,208106.0,51915.0,0.24946421535179186,93591,27326,0.2919725187250911,939.0,312.0,0.33226837060702874,92652.0,27014.0,0.2915641324526184,85033,26085,0.3067632566180189,861.0,301.0,0.34959349593495936,84172.0,25784.0,0.30632514375326714,85034,93593
1232,12973,5453,0.4203345409697063,33.0,21.0,0.6363636363636364,12940.0,5432.0,0.4197836166924266,7846,4025,0.513000254906959,33.0,21.0,0.6363636363636364,7813.0,4004.0,0.5124792013311148,7683,3968,0.5164649225562931,32.0,21.0,0.65625,7651.0,3947.0,0.5158802770879624,7683,7846
1235,34,0,0.0,0.0,0.0,,34.0,0.0,0.0,34,0,0.0,0.0,0.0,,34.0,0.0,0.0,34,0,0.0,0.0,0.0,,34.0,0.0,0.0,43,43
1236,17293,5630,0.32556525761868965,330.0,123.0,0.37272727272727274,16963.0,5507.0,0.32464776277781054,15548,4891,0.3145742217648572,281.0,102.0,0.36298932384341637,15267.0,4789.0,0.31368310735573457,14932,4681,0.3134878114117332,274.0,101.0,0.3686131386861314,14658.0,4580.0,0.3124573611679629,16634,17321
1237,142613,25727,0.1803972989839636,791.0,115.0,0.14538558786346398,141822.0,25612.0,0.18059257378968002,134221,23691,0.17650740197137557,720.0,90.0,0.125,133501.0,23601.0,0.17678519262028,115382,19923,0.17266991385138064,699.0,84.0,0.12017167381974249,114683.0,19839.0,0.1729898938813948,118724,138427
1240,61262,30115,0.49157716039306587,1377.0,637.0,0.4625998547567175,59885.0,29478.0,0.4922434666444018,44520,20286,0.4556603773584906,880.0,376.0,0.42727272727272725,43640.0,19910.0,0.4562328139321723,43112,19704,0.45704212284282797,866.0,372.0,0.4295612009237875,42246.0,19332.0,0.4576054537707712,43335,44763
1241,397,25,0.06297229219143577,15.0,0.0,0.0,382.0,25.0,0.06544502617801047,393,25,0.06361323155216285,15.0,0.0,0.0,378.0,25.0,0.06613756613756613,388,24,0.061855670103092786,15.0,0.0,0.0,373.0,24.0,0.064343163538874,392,397
1242,18115,6141,0.33900082804305826,288.0,134.0,0.4652777777777778,17827.0,6007.0,0.3369607898132047,13814,4585,0.3319096568698422,199.0,87.0,0.4371859296482412,13615.0,4498.0,0.3303709144326111,13226,4398,0.3325268410706185,199.0,87.0,0.4371859296482412,13027.0,4311.0,0.33092807246488065,19314,20302
1243,5318,3250,0.6111320045129748,87.0,50.0,0.5747126436781609,5231.0,3200.0,0.6117377174536418,3580,2559,0.714804469273743,54.0,36.0,0.6666666666666666,3526.0,2523.0,0.715541690300624,3472,2469,0.7111175115207373,54.0,36.0,0.6666666666666666,3418.0,2433.0,0.7118197776477472,5029,5167
1245,284,190,0.6690140845070423,1.0,1.0,1.0,283.0,189.0,0.6678445229681979,80,56,0.7,1.0,1.0,1.0,79.0,55.0,0.6962025316455697,79,56,0.7088607594936709,1.0,1.0,1.0,78.0,55.0,0.7051282051282052,83,87
1247,159,59,0.3710691823899371,2.0,0.0,0.0,157.0,59.0,0.37579617834394907,154,56,0.36363636363636365,2.0,0.0,0.0,152.0,56.0,0.3684210526315789,150,56,0.37333333333333335,2.0,0.0,0.0,148.0,56.0,0.3783783783783784,150,154
1248,9079,3660,0.40312809780812864,184.0,87.0,0.47282608695652173,8895.0,3573.0,0.40168634064080944,6888,2905,0.4217479674796748,134.0,68.0,0.5074626865671642,6754.0,2837.0,0.42004737933076697,6624,2829,0.4270833333333333,132.0,67.0,0.5075757575757576,6492.0,2762.0,0.4254467036352434,6624,6888
1249,5125,3327,0.6491707317073171,78.0,45.0,0.5769230769230769,5047.0,3282.0,0.6502872993857737,4826,3134,0.6493990882718608,74.0,43.0,0.581081081081081,4752.0,3091.0,0.6504629629629629,4748,3102,0.6533277169334457,73.0,42.0,0.5753424657534246,4675.0,3060.0,0.6545454545454545,4748,4826
1250,254,6,0.023622047244094488,2.0,0.0,0.0,252.0,6.0,0.023809523809523808,236,5,0.0211864406779661,1.0,0.0,0.0,235.0,5.0,0.02127659574468085,196,5,0.025510204081632654,1.0,0.0,0.0,195.0,5.0,0.02564102564102564,204,244
1251,20275,15862,0.7823427866831073,192.0,149.0,0.7760416666666666,20083.0,15713.0,0.78240302743614,17973,14573,0.8108273521393201,160.0,129.0,0.80625,17813.0,14444.0,0.8108684668500533,16789,13656,0.8133897194591697,152.0,125.0,0.8223684210526315,16637.0,13531.0,0.8133076876840777,18287,19539
1252,439,268,0.6104783599088838,15.0,11.0,0.7333333333333333,424.0,257.0,0.6061320754716981,418,259,0.6196172248803827,14.0,10.0,0.7142857142857143,404.0,249.0,0.6163366336633663,415,259,0.6240963855421687,14.0,10.0,0.7142857142857143,401.0,249.0,0.6209476309226932,623,627
1253,306104,130687,0.4269365967122285,4285.0,1769.0,0.41283547257876313,301819.0,128918.0,0.42713679390628156,265791,110913,0.4172940393015565,3599.0,1502.0,0.4173381494859683,262192.0,109411.0,0.4172934338194911,215609,95360,0.4422820939756689,2912.0,1322.0,0.4539835164835165,212697.0,94038.0,0.44212189170510163,231692,284851
1254,1091539,495309,0.4537712349260998,15515.0,6756.0,0.4354495649371576,1076024.0,488553.0,0.4540354118495498,847660,374043,0.44126536583063963,12220.0,5292.0,0.4330605564648118,835440.0,368751.0,0.4413853777650101,635553,302642,0.4761868797724187,9280.0,4466.0,0.48125,626273.0,298176.0,0.47611185537297634,685680,903640
1255,12940,8248,0.637403400309119,31.0,18.0,0.5806451612903226,12909.0,8230.0,0.6375397009838097,12092,7506,0.6207409857757195,31.0,18.0,0.5806451612903226,12061.0,7488.0,0.6208440427825221,10466,6752,0.6451366329065545,29.0,17.0,0.5862068965517241,10437.0,6735.0,0.645300373670595,56962,74097
1256,177784,48706,0.273961661341853,2863.0,698.0,0.24380020957038073,174921.0,48008.0,0.2744553255469612,167524,45504,0.27162675198777486,2699.0,669.0,0.2478695813264172,164825.0,44835.0,0.2720157743060822,125687,38625,0.3073110186415461,1906.0,557.0,0.29223504721930743,123781.0,38068.0,0.307543160905147,197018,264599
1260,1,1,1.0,0.0,0.0,,1.0,1.0,1.0,1,1,1.0,0.0,0.0,,1.0,1.0,1.0,1,1,1.0,0.0,0.0,,1.0,1.0,1.0,10,10
1261,47,26,0.5531914893617021,1.0,1.0,1.0,46.0,25.0,0.5434782608695652,36,21,0.5833333333333334,1.0,1.0,1.0,35.0,20.0,0.5714285714285714,36,21,0.5833333333333334,1.0,1.0,1.0,35.0,20.0,0.5714285714285714,36,36
1262,9936,2,0.00020128824476650564,24.0,0.0,0.0,9912.0,2.0,0.00020177562550443906,3746,1,0.00026695141484249865,15.0,0.0,0.0,3731.0,1.0,0.0002680246582685607,3498,1,0.0002858776443682104,14.0,0.0,0.0,3484.0,1.0,0.0002870264064293915,3498,3746
1263,52,26,0.5,1.0,1.0,1.0,51.0,25.0,0.49019607843137253,52,26,0.5,1.0,1.0,1.0,51.0,25.0,0.49019607843137253,51,26,0.5098039215686274,1.0,1.0,1.0,50.0,25.0,0.5,51,52
1265,310,102,0.32903225806451614,0.0,0.0,,310.0,102.0,0.32903225806451614,280,97,0.3464285714285714,0.0,0.0,,280.0,97.0,0.3464285714285714,279,97,0.34767025089605735,0.0,0.0,,279.0,97.0,0.34767025089605735,345,346
1268,187,7,0.0374331550802139,0.0,0.0,,187.0,7.0,0.0374331550802139,181,7,0.03867403314917127,0.0,0.0,,181.0,7.0,0.03867403314917127,178,7,0.03932584269662921,0.0,0.0,,178.0,7.0,0.03932584269662921,197,200
1269,497,171,0.3440643863179074,7.0,7.0,1.0,490.0,164.0,0.3346938775510204,239,80,0.33472803347280333,2.0,2.0,1.0,237.0,78.0,0.3291139240506329,235,80,0.3404255319148936,2.0,2.0,1.0,233.0,78.0,0.33476394849785407,235,239
1272,3583,3258,0.9092938878035166,35.0,31.0,0.8857142857142857,3548.0,3227.0,0.9095264937993236,3322,3017,0.9081878386514148,35.0,31.0,0.8857142857142857,3287.0,2986.0,0.9084271372071798,1688,1490,0.8827014218009479,18.0,16.0,0.8888888888888888,1670.0,1474.0,0.8826347305389222,1688,3322
1274,91015,55297,0.6075591935395265,936.0,646.0,0.6901709401709402,90079.0,54651.0,0.606700784866617,75576,47495,0.6284402455806076,783.0,523.0,0.6679438058748404,74793.0,46972.0,0.6280266869894241,67681,42748,0.6316100530429515,740.0,491.0,0.6635135135135135,66941.0,42257.0,0.631257375898179,68268,76198
1277,129,66,0.5116279069767442,2.0,1.0,0.5,127.0,65.0,0.5118110236220472,123,63,0.5121951219512195,2.0,1.0,0.5,121.0,62.0,0.512396694214876,121,62,0.512396694214876,2.0,1.0,0.5,119.0,61.0,0.5126050420168067,121,123
1278,270959,107083,0.3952000118099048,5875.0,2107.0,0.3586382978723404,265084.0,104976.0,0.39601032125665825,104113,27141,0.2606879064093821,2343.0,557.0,0.23772940674349125,101770.0,26584.0,0.2612164685074187,75051,21966,0.29268097693568373,1679.0,446.0,0.2656343061346039,73372.0,21520.0,0.2932998964182522,75207,104312
1279,1154,109,0.09445407279029462,13.0,1.0,0.07692307692307693,1141.0,108.0,0.09465381244522349,1123,108,0.09617097061442564,13.0,1.0,0.07692307692307693,1110.0,107.0,0.0963963963963964,1112,108,0.09712230215827339,13.0,1.0,0.07692307692307693,1099.0,107.0,0.09736123748862602,1112,1123
1280,5525,2034,0.3681447963800905,11.0,3.0,0.2727272727272727,5514.0,2031.0,0.36833514689880303,1212,546,0.4504950495049505,5.0,2.0,0.4,1207.0,544.0,0.4507042253521127,1173,531,0.45268542199488493,5.0,2.0,0.4,1168.0,529.0,0.4529109589041096,1173,1212
1282,2222,1201,0.5405040504050405,35.0,20.0,0.5714285714285714,2187.0,1181.0,0.5400091449474166,1549,763,0.4925758553905746,21.0,13.0,0.6190476190476191,1528.0,750.0,0.4908376963350785,1533,754,0.4918460534898891,21.0,13.0,0.6190476190476191,1512.0,741.0,0.49007936507936506,1557,1573
1284,32530,13065,0.4016292652935752,277.0,116.0,0.4187725631768953,32253.0,12949.0,0.40148203267913063,21269,5354,0.2517278668484649,190.0,49.0,0.2578947368421053,21079.0,5305.0,0.25167228046871293,19704,5083,0.25796792529435647,175.0,46.0,0.26285714285714284,19529.0,5037.0,0.2579241128578012,19797,21364
1285,15,6,0.4,0.0,0.0,,15.0,6.0,0.4,15,6,0.4,0.0,0.0,,15.0,6.0,0.4,15,6,0.4,0.0,0.0,,15.0,6.0,0.4,15,15
1287,187282,73835,0.3942450422357728,5591.0,1974.0,0.35306742979788946,181691.0,71861.0,0.3955121607564491,109389,31079,0.2841144904880747,3578.0,996.0,0.27836780324203464,105811.0,30083.0,0.2843088147735113,92217,26823,0.29086827808321675,3158.0,914.0,0.2894236858771374,89059.0,25909.0,0.29091950280151363,92258,109445
1289,1,1,1.0,0.0,0.0,,1.0,1.0,1.0,1,1,1.0,0.0,0.0,,1.0,1.0,1.0,1,1,1.0,0.0,0.0,,1.0,1.0,1.0,3,3
1291,46979,23539,0.5010536622746333,1030.0,483.0,0.46893203883495144,45949.0,23056.0,0.5017737056301552,32160,16067,0.4995957711442786,624.0,279.0,0.44711538461538464,31536.0,15788.0,0.5006341958396753,30836,15490,0.5023349331949669,614.0,273.0,0.44462540716612375,30222.0,15217.0,0.5035073787307259,35419,37041
1292,1405,875,0.6227758007117438,7.0,3.0,0.42857142857142855,1398.0,872.0,0.6237482117310443,1015,522,0.5142857142857142,7.0,3.0,0.42857142857142855,1008.0,519.0,0.5148809523809523,984,509,0.5172764227642277,7.0,3.0,0.42857142857142855,977.0,506.0,0.5179119754350051,1548,1605
1293,66583,19004,0.2854181998408002,1014.0,179.0,0.1765285996055227,65569.0,18825.0,0.2871021366804435,56389,16523,0.2930181418361737,828.0,153.0,0.18478260869565216,55561.0,16370.0,0.2946311261496373,51628,15221,0.2948206399628109,781.0,148.0,0.18950064020486557,50847.0,15073.0,0.2964383346116782,58837,64558
1295,1559,567,0.3636946760744067,43.0,13.0,0.3023255813953488,1516.0,554.0,0.3654353562005277,1263,452,0.3578780680918448,35.0,10.0,0.2857142857142857,1228.0,442.0,0.35993485342019543,1232,448,0.36363636363636365,35.0,10.0,0.2857142857142857,1197.0,438.0,0.3659147869674185,2324,2477
1297,77754,30341,0.3902178666049335,2036.0,907.0,0.4454813359528487,75718.0,29434.0,0.38873187353073246,58599,20561,0.3508762948173177,1169.0,507.0,0.43370402053036783,57430.0,20054.0,0.34919031864878985,51682,17014,0.32920552610193105,953.0,353.0,0.3704092339979014,50729.0,16661.0,0.3284314691793649,52290,59260
1298,26412,11383,0.4309783431773436,612.0,296.0,0.48366013071895425,25800.0,11087.0,0.4297286821705426,18096,7666,0.42362953138815207,393.0,175.0,0.44529262086513993,17703.0,7491.0,0.42314861887815625,15749,6444,0.40916883611657884,345.0,149.0,0.4318840579710145,15404.0,6295.0,0.40866008828875616,15879,18282
1299,19698,15627,0.7933292720073104,576.0,498.0,0.8645833333333334,19122.0,15129.0,0.7911829306557892,16013,12678,0.791731717979142,425.0,360.0,0.8470588235294118,15588.0,12318.0,0.7902232486528099,13512,10702,0.7920367081113084,310.0,253.0,0.8161290322580645,13202.0,10449.0,0.7914709892440539,13523,16026
1301,2,0,0.0,0.0,0.0,,2.0,0.0,0.0,2,0,0.0,0.0,0.0,,2.0,0.0,0.0,2,0,0.0,0.0,0.0,,2.0,0.0,0.0,2,2
1302,27122,6382,0.23530713074257062,339.0,78.0,0.23008849557522124,26783.0,6304.0,0.23537318448269426,25268,5990,0.23705873041000475,321.0,78.0,0.24299065420560748,24947.0,5912.0,0.23698240269371065,24745,5834,0.2357648009698929,319.0,78.0,0.2445141065830721,24426.0,5756.0,0.235650536313764,30804,31445
1303,10640,2036,0.1913533834586466,126.0,33.0,0.2619047619047619,10514.0,2003.0,0.19050789423625641,10329,1872,0.18123729305837932,124.0,33.0,0.2661290322580645,10205.0,1839.0,0.18020578147966684,10158,1839,0.18103957471943297,123.0,33.0,0.2682926829268293,10035.0,1806.0,0.17997010463378177,12316,12514
1304,1,1,1.0,0.0,0.0,,1.0,1.0,1.0,1,1,1.0,0.0,0.0,,1.0,1.0,1.0,1,1,1.0,0.0,0.0,,1.0,1.0,1.0,635,652
1307,1839,296,0.16095704187058185,9.0,2.0,0.2222222222222222,1830.0,294.0,0.16065573770491803,1728,270,0.15625,7.0,1.0,0.14285714285714285,1721.0,269.0,0.15630447414294016,1366,257,0.18814055636896046,7.0,1.0,0.14285714285714285,1359.0,256.0,0.188373804267844,1868,2252
1309,1937,618,0.31905007743933916,34.0,10.0,0.29411764705882354,1903.0,608.0,0.3194955333683657,1819,586,0.32215503023639364,28.0,8.0,0.2857142857142857,1791.0,578.0,0.32272473478503627,1762,576,0.32690124858115777,28.0,8.0,0.2857142857142857,1734.0,568.0,0.3275663206459054,1853,1914
1310,35210,12666,0.35972735018460666,496.0,117.0,0.23588709677419356,34714.0,12549.0,0.36149680244281845,29175,10870,0.37257926306769495,435.0,101.0,0.23218390804597702,28740.0,10769.0,0.3747042449547669,27582,10573,0.3833297077804365,418.0,100.0,0.23923444976076555,27164.0,10473.0,0.38554704756295094,41586,44522
1311,596664,176855,0.2964063526540901,20067.0,5093.0,0.2537997707679274,576597.0,171762.0,0.29788916695716416,247070,71194,0.2881531549763225,6415.0,2023.0,0.31535463756819954,240655.0,69171.0,0.28742806091708045,202541,64517,0.31853797502727843,5101.0,1871.0,0.366790825328367,197440.0,62646.0,0.3172913290113452,202593,247133
1312,136530,39272,0.2876437413022779,1046.0,286.0,0.2734225621414914,135484.0,38986.0,0.28775353547282334,59521,16946,0.28470623813443996,474.0,151.0,0.31856540084388185,59047.0,16795.0,0.28443443358680376,55801,16297,0.29205569792656044,458.0,150.0,0.32751091703056767,55343.0,16147.0,0.2917622824928175,55801,59522
1313,3990535,604991,0.15160648885425138,67892.0,11187.0,0.16477640959170448,3922643.0,593804.0,0.15137854757621327,3319771,557111,0.16781609333896827,51625.0,10235.0,0.19825665859564165,3268146.0,546876.0,0.16733524144882145,2575677,488094,0.18950124569190935,40840.0,8927.0,0.2185847208619001,2534837.0,479167.0,0.1890326675837539,2648027,3406941
1315,41903,14421,0.34415197002601244,587.0,222.0,0.3781942078364566,41316.0,14199.0,0.3436683125181528,38471,13096,0.3404122585843882,530.0,195.0,0.36792452830188677,37941.0,12901.0,0.3400279381144408,36082,12618,0.3497034532453855,519.0,190.0,0.36608863198458574,35563.0,12428.0,0.3494643309057166,36619,39107
1316,29045,6726,0.23157169908762265,628.0,166.0,0.2643312101910828,28417.0,6560.0,0.2308477319914136,27374,6289,0.22974355227588222,590.0,152.0,0.2576271186440678,26784.0,6137.0,0.22912933094384708,25193,6020,0.23895526535148653,565.0,148.0,0.26194690265486725,24628.0,5872.0,0.23842780574955336,25355,27580
1317,104439,14937,0.14302128515209836,1811.0,318.0,0.1755935946990613,102628.0,14619.0,0.14244650582686985,97330,13525,0.13896023836432755,1698.0,293.0,0.17255594817432274,95632.0,13232.0,0.1383637276225531,90286,13035,0.14437454311853443,1631.0,287.0,0.1759656652360515,88655.0,12748.0,0.14379335626868198,90910,98056
1318,132872,17560,0.1321572641339033,2247.0,316.0,0.14063195371606588,130625.0,17244.0,0.13201148325358852,109030,14237,0.13057873979638632,1711.0,226.0,0.13208649912331968,107319.0,14011.0,0.1305547014042248,100178,13403,0.13379185050609915,1640.0,222.0,0.1353658536585366,98538.0,13181.0,0.1337656538594248,100702,109656
1319,14235,1653,0.11612223393045311,475.0,50.0,0.10526315789473684,13760.0,1603.0,0.11649709302325581,13377,1437,0.10742318905584211,448.0,41.0,0.09151785714285714,12929.0,1396.0,0.1079743212932168,12329,1390,0.11274231486738584,434.0,41.0,0.0944700460829493,11895.0,1349.0,0.1134089953762085,12337,13386
1320,1979,641,0.3239009600808489,13.0,6.0,0.46153846153846156,1966.0,635.0,0.3229908443540183,1301,442,0.33973866256725593,11.0,5.0,0.45454545454545453,1290.0,437.0,0.3387596899224806,993,398,0.40080563947633435,11.0,5.0,0.45454545454545453,982.0,393.0,0.40020366598778007,1059,1383
1321,24114,9826,0.4074811312930248,234.0,125.0,0.5341880341880342,23880.0,9701.0,0.4062395309882747,22155,9161,0.41349582487023245,210.0,111.0,0.5285714285714286,21945.0,9050.0,0.4123946229209387,19637,8249,0.4200743494423792,203.0,106.0,0.5221674876847291,19434.0,8143.0,0.4190079242564578,21137,23767
1322,410,135,0.32926829268292684,6.0,4.0,0.6666666666666666,404.0,131.0,0.32425742574257427,389,133,0.34190231362467866,5.0,3.0,0.6,384.0,130.0,0.3385416666666667,382,130,0.3403141361256545,5.0,3.0,0.6,377.0,127.0,0.33687002652519893,465,473
1323,11545,7145,0.6188826331745344,316.0,169.0,0.5348101265822784,11229.0,6976.0,0.6212485528542168,7072,5047,0.7136595022624435,142.0,110.0,0.7746478873239436,6930.0,4937.0,0.7124098124098124,6040,4456,0.7377483443708609,123.0,96.0,0.7804878048780488,5917.0,4360.0,0.7368598952171709,6095,7143
1325,6,0,0.0,0.0,0.0,,6.0,0.0,0.0,6,0,0.0,0.0,0.0,,6.0,0.0,0.0,5,0,0.0,0.0,0.0,,5.0,0.0,0.0,267,293
1326,2148,437,0.20344506517690875,65.0,11.0,0.16923076923076924,2083.0,426.0,0.20451272203552567,2113,423,0.20018930430667298,58.0,10.0,0.1724137931034483,2055.0,413.0,0.20097323600973235,1990,402,0.2020100502512563,55.0,10.0,0.18181818181818182,1935.0,392.0,0.20258397932816538,1990,2113
1327,281,40,0.1423487544483986,48.0,1.0,0.020833333333333332,233.0,39.0,0.16738197424892703,279,40,0.14336917562724014,48.0,1.0,0.020833333333333332,231.0,39.0,0.16883116883116883,275,40,0.14545454545454545,46.0,1.0,0.021739130434782608,229.0,39.0,0.1703056768558952,16225,17457
1328,1388553,411148,0.29609816838104125,16279.0,4885.0,0.3000798574851035,1372274.0,406263.0,0.2960509344343768,1193854,354202,0.29668786970601096,12680.0,3728.0,0.294006309148265,1181174.0,350474.0,0.29671665647906237,1014687,314898,0.3103400358928418,11767.0,3526.0,0.29965156794425085,1002920.0,311372.0,0.3104654409125354,1068009,1254129
1329,2226959,678692,0.3047617850171467,33380.0,8544.0,0.2559616536848412,2193579.0,670148.0,0.30550438347558945,1080527,253316,0.23443745505665292,16905.0,3287.0,0.19443951493640935,1063622.0,250029.0,0.23507317449244186,842049,217659,0.258487332684915,13642.0,2897.0,0.21235889165811464,828407.0,214762.0,0.2592469643544779,906558,1162349
1333,9899,1074,0.10849580765733913,42.0,3.0,0.07142857142857142,9857.0,1071.0,0.10865374860505225,4541,360,0.07927769213829552,23.0,2.0,0.08695652173913043,4518.0,358.0,0.07923860115095174,3287,334,0.10161241253422573,17.0,2.0,0.11764705882352941,3270.0,332.0,0.10152905198776759,3315,4593
1336,779469,178533,0.22904438791023118,9280.0,1668.0,0.17974137931034484,770189.0,176865.0,0.22963843939604434,439109,81162,0.18483337850055453,5401.0,770.0,0.1425661914460285,433708.0,80392.0,0.18535973512132586,358760,69832,0.19464823280187313,4621.0,701.0,0.15169876650075742,354139.0,69131.0,0.1952086610059892,376650,460358
1340,1132341,212885,0.18800432025335123,16014.0,3576.0,0.22330460846759087,1116327.0,209309.0,0.1874979284743628,1030457,189736,0.18412801310486512,14643.0,3211.0,0.2192856655057024,1015814.0,186525.0,0.18362121411990778,896665,169591,0.1891352957905126,13493.0,3059.0,0.22671014600163047,883172.0,166532.0,0.18856123156078317,898514,1032561
1342,1883,714,0.379182156133829,51.0,12.0,0.23529411764705882,1832.0,702.0,0.38318777292576417,1466,627,0.4276944065484311,33.0,9.0,0.2727272727272727,1433.0,618.0,0.43126308443824146,1421,622,0.43771991555242784,29.0,9.0,0.3103448275862069,1392.0,613.0,0.44037356321839083,1544,1590
1343,18079,2721,0.15050611206372033,288.0,12.0,0.041666666666666664,17791.0,2709.0,0.15226800067449833,16275,2446,0.15029185867895545,265.0,12.0,0.045283018867924525,16010.0,2434.0,0.15202998126171144,15656,2407,0.15374297393970363,256.0,12.0,0.046875,15400.0,2395.0,0.15551948051948053,17763,18456
1344,8170,2905,0.35556915544675644,138.0,36.0,0.2608695652173913,8032.0,2869.0,0.3571962151394422,6290,2232,0.3548489666136725,102.0,25.0,0.24509803921568626,6188.0,2207.0,0.35665804783451843,6009,2159,0.35929439174571476,93.0,22.0,0.23655913978494625,5916.0,2137.0,0.3612237998647735,9330,10068
1345,613135,210054,0.34259013104781166,10394.0,3334.0,0.32076197806426787,602741.0,206720.0,0.34296654782070574,358528,116613,0.3252549312745448,5926.0,1900.0,0.32062099223759705,352602.0,114713.0,0.3253328114985167,297400,101230,0.34038332212508404,5219.0,1727.0,0.33090630388963405,292181.0,99503.0,0.3405526026675246,297605,358780
1346,249,13,0.05220883534136546,1.0,0.0,0.0,248.0,13.0,0.05241935483870968,73,5,0.0684931506849315,1.0,0.0,0.0,72.0,5.0,0.06944444444444445,72,5,0.06944444444444445,1.0,0.0,0.0,71.0,5.0,0.07042253521126761,72,73
1347,1092,346,0.31684981684981683,11.0,3.0,0.2727272727272727,1081.0,343.0,0.3172987974098057,1022,330,0.32289628180039137,9.0,2.0,0.2222222222222222,1013.0,328.0,0.32379072063178677,962,320,0.33264033264033266,9.0,2.0,0.2222222222222222,953.0,318.0,0.3336831059811123,1082,1143
1348,1746,448,0.2565864833906071,9.0,0.0,0.0,1737.0,448.0,0.257915947035118,1649,426,0.25833838690115224,6.0,0.0,0.0,1643.0,426.0,0.2592818015824711,1578,408,0.2585551330798479,6.0,0.0,0.0,1572.0,408.0,0.2595419847328244,1616,1690
1349,1395,590,0.4229390681003584,11.0,1.0,0.09090909090909091,1384.0,589.0,0.42557803468208094,1285,577,0.4490272373540856,11.0,1.0,0.09090909090909091,1274.0,576.0,0.4521193092621664,1261,562,0.4456780333068993,11.0,1.0,0.09090909090909091,1250.0,561.0,0.4488,1801,1846
1350,2779,269,0.0967974091399784,23.0,2.0,0.08695652173913043,2756.0,267.0,0.09687953555878084,2614,258,0.09869931140015302,21.0,2.0,0.09523809523809523,2593.0,256.0,0.09872734284612418,2568,255,0.09929906542056074,21.0,2.0,0.09523809523809523,2547.0,253.0,0.09933254809579897,2950,3011
1353,242655,18933,0.07802435556654509,3478.0,321.0,0.09229442208165613,239177.0,18612.0,0.0778168469376236,215395,17511,0.08129715174446946,2919.0,302.0,0.10346008907159986,212476.0,17209.0,0.08099267681997026,170549,16172,0.09482318864373289,2357.0,281.0,0.1192193466270683,168192.0,15891.0,0.09448130707762557,244084,308637
1354,53595,30102,0.5616568709767702,1392.0,794.0,0.5704022988505747,52203.0,29308.0,0.5614236729689864,34502,21512,0.6235000869514811,964.0,614.0,0.6369294605809128,33538.0,20898.0,0.6231140795515535,27319,18636,0.6821625974596435,842.0,563.0,0.668646080760095,26477.0,18073.0,0.6825924387203989,28005,35360
1355,7468,4688,0.6277450455275844,190.0,133.0,0.7,7278.0,4555.0,0.6258587524045067,5395,3568,0.6613531047265987,132.0,94.0,0.7121212121212122,5263.0,3474.0,0.6600798023940718,5147,3449,0.6700990868467068,131.0,94.0,0.7175572519083969,5016.0,3355.0,0.668859649122807,5275,5530
1356,134545,36424,0.27071983351295104,2169.0,547.0,0.25218994928538496,132376.0,35877.0,0.2710234483592192,64913,18294,0.2818233635789441,1091.0,255.0,0.23373052245646195,63822.0,18039.0,0.28264548274889534,60477,17285,0.28581113481158127,1029.0,239.0,0.23226433430515064,59448.0,17046.0,0.28673798950343155,80677,86540
1357,346496,161869,0.4671597940524566,9871.0,4064.0,0.41171107283963126,336625.0,157805.0,0.46878574080950614,190038,107701,0.5667340216167293,4628.0,2511.0,0.5425669835782195,185410.0,105190.0,0.5673372525753735,174206,101683,0.5836940174276432,4411.0,2432.0,0.5513489004760825,169795.0,99251.0,0.5845342913513354,174677,190573
1358,243,240,0.9876543209876543,13.0,13.0,1.0,230.0,227.0,0.9869565217391304,128,126,0.984375,1.0,1.0,1.0,127.0,125.0,0.984251968503937,112,110,0.9821428571428571,1.0,1.0,1.0,111.0,109.0,0.9819819819819819,8648,9688
1359,899,4,0.004449388209121246,26.0,0.0,0.0,873.0,4.0,0.004581901489117984,620,4,0.0064516129032258064,26.0,0.0,0.0,594.0,4.0,0.006734006734006734,616,4,0.006493506493506494,26.0,0.0,0.0,590.0,4.0,0.006779661016949152,1743,1754
1360,675,8,0.011851851851851851,10.0,0.0,0.0,665.0,8.0,0.012030075187969926,639,4,0.006259780907668232,10.0,0.0,0.0,629.0,4.0,0.006359300476947536,633,4,0.00631911532385466,10.0,0.0,0.0,623.0,4.0,0.006420545746388443,886,892
1361,792,265,0.3345959595959596,2.0,0.0,0.0,790.0,265.0,0.33544303797468356,745,251,0.33691275167785234,2.0,0.0,0.0,743.0,251.0,0.33781965006729475,697,240,0.34433285509325684,2.0,0.0,0.0,695.0,240.0,0.34532374100719426,726,775
1362,361006,98214,0.2720564201149011,6719.0,1478.0,0.21997321029915165,354287.0,96736.0,0.2730441704042203,325728,88775,0.27254334905196975,6141.0,1340.0,0.21820550398957825,319587.0,87435.0,0.27358747383341625,303308,85010,0.28027615493162067,5902.0,1315.0,0.22280582853270078,297406.0,83695.0,0.28141664929423077,304746,327295
1364,47627,13524,0.28395657925126505,733.0,150.0,0.20463847203274216,46894.0,13374.0,0.2851964003923743,35079,9565,0.272670258559252,534.0,119.0,0.22284644194756553,34545.0,9446.0,0.27344044000578954,33738,9321,0.27627600924773255,530.0,119.0,0.22452830188679246,33208.0,9202.0,0.2771019031558661,35384,36860
1365,33,7,0.21212121212121213,0.0,0.0,,33.0,7.0,0.21212121212121213,33,7,0.21212121212121213,0.0,0.0,,33.0,7.0,0.21212121212121213,33,7,0.21212121212121213,0.0,0.0,,33.0,7.0,0.21212121212121213,58,62
1366,378433,34000,0.08984417320899604,4322.0,121.0,0.02799629801018047,374111.0,33879.0,0.09055868445461374,187002,15932,0.08519694976524315,2183.0,19.0,0.008703618873110398,184819.0,15913.0,0.08610045503979569,127366,12098,0.09498610304162806,1538.0,15.0,0.00975292587776333,125828.0,12083.0,0.09602791111676257,127366,187003
1368,3561,442,0.12412243751755125,41.0,5.0,0.12195121951219512,3520.0,437.0,0.12414772727272727,3402,421,0.12375073486184597,39.0,5.0,0.1282051282051282,3363.0,416.0,0.12369907820398454,3109,416,0.1338050820199421,34.0,5.0,0.14705882352941177,3075.0,411.0,0.13365853658536586,5577,6014
1371,3709977,1556244,0.41947537680152736,65217.0,26806.0,0.41102779950013035,3644760.0,1529438.0,0.4196265323368342,2245114,804867,0.3584971631730059,33609.0,12071.0,0.359159748876789,2211505.0,792796.0,0.358487093630808,1638290,615503,0.3756984416678366,25446.0,9683.0,0.3805313212292698,1612844.0,605820.0,0.37562219284692133,1662293,2275206
1372,884,0,0.0,8.0,0.0,0.0,876.0,0.0,0.0,862,0,0.0,7.0,0.0,0.0,855.0,0.0,0.0,837,0,0.0,7.0,0.0,0.0,830.0,0.0,0.0,837,862
1373,14966191,2234859,0.14932717349391036,269427.0,40460.0,0.15017054712408184,14696764.0,2194399.0,0.14931171242866798,5763090,1108808,0.19239817528443942,79982.0,18464.0,0.23085194168687956,5683108.0,1090344.0,0.19185699092820338,3830560,910504,0.23769474959274883,55795.0,15613.0,0.27982794157182544,3774765.0,894891.0,0.23707197666609708,3841818,5780286
1374,491372,67796,0.13797285966640346,2538.0,407.0,0.1603624901497242,488834.0,67389.0,0.1378566139016517,252305,44249,0.175379005568657,1069.0,248.0,0.23199251637043966,251236.0,44001.0,0.17513811714881625,187134,41233,0.220339435912234,861.0,234.0,0.27177700348432055,186273.0,40999.0,0.22010167871886963,187162,252341
1375,859696,75628,0.08797063147903444,16143.0,962.0,0.059592392987672674,843553.0,74666.0,0.08851370334762605,314093,38639,0.12301770494726084,4560.0,559.0,0.12258771929824562,309533.0,38080.0,0.1230240394400597,214924,33056,0.1538032048538088,3287.0,478.0,0.14542135686035898,211637.0,32578.0,0.15393338593913164,214925,314094
1377,1340328,13301,0.009923690320578247,18633.0,162.0,0.008694252133311866,1321695.0,13139.0,0.00994102270190929,744611,10339,0.01388510242260724,8824.0,118.0,0.013372620126926565,735787.0,10221.0,0.013891248418360204,537412,9430,0.01754705886731223,6045.0,100.0,0.016542597187758478,531367.0,9330.0,0.017558485942860583,552236,762026
1378,7711278,306059,0.03968978942271307,117060.0,6683.0,0.05709038100119597,7594218.0,299376.0,0.039421570463212936,3456542,202322,0.058533065705551966,44243.0,4411.0,0.09969938747372466,3412299.0,197911.0,0.05799931365920747,2363316,173914,0.07358897413634063,30888.0,3873.0,0.12538850038850038,2332428.0,170041.0,0.07290300064996648,2382013,3486336
1379,6643626,271646,0.04088821375556059,80570.0,4006.0,0.049720739729427824,6563056.0,267640.0,0.040779783076664286,3040654,168978,0.05557291293254675,29562.0,2091.0,0.0707326973817739,3011092.0,166887.0,0.055424078706329795,2177038,137655,0.06323040755374963,22235.0,1798.0,0.08086350348549584,2154803.0,135857.0,0.06304845500957629,2197115,3064332
1380,1337907,64279,0.048044445540684065,23883.0,782.0,0.03274295524012896,1314024.0,63497.0,0.04832255727444856,770550,43736,0.056759457530335476,12456.0,545.0,0.043754014129736674,758094.0,43191.0,0.05697314581041401,526124,35808,0.06806000106438787,8556.0,488.0,0.05703599812996728,517568.0,35320.0,0.06824224063311488,526296,770955
1381,7625661,144876,0.018998484196976497,127412.0,2961.0,0.02323956927134022,7498249.0,141915.0,0.018926418687882997,3732240,102967,0.027588525925449595,50750.0,1724.0,0.033970443349753694,3681490.0,101243.0,0.02750055004902906,2601622,93821,0.03606250254648831,36884.0,1586.0,0.04299967465567726,2564738.0,92235.0,0.03596273771433963,2661019,3823744
1383,59405,31368,0.5280363605757091,1057.0,593.0,0.5610217596972564,58348.0,30775.0,0.5274388153835607,39915,21104,0.5287235375172241,690.0,374.0,0.5420289855072464,39225.0,20730.0,0.52848948374761,36751,19567,0.5324208865064897,626.0,333.0,0.5319488817891374,36125.0,19234.0,0.5324290657439447,44321,47891
1385,1186857,707582,0.596181342823946,16303.0,10066.0,0.6174323744096178,1170554.0,697516.0,0.595885367099681,280488,185728,0.6621602350189669,4247.0,2920.0,0.6875441488109254,276241.0,182808.0,0.6617699762164198,250449,167592,0.669166177545129,3897.0,2705.0,0.6941236848858096,246552.0,164887.0,0.6687716992764204,251485,281629
1386,6541,4003,0.6119859348723437,38.0,19.0,0.5,6503.0,3984.0,0.6126403198523759,2511,1545,0.6152927120669056,17.0,9.0,0.5294117647058824,2494.0,1536.0,0.615878107457899,2486,1531,0.6158487530168946,17.0,9.0,0.5294117647058824,2469.0,1522.0,0.6164439044147428,2711,2741
1387,1272412,530148,0.416648066821124,20278.0,11989.0,0.5912318769109379,1252134.0,518159.0,0.4138207252578398,489548,169935,0.34712632877674915,3673.0,1645.0,0.4478627824666485,485875.0,168290.0,0.3463648057627991,327167,140915,0.43071275525954633,2655.0,1453.0,0.5472693032015066,324512.0,139462.0,0.4297591460408244,336068,498690
1388,145039,23915,0.16488668565006653,599.0,123.0,0.20534223706176963,144440.0,23792.0,0.16471891442813624,59818,9902,0.16553545755458224,225.0,70.0,0.3111111111111111,59593.0,9832.0,0.1649858204822714,42787,8387,0.1960174819454507,173.0,63.0,0.36416184971098264,42614.0,8324.0,0.19533486647580608,42787,59824
1389,148344,60270,0.4062853907134768,4543.0,2908.0,0.6401056570548096,143801.0,57362.0,0.39889847775745646,18551,12126,0.6536574847717104,290.0,211.0,0.7275862068965517,18261.0,11915.0,0.6524834346421335,17161,11456,0.6675601654915214,276.0,205.0,0.7427536231884058,16885.0,11251.0,0.6663310630737341,19243,20735
1390,572068,54914,0.09599208485704497,10912.0,613.0,0.056176686217008796,561156.0,54301.0,0.09676631810049255,146510,17116,0.11682479011671558,2949.0,233.0,0.07900983384198033,143561.0,16883.0,0.11760157702997333,132421,16440,0.12414949290520386,2715.0,225.0,0.08287292817679558,129706.0,16215.0,0.12501349205125437,149285,165047
1391,230891,68197,0.29536447934306664,3473.0,591.0,0.170169881946444,227418.0,67606.0,0.29727638093730485,62604,19591,0.31293527570123314,928.0,186.0,0.20043103448275862,61676.0,19405.0,0.3146280562941825,56841,18188,0.3199802959131613,865.0,180.0,0.20809248554913296,55976.0,18008.0,0.3217093039874232,56886,62650
1392,59550,24215,0.40663308144416455,1169.0,477.0,0.40804106073567153,58381.0,23738.0,0.40660488857676297,16622,9703,0.5837444350860306,273.0,177.0,0.6483516483516484,16349.0,9526.0,0.5826656064591107,14787,8923,0.6034354500574829,250.0,166.0,0.664,14537.0,8757.0,0.6023938914494049,14788,16623
1393,37474,593,0.015824304851363612,925.0,7.0,0.0075675675675675675,36549.0,586.0,0.016033270404115025,7844,408,0.05201427842937277,272.0,6.0,0.022058823529411766,7572.0,402.0,0.05309033280507131,7187,404,0.056212606094336995,245.0,6.0,0.024489795918367346,6942.0,398.0,0.05733218092768655,9261,10016
1394,206320,21008,0.10182241178751454,3290.0,596.0,0.18115501519756838,203030.0,20412.0,0.10053686647293504,38732,8299,0.21426727253950223,807.0,286.0,0.3543990086741016,37925.0,8013.0,0.21128543177323666,35046,7760,0.2214232722707299,749.0,271.0,0.36181575433911883,34297.0,7489.0,0.21835729072513632,35070,38760
1395,1125714,610680,0.5424823711884191,23776.0,13055.0,0.5490831090174967,1101938.0,597625.0,0.5423399501605354,245549,170105,0.6927537884495559,3935.0,2715.0,0.6899618805590851,241614.0,167390.0,0.6927992583211238,219435,156104,0.7113906168113564,3611.0,2527.0,0.6998061478814733,215824.0,153577.0,0.7115844391726592,220216,246339
1396,35,9,0.2571428571428571,0.0,0.0,,35.0,9.0,0.2571428571428571,32,9,0.28125,0.0,0.0,,32.0,9.0,0.28125,30,8,0.26666666666666666,0.0,0.0,,30.0,8.0,0.26666666666666666,30,32
1397,152558,63416,0.4156845265407255,2704.0,1440.0,0.5325443786982249,149854.0,61976.0,0.41357588052370975,48210,27052,0.5611283965982161,702.0,448.0,0.6381766381766382,47508.0,26604.0,0.5599898964384946,43867,25243,0.5754439555930426,650.0,426.0,0.6553846153846153,43217.0,24817.0,0.574241617881852,43877,48221
1398,110127,75208,0.6829206280022156,122.0,82.0,0.6721311475409836,110005.0,75126.0,0.6829325939730012,9171,8199,0.8940137389597644,20.0,15.0,0.75,9151.0,8184.0,0.8943284886897607,8708,7838,0.9000918695452458,20.0,15.0,0.75,8688.0,7823.0,0.9004373848987108,10858,11417
1399,2336044,1299983,0.5564890901027549,61617.0,37887.0,0.6148790106626418,2274427.0,1262096.0,0.554907235976358,495981,348006,0.7016518777937059,9593.0,7014.0,0.731158136140936,486388.0,340992.0,0.7010699277120324,443411,316800,0.7144613011404769,8871.0,6569.0,0.7405027618081389,434540.0,310231.0,0.7139296727573986,443439,496014
1400,2101005,1143964,0.5444841873293971,57407.0,33196.0,0.5782570069852109,2043598.0,1110768.0,0.5435354702832944,437865,278327,0.6356456898815845,8319.0,5534.0,0.6652241855992307,429546.0,272793.0,0.6350728443519437,388404,256187,0.6595889846654515,7654.0,5231.0,0.6834334988241443,380750.0,250956.0,0.6591096520026264,388479,437949
1401,761730,560697,0.7360836516876058,11033.0,8538.0,0.7738602374694099,750697.0,552159.0,0.735528448894827,174440,138333,0.7930119238706719,1936.0,1627.0,0.8403925619834711,172504.0,136706.0,0.7924801743727682,160100,128565,0.8030293566520924,1814.0,1534.0,0.8456449834619625,158286.0,127031.0,0.8025409701426531,161054,175402
1402,1633588,1229740,0.75278466785995,51779.0,37184.0,0.7181289712045423,1581809.0,1192556.0,0.7539190888406881,314511,263176,0.8367783638728057,7107.0,6035.0,0.8491627972421556,307404.0,257141.0,0.8364920430443326,279535,236899,0.8474752714329153,6539.0,5630.0,0.8609879186419942,272996.0,231269.0,0.8471516066169468,281532,316591
1403,16406,10211,0.6223942460075582,531.0,358.0,0.6741996233521658,15875.0,9853.0,0.6206614173228346,12375,7846,0.634020202020202,493.0,333.0,0.6754563894523327,11882.0,7513.0,0.6323009594344386,11552,7484,0.6478531855955678,488.0,332.0,0.680327868852459,11064.0,7152.0,0.6464208242950108,11553,12376
1404,31,31,1.0,0.0,0.0,,31.0,31.0,1.0,26,26,1.0,0.0,0.0,,26.0,26.0,1.0,24,24,1.0,0.0,0.0,,24.0,24.0,1.0,4421,4592
1405,5743571,1891571,0.32933709707775877,89044.0,26624.0,0.2989982480571403,5654527.0,1864947.0,0.3298148545404417,2467017,782845,0.3173245259355732,32422.0,10291.0,0.317407932885078,2434595.0,772554.0,0.31732341518815244,1699026,613919,0.36133584771510263,23368.0,8351.0,0.35736905169462513,1675658.0,605568.0,0.36139116693263185,1731742,2514478
1406,116837,9088,0.07778357883204806,1193.0,53.0,0.04442581726739313,115644.0,9035.0,0.07812770225865588,69808,4530,0.06489227595691038,932.0,44.0,0.04721030042918455,68876.0,4486.0,0.06513154073988037,44710,3907,0.08738537239991054,635.0,39.0,0.06141732283464567,44075.0,3868.0,0.08775950085082246,44814,69922
1407,353904,288009,0.8138054387630543,4447.0,3882.0,0.8729480548684506,349457.0,284127.0,0.8130528219494816,116006,86404,0.7448235436098133,1162.0,978.0,0.8416523235800344,114844.0,85426.0,0.7438438229250113,86069,67141,0.7800834214409369,921.0,802.0,0.8707926167209555,85148.0,66339.0,0.7791022689904636,86069,116006
1410,18,0,0.0,0.0,0.0,,18.0,0.0,0.0,18,0,0.0,0.0,0.0,,18.0,0.0,0.0,18,0,0.0,0.0,0.0,,18.0,0.0,0.0,18,18
1411,315,4,0.012698412698412698,0.0,0.0,,315.0,4.0,0.012698412698412698,158,4,0.02531645569620253,0.0,0.0,,158.0,4.0,0.02531645569620253,139,4,0.02877697841726619,0.0,0.0,,139.0,4.0,0.02877697841726619,139,158
1412,4041,1332,0.32962138084632514,26.0,13.0,0.5,4015.0,1319.0,0.3285180572851806,4025,1324,0.32894409937888197,26.0,13.0,0.5,3999.0,1311.0,0.3278319579894974,3732,1248,0.33440514469453375,24.0,12.0,0.5,3708.0,1236.0,0.3333333333333333,3955,4250
1415,56516,15671,0.2772843088682851,411.0,127.0,0.30900243309002434,56105.0,15544.0,0.2770519561536405,27865,7447,0.26725282612596446,226.0,63.0,0.27876106194690264,27639.0,7384.0,0.2671587249900503,24163,6757,0.2796424285063941,207.0,62.0,0.2995169082125604,23956.0,6695.0,0.27947069627650695,25065,28887
1417,1288710,671166,0.5208045254556882,26256.0,11215.0,0.4271404631322364,1262454.0,659951.0,0.5227525121707405,583883,306026,0.5241221272069918,9745.0,4940.0,0.5069266290405336,574138.0,301086.0,0.5244139910613824,466554,251768,0.5396331400009431,7957.0,4119.0,0.5176574085710695,458597.0,247649.0,0.5400144353321108,516262,646698
1418,625066,81591,0.13053181584024726,7881.0,1517.0,0.19248826291079812,617185.0,80074.0,0.12974067743059212,343375,56446,0.16438587550054606,3917.0,996.0,0.2542762318100587,339458.0,55450.0,0.1633486322313806,275802,51855,0.18801531533491417,3467.0,907.0,0.2616094606287857,272335.0,50948.0,0.18707841445278792,283243,351170
1419,1683115,546071,0.32444069478318477,22954.0,7840.0,0.3415526705585083,1660161.0,538231.0,0.3242040982772153,701035,224235,0.3198627743265315,7776.0,2667.0,0.3429783950617284,693259.0,221568.0,0.31960349595172943,573086,202901,0.3540498284725155,6728.0,2493.0,0.3705410225921522,566358.0,200408.0,0.3538539227838223,575580,703961
1420,137893,53370,0.38703922606658786,1853.0,719.0,0.3880194279546681,136040.0,52651.0,0.3870258747427227,66657,28425,0.42643683334083443,968.0,428.0,0.44214876033057854,65689.0,27997.0,0.4262053007352829,57647,26305,0.4563116901139695,884.0,407.0,0.4604072398190045,56763.0,25898.0,0.45624790796821874,57650,66662
1421,449241,20520,0.04567704194407901,6372.0,98.0,0.015379786566227243,442869.0,20422.0,0.04611295891110012,149657,6908,0.04615888331317613,1778.0,56.0,0.031496062992125984,147879.0,6852.0,0.04633517943724261,105813,5468,0.05167607004810373,1290.0,51.0,0.03953488372093023,104523.0,5417.0,0.05182591391368407,112812,157195
1422,20296,641,0.031582577847851796,333.0,1.0,0.003003003003003003,19963.0,640.0,0.032059309722987525,14163,221,0.015604038692367437,246.0,1.0,0.0040650406504065045,13917.0,220.0,0.015808004598692246,12391,178,0.014365265111774675,219.0,1.0,0.0045662100456621,12172.0,177.0,0.014541570818271442,22565,26536
1423,95586,31868,0.33339610403197123,2114.0,383.0,0.18117313150425735,93472.0,31485.0,0.3368388394385484,51308,19434,0.3787713417010992,788.0,258.0,0.32741116751269034,50520.0,19176.0,0.37957244655581945,46709,18168,0.38896144212036227,753.0,249.0,0.33067729083665337,45956.0,17919.0,0.38991644181390894,56671,62172
1424,359,359,1.0,8.0,8.0,1.0,351.0,351.0,1.0,201,201,1.0,2.0,2.0,1.0,199.0,199.0,1.0,151,151,1.0,2.0,2.0,1.0,149.0,149.0,1.0,151,201
1425,21209,5744,0.27082842189636475,250.0,31.0,0.124,20959.0,5713.0,0.272579798654516,13019,4140,0.3179967739457716,174.0,27.0,0.15517241379310345,12845.0,4113.0,0.32020241339042427,12007,3944,0.32847505621720663,161.0,27.0,0.16770186335403728,11846.0,3917.0,0.3306601384433564,13304,14395
1426,413,413,1.0,0.0,0.0,,413.0,413.0,1.0,253,253,1.0,0.0,0.0,,253.0,253.0,1.0,201,201,1.0,0.0,0.0,,201.0,201.0,1.0,201,253
1427,67688,35701,0.5274347003900248,1054.0,542.0,0.5142314990512334,66634.0,35159.0,0.5276435453372152,38362,20415,0.5321672488399979,576.0,295.0,0.5121527777777778,37786.0,20120.0,0.5324723442544858,36447,19503,0.535105770022224,558.0,283.0,0.507168458781362,35889.0,19220.0,0.5355401376466327,43994,46246
1429,63388,23094,0.3643276329904714,709.0,312.0,0.4400564174894217,62679.0,22782.0,0.36347101900157947,31506,12751,0.4047165619247127,407.0,190.0,0.4668304668304668,31099.0,12561.0,0.4039036624971864,28495,11783,0.41351114230566766,383.0,181.0,0.4725848563968668,28112.0,11602.0,0.41270631758679566,34724,38012
1430,186164,100288,0.5387078060204981,2442.0,1001.0,0.4099099099099099,183722.0,99287.0,0.5404197646444084,104857,54963,0.5241710138569671,1303.0,520.0,0.3990790483499616,103554.0,54443.0,0.5257450219209301,87573,46501,0.5309969967912485,1083.0,454.0,0.41920590951061865,86490.0,46047.0,0.5323968088796392,99497,118708
1431,52391,4103,0.0783149777633563,592.0,53.0,0.08952702702702703,51799.0,4050.0,0.07818683758373714,30074,2078,0.0690962293010574,364.0,26.0,0.07142857142857142,29710.0,2052.0,0.06906765398855604,23429,1762,0.07520594135473131,306.0,19.0,0.06209150326797386,23123.0,1743.0,0.07537949228041343,27021,33993
1432,272519,127337,0.4672591635812549,5171.0,1892.0,0.36588667569135563,267348.0,125445.0,0.4692198931729431,161579,81630,0.5052017898365505,2649.0,1266.0,0.47791619479048697,158930.0,80364.0,0.5056565783678348,145304,74366,0.5117959588173759,2408.0,1169.0,0.48546511627906974,142896.0,73197.0,0.5122396708095398,158757,176517
1433,14651,5763,0.39335198962528156,193.0,67.0,0.3471502590673575,14458.0,5696.0,0.3939687370314013,11492,4470,0.388966237382527,156.0,58.0,0.3717948717948718,11336.0,4412.0,0.38920254057868736,10847,4279,0.3944869549184106,152.0,57.0,0.375,10695.0,4222.0,0.3947639083683964,11040,11693
1434,3040,594,0.19539473684210526,32.0,7.0,0.21875,3008.0,587.0,0.19514627659574468,2192,437,0.19936131386861314,22.0,6.0,0.2727272727272727,2170.0,431.0,0.19861751152073734,2056,417,0.20282101167315175,22.0,6.0,0.2727272727272727,2034.0,411.0,0.20206489675516223,2121,2258
1435,548970,240247,0.4376322932036359,10769.0,4592.0,0.42640913733865726,538201.0,235655.0,0.43785686016934194,292868,135335,0.4621023805946706,5356.0,2385.0,0.44529499626587005,287512.0,132950.0,0.4624154817885862,241735,115862,0.479293441164912,4476.0,2031.0,0.45375335120643434,237259.0,113831.0,0.4797752666916745,258654,312607
1436,3,0,0.0,0.0,0.0,,3.0,0.0,0.0,3,0,0.0,0.0,0.0,,3.0,0.0,0.0,3,0,0.0,0.0,0.0,,3.0,0.0,0.0,15,15
1437,2,1,0.5,0.0,0.0,,2.0,1.0,0.5,2,1,0.5,0.0,0.0,,2.0,1.0,0.5,2,1,0.5,0.0,0.0,,2.0,1.0,0.5,15,15
1438,3672,2790,0.7598039215686274,70.0,67.0,0.9571428571428572,3602.0,2723.0,0.7559689061632426,2154,1756,0.8152274837511606,53.0,50.0,0.9433962264150944,2101.0,1706.0,0.8119942884340791,2020,1641,0.8123762376237624,52.0,49.0,0.9423076923076923,1968.0,1592.0,0.8089430894308943,25343,29123
1439,5068,333,0.06570639305445936,98.0,2.0,0.02040816326530612,4970.0,331.0,0.06659959758551308,3199,308,0.0962800875273523,35.0,2.0,0.05714285714285714,3164.0,306.0,0.09671302149178256,2970,288,0.09696969696969697,34.0,2.0,0.058823529411764705,2936.0,286.0,0.09741144414168937,2970,3199
1440,451280,208301,0.4615781776280801,8298.0,3664.0,0.4415521812484936,442982.0,204637.0,0.46195330735786105,238292,112047,0.4702088194316217,4212.0,1872.0,0.4444444444444444,234080.0,110175.0,0.4706724196855776,196334,95526,0.486548432772724,3542.0,1639.0,0.46273291925465837,192792.0,93887.0,0.4869859745217644,224131,271335
1441,339707,236581,0.6964266264751683,4902.0,3539.0,0.7219502243982048,334805.0,233042.0,0.696052926330252,137100,96766,0.7058059810357403,1679.0,1141.0,0.6795711733174509,135421.0,95625.0,0.7061312499538477,123701,87441,0.7068738328711975,1562.0,1062.0,0.6798975672215108,122139.0,86379.0,0.7072188244541056,131976,145995
1442,63772,5287,0.0829047230759581,928.0,56.0,0.0603448275862069,62844.0,5231.0,0.08323785882502704,31957,2540,0.07948180367368651,507.0,29.0,0.05719921104536489,31450.0,2511.0,0.07984101748807632,28460,2365,0.0830990864371047,466.0,28.0,0.060085836909871244,27994.0,2337.0,0.08348217475173252,42186,47875
1443,474583,231911,0.48866267860416407,9391.0,4386.0,0.46704291342774995,465192.0,227525.0,0.48909912466250494,270774,131309,0.48493946981615665,4677.0,2148.0,0.45926876202694034,266097.0,129161.0,0.48539066580983625,223523,111337,0.49810086657748864,3930.0,1855.0,0.4720101781170484,219593.0,109482.0,0.4985678049846762,254011,307613
1444,347721,98176,0.2823413023659773,5510.0,365.0,0.0662431941923775,342211.0,97811.0,0.2858207363293407,198492,50098,0.25239304354835457,3100.0,224.0,0.07225806451612904,195392.0,49874.0,0.2552509826400262,167473,42253,0.2522973852501597,2584.0,210.0,0.08126934984520123,164889.0,42043.0,0.2549775909854508,181270,214529
1445,75596,25158,0.33279538599925923,1488.0,729.0,0.4899193548387097,74108.0,24429.0,0.329640524639715,39612,12491,0.31533373725133795,817.0,378.0,0.46266829865361075,38795.0,12113.0,0.31223095759762853,35054,11063,0.3155987904376105,742.0,343.0,0.46226415094339623,34312.0,10720.0,0.31242713919328513,39604,44474
1446,21246,7265,0.341946719382472,84.0,26.0,0.30952380952380953,21162.0,7239.0,0.3420754182024383,13013,4087,0.3140705448397756,36.0,14.0,0.3888888888888889,12977.0,4073.0,0.31386298836402865,10998,3636,0.33060556464811786,32.0,14.0,0.4375,10966.0,3622.0,0.33029363487142077,14811,16978
1447,159464,56884,0.3567200120403351,2245.0,627.0,0.27928730512249444,157219.0,56257.0,0.357825708088717,63028,20420,0.3239829916862347,1072.0,291.0,0.271455223880597,61956.0,20129.0,0.32489185873845955,52078,18652,0.35815507507968813,951.0,289.0,0.3038906414300736,51127.0,18363.0,0.3591644336651867,56937,68689
1448,87,86,0.9885057471264368,0.0,0.0,,87.0,86.0,0.9885057471264368,87,86,0.9885057471264368,0.0,0.0,,87.0,86.0,0.9885057471264368,59,59,1.0,0.0,0.0,,59.0,59.0,1.0,284,312
1449,1653255,214339,0.12964666672715341,27281.0,4446.0,0.1629705655951028,1625974.0,209893.0,0.12908754998542413,721997,90318,0.12509470260956762,9815.0,1384.0,0.14100866021395822,712182.0,88934.0,0.12487538297794665,546614,79257,0.14499628622757557,7580.0,1150.0,0.1517150395778364,539034.0,78107.0,0.14490180582300932,556610,733156
1450,2,0,0.0,1.0,0.0,0.0,1.0,0.0,0.0,2,0,0.0,1.0,0.0,0.0,1.0,0.0,0.0,2,0,0.0,1.0,0.0,0.0,1.0,0.0,0.0,14469,15813
1451,580466,227717,0.3923003242222628,9048.0,3885.0,0.42937665782493367,571418.0,223832.0,0.39171324669506385,305511,126614,0.4144335228518777,4948.0,2140.0,0.43249797898140663,300563.0,124474.0,0.414136137847972,250986,108765,0.4333508641916282,4142.0,1842.0,0.4447126991791405,246844.0,106923.0,0.43316021454845977,278283,337722
1452,3433,2738,0.7975531605010195,51.0,40.0,0.7843137254901961,3382.0,2698.0,0.797752808988764,2701,2113,0.7823028507960015,43.0,33.0,0.7674418604651163,2658.0,2080.0,0.782543265613243,2596,2025,0.7800462249614792,43.0,33.0,0.7674418604651163,2553.0,1992.0,0.7802585193889542,6888,7153
1453,316,0,0.0,0.0,0.0,,316.0,0.0,0.0,187,0,0.0,0.0,0.0,,187.0,0.0,0.0,165,0,0.0,0.0,0.0,,165.0,0.0,0.0,709,736
1454,1318616,295680,0.22423510711230563,22832.0,4882.0,0.213822704975473,1295784.0,290798.0,0.2244185759354954,638820,132145,0.20685795685795685,10368.0,2081.0,0.20071373456790123,628452.0,130064.0,0.20695932227123154,523399,113899,0.2176140955561627,8656.0,1877.0,0.21684380776340112,514743.0,112022.0,0.2176270488379638,563694,689237
1455,229893,27684,0.12042123944617714,2038.0,303.0,0.14867517173699707,227855.0,27381.0,0.12016852823067302,133223,14496,0.10881004030835516,1306.0,156.0,0.11944869831546708,131917.0,14340.0,0.10870471584405346,102605,11802,0.11502363432581258,1012.0,125.0,0.12351778656126482,101593.0,11677.0,0.11493902138926894,110139,142143
1456,146011,11861,0.08123360568724274,1816.0,174.0,0.09581497797356828,144195.0,11687.0,0.08104996705849718,65033,7460,0.11471099288053757,900.0,128.0,0.14222222222222222,64133.0,7332.0,0.11432491852868258,51257,6322,0.12333925122422304,741.0,115.0,0.15519568151147098,50516.0,6207.0,0.12287196135877741,52432,66506
1457,625802,231264,0.3695481957552069,12236.0,3090.0,0.2525335076822491,613566.0,228174.0,0.3718817535521851,308298,124952,0.40529617448053507,4428.0,1702.0,0.3843721770551039,303870.0,123250.0,0.4056010794089578,253779,107181,0.42233990992162473,3771.0,1499.0,0.3975072924953593,250008.0,105682.0,0.4227144731368596,276775,335729
1458,814047,306202,0.3761478145610757,16736.0,5305.0,0.3169813575525813,797311.0,300897.0,0.3773897513015624,371078,146401,0.39452891305871,6325.0,2543.0,0.40205533596837945,364753.0,143858.0,0.39439840110979213,310083,126999,0.4095645359468271,5296.0,2168.0,0.4093655589123867,304787.0,124831.0,0.40956799338554467,344492,410866
1460,23904,9396,0.3930722891566265,378.0,140.0,0.37037037037037035,23526.0,9256.0,0.39343704837201393,18050,6933,0.38409972299168976,291.0,103.0,0.3539518900343643,17759.0,6830.0,0.38459372712427503,16916,6587,0.3893946559470324,276.0,97.0,0.35144927536231885,16640.0,6490.0,0.39002403846153844,19506,20900
1461,132918,34428,0.25901683744865256,2413.0,509.0,0.21094073767094904,130505.0,33919.0,0.25990575073751965,69954,23531,0.33637819138290875,1270.0,361.0,0.284251968503937,68684.0,23170.0,0.33734203016714226,60812,21737,0.3574458988357561,1112.0,339.0,0.30485611510791366,59700.0,21398.0,0.3584254606365159,71920,81871
1462,225177,81819,0.3633541613930375,3248.0,1152.0,0.35467980295566504,221929.0,80667.0,0.36348111332903765,137000,53497,0.3904890510948905,2027.0,716.0,0.3532313764183522,134973.0,52781.0,0.39104858008638765,115701,47216,0.40808636053275255,1786.0,645.0,0.36114221724524076,113915.0,46571.0,0.40882236755475576,125515,148451
1463,3366,90,0.026737967914438502,106.0,7.0,0.0660377358490566,3260.0,83.0,0.025460122699386502,2706,88,0.032520325203252036,88.0,7.0,0.07954545454545454,2618.0,81.0,0.030939648586707412,2394,88,0.036758563074352546,67.0,7.0,0.1044776119402985,2327.0,81.0,0.034808766652342074,2473,2800
1465,241114,117319,0.4865706678168833,4492.0,2228.0,0.4959928762243989,236622.0,115091.0,0.4863917978886156,126547,65207,0.5152789082317242,2211.0,1175.0,0.5314337403889643,124336.0,64032.0,0.514991635568138,116889,60780,0.5199804943151195,2086.0,1110.0,0.5321188878235859,114803.0,59670.0,0.519759936587023,133655,144538
1466,1392,295,0.21192528735632185,40.0,1.0,0.025,1352.0,294.0,0.21745562130177515,1168,225,0.19263698630136986,29.0,1.0,0.034482758620689655,1139.0,224.0,0.19666374012291485,1130,222,0.19646017699115045,29.0,1.0,0.034482758620689655,1101.0,221.0,0.20072661217075385,9429,9966
1467,45549,10511,0.23076247557575358,623.0,81.0,0.13001605136436598,44926.0,10430.0,0.2321595512620754,26195,7059,0.2694789081885856,371.0,64.0,0.1725067385444744,25824.0,6995.0,0.2708720570012392,24612,6676,0.27124979684706646,344.0,63.0,0.18313953488372092,24268.0,6613.0,0.2724987638041866,25542,27171
1468,1815,1814,0.9994490358126722,25.0,25.0,1.0,1790.0,1789.0,0.9994413407821229,1378,1378,1.0,20.0,20.0,1.0,1358.0,1358.0,1.0,1293,1293,1.0,19.0,19.0,1.0,1274.0,1274.0,1.0,1296,1381
1469,4110,2594,0.6311435523114355,8.0,7.0,0.875,4102.0,2587.0,0.6306679668454412,2245,1407,0.6267260579064587,5.0,5.0,1.0,2240.0,1402.0,0.6258928571428571,1816,1200,0.6607929515418502,5.0,5.0,1.0,1811.0,1195.0,0.6598564329099945,2167,2630
1470,1296303,119583,0.09224926579665402,15955.0,1043.0,0.06537135694139769,1280348.0,118540.0,0.09258420366962732,659314,70120,0.10635296687162718,7071.0,621.0,0.08782350445481545,652243.0,69499.0,0.10655384572927575,469116,58132,0.12391817801993536,5166.0,518.0,0.1002710027100271,463950.0,57614.0,0.12418148507382261,483523,676356
1471,6327807,860006,0.13590901239560563,98373.0,16581.0,0.1685523466804916,6229434.0,843425.0,0.13539352050282577,2800085,482401,0.17228084147445524,38621.0,8920.0,0.2309624297661894,2761464.0,473481.0,0.17146013853521175,1931783,395460,0.20471243405703435,27031.0,7549.0,0.2792719470237875,1904752.0,387911.0,0.20365433400253682,1950390,2829644
1472,8119019,818709,0.10083841409904325,105343.0,10854.0,0.10303484806774062,8013676.0,807855.0,0.10080954108950749,3862270,474705,0.12290828968456374,42075.0,5694.0,0.13532976827094473,3820195.0,469011.0,0.12277148156049626,2722583,396299,0.1455599333427117,30652.0,4920.0,0.16051154900169645,2691931.0,391379.0,0.145389684951063,2733491,3875273
1473,2957004,582928,0.197134667386314,59616.0,13575.0,0.2277073268921095,2897388.0,569353.0,0.1965056112609012,1705579,401228,0.23524445364301508,28665.0,8135.0,0.28379556950985524,1676914.0,393093.0,0.23441452573000165,1248935,324198,0.2595795617866422,21754.0,6873.0,0.31594189574331155,1227181.0,317325.0,0.25858043760455873,1375989,1871162
1474,1172181,495876,0.42303705656379004,18291.0,7259.0,0.39686184462303864,1153890.0,488617.0,0.42345197549159797,603970,260208,0.4308293458284352,8580.0,3841.0,0.44766899766899765,595390.0,256367.0,0.43058667428072356,409254,202866,0.4956970487765544,5979.0,3123.0,0.5223281485198193,403275.0,199743.0,0.4953022131299981,409276,603996
1475,552228,154068,0.27899345922336427,12594.0,2912.0,0.23122121645227886,539634.0,151156.0,0.2801083697469025,273431,77690,0.2841301827517728,4537.0,1254.0,0.27639409301300416,268894.0,76436.0,0.28426071239968165,190336,64259,0.3376082296570276,3352.0,1088.0,0.324582338902148,186984.0,63171.0,0.33784174046977283,190338,273436
1476,325163,130324,0.40079590851357627,7297.0,2868.0,0.3930382348910511,317866.0,127456.0,0.4009739953313661,193605,77575,0.4006869657291909,3739.0,1610.0,0.43059641615405186,189866.0,75965.0,0.4000979638271202,125057,61138,0.48888107023197425,2529.0,1309.0,0.5175958877026493,122528.0,59829.0,0.4882883912248629,125057,193605
1477,48245,36946,0.7657995647217328,1072.0,772.0,0.7201492537313433,47173.0,36174.0,0.7668369618213808,9449,7127,0.7542597100222246,301.0,206.0,0.6843853820598007,9148.0,6921.0,0.7565588106689987,9174,6933,0.7557226945716154,298.0,204.0,0.6845637583892618,8876.0,6729.0,0.7581117620549798,9197,9472
1478,134794,109922,0.8154814012493138,4911.0,3603.0,0.7336591325595602,129883.0,106319.0,0.8185751791997413,30622,25206,0.8231336947292796,796.0,587.0,0.7374371859296482,29826.0,24619.0,0.825420773821498,29100,24004,0.8248797250859107,767.0,570.0,0.7431551499348109,28333.0,23434.0,0.8270920834362757,29109,30631
1479,16818,6478,0.3851825425139731,146.0,72.0,0.4931506849315068,16672.0,6406.0,0.38423704414587334,2057,1667,0.8104035002430724,16.0,16.0,1.0,2041.0,1651.0,0.8089171974522293,2021,1640,0.8114794656110836,16.0,16.0,1.0,2005.0,1624.0,0.8099750623441396,4447,4630
1480,4821777,2222661,0.46096304329296023,58620.0,24315.0,0.4147901740020471,4763157.0,2198346.0,0.46153129111637514,2566632,1015871,0.3957992419637876,30727.0,10281.0,0.3345917271455072,2535905.0,1005590.0,0.39654087988311865,1956363,762843,0.38992916958662577,24896.0,8383.0,0.3367207583547558,1931467.0,754460.0,0.39061500921320425,2046458,2681553
1481,363764,60706,0.16688292409364314,3918.0,212.0,0.05410923940786115,359846.0,60494.0,0.16811080295459724,321707,50145,0.15587164718206317,3608.0,175.0,0.04850332594235033,318099.0,49970.0,0.15708945957076256,276468,41770,0.15108439313048888,3379.0,170.0,0.05031074282332051,273089.0,41600.0,0.15233129126402015,332309,394138
1482,2819657,1060927,0.376261013307647,40762.0,12883.0,0.31605416809773806,2778895.0,1048044.0,0.3771441526218155,2470666,932897,0.37758928159451743,35442.0,11272.0,0.3180407426217482,2435224.0,921625.0,0.37845594491512896,1925040,772254,0.40116257324523125,28357.0,9631.0,0.3396339528158832,1896683.0,762623.0,0.40208247767286365,2063197,2637127
1483,1632,235,0.14399509803921567,26.0,4.0,0.15384615384615385,1606.0,231.0,0.14383561643835616,1407,191,0.13574982231698648,22.0,4.0,0.18181818181818182,1385.0,187.0,0.13501805054151625,1379,191,0.13850616388687453,22.0,4.0,0.18181818181818182,1357.0,187.0,0.13780397936624908,1510,1539
1484,2867972,1003693,0.34996610845573106,52897.0,14374.0,0.27173563718169275,2815075.0,989319.0,0.35143610738612646,1269127,420284,0.331159923317367,17955.0,4735.0,0.26371484266221107,1251172.0,415549.0,0.33212779697755385,900448,335646,0.37275445111766586,12398.0,3845.0,0.31013066623648977,888050.0,331801.0,0.37362873712065764,902971,1272134
1485,5123006,2577531,0.5031286319008801,67417.0,31284.0,0.46403726063159145,5055589.0,2546247.0,0.5036499209093144,2276162,1057629,0.4646545368914866,27952.0,13073.0,0.46769461934745277,2248210.0,1044556.0,0.4646167395394558,1548907,798756,0.5156900963066213,19352.0,10224.0,0.5283174865646961,1529555.0,788532.0,0.5155303339860287,1579360,2316376
1486,7169197,1801603,0.25129773948184153,84608.0,17644.0,0.20853819969742815,7084589.0,1783959.0,0.2518083970714462,3429969,852252,0.24847221651274398,33145.0,8366.0,0.25240609443354955,3396824.0,843886.0,0.24843383113166886,2428183,686236,0.2826129661561752,24509.0,7154.0,0.2918927740829899,2403674.0,679082.0,0.28251834483378363,2432726,3435135
1487,1443815,481884,0.33375744122342543,27510.0,7652.0,0.2781533987640858,1416305.0,474232.0,0.33483748203953245,804547,251400,0.3124739760386901,13674.0,4178.0,0.30554336697381895,790873.0,247222.0,0.3125938045678636,547840,195943,0.35766464661214953,9503.0,3452.0,0.36325370935494056,538337.0,192491.0,0.3575659856186738,551552,808455
1488,8306072,3866487,0.4655012622091405,131988.0,55251.0,0.41860623693063004,8174084.0,3811236.0,0.4662584822959979,3641834,1538751,0.422520905675547,46902.0,20176.0,0.4301735533665942,3594932.0,1518575.0,0.422421063875478,2520305,1179045,0.4678183791247488,34017.0,16343.0,0.4804362524620043,2486288.0,1162702.0,0.4676457433732536,2520327,3641861
1489,18873180,4460337,0.23633203307550715,295402.0,78797.0,0.26674497802993885,18577778.0,4381540.0,0.23584844215492293,7778009,1904147,0.24481162210020585,100245.0,27875.0,0.27806873160756146,7677764.0,1876272.0,0.24437739946161408,5274794,1380309,0.26168017177542857,69942.0,20640.0,0.2951016556575448,5204852.0,1359669.0,0.26123105901954563,5290312,7798612
1490,19984089,3626591,0.18147392157831163,323241.0,65663.0,0.2031394532253025,19660848.0,3560928.0,0.18111772188056183,8093608,1471045,0.18175392235452964,104234.0,22913.0,0.21982270660245218,7989374.0,1448132.0,0.18125725494888587,5491676,1113119,0.20269203791338017,72936.0,18042.0,0.24736755511681474,5418740.0,1095077.0,0.20209070743383148,5508165,8115230
1491,19783830,3349271,0.16929335725185668,318733.0,64013.0,0.2008358092823774,19465097.0,3285258.0,0.16877686250420432,8008532,1389884,0.1735504084893461,102144.0,21227.0,0.20781445802005014,7906388.0,1368657.0,0.17310774528141043,5447678,1011062,0.18559503700475688,71719.0,16023.0,0.2234136003011754,5375959.0,995039.0,0.18509051129296186,5449521,8011979
1492,16633561,2688480,0.16162985183990367,246503.0,43831.0,0.17781122339281874,16387058.0,2644649.0,0.16138644288681958,6667915,1267131,0.1900340661211188,80023.0,17189.0,0.21480074478587405,6587892.0,1249942.0,0.18973322574201276,4506486,986235,0.21884790055932715,55139.0,13671.0,0.2479370318649232,4451347.0,972564.0,0.21848757241347394,4510580,6675490
1493,82,26,0.3170731707317073,0.0,0.0,,82.0,26.0,0.3170731707317073,79,25,0.31645569620253167,0.0,0.0,,79.0,25.0,0.31645569620253167,79,25,0.31645569620253167,0.0,0.0,,79.0,25.0,0.31645569620253167,132,132
1494,3444287,741283,0.21522103123229858,61081.0,12341.0,0.20204318855290515,3383206.0,728942.0,0.21545894633669957,1568551,344974,0.21993164391849548,21261.0,4364.0,0.20525845444710974,1547290.0,340610.0,0.22013326525732085,1093541,284038,0.25974151860789857,14724.0,3659.0,0.24850584080412932,1078817.0,280379.0,0.25989486632116476,1154803,1663162
1495,6889340,1366952,0.19841552311251875,97996.0,21692.0,0.22135597371321278,6791344.0,1345260.0,0.1980845028612893,3088020,702040,0.22734308715617127,39858.0,10850.0,0.27221636810677907,3048162.0,691190.0,0.22675632069424131,2122420,560125,0.2639086514450486,27820.0,8909.0,0.3202372393961179,2094600.0,551216.0,0.26316050797288265,2168588,3155631
1496,7622671,2048788,0.2687756037221074,91375.0,22575.0,0.24705882352941178,7531296.0,2026213.0,0.2690390870309705,3421409,989551,0.28922324106822656,33574.0,10147.0,0.302227914457616,3387835.0,979404.0,0.28909436262391763,2419365,812275,0.33573892322985577,24800.0,8723.0,0.35173387096774195,2394565.0,803552.0,0.335573266960805,2432341,3436722
1497,1139747,256500,0.22504994529487685,21307.0,5240.0,0.24592856807621907,1118440.0,251260.0,0.2246521941275348,641247,149475,0.23310050573336016,10809.0,2871.0,0.2656119900083264,630438.0,146604.0,0.23254308909044188,434348,122122,0.28116164918452485,7325.0,2393.0,0.32668941979522187,427023.0,119729.0,0.28038068207098915,451362,661428
1498,7726649,1275410,0.16506638259354087,122253.0,22946.0,0.18769273555659166,7604396.0,1252464.0,0.16470262726980553,3727657,692088,0.18566300493849086,46935.0,10583.0,0.22548204964312346,3680722.0,681505.0,0.18515524943204079,2608035,568547,0.21799822471707628,34454.0,9172.0,0.2662100191559761,2573581.0,559375.0,0.2173527858652982,2613111,3735584
1499,90,2,0.022222222222222223,0.0,0.0,,90.0,2.0,0.022222222222222223,90,2,0.022222222222222223,0.0,0.0,,90.0,2.0,0.022222222222222223,88,2,0.022727272727272728,0.0,0.0,,88.0,2.0,0.022727272727272728,88,90
1500,247,30,0.1214574898785425,0.0,0.0,,247.0,30.0,0.1214574898785425,243,29,0.11934156378600823,0.0,0.0,,243.0,29.0,0.11934156378600823,239,29,0.12133891213389121,0.0,0.0,,239.0,29.0,0.12133891213389121,239,243
1501,233217,175827,0.7539201687698581,3044.0,2234.0,0.7339027595269383,230173.0,173593.0,0.7541848957088798,100469,71113,0.7078103693676656,1308.0,931.0,0.7117737003058104,99161.0,70182.0,0.7077580903782738,90831,64243,0.7072805539958824,1231.0,873.0,0.7091795288383428,89600.0,63370.0,0.7072544642857143,97908,108001
1502,5817077,1964566,0.3377239118546995,93351.0,29647.0,0.31758631401913207,5723726.0,1934919.0,0.3380523456224145,2627907,910517,0.3464799172877883,32179.0,11192.0,0.3478044687529134,2595728.0,899325.0,0.34646349694575085,1834485,739794,0.4032706726956067,22293.0,9165.0,0.4111155968241152,1812192.0,730629.0,0.4031741669756847,1846850,2644524
1503,7601615,2907711,0.38251226877446437,94187.0,37309.0,0.39611623684797265,7507428.0,2870402.0,0.3823415955504335,3496634,1330514,0.38051280174018787,33742.0,14054.0,0.4165135439511588,3462892.0,1316460.0,0.3801620148708074,2455596,1093132,0.4451595457884766,24716.0,11915.0,0.4820763877650105,2430880.0,1081217.0,0.4447841933785296,2458184,3499574
1504,1908146,736471,0.38596155640082047,33796.0,11385.0,0.336874186294236,1874350.0,725086.0,0.38684664016859177,996507,397767,0.39916127031721804,15286.0,5594.0,0.3659557765275415,981221.0,392173.0,0.39967856374863564,652882,314117,0.4811236946339461,10192.0,4644.0,0.4556514913657771,642690.0,309473.0,0.4815276416312686,656556,1000363
1505,2770830,1157857,0.4178737057127287,49187.0,19896.0,0.404497123223616,2721643.0,1137961.0,0.41811545452507914,1328570,540593,0.4068983945144027,19675.0,8761.0,0.4452858958068615,1308895.0,531832.0,0.4063213626761505,957099,444572,0.4644994927379508,15180.0,7549.0,0.49729907773386034,941919.0,437023.0,0.46397089346323833,957111,1328590
1506,5788946,2367637,0.4089927596491658,85935.0,34688.0,0.403653924477803,5703011.0,2332949.0,0.4090732071181346,2463869,1008237,0.40920884998350154,32542.0,14625.0,0.4494192120951386,2431327.0,993612.0,0.4086706559833375,1707596,799364,0.4681224364545244,23071.0,11779.0,0.5105543756230766,1684525.0,787585.0,0.46754129502381975,1776330,2569650
1507,799685,438767,0.5486747906988376,9325.0,4686.0,0.5025201072386059,790360.0,434081.0,0.5492193430841642,402845,221964,0.5509910759721481,4236.0,2254.0,0.5321057601510859,398609.0,219710.0,0.5511917693780121,315045,183335,0.5819327397673348,3407.0,1908.0,0.5600234810683886,311638.0,181427.0,0.582172263972943,318922,406929
1508,113196,60311,0.5328015124209337,2238.0,1004.0,0.4486148346738159,110958.0,59307.0,0.5344995403666252,58685,31665,0.5395757007753259,1155.0,568.0,0.49177489177489175,57530.0,31097.0,0.5405353728489484,49465,27922,0.5644799353077934,1000.0,501.0,0.501,48465.0,27421.0,0.5657897451769318,64963,77784
1509,169941,60029,0.35323435780653284,5806.0,2072.0,0.3568722011712022,164135.0,57957.0,0.353105675206385,97362,33332,0.3423512253240484,2964.0,1146.0,0.3866396761133603,94398.0,32186.0,0.34096061357232144,67657,27772,0.410482285646718,1697.0,836.0,0.4926340601060695,65960.0,26936.0,0.4083687083080655,67657,97362
1510,127389,13473,0.10576266396627652,1508.0,108.0,0.07161803713527852,125881.0,13365.0,0.10617170184539367,117093,12808,0.10938313989734655,1326.0,101.0,0.07616892911010557,115767.0,12707.0,0.10976357683968661,96661,11856,0.12265546601007646,1089.0,98.0,0.08999081726354453,95572.0,11758.0,0.12302766500648725,222375,268729
1511,754477,237050,0.31419115493248967,10718.0,3342.0,0.3118119052061952,743759.0,233708.0,0.3142254413055842,291454,102990,0.35336622588813327,3384.0,1346.0,0.39775413711583923,288070.0,101644.0,0.35284479466796265,196020,82393,0.4203295582083461,2486.0,1120.0,0.4505229283990346,193534.0,81273.0,0.4199417156675313,198084,294502
1512,35863,11498,0.3206089841898335,379.0,102.0,0.2691292875989446,35484.0,11396.0,0.32115883214970126,24548,7005,0.2853592960729998,282.0,59.0,0.20921985815602837,24266.0,6946.0,0.2862441275859227,23365,6727,0.2879092659961481,277.0,57.0,0.20577617328519857,23088.0,6670.0,0.2888946638946639,24128,25348
1513,3905238,195129,0.04996596878346467,67164.0,3154.0,0.04695968078137097,3838074.0,191975.0,0.050018577025872875,3271217,170248,0.05204423919293645,51302.0,2516.0,0.049042922303224046,3219915.0,167732.0,0.052092058330732334,2542636,151303,0.05950635482231825,40571.0,2235.0,0.055088610090951666,2502065.0,149068.0,0.059577988581431734,2623744,3368897
1514,1619,0,0.0,2.0,0.0,0.0,1617.0,0.0,0.0,1233,0,0.0,2.0,0.0,0.0,1231.0,0.0,0.0,1106,0,0.0,2.0,0.0,0.0,1104.0,0.0,0.0,1106,1233
1515,375173,68341,0.18215863081831582,1793.0,375.0,0.2091466815393196,373380.0,67966.0,0.18202903208527504,204842,28438,0.1388289510940139,806.0,143.0,0.1774193548387097,204036.0,28295.0,0.13867650806720383,153148,23927,0.15623449212526444,652.0,121.0,0.18558282208588958,152496.0,23806.0,0.15610901269541497,153787,205643
1516,33199,22416,0.6752010602728998,291.0,110.0,0.37800687285223367,32908.0,22306.0,0.6778290993071594,15909,9347,0.5875290715946948,131.0,56.0,0.42748091603053434,15778.0,9291.0,0.5888579034098111,14873,8764,0.5892556982451422,129.0,56.0,0.43410852713178294,14744.0,8708.0,0.590613130765057,19421,20645
1517,1689,1413,0.8365896980461812,20.0,13.0,0.65,1669.0,1400.0,0.8388256440982624,1116,897,0.803763440860215,15.0,9.0,0.6,1101.0,888.0,0.8065395095367848,1050,844,0.8038095238095239,14.0,9.0,0.6428571428571429,1036.0,835.0,0.805984555984556,10916,12916
1518,39837,9811,0.24627858523483195,469.0,86.0,0.18336886993603413,39368.0,9725.0,0.24702804308067466,33306,8841,0.26544766708701134,383.0,78.0,0.20365535248041775,32923.0,8763.0,0.26616650973483585,31096,8315,0.267397736043221,362.0,73.0,0.20165745856353592,30734.0,8242.0,0.268172057005271,37488,40429
1519,1594039,554210,0.3476765624931385,20013.0,7122.0,0.35586868535451954,1574026.0,547088.0,0.34757240350540586,1468560,513377,0.3495784986653593,18234.0,6571.0,0.36037073598771524,1450326.0,506806.0,0.34944281492574775,1140804,439009,0.3848242116963124,14453.0,5816.0,0.4024078046080399,1126351.0,433193.0,0.3845985842779027,1269415,1632773
1521,428,91,0.21261682242990654,0.0,0.0,,428.0,91.0,0.21261682242990654,425,89,0.20941176470588235,0.0,0.0,,425.0,89.0,0.20941176470588235,370,60,0.16216216216216217,0.0,0.0,,370.0,60.0,0.16216216216216217,370,425
1522,2,2,1.0,0.0,0.0,,2.0,2.0,1.0,2,2,1.0,0.0,0.0,,2.0,2.0,1.0,2,2,1.0,0.0,0.0,,2.0,2.0,1.0,17,22
1523,19822544,7723639,0.3896391401628368,317666.0,138079.0,0.43466722910226463,19504878.0,7585560.0,0.3889057906437559,7371438,2376317,0.32236817293993386,97488.0,37702.0,0.386734777613655,7273950.0,2338615.0,0.32150550938623446,4990228,1617762,0.32418598909709134,67914.0,26850.0,0.39535294637335455,4922314.0,1590912.0,0.323204086533285,5016985,7407755
1524,855185,96453,0.11278612230102258,12331.0,1456.0,0.11807639283107615,842854.0,94997.0,0.11270872535456912,478148,47903,0.10018446171478287,6761.0,651.0,0.0962875314302618,471387.0,47252.0,0.10024035452823264,386778,39234,0.10143803422118114,5495.0,546.0,0.09936305732484077,381283.0,38688.0,0.10146793851286315,411151,508061
1525,408864,188587,0.4612462823824059,1457.0,675.0,0.46328071379547014,407407.0,187912.0,0.46123900669355217,201323,99682,0.4951346840649106,709.0,334.0,0.4710860366713681,200614.0,99348.0,0.4952196755959205,136890,75524,0.5517130542771569,522.0,266.0,0.5095785440613027,136368.0,75258.0,0.5518743400211193,136890,201323
1526,1717,0,0.0,2.0,0.0,0.0,1715.0,0.0,0.0,1365,0,0.0,2.0,0.0,0.0,1363.0,0.0,0.0,1173,0,0.0,2.0,0.0,0.0,1171.0,0.0,0.0,1173,1365
1533,2,2,1.0,0.0,0.0,,2.0,2.0,1.0,2,2,1.0,0.0,0.0,,2.0,2.0,1.0,2,2,1.0,0.0,0.0,,2.0,2.0,1.0,2,2
1534,36147,27284,0.7548067612803275,915.0,580.0,0.6338797814207651,35232.0,26704.0,0.7579473206176204,7280,5172,0.7104395604395605,266.0,168.0,0.631578947368421,7014.0,5004.0,0.7134302822925578,6647,4756,0.7155107567323604,239.0,152.0,0.6359832635983264,6408.0,4604.0,0.7184769038701623,6647,7280
1536,4745,697,0.14689146469968387,2.0,0.0,0.0,4743.0,697.0,0.14695340501792115,2580,528,0.20465116279069767,1.0,0.0,0.0,2579.0,528.0,0.20473051570376113,2430,511,0.2102880658436214,1.0,0.0,0.0,2429.0,511.0,0.21037463976945245,2430,2580
1538,29345,8893,0.30304992332594993,528.0,137.0,0.25946969696969696,28817.0,8756.0,0.30384842280598257,4679,2056,0.43941013036973714,75.0,43.0,0.5733333333333334,4604.0,2013.0,0.43722849695916594,4341,1959,0.4512785072563925,74.0,43.0,0.581081081081081,4267.0,1916.0,0.4490274197328334,4341,4679
1539,2,2,1.0,0.0,0.0,,2.0,2.0,1.0,2,2,1.0,0.0,0.0,,2.0,2.0,1.0,2,2,1.0,0.0,0.0,,2.0,2.0,1.0,5,5
1542,305741,38584,0.12619831818434557,8537.0,359.0,0.042052243176759985,297204.0,38225.0,0.1286153618390062,58297,8338,0.143026227764722,1166.0,49.0,0.04202401372212693,57131.0,8289.0,0.14508760567817822,56058,8062,0.1438153341182347,1147.0,48.0,0.041848299912816043,54911.0,8014.0,0.14594525687020815,66117,68746
1543,35956,601,0.016714873734564466,773.0,0.0,0.0,35183.0,601.0,0.017082113520734445,4656,71,0.01524914089347079,97.0,0.0,0.0,4559.0,71.0,0.01557359069971485,4439,66,0.014868213561612977,95.0,0.0,0.0,4344.0,66.0,0.015193370165745856,4444,4661
1546,32679,345,0.010557238593592215,563.0,4.0,0.007104795737122558,32116.0,341.0,0.010617760617760617,7121,185,0.02597949726162056,110.0,2.0,0.01818181818181818,7011.0,183.0,0.02610183996576808,6760,183,0.027071005917159763,105.0,2.0,0.01904761904761905,6655.0,181.0,0.027197595792637114,14309,14937
1550,58,4,0.06896551724137931,0.0,0.0,,58.0,4.0,0.06896551724137931,42,4,0.09523809523809523,0.0,0.0,,42.0,4.0,0.09523809523809523,39,3,0.07692307692307693,0.0,0.0,,39.0,3.0,0.07692307692307693,54,57
1551,384,113,0.2942708333333333,1.0,0.0,0.0,383.0,113.0,0.2950391644908616,300,110,0.36666666666666664,1.0,0.0,0.0,299.0,110.0,0.36789297658862874,273,102,0.37362637362637363,1.0,0.0,0.0,272.0,102.0,0.375,294,326
1553,114383,33788,0.29539354624376,3322.0,1832.0,0.551475015051174,111061.0,31956.0,0.28773376792933614,60706,14322,0.23592396138767172,1067.0,416.0,0.3898781630740394,59639.0,13906.0,0.23316957024765672,46220,12647,0.2736261358719169,914.0,389.0,0.42560175054704596,45306.0,12258.0,0.27056019070321813,46397,60898
1554,94741,41650,0.4396195944733537,466.0,270.0,0.5793991416309013,94275.0,41380.0,0.4389286661363034,24209,15251,0.6299723243421868,186.0,122.0,0.6559139784946236,24023.0,15129.0,0.6297714690088665,22502,14306,0.635765709714692,173.0,115.0,0.6647398843930635,22329.0,14191.0,0.6355412244166778,22502,24209
1556,56859,7398,0.13011132802194902,661.0,66.0,0.09984871406959153,56198.0,7332.0,0.1304672764155308,51034,7009,0.13733981267390366,588.0,62.0,0.1054421768707483,50446.0,6947.0,0.13771161241723823,46956,6701,0.14270806712667178,550.0,60.0,0.10909090909090909,46406.0,6641.0,0.1431064948498039,54048,58691
1557,160173,73221,0.45713697065048414,2297.0,1013.0,0.44101001306051374,157876.0,72208.0,0.4573716080974942,146444,70843,0.48375488241238973,2109.0,989.0,0.46894262683736365,144335.0,69854.0,0.48397131672844423,135480,67927,0.501380277531739,1988.0,954.0,0.4798792756539235,133492.0,66973.0,0.5017004764330447,149017,160510
1558,4827,1916,0.39693391340377043,85.0,29.0,0.3411764705882353,4742.0,1887.0,0.3979333614508646,4726,1858,0.3931443080829454,81.0,25.0,0.30864197530864196,4645.0,1833.0,0.3946178686759957,4556,1799,0.39486391571553997,75.0,23.0,0.30666666666666664,4481.0,1776.0,0.3963401026556572,21338,21879
1559,39326,10215,0.2597518181355846,761.0,133.0,0.1747700394218134,38565.0,10082.0,0.26142875664462595,37122,9737,0.2622972900167017,714.0,129.0,0.18067226890756302,36408.0,9608.0,0.26389804438584924,34400,8999,0.2615988372093023,667.0,125.0,0.1874062968515742,33733.0,8874.0,0.26306584057154714,36764,39975
1560,68729,23591,0.3432466644356822,1168.0,390.0,0.3339041095890411,67561.0,23201.0,0.34340817927502554,64912,22644,0.34884150850382056,1117.0,382.0,0.341987466427932,63795.0,22262.0,0.3489615173602947,58989,21584,0.36589872688128294,1034.0,372.0,0.3597678916827853,57955.0,21212.0,0.3660081097403158,78750,85144
1561,2606590,578085,0.22177826202049422,41274.0,9168.0,0.22212530891117896,2565316.0,568917.0,0.22177267829772238,2293435,533228,0.2325019021685812,36087.0,8440.0,0.23387923629007676,2257348.0,524788.0,0.23247988347388174,1766430,455362,0.25778660914952756,28725.0,7411.0,0.2579982593559617,1737705.0,447951.0,0.25778311048192876,1835443,2374342
1562,2281579,1135091,0.4975023876008676,33186.0,14421.0,0.43455071415657204,2248393.0,1120670.0,0.4984315464422812,1988499,1006568,0.5061948736207561,28918.0,12742.0,0.440625216128363,1959581.0,993826.0,0.5071625005549656,1592256,844941,0.5306565024719643,23601.0,10961.0,0.46442947332740137,1568655.0,833980.0,0.5316529128457181,1628085,2032013
1563,6011,6011,1.0,42.0,42.0,1.0,5969.0,5969.0,1.0,5619,5619,1.0,38.0,38.0,1.0,5581.0,5581.0,1.0,5458,5458,1.0,37.0,37.0,1.0,5421.0,5421.0,1.0,72871,83313
1564,2685628,227380,0.08466548606136069,39624.0,3273.0,0.0826014536644458,2646004.0,224107.0,0.08469639501678758,2367470,205867,0.08695654010399287,34796.0,2949.0,0.08475112081848489,2332674.0,202918.0,0.08698943787258742,1843085,179691,0.09749468961008309,27942.0,2711.0,0.09702240355021115,1815143.0,176980.0,0.09750195990068,1878251,2408676
1565,3208649,1371572,0.42746090332722586,48530.0,17327.0,0.3570368844014012,3160119.0,1354245.0,0.42854240615622385,2806477,1198849,0.4271722162697218,42189.0,14982.0,0.3551162625328877,2764288.0,1183867.0,0.4282719456149287,2177917,1006612,0.46219024875603615,33119.0,12770.0,0.38557927473655607,2144798.0,993842.0,0.46337324074341735,2304184,2958626
1566,8963,5581,0.6226709806984269,102.0,62.0,0.6078431372549019,8861.0,5519.0,0.622841665726216,8149,5046,0.6192170818505338,95.0,58.0,0.6105263157894737,8054.0,4988.0,0.6193195927489447,7628,4749,0.6225747246984793,90.0,54.0,0.6,7538.0,4695.0,0.6228442557707615,18522,19787
1567,91216,27555,0.3020851604981582,1192.0,415.0,0.34815436241610737,90024.0,27140.0,0.3014751621789745,83451,27227,0.3262633161975291,1126.0,406.0,0.3605683836589698,82325.0,26821.0,0.32579410871545705,76760,26345,0.3432126107347577,1065.0,391.0,0.3671361502347418,75695.0,25954.0,0.3428760155888764,77638,84353
1568,42894,6817,0.15892665640882175,460.0,71.0,0.15434782608695652,42434.0,6746.0,0.15897629259556018,38852,6325,0.16279728199320498,422.0,63.0,0.14928909952606634,38430.0,6262.0,0.1629456154046318,34227,6040,0.17646886960586672,385.0,62.0,0.16103896103896104,33842.0,5978.0,0.17664440635896222,35346,40149
1569,808034,228855,0.28322446827732495,9583.0,2517.0,0.26265261400396533,798451.0,226338.0,0.2834713714429564,730441,206161,0.2822418237749524,8542.0,2205.0,0.25813626785296184,721899.0,203956.0,0.282527057109097,576728,172471,0.29905085239488977,6409.0,1875.0,0.29255734123888283,570319.0,170596.0,0.29912382368463963,655029,835899
1570,2840,68,0.023943661971830985,5.0,0.0,0.0,2835.0,68.0,0.02398589065255732,2810,68,0.024199288256227757,5.0,0.0,0.0,2805.0,68.0,0.024242424242424242,2298,65,0.028285465622280244,5.0,0.0,0.0,2293.0,65.0,0.028347143480157,2436,2959
1571,3419801,267252,0.07814840688098518,50943.0,3993.0,0.07838172074671691,3368858.0,263259.0,0.07814487876900718,2987847,244709,0.08190144943834139,43900.0,3607.0,0.08216400911161731,2943947.0,241102.0,0.08189753416077124,2316888,215035,0.09281199609130869,34522.0,3293.0,0.09538844794623719,2282366.0,211742.0,0.09277302588629519,2479966,3191386
1572,10699,2868,0.2680624357416581,136.0,33.0,0.2426470588235294,10563.0,2835.0,0.268389662027833,9930,2642,0.2660624370594159,117.0,28.0,0.23931623931623933,9813.0,2614.0,0.2663813308875981,9294,2604,0.2801807617817947,113.0,28.0,0.24778761061946902,9181.0,2576.0,0.2805794575754275,10631,11301
1573,31919,10631,0.3330618127134309,300.0,86.0,0.2866666666666667,31619.0,10545.0,0.33350200828615706,30067,10110,0.33624904380217513,289.0,81.0,0.28027681660899656,29778.0,10029.0,0.3367922627443079,28061,9731,0.3467802287872848,273.0,76.0,0.2783882783882784,27788.0,9655.0,0.3474521376133583,51057,54886
1574,38856,5848,0.15050442660078237,395.0,15.0,0.0379746835443038,38461.0,5833.0,0.1516601232417254,37356,5539,0.1482760466859407,388.0,15.0,0.03865979381443299,36968.0,5524.0,0.14942653105388445,32620,4903,0.15030656039239731,359.0,15.0,0.04178272980501393,32261.0,4888.0,0.1515142122066892,32790,37581
1575,726809,231358,0.318320218929595,6825.0,2415.0,0.35384615384615387,719984.0,228943.0,0.31798345518789306,652940,211618,0.3241002236040065,5846.0,2120.0,0.36264112213479305,647094.0,209498.0,0.32375203602567787,528112,177390,0.33589465870875873,4777.0,1779.0,0.3724094620054427,523335.0,175611.0,0.3355613517154404,589037,721512
1576,31,31,1.0,0.0,0.0,,31.0,31.0,1.0,31,31,1.0,0.0,0.0,,31.0,31.0,1.0,27,27,1.0,0.0,0.0,,27.0,27.0,1.0,34,39
1577,10380,1475,0.14210019267822735,173.0,14.0,0.08092485549132948,10207.0,1461.0,0.14313706280003918,9962,1427,0.14324432844810278,166.0,14.0,0.08433734939759036,9796.0,1413.0,0.14424254797876684,9308,1408,0.1512677266867211,161.0,14.0,0.08695652173913043,9147.0,1394.0,0.15239969388870667,9308,9962
1578,156,148,0.9487179487179487,3.0,2.0,0.6666666666666666,153.0,146.0,0.954248366013072,152,144,0.9473684210526315,3.0,2.0,0.6666666666666666,149.0,142.0,0.9530201342281879,151,144,0.9536423841059603,2.0,2.0,1.0,149.0,142.0,0.9530201342281879,151,152
1579,291518,28392,0.09739364293113977,4093.0,429.0,0.10481309552895186,287425.0,27963.0,0.09728798817082718,269969,26736,0.09903359274583379,3829.0,411.0,0.10733873073909637,266140.0,26325.0,0.09891410535808222,212374,23957,0.1128057106802151,2766.0,336.0,0.12147505422993492,209608.0,23621.0,0.11269130949200412,277607,342642
1580,109896,36824,0.3350804396884327,1390.0,484.0,0.34820143884892085,108506.0,36340.0,0.33491235507713857,102066,33792,0.33107988948327555,1322.0,468.0,0.3540090771558245,100744.0,33324.0,0.3307790042086874,92982,32865,0.35345550751758403,1260.0,463.0,0.3674603174603175,91722.0,32402.0,0.35326312117049347,110856,120535
1581,630300,239686,0.3802728859273362,9355.0,3598.0,0.3846071619454837,620945.0,236088.0,0.38020758682330963,540169,209383,0.38762498403277496,8274.0,3258.0,0.3937635968092821,531895.0,206125.0,0.38752949360306077,472523,192386,0.40714631880352914,7366.0,3032.0,0.4116209611729568,465157.0,189354.0,0.4070754605434294,504596,574188
1582,87684,13786,0.15722366680352173,1618.0,229.0,0.1415327564894932,86066.0,13557.0,0.1575186484790742,82501,12479,0.15125877262093793,1506.0,213.0,0.14143426294820718,80995.0,12266.0,0.1514414470029014,76347,11862,0.1553695626547212,1436.0,209.0,0.14554317548746518,74911.0,11653.0,0.1555579287421073,130398,144161
1583,827418,171444,0.20720361413457286,13583.0,2917.0,0.21475373628800706,813835.0,168527.0,0.20707760172516543,748820,163516,0.21836489410005075,11956.0,2797.0,0.2339411174305788,736864.0,160719.0,0.21811216181004908,579385,148990,0.25715198011684803,9216.0,2522.0,0.2736545138888889,570169.0,146468.0,0.2568852392887021,683150,886658
1584,68344,443,0.00648191501814351,1116.0,11.0,0.00985663082437276,67228.0,432.0,0.00642589397274945,61822,436,0.007052505580537672,988.0,10.0,0.010121457489878543,60834.0,426.0,0.007002662984515238,52088,430,0.008255260328674551,814.0,10.0,0.012285012285012284,51274.0,420.0,0.008191286031907009,73830,85448
1585,8,7,0.875,0.0,0.0,,8.0,7.0,0.875,8,7,0.875,0.0,0.0,,8.0,7.0,0.875,8,7,0.875,0.0,0.0,,8.0,7.0,0.875,8,8
1586,1128943,372160,0.3296534900344836,18110.0,4701.0,0.25958034235229155,1110833.0,367459.0,0.3307958982133228,1006257,350436,0.34825695622490077,16439.0,4437.0,0.26990692864529475,989818.0,345999.0,0.3495582016087806,854410,313509,0.36693039641389963,13960.0,4030.0,0.28868194842406875,840450.0,309479.0,0.36823011481944196,936566,1103655
1587,2869715,266186,0.09275694624727543,38631.0,3168.0,0.08200667857420206,2831084.0,263018.0,0.09290363691080872,2493244,238396,0.0956167948263387,32960.0,2753.0,0.0835254854368932,2460284.0,235643.0,0.09577878001076298,1918714,205551,0.10712956699122433,25517.0,2435.0,0.09542657835952502,1893197.0,203116.0,0.10728730290614236,2004999,2600840
1588,25096,15,0.0005977048135160981,237.0,0.0,0.0,24859.0,15.0,0.0006034031940142403,22751,15,0.0006593116786075338,217.0,0.0,0.0,22534.0,15.0,0.0006656607792668856,19451,15,0.0007711685774510308,196.0,0.0,0.0,19255.0,15.0,0.0007790184367696703,19452,22752
1589,25320,62,0.002448657187993681,232.0,1.0,0.004310344827586207,25088.0,61.0,0.0024314413265306123,22964,58,0.0025256923880856994,212.0,1.0,0.0047169811320754715,22752.0,57.0,0.0025052742616033757,19649,57,0.002900910987836531,191.0,1.0,0.005235602094240838,19458.0,56.0,0.002877993627299825,19660,22975
1591,199,0,0.0,2.0,0.0,0.0,197.0,0.0,0.0,199,0,0.0,2.0,0.0,0.0,197.0,0.0,0.0,199,0,0.0,2.0,0.0,0.0,197.0,0.0,0.0,2261,2299
1592,2786192,1059535,0.380280684173955,39341.0,12610.0,0.32053074400752396,2746851.0,1046925.0,0.3811364358678356,2351592,895858,0.3809580913695913,33097.0,10510.0,0.31755143970752636,2318495.0,885348.0,0.3818632345551748,1867101,766421,0.4104871670038204,26858.0,9198.0,0.34246779358105595,1840243.0,757223.0,0.41147989694839215,1982600,2493369
1593,62605,594,0.00948806005910071,645.0,3.0,0.004651162790697674,61960.0,591.0,0.009538411878631374,58920,581,0.009860828241683639,615.0,3.0,0.004878048780487805,58305.0,578.0,0.009913386502015264,50810,581,0.011434756937610707,560.0,3.0,0.005357142857142857,50250.0,578.0,0.011502487562189054,51148,59267
1594,6531,1458,0.223242994947175,290.0,78.0,0.2689655172413793,6241.0,1380.0,0.22111841051113604,5518,1303,0.23613628126132657,204.0,71.0,0.3480392156862745,5314.0,1232.0,0.23184042152803913,5164,1253,0.24264136328427577,193.0,65.0,0.33678756476683935,4971.0,1188.0,0.23898611949305976,5309,5679
1595,66070,15315,0.2317996064779779,761.0,162.0,0.21287779237844942,65309.0,15153.0,0.23202008911482339,61962,14864,0.23988896420386688,707.0,157.0,0.22206506364922207,61255.0,14707.0,0.24009468614806956,56606,14480,0.2558032717379783,664.0,155.0,0.23343373493975902,55942.0,14325.0,0.25606878552786816,57766,63137
1597,42716,8301,0.19432999344507912,670.0,200.0,0.29850746268656714,42046.0,8101.0,0.1926699329305998,40076,8206,0.20476095418704462,621.0,199.0,0.32045088566827695,39455.0,8007.0,0.2029400582942593,34238,8020,0.23424265436065192,521.0,192.0,0.3685220729366603,33717.0,7828.0,0.23216774920663166,36685,42712
1598,1124192,264330,0.23512887478295522,16327.0,3311.0,0.20279291970355853,1107865.0,261019.0,0.23560542123814723,948433,222172,0.2342516550984624,14156.0,2893.0,0.20436564001130264,934277.0,219279.0,0.23470448271765226,762687,192114,0.2518910116469797,11556.0,2554.0,0.22101073035652474,751131.0,189560.0,0.252366098589993,815009,1015135
1599,50943,8172,0.1604145810022967,971.0,34.0,0.035015447991761074,49972.0,8138.0,0.16285119667013528,47558,7373,0.15503175070440303,922.0,33.0,0.03579175704989154,46636.0,7340.0,0.15738914143580066,39242,6696,0.1706335049181999,779.0,30.0,0.038510911424903725,38463.0,6666.0,0.1733094142422588,74468,87361
1600,71540,14428,0.20167738328207996,873.0,135.0,0.15463917525773196,70667.0,14293.0,0.2022584799128306,68053,14067,0.2067065375516142,839.0,132.0,0.1573301549463647,67214.0,13935.0,0.20732287916207934,62085,13563,0.21845856487074172,776.0,132.0,0.17010309278350516,61309.0,13431.0,0.21907060953530477,67878,74203
1601,46054,6102,0.13249663438572112,508.0,102.0,0.20078740157480315,45546.0,6000.0,0.13173494928204452,41764,6005,0.1437841202949909,469.0,99.0,0.21108742004264391,41295.0,5906.0,0.1430197360455261,36541,5765,0.15776798664513833,433.0,98.0,0.22632794457274827,36108.0,5667.0,0.15694582917912928,36740,41963
1602,43172,3607,0.08354952283887705,420.0,43.0,0.10238095238095238,42752.0,3564.0,0.08336452095808383,38708,3486,0.09005890255244393,384.0,43.0,0.11197916666666667,38324.0,3443.0,0.08983926521239954,33555,3293,0.09813738638056921,348.0,41.0,0.11781609195402298,33207.0,3252.0,0.09793115909296232,33893,39063
1603,47146,5994,0.1271369787468714,466.0,63.0,0.1351931330472103,46680.0,5931.0,0.12705655526992288,42425,5733,0.13513258691809074,428.0,62.0,0.14485981308411214,41997.0,5671.0,0.13503345477057885,37469,5668,0.15127171795350824,396.0,62.0,0.15656565656565657,37073.0,5606.0,0.15121517006986215,41202,46378
1604,3002203,313482,0.10441732287923235,44714.0,5561.0,0.12436820682560272,2957489.0,307921.0,0.10411568732800021,2647662,281965,0.10649584425806617,39261.0,5095.0,0.12977254782099285,2608401.0,276870.0,0.10614548913299757,2061177,254738,0.12358860980886163,30987.0,4645.0,0.14990157162681125,2030190.0,250093.0,0.12318699235046966,2176644,2782268
1606,63566,797,0.012538149325110909,677.0,14.0,0.0206794682422452,62889.0,783.0,0.012450508037971665,59808,780,0.013041733547351525,647.0,13.0,0.02009273570324575,59161.0,767.0,0.012964621963793716,51685,776,0.015014027280642352,592.0,13.0,0.02195945945945946,51093.0,763.0,0.014933552541444033,51994,60127
1607,2739255,996730,0.36386900817923123,40136.0,12226.0,0.3046143113414391,2699119.0,984504.0,0.364750127726862,2302269,855086,0.37141011758400083,33729.0,10416.0,0.3088143733878858,2268540.0,844670.0,0.37234080069119346,1827249,718130,0.3930115709462695,27291.0,8977.0,0.3289362793594958,1799958.0,709153.0,0.3939830818274649,1954430,2457210
1608,67361,3448,0.051186888555692464,763.0,58.0,0.07601572739187418,66598.0,3390.0,0.05090242950238746,63494,3348,0.05272939175355151,729.0,55.0,0.07544581618655692,62765.0,3293.0,0.05246554608460129,55338,3329,0.06015757707181322,673.0,55.0,0.08172362555720654,54665.0,3274.0,0.059892069880179276,55839,64004
1609,128972,69163,0.5362636851409608,1539.0,926.0,0.6016894087069525,127433.0,68237.0,0.5354735429598299,114225,59718,0.5228102429415628,1408.0,834.0,0.5923295454545454,112817.0,58884.0,0.5219426150314226,101033,53844,0.5329347836845387,1294.0,780.0,0.6027820710973725,99739.0,53064.0,0.5320285946319895,109705,123872
1610,114437,62245,0.5439237309611402,1292.0,729.0,0.5642414860681114,113145.0,61516.0,0.5436917230102966,99095,52488,0.5296735455875675,1111.0,603.0,0.5427542754275427,97984.0,51885.0,0.5295252286087524,88911,48317,0.5434310715209592,1021.0,565.0,0.5533790401567091,87890.0,47752.0,0.5433155080213904,89647,99874
1611,327,149,0.45565749235474007,7.0,3.0,0.42857142857142855,320.0,146.0,0.45625,323,149,0.4613003095975232,7.0,3.0,0.42857142857142855,316.0,146.0,0.4620253164556962,322,149,0.46273291925465837,7.0,3.0,0.42857142857142855,315.0,146.0,0.4634920634920635,581,633
1612,373919,63785,0.1705850732377868,4562.0,608.0,0.13327487943884261,369357.0,63177.0,0.17104589868338763,330923,55769,0.16852560867633862,4220.0,549.0,0.13009478672985783,326703.0,55220.0,0.1690220169389323,286650,50078,0.1747008547008547,3977.0,522.0,0.13125471460900176,282673.0,49556.0,0.17531210975225792,355838,417806
1613,4678,1064,0.2274476271911073,39.0,19.0,0.48717948717948717,4639.0,1045.0,0.22526406553136452,3754,792,0.2109749600426212,36.0,19.0,0.5277777777777778,3718.0,773.0,0.20790747713824637,2853,661,0.23168594461969858,33.0,17.0,0.5151515151515151,2820.0,644.0,0.22836879432624113,2925,3840
1614,4992,1320,0.2644230769230769,41.0,20.0,0.4878048780487805,4951.0,1300.0,0.26257321753181173,3910,1001,0.25601023017902813,37.0,20.0,0.5405405405405406,3873.0,981.0,0.2532920216886135,2996,832,0.27770360480640854,34.0,18.0,0.5294117647058824,2962.0,814.0,0.27481431465226197,2996,3910
1615,88162,15319,0.17375966969896328,2760.0,341.0,0.12355072463768116,85402.0,14978.0,0.17538230954778578,43760,5535,0.1264853747714808,726.0,114.0,0.15702479338842976,43034.0,5421.0,0.12597016312682996,35669,4838,0.13563598643079425,623.0,110.0,0.17656500802568217,35046.0,4728.0,0.13490840609484678,35723,43822
1616,403315,84763,0.2101657513358045,2784.0,1056.0,0.3793103448275862,400531.0,83707.0,0.20899006568779946,196390,36428,0.1854880594734966,850.0,271.0,0.31882352941176473,195540.0,36157.0,0.1849084586273908,142983,32495,0.2272647797290587,687.0,257.0,0.37409024745269287,142296.0,32238.0,0.22655591162084668,143028,196442
1617,47914,7926,0.16542137997245063,643.0,184.0,0.28615863141524106,47271.0,7742.0,0.16377906115800386,25522,4104,0.16080244494945536,371.0,103.0,0.2776280323450135,25151.0,4001.0,0.1590791618623514,22122,3896,0.1761142753819727,336.0,95.0,0.28273809523809523,21786.0,3801.0,0.17446984301845223,25421,29233
1618,40183,7800,0.19411193788417988,205.0,44.0,0.2146341463414634,39978.0,7756.0,0.19400670368702785,25348,4839,0.19090263531639576,119.0,26.0,0.2184873949579832,25229.0,4813.0,0.19077252368306313,22265,4655,0.2090725353694139,106.0,26.0,0.24528301886792453,22159.0,4629.0,0.20889931856130692,25193,28591
1619,58518,25638,0.4381216036091459,1302.0,898.0,0.6897081413210445,57216.0,24740.0,0.43239653243847875,28782,10746,0.37335834896810505,465.0,237.0,0.5096774193548387,28317.0,10509.0,0.37111982201504395,26100,10036,0.38452107279693487,440.0,230.0,0.5227272727272727,25660.0,9806.0,0.38215120810600156,26149,28838
1620,28903,12327,0.4264955194962461,524.0,276.0,0.5267175572519084,28379.0,12051.0,0.4246449839670179,17594,7400,0.4205979311128794,362.0,176.0,0.4861878453038674,17232.0,7224.0,0.4192200557103064,14888,6462,0.4340408382590005,324.0,159.0,0.49074074074074076,14564.0,6303.0,0.43277945619335345,14993,17819
1621,1179504,684976,0.5807322399924035,39929.0,23594.0,0.590898845450675,1139575.0,661382.0,0.5803760173748985,235488,160810,0.6828798070389999,4723.0,3417.0,0.7234808384501377,230765.0,157393.0,0.682048837562022,209278,143998,0.6880704135169488,4324.0,3154.0,0.7294172062904718,204954.0,140844.0,0.6871981029889633,209300,235512
1622,254466,153442,0.6029960780615092,13100.0,8922.0,0.6810687022900763,241366.0,144520.0,0.5987587315529114,123022,73794,0.5998439303539205,4031.0,2788.0,0.6916397916149839,118991.0,71006.0,0.5967342067887488,107847,66258,0.6143703580071769,3520.0,2527.0,0.7178977272727273,104327.0,63731.0,0.610877337601963,107860,123037
1623,751752,450327,0.5990366503847013,23256.0,13291.0,0.5715084279325765,728496.0,437036.0,0.5999154422261755,154691,110036,0.7113277436954962,2696.0,1921.0,0.7125370919881305,151995.0,108115.0,0.7113062929701635,138364,99743,0.7208739267439508,2505.0,1811.0,0.7229540918163673,135859.0,97932.0,0.7208355721740922,140491,156898
1624,269252,118652,0.44067267838307606,11001.0,6318.0,0.5743114262339787,258251.0,112334.0,0.434979922633407,119844,56499,0.471437869229999,3734.0,2064.0,0.5527584359935725,116110.0,54435.0,0.4688226681595039,104852,51093,0.48728684240643955,3239.0,1893.0,0.584439641864773,101613.0,49200.0,0.4841900150571285,107457,122676
1625,2,0,0.0,0.0,0.0,,2.0,0.0,0.0,2,0,0.0,0.0,0.0,,2.0,0.0,0.0,2,0,0.0,0.0,0.0,,2.0,0.0,0.0,2,2
1626,125384,75140,0.5992790148663306,6939.0,5123.0,0.7382908200028823,118445.0,70017.0,0.5911351260078518,41157,22605,0.5492382826736643,846.0,562.0,0.6643026004728132,40311.0,22043.0,0.5468234476941778,34085,19980,0.5861816048115006,767.0,527.0,0.6870925684485006,33318.0,19453.0,0.5838585749444745,39459,46696
1628,11530,916,0.07944492627927147,285.0,9.0,0.031578947368421054,11245.0,907.0,0.08065807025344597,5371,510,0.0949543846583504,144.0,7.0,0.04861111111111111,5227.0,503.0,0.09623110770996747,4996,504,0.10088070456365092,134.0,7.0,0.05223880597014925,4862.0,497.0,0.10222130810366105,6626,7130
1629,61256,54227,0.8852520569413609,3032.0,2876.0,0.9485488126649076,58224.0,51351.0,0.8819558944765046,52708,48844,0.9266904454731729,2664.0,2585.0,0.9703453453453453,50044.0,46259.0,0.924366557429462,42935,39351,0.9165249796203564,2247.0,2177.0,0.9688473520249221,40688.0,37174.0,0.9136354699174204,42946,52722
1630,210697,81847,0.38845830742725335,6290.0,4267.0,0.6783783783783783,204407.0,77580.0,0.37953690431345305,102131,56051,0.5488147575173062,3435.0,2631.0,0.765938864628821,98696.0,53420.0,0.541258004377077,88260,47317,0.5361092227509631,2960.0,2284.0,0.7716216216216216,85300.0,45033.0,0.527936694021102,89218,103161
1631,2,0,0.0,0.0,0.0,,2.0,0.0,0.0,2,0,0.0,0.0,0.0,,2.0,0.0,0.0,2,0,0.0,0.0,0.0,,2.0,0.0,0.0,2,2
1633,45210,6892,0.1524441495244415,152.0,29.0,0.19078947368421054,45058.0,6863.0,0.15231479426516933,32511,6496,0.1998092953154317,113.0,26.0,0.23008849557522124,32398.0,6470.0,0.1997036854126798,32201,6476,0.2011117667153194,113.0,26.0,0.23008849557522124,32088.0,6450.0,0.20100972326103217,32201,32511
1634,295574,140892,0.4766725084073701,12013.0,7560.0,0.6293182385748772,283561.0,133332.0,0.4702057052979782,128725,66410,0.5159060011652749,4097.0,2373.0,0.5792042958262144,124628.0,64037.0,0.5138251436274353,113117,61044,0.5396536329640991,3580.0,2210.0,0.61731843575419,109537.0,58834.0,0.5371153126340871,114464,130156
1635,49437,7489,0.15148572931205373,149.0,35.0,0.2348993288590604,49288.0,7454.0,0.15123356597954876,36422,6832,0.18757893580802812,111.0,28.0,0.25225225225225223,36311.0,6804.0,0.18738123433670237,36166,6822,0.18863020516507217,111.0,28.0,0.25225225225225223,36055.0,6794.0,0.1884343364304535,37039,37296
1636,312665,134445,0.4299969616042729,13536.0,6010.0,0.4440011820330969,299129.0,128435.0,0.4293632513062926,135101,62579,0.4632016047253536,4512.0,2055.0,0.4554521276595745,130589.0,60524.0,0.46346935806231765,118796,58413,0.4917084750328294,3962.0,1959.0,0.49444724886421,114834.0,56454.0,0.4916139819217305,120990,137390
1637,53333,9148,0.17152607203795023,127.0,28.0,0.2204724409448819,53206.0,9120.0,0.17140923955944817,34906,7641,0.21890219446513492,87.0,21.0,0.2413793103448276,34819.0,7620.0,0.21884603233866567,34658,7606,0.21945871083155405,87.0,21.0,0.2413793103448276,34571.0,7585.0,0.21940354632495443,34739,34987
1638,252153,107456,0.42615396207857925,12589.0,5019.0,0.3986813885137819,239564.0,102437.0,0.4275976357048638,123190,63232,0.5132884162675542,4051.0,2360.0,0.5825722043939768,119139.0,60872.0,0.5109326081299994,107828,57988,0.537782394183329,3534.0,2164.0,0.6123372948500283,104294.0,55824.0,0.5352561029397664,109305,124769
1639,133254,42183,0.3165608537079562,1542.0,487.0,0.3158236057068742,131712.0,41696.0,0.3165694849368319,42926,10722,0.24977868890649024,135.0,62.0,0.45925925925925926,42791.0,10660.0,0.2491178051459419,32416,9242,0.2851061204343534,115.0,57.0,0.4956521739130435,32301.0,9185.0,0.2843565214699235,32416,42926
1640,3338692,740321,0.22173983104760786,74852.0,17521.0,0.23407524181050607,3263840.0,722800.0,0.2214569341634394,996479,244578,0.24544220199321812,14489.0,4213.0,0.29077231002829734,981990.0,240365.0,0.24477336836423996,691967,202460,0.2925862071457165,10433.0,3621.0,0.3470717914310361,681534.0,198839.0,0.2917521356234612,692026,996565
1641,506,12,0.023715415019762844,10.0,0.0,0.0,496.0,12.0,0.024193548387096774,492,12,0.024390243902439025,10.0,0.0,0.0,482.0,12.0,0.024896265560165973,489,12,0.024539877300613498,10.0,0.0,0.0,479.0,12.0,0.025052192066805846,563,566
1642,501,8,0.015968063872255488,10.0,0.0,0.0,491.0,8.0,0.016293279022403257,487,8,0.01642710472279261,10.0,0.0,0.0,477.0,8.0,0.016771488469601678,484,8,0.01652892561983471,10.0,0.0,0.0,474.0,8.0,0.016877637130801686,558,561
1643,495,8,0.01616161616161616,10.0,0.0,0.0,485.0,8.0,0.016494845360824743,481,8,0.016632016632016633,10.0,0.0,0.0,471.0,8.0,0.016985138004246284,478,8,0.016736401673640166,10.0,0.0,0.0,468.0,8.0,0.017094017094017096,552,555
1644,753,55,0.07304116865869854,10.0,0.0,0.0,743.0,55.0,0.0740242261103634,732,55,0.07513661202185792,10.0,0.0,0.0,722.0,55.0,0.07617728531855955,728,54,0.07417582417582418,10.0,0.0,0.0,718.0,54.0,0.07520891364902507,798,802
1645,1446,161,0.11134163208852006,23.0,2.0,0.08695652173913043,1423.0,159.0,0.11173576950105411,1397,160,0.1145311381531854,23.0,2.0,0.08695652173913043,1374.0,158.0,0.11499272197962154,1377,159,0.11546840958605664,23.0,2.0,0.08695652173913043,1354.0,157.0,0.11595273264401773,1631,1652
1646,1518,308,0.2028985507246377,23.0,2.0,0.08695652173913043,1495.0,306.0,0.20468227424749164,1466,302,0.20600272851296045,23.0,2.0,0.08695652173913043,1443.0,300.0,0.2079002079002079,1446,299,0.20677731673582295,23.0,2.0,0.08695652173913043,1423.0,297.0,0.20871398453970486,1704,1725
1647,1522,318,0.20893561103810776,23.0,2.0,0.08695652173913043,1499.0,316.0,0.21080720480320214,1469,311,0.21170864533696393,23.0,2.0,0.08695652173913043,1446.0,309.0,0.21369294605809128,1449,308,0.21256038647342995,23.0,2.0,0.08695652173913043,1426.0,306.0,0.21458625525946703,1687,1708
1648,1517,472,0.3111404087013843,23.0,6.0,0.2608695652173913,1494.0,466.0,0.3119143239625167,1464,457,0.3121584699453552,23.0,6.0,0.2608695652173913,1441.0,451.0,0.31297709923664124,1444,451,0.3123268698060942,23.0,6.0,0.2608695652173913,1421.0,445.0,0.3131597466572836,1702,1723
1649,1521,249,0.16370808678500987,23.0,0.0,0.0,1498.0,249.0,0.16622162883845126,1468,242,0.164850136239782,23.0,0.0,0.0,1445.0,242.0,0.1674740484429066,1448,240,0.16574585635359115,23.0,0.0,0.0,1425.0,240.0,0.16842105263157894,1705,1726
1650,1520,182,0.11973684210526316,23.0,1.0,0.043478260869565216,1497.0,181.0,0.12090848363393454,1468,179,0.12193460490463215,23.0,1.0,0.043478260869565216,1445.0,178.0,0.12318339100346021,1448,178,0.12292817679558012,23.0,1.0,0.043478260869565216,1425.0,177.0,0.12421052631578948,1707,1728
1652,46866,27451,0.5857337942218239,735.0,470.0,0.6394557823129252,46131.0,26981.0,0.584877847868028,37232,21510,0.5777288354103997,443.0,294.0,0.6636568848758465,36789.0,21216.0,0.576694120525157,31449,18521,0.5889217463194378,384.0,257.0,0.6692708333333334,31065.0,18264.0,0.587928536938677,31565,37351
1653,13,8,0.6153846153846154,0.0,0.0,,13.0,8.0,0.6153846153846154,12,8,0.6666666666666666,0.0,0.0,,12.0,8.0,0.6666666666666666,11,7,0.6363636363636364,0.0,0.0,,11.0,7.0,0.6363636363636364,173,176
1654,1303,294,0.2256331542594014,3.0,0.0,0.0,1300.0,294.0,0.22615384615384615,1249,281,0.22497998398718974,2.0,0.0,0.0,1247.0,281.0,0.22534081796311148,1235,280,0.22672064777327935,2.0,0.0,0.0,1233.0,280.0,0.22708840227088403,1674,1698
1655,476,164,0.3445378151260504,0.0,0.0,,476.0,164.0,0.3445378151260504,441,156,0.35374149659863946,0.0,0.0,,441.0,156.0,0.35374149659863946,438,155,0.3538812785388128,0.0,0.0,,438.0,155.0,0.3538812785388128,1406,1431
1656,384,98,0.2552083333333333,0.0,0.0,,384.0,98.0,0.2552083333333333,352,91,0.2585227272727273,0.0,0.0,,352.0,91.0,0.2585227272727273,351,91,0.25925925925925924,0.0,0.0,,351.0,91.0,0.25925925925925924,541,546
1657,17,4,0.23529411764705882,0.0,0.0,,17.0,4.0,0.23529411764705882,16,4,0.25,0.0,0.0,,16.0,4.0,0.25,16,4,0.25,0.0,0.0,,16.0,4.0,0.25,25,25
1658,1,0,0.0,0.0,0.0,,1.0,0.0,0.0,1,0,0.0,0.0,0.0,,1.0,0.0,0.0,1,0,0.0,0.0,0.0,,1.0,0.0,0.0,10,10
1659,193720,83831,0.4327431344208135,860.0,369.0,0.4290697674418605,192860.0,83462.0,0.4327595146738567,128973,50187,0.3891279570142588,563.0,233.0,0.413854351687389,128410.0,49954.0,0.3890195467642707,80932,35200,0.4349330301981911,410.0,193.0,0.47073170731707314,80522.0,35007.0,0.43475075134745783,96801,145559
1660,1522456,155304,0.1020088593693348,21167.0,2628.0,0.12415552510984079,1501289.0,152676.0,0.1016966087142449,1327350,135980,0.10244472068406976,18541.0,2386.0,0.12868777304352516,1308809.0,133594.0,0.10207295334918999,1033331,117640,0.1138454183606221,14711.0,2044.0,0.1389436476106315,1018620.0,115596.0,0.11348294751722919,1147214,1472776
1661,1120,2,0.0017857142857142857,5.0,0.0,0.0,1115.0,2.0,0.0017937219730941704,823,2,0.002430133657351154,5.0,0.0,0.0,818.0,2.0,0.0024449877750611247,817,2,0.0024479804161566705,5.0,0.0,0.0,812.0,2.0,0.0024630541871921183,817,823
1662,3,0,0.0,0.0,0.0,,3.0,0.0,0.0,3,0,0.0,0.0,0.0,,3.0,0.0,0.0,3,0,0.0,0.0,0.0,,3.0,0.0,0.0,104,105
1663,14652,6026,0.4112749112749113,147.0,63.0,0.42857142857142855,14505.0,5963.0,0.41109962082040674,14326,5894,0.4114197961747871,141.0,59.0,0.41843971631205673,14185.0,5835.0,0.411350017624251,12265,4799,0.39127598858540563,127.0,49.0,0.3858267716535433,12138.0,4750.0,0.3913330037897512,15089,18212
1664,7195,2924,0.40639332870048644,194.0,102.0,0.5257731958762887,7001.0,2822.0,0.4030852735323525,6788,2596,0.38243959929286975,180.0,90.0,0.5,6608.0,2506.0,0.3792372881355932,6610,2464,0.372768532526475,172.0,84.0,0.4883720930232558,6438.0,2380.0,0.36968002485243867,6743,6921
1665,7177,7176,0.9998606660164414,65.0,65.0,1.0,7112.0,7111.0,0.999859392575928,6800,6799,0.9998529411764706,57.0,57.0,1.0,6743.0,6742.0,0.9998516980572445,6178,6177,0.9998381353188734,52.0,52.0,1.0,6126.0,6125.0,0.9998367613450865,6178,6800
1666,7988,1898,0.23760640961442164,206.0,43.0,0.2087378640776699,7782.0,1855.0,0.23837059881778463,7161,1789,0.24982544337383047,171.0,38.0,0.2222222222222222,6990.0,1751.0,0.2505007153075823,6957,1738,0.2498203248526664,161.0,38.0,0.2360248447204969,6796.0,1700.0,0.25014714537963506,7043,7250
1667,3136,475,0.15146683673469388,64.0,15.0,0.234375,3072.0,460.0,0.14973958333333334,3016,443,0.14688328912466844,62.0,13.0,0.20967741935483872,2954.0,430.0,0.14556533513879485,2937,431,0.14674838270343887,58.0,12.0,0.20689655172413793,2879.0,419.0,0.1455366446682876,3245,3330
1668,7414,934,0.1259778796870785,132.0,34.0,0.25757575757575757,7282.0,900.0,0.12359241966492722,7141,879,0.12309200392101946,126.0,32.0,0.25396825396825395,7015.0,847.0,0.12074126870990734,6701,843,0.12580211908670347,119.0,32.0,0.2689075630252101,6582.0,811.0,0.12321482831965967,7160,7619
1669,2971,1435,0.4830023561090542,97.0,60.0,0.6185567010309279,2874.0,1375.0,0.47842727905358384,2633,1168,0.4436004557538929,81.0,44.0,0.5432098765432098,2552.0,1124.0,0.44043887147335425,2496,1050,0.4206730769230769,72.0,37.0,0.5138888888888888,2424.0,1013.0,0.4179042904290429,3105,3390
1670,35593,28074,0.7887505970275054,539.0,410.0,0.7606679035250464,35054.0,27664.0,0.7891824042905232,12171,8680,0.7131706515487635,235.0,156.0,0.6638297872340425,11936.0,8524.0,0.714142091152815,10484,7666,0.7312094620373903,218.0,149.0,0.6834862385321101,10266.0,7517.0,0.73222287161504,10501,12189
1671,76290,38524,0.5049678856993053,4512.0,2245.0,0.49756205673758863,71778.0,36279.0,0.5054334197107749,56566,24827,0.43890322808754373,2919.0,1113.0,0.381294964028777,53647.0,23714.0,0.4420377653922866,46208,21178,0.4583189058171745,2481.0,1003.0,0.4042724707779121,43727.0,20175.0,0.46138541404624145,46216,56578
1673,16850,5487,0.3256379821958457,499.0,183.0,0.3667334669338677,16351.0,5304.0,0.32438382973518437,16022,5285,0.3298589439520659,473.0,179.0,0.3784355179704017,15549.0,5106.0,0.328381246382404,15726,5214,0.33155284242655475,470.0,178.0,0.37872340425531914,15256.0,5036.0,0.33009963293130573,15946,16249
1674,6715,4286,0.6382725241995533,629.0,533.0,0.8473767885532592,6086.0,3753.0,0.616661189615511,4346,2285,0.5257708237459733,379.0,297.0,0.783641160949868,3967.0,1988.0,0.5011343584572725,4080,2157,0.5286764705882353,368.0,290.0,0.7880434782608695,3712.0,1867.0,0.5029633620689655,5553,5942
1675,2689,824,0.3064336184455188,76.0,9.0,0.11842105263157894,2613.0,815.0,0.31190202831993874,1423,362,0.25439212930428673,24.0,7.0,0.2916666666666667,1399.0,355.0,0.2537526804860615,1362,350,0.25697503671071953,23.0,7.0,0.30434782608695654,1339.0,343.0,0.2561613144137416,1400,1461
1676,1518,0,0.0,26.0,0.0,0.0,1492.0,0.0,0.0,1469,0,0.0,24.0,0.0,0.0,1445.0,0.0,0.0,1453,0,0.0,24.0,0.0,0.0,1429.0,0.0,0.0,1454,1470
1677,1214,2,0.0016474464579901153,24.0,0.0,0.0,1190.0,2.0,0.0016806722689075631,1174,2,0.0017035775127768314,22.0,0.0,0.0,1152.0,2.0,0.001736111111111111,1164,2,0.001718213058419244,22.0,0.0,0.0,1142.0,2.0,0.0017513134851138354,1165,1175
1678,1560,0,0.0,19.0,0.0,0.0,1541.0,0.0,0.0,1245,0,0.0,19.0,0.0,0.0,1226.0,0.0,0.0,1236,0,0.0,19.0,0.0,0.0,1217.0,0.0,0.0,1236,1245
1679,5245,2576,0.4911344137273594,125.0,66.0,0.528,5120.0,2510.0,0.490234375,4673,2518,0.5388401455167986,118.0,66.0,0.559322033898305,4555.0,2452.0,0.5383095499451153,4605,2481,0.5387622149837134,114.0,64.0,0.5614035087719298,4491.0,2417.0,0.5381874860832777,4835,4904
1680,5619,1973,0.35113009432283326,49.0,19.0,0.3877551020408163,5570.0,1954.0,0.35080789946140034,5060,1749,0.3456521739130435,47.0,18.0,0.3829787234042553,5013.0,1731.0,0.3453022142429683,4114,1548,0.3762761302868255,43.0,18.0,0.4186046511627907,4071.0,1530.0,0.37582903463522477,4130,5079
1681,3046,1085,0.3562048588312541,110.0,50.0,0.45454545454545453,2936.0,1035.0,0.3525204359673024,2659,953,0.3584054155697631,90.0,38.0,0.4222222222222222,2569.0,915.0,0.3561697158427404,2637,949,0.3598786499810391,90.0,38.0,0.4222222222222222,2547.0,911.0,0.35767569689831175,2871,2893
1682,77522,30352,0.39152756636825675,2959.0,1168.0,0.39472794863129435,74563.0,29184.0,0.39140056059976125,18349,9882,0.538557959561829,425.0,247.0,0.5811764705882353,17924.0,9635.0,0.5375474224503459,17478,9563,0.5471449822634169,421.0,246.0,0.5843230403800475,17057.0,9317.0,0.5462273553379844,17484,18355
1684,1378,3,0.0021770682148040637,20.0,0.0,0.0,1358.0,3.0,0.0022091310751104565,1330,3,0.002255639097744361,20.0,0.0,0.0,1310.0,3.0,0.0022900763358778627,1315,3,0.0022813688212927757,20.0,0.0,0.0,1295.0,3.0,0.0023166023166023165,1315,1330
1685,17298,1127,0.06515204069834662,252.0,25.0,0.0992063492063492,17046.0,1102.0,0.0646485979115335,15890,1079,0.06790434235368156,223.0,24.0,0.10762331838565023,15667.0,1055.0,0.0673389927873875,15169,1069,0.07047267453358824,210.0,24.0,0.11428571428571428,14959.0,1045.0,0.06985761080286115,19306,20333
1686,3997,1375,0.3440080060045034,30.0,13.0,0.43333333333333335,3967.0,1362.0,0.34333249306780944,3021,1129,0.3737173121482953,23.0,11.0,0.4782608695652174,2998.0,1118.0,0.37291527685123416,2876,1093,0.38004172461752433,23.0,11.0,0.4782608695652174,2853.0,1082.0,0.37924991237294076,3195,3351
1687,55554,140,0.002520070561975735,94.0,3.0,0.031914893617021274,55460.0,137.0,0.0024702488279841326,36420,90,0.002471169686985173,68.0,3.0,0.04411764705882353,36352.0,87.0,0.0023932658450704224,28857,88,0.003049520047128946,53.0,3.0,0.05660377358490566,28804.0,85.0,0.002950979030690182,28876,36439
1688,3,3,1.0,0.0,0.0,,3.0,3.0,1.0,3,3,1.0,0.0,0.0,,3.0,3.0,1.0,3,3,1.0,0.0,0.0,,3.0,3.0,1.0,215,426
1689,27565,13978,0.5070923272265554,315.0,146.0,0.4634920634920635,27250.0,13832.0,0.5075963302752293,25239,12535,0.49665200681485006,293.0,133.0,0.4539249146757679,24946.0,12402.0,0.4971538523210134,23651,11601,0.49050780093864954,291.0,133.0,0.4570446735395189,23360.0,11468.0,0.4909246575342466,25736,27560
1690,493904,127917,0.2589916259030095,5525.0,1338.0,0.24217194570135747,488379.0,126579.0,0.2591819058559029,474066,122973,0.2594005897912949,5201.0,1242.0,0.2388002307248606,468865.0,121731.0,0.25962910432640524,410117,110457,0.2693304593567202,4860.0,1192.0,0.24526748971193416,405257.0,109265.0,0.2696190318736012,464238,544446
1691,1134,143,0.12610229276895943,14.0,3.0,0.21428571428571427,1120.0,140.0,0.125,1067,136,0.1274601686972821,13.0,3.0,0.23076923076923078,1054.0,133.0,0.12618595825426945,1010,133,0.1316831683168317,12.0,3.0,0.25,998.0,130.0,0.13026052104208416,1336,1394
1692,13111,4232,0.32278239646098694,103.0,27.0,0.2621359223300971,13008.0,4205.0,0.3232626076260763,12653,4019,0.31763218209120364,101.0,26.0,0.25742574257425743,12552.0,3993.0,0.3181166347992352,11674,3538,0.30306664382388215,100.0,25.0,0.25,11574.0,3513.0,0.3035251425609124,12834,13908
1694,62802,2081,0.03313588739212127,2060.0,47.0,0.022815533980582524,60742.0,2034.0,0.033485891146159165,55843,1506,0.026968465161255662,1820.0,36.0,0.01978021978021978,54023.0,1470.0,0.027210632508376062,53956,1448,0.02683668174067759,1795.0,35.0,0.019498607242339833,52161.0,1413.0,0.02708920457813309,62457,64513
1695,15231,116,0.007616046221521896,479.0,10.0,0.020876826722338204,14752.0,106.0,0.007185466377440347,15015,110,0.007326007326007326,470.0,10.0,0.02127659574468085,14545.0,100.0,0.006875214850464077,14687,108,0.007353441819295976,464.0,10.0,0.021551724137931036,14223.0,98.0,0.006890248189552134,15584,15920
1696,395,25,0.06329113924050633,7.0,0.0,0.0,388.0,25.0,0.06443298969072164,389,24,0.061696658097686374,7.0,0.0,0.0,382.0,24.0,0.06282722513089005,385,24,0.06233766233766234,7.0,0.0,0.0,378.0,24.0,0.06349206349206349,387,391
1697,5251,164,0.031232146257855645,66.0,0.0,0.0,5185.0,164.0,0.03162970106075217,4794,134,0.027951606174384646,61.0,0.0,0.0,4733.0,134.0,0.02831185294739066,4482,134,0.02989736724676484,57.0,0.0,0.0,4425.0,134.0,0.030282485875706214,4589,4902
1699,4369,3612,0.8267338063630121,70.0,55.0,0.7857142857142857,4299.0,3557.0,0.827401721330542,4149,3511,0.8462280067486141,60.0,49.0,0.8166666666666667,4089.0,3462.0,0.8466617754952311,3878,3288,0.8478597215059309,58.0,48.0,0.8275862068965517,3820.0,3240.0,0.8481675392670157,3882,4153
1700,560,334,0.5964285714285714,8.0,4.0,0.5,552.0,330.0,0.5978260869565217,520,304,0.5846153846153846,8.0,4.0,0.5,512.0,300.0,0.5859375,518,302,0.583011583011583,8.0,4.0,0.5,510.0,298.0,0.5843137254901961,841,849
1701,10936,1560,0.14264813460131676,259.0,44.0,0.16988416988416988,10677.0,1516.0,0.14198744965814367,9853,1536,0.15589160661727391,229.0,44.0,0.19213973799126638,9624.0,1492.0,0.1550290939318371,9683,1508,0.15573685841164928,225.0,41.0,0.18222222222222223,9458.0,1467.0,0.15510678790441954,13305,13616
1702,39,4,0.10256410256410256,0.0,0.0,,39.0,4.0,0.10256410256410256,38,4,0.10526315789473684,0.0,0.0,,38.0,4.0,0.10526315789473684,38,4,0.10526315789473684,0.0,0.0,,38.0,4.0,0.10526315789473684,38,38
1703,137439,84513,0.6149127976775152,4610.0,3822.0,0.8290672451193059,132829.0,80691.0,0.6074802942128601,36664,24479,0.667657647828933,428.0,316.0,0.7383177570093458,36236.0,24163.0,0.6668230489016448,35144,23510,0.6689619849760984,406.0,300.0,0.7389162561576355,34738.0,23210.0,0.6681443951868271,35164,36684
1705,2423,1653,0.6822121337185307,42.0,25.0,0.5952380952380952,2381.0,1628.0,0.6837463250734985,2372,1626,0.6854974704890388,40.0,23.0,0.575,2332.0,1603.0,0.6873927958833619,2234,1529,0.6844225604297225,40.0,23.0,0.575,2194.0,1506.0,0.6864175022789426,3291,3597
1706,3679,148,0.04022832291383528,20.0,0.0,0.0,3659.0,148.0,0.0404482098934135,3442,143,0.04154561301568855,20.0,0.0,0.0,3422.0,143.0,0.04178842781998831,3226,138,0.04277743335399876,19.0,0.0,0.0,3207.0,138.0,0.04303086997193639,3445,3673
1707,1,1,1.0,0.0,0.0,,1.0,1.0,1.0,1,1,1.0,0.0,0.0,,1.0,1.0,1.0,1,1,1.0,0.0,0.0,,1.0,1.0,1.0,1,1
1711,35,17,0.4857142857142857,0.0,0.0,,35.0,17.0,0.4857142857142857,29,16,0.5517241379310345,0.0,0.0,,29.0,16.0,0.5517241379310345,28,16,0.5714285714285714,0.0,0.0,,28.0,16.0,0.5714285714285714,28,29
1712,2377,191,0.08035338662179217,30.0,7.0,0.23333333333333334,2347.0,184.0,0.0783979548359608,2207,172,0.07793384685092886,28.0,6.0,0.21428571428571427,2179.0,166.0,0.07618173474070675,2158,170,0.07877664504170528,27.0,6.0,0.2222222222222222,2131.0,164.0,0.07695917409666823,2380,2429
1713,12344,5,0.0004050550874918989,267.0,0.0,0.0,12077.0,5.0,0.00041401010184648505,11507,5,0.00043451811940557923,254.0,0.0,0.0,11253.0,5.0,0.0004443259575224385,11157,5,0.0004481491440351349,248.0,0.0,0.0,10909.0,5.0,0.0004583371528096067,12963,13580
1715,919,68,0.07399347116430903,8.0,0.0,0.0,911.0,68.0,0.07464324917672886,889,66,0.07424071991001124,7.0,0.0,0.0,882.0,66.0,0.07482993197278912,872,64,0.07339449541284404,7.0,0.0,0.0,865.0,64.0,0.07398843930635839,882,899
1716,845,17,0.020118343195266272,5.0,0.0,0.0,840.0,17.0,0.02023809523809524,815,15,0.018404907975460124,4.0,0.0,0.0,811.0,15.0,0.018495684340320593,800,13,0.01625,4.0,0.0,0.0,796.0,13.0,0.016331658291457288,810,825
1718,166,8,0.04819277108433735,2.0,0.0,0.0,164.0,8.0,0.04878048780487805,162,8,0.04938271604938271,2.0,0.0,0.0,160.0,8.0,0.05,161,8,0.049689440993788817,2.0,0.0,0.0,159.0,8.0,0.050314465408805034,165,166
1720,8,0,0.0,0.0,0.0,,8.0,0.0,0.0,8,0,0.0,0.0,0.0,,8.0,0.0,0.0,8,0,0.0,0.0,0.0,,8.0,0.0,0.0,9,9
1721,1458,25,0.017146776406035666,9.0,0.0,0.0,1449.0,25.0,0.01725327812284334,942,22,0.02335456475583864,9.0,0.0,0.0,933.0,22.0,0.023579849946409433,737,19,0.025780189959294438,8.0,0.0,0.0,729.0,19.0,0.02606310013717421,737,942
1722,2277,343,0.15063680281071584,26.0,4.0,0.15384615384615385,2251.0,339.0,0.1505997334517992,2111,339,0.1605873993368072,21.0,3.0,0.14285714285714285,2090.0,336.0,0.16076555023923444,2093,337,0.1610129001433349,21.0,3.0,0.14285714285714285,2072.0,334.0,0.1611969111969112,2131,2149
1724,45,0,0.0,6.0,0.0,0.0,39.0,0.0,0.0,45,0,0.0,6.0,0.0,0.0,39.0,0.0,0.0,45,0,0.0,6.0,0.0,0.0,39.0,0.0,0.0,51,51
1725,2290,639,0.2790393013100437,57.0,18.0,0.3157894736842105,2233.0,621.0,0.2781012091356919,1829,482,0.263531984691088,41.0,12.0,0.2926829268292683,1788.0,470.0,0.26286353467561524,1561,422,0.2703395259449071,39.0,11.0,0.28205128205128205,1522.0,411.0,0.2700394218134034,1562,1830
1726,119,1,0.008403361344537815,3.0,0.0,0.0,116.0,1.0,0.008620689655172414,118,1,0.00847457627118644,3.0,0.0,0.0,115.0,1.0,0.008695652173913044,118,1,0.00847457627118644,3.0,0.0,0.0,115.0,1.0,0.008695652173913044,125,125
1727,333,22,0.06606606606606606,11.0,0.0,0.0,322.0,22.0,0.06832298136645963,333,22,0.06606606606606606,11.0,0.0,0.0,322.0,22.0,0.06832298136645963,331,22,0.06646525679758308,11.0,0.0,0.0,320.0,22.0,0.06875,334,336
1728,785,318,0.4050955414012739,2.0,0.0,0.0,783.0,318.0,0.4061302681992337,746,308,0.4128686327077748,2.0,0.0,0.0,744.0,308.0,0.41397849462365593,713,303,0.42496493688639553,2.0,0.0,0.0,711.0,303.0,0.42616033755274263,922,971
1729,15887,7229,0.45502612198652986,232.0,104.0,0.4482758620689655,15655.0,7125.0,0.45512615777706805,15352,7085,0.46150338718082334,219.0,102.0,0.4657534246575342,15133.0,6983.0,0.4614418819797793,13525,6370,0.4709796672828096,190.0,91.0,0.4789473684210526,13335.0,6279.0,0.47086614173228347,61577,72336
1730,4,0,0.0,0.0,0.0,,4.0,0.0,0.0,3,0,0.0,0.0,0.0,,3.0,0.0,0.0,3,0,0.0,0.0,0.0,,3.0,0.0,0.0,6,6
1731,3,0,0.0,0.0,0.0,,3.0,0.0,0.0,3,0,0.0,0.0,0.0,,3.0,0.0,0.0,3,0,0.0,0.0,0.0,,3.0,0.0,0.0,3,3
1732,3,0,0.0,0.0,0.0,,3.0,0.0,0.0,3,0,0.0,0.0,0.0,,3.0,0.0,0.0,3,0,0.0,0.0,0.0,,3.0,0.0,0.0,3,3
1733,145,0,0.0,2.0,0.0,0.0,143.0,0.0,0.0,141,0,0.0,2.0,0.0,0.0,139.0,0.0,0.0,140,0,0.0,2.0,0.0,0.0,138.0,0.0,0.0,149,150
1734,159,6,0.03773584905660377,1.0,0.0,0.0,158.0,6.0,0.0379746835443038,149,6,0.040268456375838924,1.0,0.0,0.0,148.0,6.0,0.04054054054054054,147,6,0.04081632653061224,1.0,0.0,0.0,146.0,6.0,0.0410958904109589,219,221
1735,74,55,0.7432432432432432,0.0,0.0,,74.0,55.0,0.7432432432432432,73,54,0.7397260273972602,0.0,0.0,,73.0,54.0,0.7397260273972602,72,54,0.75,0.0,0.0,,72.0,54.0,0.75,336,338
1736,23,1,0.043478260869565216,1.0,0.0,0.0,22.0,1.0,0.045454545454545456,23,1,0.043478260869565216,1.0,0.0,0.0,22.0,1.0,0.045454545454545456,23,1,0.043478260869565216,1.0,0.0,0.0,22.0,1.0,0.045454545454545456,23,23
1737,7,2,0.2857142857142857,0.0,0.0,,7.0,2.0,0.2857142857142857,7,2,0.2857142857142857,0.0,0.0,,7.0,2.0,0.2857142857142857,7,2,0.2857142857142857,0.0,0.0,,7.0,2.0,0.2857142857142857,16,16
1739,4,0,0.0,0.0,0.0,,4.0,0.0,0.0,4,0,0.0,0.0,0.0,,4.0,0.0,0.0,4,0,0.0,0.0,0.0,,4.0,0.0,0.0,4,4
1740,12693,2221,0.17497833451508707,142.0,22.0,0.15492957746478872,12551.0,2199.0,0.17520516293522428,11136,2143,0.1924389367816092,121.0,22.0,0.18181818181818182,11015.0,2121.0,0.19255560599182933,10823,2089,0.1930148757276171,117.0,22.0,0.18803418803418803,10706.0,2067.0,0.19306930693069307,12027,12357
1743,1493,146,0.09778968519758875,17.0,7.0,0.4117647058823529,1476.0,139.0,0.09417344173441734,1434,134,0.09344490934449093,16.0,6.0,0.375,1418.0,128.0,0.09026798307475317,1422,132,0.09282700421940929,16.0,6.0,0.375,1406.0,126.0,0.08961593172119488,1540,1552
1744,45,6,0.13333333333333333,2.0,1.0,0.5,43.0,5.0,0.11627906976744186,45,6,0.13333333333333333,2.0,1.0,0.5,43.0,5.0,0.11627906976744186,45,6,0.13333333333333333,2.0,1.0,0.5,43.0,5.0,0.11627906976744186,66,66
1745,65,0,0.0,1.0,0.0,0.0,64.0,0.0,0.0,65,0,0.0,1.0,0.0,0.0,64.0,0.0,0.0,65,0,0.0,1.0,0.0,0.0,64.0,0.0,0.0,65,65
1746,9284,771,0.08304610081861266,206.0,13.0,0.06310679611650485,9078.0,758.0,0.08349856796651245,8571,741,0.0864543227161358,190.0,13.0,0.06842105263157895,8381.0,728.0,0.08686314282305214,8293,729,0.0879054624382009,188.0,13.0,0.06914893617021277,8105.0,716.0,0.08834053053670574,8936,9223
1747,134128,74851,0.5580564833591793,3630.0,2506.0,0.6903581267217631,130498.0,72345.0,0.554376312280648,30508,16633,0.5452012586862462,795.0,532.0,0.6691823899371069,29713.0,16101.0,0.5418840238279541,22368,12827,0.573453147353362,650.0,437.0,0.6723076923076923,21718.0,12390.0,0.5704945206740952,22368,30508
1748,647,431,0.6661514683153014,3.0,2.0,0.6666666666666666,644.0,429.0,0.6661490683229814,597,417,0.6984924623115578,3.0,2.0,0.6666666666666666,594.0,415.0,0.6986531986531986,594,415,0.6986531986531986,3.0,2.0,0.6666666666666666,591.0,413.0,0.6988155668358714,791,796
1749,204,23,0.11274509803921569,0.0,0.0,,204.0,23.0,0.11274509803921569,204,23,0.11274509803921569,0.0,0.0,,204.0,23.0,0.11274509803921569,202,23,0.11386138613861387,0.0,0.0,,202.0,23.0,0.11386138613861387,202,204
1750,77,63,0.8181818181818182,0.0,0.0,,77.0,63.0,0.8181818181818182,74,60,0.8108108108108109,0.0,0.0,,74.0,60.0,0.8108108108108109,74,60,0.8108108108108109,0.0,0.0,,74.0,60.0,0.8108108108108109,99,99
1751,6420,2347,0.3655763239875389,70.0,22.0,0.3142857142857143,6350.0,2325.0,0.3661417322834646,6377,2334,0.36600282264387646,69.0,22.0,0.3188405797101449,6308.0,2312.0,0.36651870640456563,6229,2313,0.371327660940761,69.0,22.0,0.3188405797101449,6160.0,2291.0,0.3719155844155844,6240,6388
1754,235,95,0.40425531914893614,3.0,1.0,0.3333333333333333,232.0,94.0,0.4051724137931034,181,91,0.5027624309392266,3.0,1.0,0.3333333333333333,178.0,90.0,0.5056179775280899,181,91,0.5027624309392266,3.0,1.0,0.3333333333333333,178.0,90.0,0.5056179775280899,183,183
1755,1889,390,0.20645844362096347,17.0,4.0,0.23529411764705882,1872.0,386.0,0.20619658119658119,1570,330,0.21019108280254778,14.0,3.0,0.21428571428571427,1556.0,327.0,0.2101542416452442,1547,323,0.2087912087912088,14.0,3.0,0.21428571428571427,1533.0,320.0,0.20874103065883887,1674,1700
1756,2144,51,0.02378731343283582,17.0,1.0,0.058823529411764705,2127.0,50.0,0.023507287259050307,1767,42,0.023769100169779286,15.0,1.0,0.06666666666666667,1752.0,41.0,0.023401826484018264,1746,41,0.023482245131729668,15.0,1.0,0.06666666666666667,1731.0,40.0,0.023108030040439053,1750,1771
1757,683,42,0.06149341142020498,3.0,2.0,0.6666666666666666,680.0,40.0,0.058823529411764705,330,21,0.06363636363636363,3.0,2.0,0.6666666666666666,327.0,19.0,0.0581039755351682,326,21,0.06441717791411043,3.0,2.0,0.6666666666666666,323.0,19.0,0.058823529411764705,326,330
1758,15,0,0.0,0.0,0.0,,15.0,0.0,0.0,15,0,0.0,0.0,0.0,,15.0,0.0,0.0,14,0,0.0,0.0,0.0,,14.0,0.0,0.0,35,36
1759,82,2,0.024390243902439025,3.0,0.0,0.0,79.0,2.0,0.02531645569620253,70,2,0.02857142857142857,3.0,0.0,0.0,67.0,2.0,0.029850746268656716,69,2,0.028985507246376812,3.0,0.0,0.0,66.0,2.0,0.030303030303030304,69,70
1760,213,75,0.352112676056338,0.0,0.0,,213.0,75.0,0.352112676056338,211,75,0.35545023696682465,0.0,0.0,,211.0,75.0,0.35545023696682465,211,75,0.35545023696682465,0.0,0.0,,211.0,75.0,0.35545023696682465,211,211
1761,33343,64,0.0019194433614251867,321.0,0.0,0.0,33022.0,64.0,0.0019381018714796196,29269,63,0.0021524479825070896,288.0,0.0,0.0,28981.0,63.0,0.002173838031813947,25017,51,0.0020386137426549947,258.0,0.0,0.0,24759.0,51.0,0.002059857021689083,25018,29270
1762,337114,85542,0.2537479902940845,6572.0,1465.0,0.222915398660986,330542.0,84077.0,0.2543610191745678,316812,80404,0.25379089175915054,5960.0,1322.0,0.22181208053691276,310852.0,79082.0,0.25440402506659116,243965,66526,0.27268665587276864,4480.0,1124.0,0.25089285714285714,239485.0,65402.0,0.2730943482890369,318943,419347
1763,3,2,0.6666666666666666,0.0,0.0,,3.0,2.0,0.6666666666666666,3,2,0.6666666666666666,0.0,0.0,,3.0,2.0,0.6666666666666666,3,2,0.6666666666666666,0.0,0.0,,3.0,2.0,0.6666666666666666,3,3
1764,27516,17276,0.6278528855938363,249.0,145.0,0.5823293172690763,27267.0,17131.0,0.6282686030733121,10866,5844,0.5378244064053009,84.0,46.0,0.5476190476190477,10782.0,5798.0,0.5377480986829901,7834,4628,0.5907582333418433,63.0,38.0,0.6031746031746031,7771.0,4590.0,0.5906575730279243,7974,11012
1765,99,2,0.020202020202020204,0.0,0.0,,99.0,2.0,0.020202020202020204,98,2,0.02040816326530612,0.0,0.0,,98.0,2.0,0.02040816326530612,98,2,0.02040816326530612,0.0,0.0,,98.0,2.0,0.02040816326530612,131,132
1766,383,192,0.5013054830287206,1.0,0.0,0.0,382.0,192.0,0.5026178010471204,378,191,0.5052910052910053,1.0,0.0,0.0,377.0,191.0,0.506631299734748,374,191,0.5106951871657754,1.0,0.0,0.0,373.0,191.0,0.5120643431635389,387,391
1767,388,206,0.5309278350515464,2.0,0.0,0.0,386.0,206.0,0.533678756476684,384,205,0.5338541666666666,2.0,0.0,0.0,382.0,205.0,0.5366492146596858,380,204,0.5368421052631579,2.0,0.0,0.0,378.0,204.0,0.5396825396825397,391,395
1768,309,112,0.36245954692556637,1.0,0.0,0.0,308.0,112.0,0.36363636363636365,305,111,0.3639344262295082,1.0,0.0,0.0,304.0,111.0,0.3651315789473684,303,111,0.36633663366336633,1.0,0.0,0.0,302.0,111.0,0.3675496688741722,314,316
1769,13,0,0.0,0.0,0.0,,13.0,0.0,0.0,13,0,0.0,0.0,0.0,,13.0,0.0,0.0,13,0,0.0,0.0,0.0,,13.0,0.0,0.0,13,13
1770,12,0,0.0,0.0,0.0,,12.0,0.0,0.0,12,0,0.0,0.0,0.0,,12.0,0.0,0.0,12,0,0.0,0.0,0.0,,12.0,0.0,0.0,12,12
1772,34,13,0.38235294117647056,0.0,0.0,,34.0,13.0,0.38235294117647056,33,13,0.3939393939393939,0.0,0.0,,33.0,13.0,0.3939393939393939,32,13,0.40625,0.0,0.0,,32.0,13.0,0.40625,32,33
1774,28,0,0.0,1.0,0.0,0.0,27.0,0.0,0.0,26,0,0.0,1.0,0.0,0.0,25.0,0.0,0.0,26,0,0.0,1.0,0.0,0.0,25.0,0.0,0.0,30,30
1776,35,0,0.0,1.0,0.0,0.0,34.0,0.0,0.0,32,0,0.0,1.0,0.0,0.0,31.0,0.0,0.0,31,0,0.0,1.0,0.0,0.0,30.0,0.0,0.0,31,32
1777,5796,390,0.06728778467908902,105.0,3.0,0.02857142857142857,5691.0,387.0,0.0680021085925145,5316,369,0.06941309255079006,80.0,3.0,0.0375,5236.0,366.0,0.06990068754774637,5162,365,0.07070902750871755,79.0,3.0,0.0379746835443038,5083.0,362.0,0.07121778477277199,5216,5370
1778,124,3,0.024193548387096774,0.0,0.0,,124.0,3.0,0.024193548387096774,110,3,0.02727272727272727,0.0,0.0,,110.0,3.0,0.02727272727272727,108,3,0.027777777777777776,0.0,0.0,,108.0,3.0,0.027777777777777776,129,131
1779,16,2,0.125,0.0,0.0,,16.0,2.0,0.125,16,2,0.125,0.0,0.0,,16.0,2.0,0.125,16,2,0.125,0.0,0.0,,16.0,2.0,0.125,23,23
1782,61,42,0.6885245901639344,2.0,2.0,1.0,59.0,40.0,0.6779661016949152,57,39,0.6842105263157895,2.0,2.0,1.0,55.0,37.0,0.6727272727272727,57,39,0.6842105263157895,2.0,2.0,1.0,55.0,37.0,0.6727272727272727,61,61
1784,6621,10,0.0015103458692040477,144.0,0.0,0.0,6477.0,10.0,0.001543924656476764,5245,7,0.001334604385128694,93.0,0.0,0.0,5152.0,7.0,0.001358695652173913,4894,7,0.0014303228442991418,88.0,0.0,0.0,4806.0,7.0,0.0014565126924677486,4930,5281
1785,52,2,0.038461538461538464,1.0,0.0,0.0,51.0,2.0,0.0392156862745098,47,2,0.0425531914893617,1.0,0.0,0.0,46.0,2.0,0.043478260869565216,46,2,0.043478260869565216,1.0,0.0,0.0,45.0,2.0,0.044444444444444446,56,57
1786,46,0,0.0,1.0,0.0,0.0,45.0,0.0,0.0,43,0,0.0,1.0,0.0,0.0,42.0,0.0,0.0,43,0,0.0,1.0,0.0,0.0,42.0,0.0,0.0,52,52
1787,205,3,0.014634146341463415,2.0,0.0,0.0,203.0,3.0,0.014778325123152709,203,3,0.014778325123152709,2.0,0.0,0.0,201.0,3.0,0.014925373134328358,203,3,0.014778325123152709,2.0,0.0,0.0,201.0,3.0,0.014925373134328358,205,205
1791,4,0,0.0,0.0,0.0,,4.0,0.0,0.0,4,0,0.0,0.0,0.0,,4.0,0.0,0.0,4,0,0.0,0.0,0.0,,4.0,0.0,0.0,4,4
1792,2964,38,0.01282051282051282,14.0,0.0,0.0,2950.0,38.0,0.01288135593220339,2954,38,0.012863913337846988,14.0,0.0,0.0,2940.0,38.0,0.01292517006802721,2635,35,0.013282732447817837,14.0,0.0,0.0,2621.0,35.0,0.013353681800839375,2723,3063
1793,8976,146,0.01626559714795009,155.0,0.0,0.0,8821.0,146.0,0.016551411404602652,8632,144,0.016682113067655237,152.0,0.0,0.0,8480.0,144.0,0.016981132075471698,8432,143,0.016959203036053132,148.0,0.0,0.0,8284.0,143.0,0.017262192177691937,8433,8633
1794,176,10,0.056818181818181816,1.0,0.0,0.0,175.0,10.0,0.05714285714285714,173,10,0.057803468208092484,1.0,0.0,0.0,172.0,10.0,0.05813953488372093,172,9,0.05232558139534884,1.0,0.0,0.0,171.0,9.0,0.05263157894736842,212,213
1795,1695,12,0.007079646017699115,24.0,1.0,0.041666666666666664,1671.0,11.0,0.006582884500299222,1553,10,0.00643915003219575,22.0,1.0,0.045454545454545456,1531.0,9.0,0.005878510777269758,1476,10,0.006775067750677507,22.0,1.0,0.045454545454545456,1454.0,9.0,0.006189821182943604,1486,1563
1798,68,0,0.0,3.0,0.0,0.0,65.0,0.0,0.0,65,0,0.0,1.0,0.0,0.0,64.0,0.0,0.0,65,0,0.0,1.0,0.0,0.0,64.0,0.0,0.0,95,95
1799,1124,0,0.0,21.0,0.0,0.0,1103.0,0.0,0.0,1103,0,0.0,21.0,0.0,0.0,1082.0,0.0,0.0,1097,0,0.0,21.0,0.0,0.0,1076.0,0.0,0.0,1097,1103
1800,98,1,0.01020408163265306,2.0,0.0,0.0,96.0,1.0,0.010416666666666666,96,1,0.010416666666666666,2.0,0.0,0.0,94.0,1.0,0.010638297872340425,96,1,0.010416666666666666,2.0,0.0,0.0,94.0,1.0,0.010638297872340425,96,96
1801,101,7,0.06930693069306931,2.0,0.0,0.0,99.0,7.0,0.0707070707070707,97,6,0.061855670103092786,2.0,0.0,0.0,95.0,6.0,0.06315789473684211,97,6,0.061855670103092786,2.0,0.0,0.0,95.0,6.0,0.06315789473684211,97,97
1802,696,10,0.014367816091954023,1.0,0.0,0.0,695.0,10.0,0.014388489208633094,681,10,0.014684287812041116,1.0,0.0,0.0,680.0,10.0,0.014705882352941176,662,10,0.015105740181268883,1.0,0.0,0.0,661.0,10.0,0.015128593040847202,2285,2378
1803,1254,145,0.11562998405103668,27.0,7.0,0.25925925925925924,1227.0,138.0,0.11246943765281174,1220,144,0.1180327868852459,27.0,7.0,0.25925925925925924,1193.0,137.0,0.11483654652137469,1204,141,0.11710963455149502,27.0,7.0,0.25925925925925924,1177.0,134.0,0.11384876805437553,1207,1223
1804,529,274,0.5179584120982986,27.0,12.0,0.4444444444444444,502.0,262.0,0.5219123505976095,497,268,0.5392354124748491,25.0,12.0,0.48,472.0,256.0,0.5423728813559322,473,249,0.5264270613107822,25.0,12.0,0.48,448.0,237.0,0.5290178571428571,512,537
1805,246,246,1.0,2.0,2.0,1.0,244.0,244.0,1.0,170,170,1.0,2.0,2.0,1.0,168.0,168.0,1.0,167,167,1.0,2.0,2.0,1.0,165.0,165.0,1.0,167,170
1806,19820,126,0.006357214934409688,309.0,7.0,0.022653721682847898,19511.0,119.0,0.006099123571318743,18407,103,0.0055956972890748085,245.0,6.0,0.024489795918367346,18162.0,97.0,0.005340821495430019,17828,96,0.0053847879739735245,241.0,5.0,0.02074688796680498,17587.0,91.0,0.005174276454199125,23777,24485
1807,19244,43,0.0022344626896695073,399.0,3.0,0.007518796992481203,18845.0,40.0,0.0021225789334040858,19180,42,0.0021897810218978104,397.0,3.0,0.007556675062972292,18783.0,39.0,0.002076345631688229,18973,42,0.0022136720602962106,395.0,3.0,0.007594936708860759,18578.0,39.0,0.0020992571859188287,20638,21082
1808,2238,316,0.14119749776586238,9.0,0.0,0.0,2229.0,316.0,0.1417676087931808,2221,316,0.14227825303917155,9.0,0.0,0.0,2212.0,316.0,0.14285714285714285,2117,313,0.1478507321681625,9.0,0.0,0.0,2108.0,313.0,0.1484819734345351,2944,3071
1809,137069,7814,0.057007784400557385,1632.0,43.0,0.026348039215686275,135437.0,7771.0,0.05737723074196859,131791,7584,0.057545659415286325,1585.0,43.0,0.027129337539432176,130206.0,7541.0,0.05791591785324793,125298,7555,0.060296253731105046,1521.0,43.0,0.02827087442472058,123777.0,7512.0,0.06068978889454422,129382,136240
1810,66,0,0.0,4.0,0.0,0.0,62.0,0.0,0.0,66,0,0.0,4.0,0.0,0.0,62.0,0.0,0.0,66,0,0.0,4.0,0.0,0.0,62.0,0.0,0.0,66,66
1811,193,0,0.0,4.0,0.0,0.0,189.0,0.0,0.0,188,0,0.0,4.0,0.0,0.0,184.0,0.0,0.0,187,0,0.0,4.0,0.0,0.0,183.0,0.0,0.0,187,188
1813,172,0,0.0,4.0,0.0,0.0,168.0,0.0,0.0,172,0,0.0,4.0,0.0,0.0,168.0,0.0,0.0,172,0,0.0,4.0,0.0,0.0,168.0,0.0,0.0,172,172
1814,193,0,0.0,4.0,0.0,0.0,189.0,0.0,0.0,188,0,0.0,4.0,0.0,0.0,184.0,0.0,0.0,187,0,0.0,4.0,0.0,0.0,183.0,0.0,0.0,187,188
1815,3,0,0.0,0.0,0.0,,3.0,0.0,0.0,2,0,0.0,0.0,0.0,,2.0,0.0,0.0,2,0,0.0,0.0,0.0,,2.0,0.0,0.0,2,2
1816,442,17,0.038461538461538464,12.0,0.0,0.0,430.0,17.0,0.03953488372093023,428,16,0.037383177570093455,12.0,0.0,0.0,416.0,16.0,0.038461538461538464,425,16,0.03764705882352941,12.0,0.0,0.0,413.0,16.0,0.0387409200968523,425,428
1818,151,8,0.052980132450331126,2.0,0.0,0.0,149.0,8.0,0.053691275167785234,151,8,0.052980132450331126,2.0,0.0,0.0,149.0,8.0,0.053691275167785234,137,8,0.058394160583941604,1.0,0.0,0.0,136.0,8.0,0.058823529411764705,230,254
1819,393,13,0.03307888040712468,2.0,0.0,0.0,391.0,13.0,0.03324808184143223,391,13,0.03324808184143223,2.0,0.0,0.0,389.0,13.0,0.033419023136246784,381,13,0.03412073490813648,2.0,0.0,0.0,379.0,13.0,0.03430079155672823,386,396
1821,630,43,0.06825396825396825,2.0,0.0,0.0,628.0,43.0,0.06847133757961783,578,43,0.07439446366782007,2.0,0.0,0.0,576.0,43.0,0.07465277777777778,555,43,0.07747747747747748,2.0,0.0,0.0,553.0,43.0,0.07775768535262206,555,578
1822,3171,1043,0.32891832229580575,87.0,24.0,0.27586206896551724,3084.0,1019.0,0.33041504539559013,2566,1035,0.4033515198752923,54.0,17.0,0.3148148148148148,2512.0,1018.0,0.4052547770700637,2518,1008,0.40031771247021447,54.0,17.0,0.3148148148148148,2464.0,991.0,0.40219155844155846,4294,4358
1824,32,0,0.0,1.0,0.0,0.0,31.0,0.0,0.0,32,0,0.0,1.0,0.0,0.0,31.0,0.0,0.0,32,0,0.0,1.0,0.0,0.0,31.0,0.0,0.0,94,98
1825,35,0,0.0,0.0,0.0,,35.0,0.0,0.0,33,0,0.0,0.0,0.0,,33.0,0.0,0.0,32,0,0.0,0.0,0.0,,32.0,0.0,0.0,32,33
1829,2275,757,0.33274725274725275,5.0,2.0,0.4,2270.0,755.0,0.33259911894273125,2211,728,0.32926277702397105,5.0,2.0,0.4,2206.0,726.0,0.329102447869447,2195,721,0.3284738041002278,5.0,2.0,0.4,2190.0,719.0,0.32831050228310504,2669,2688
1830,44,5,0.11363636363636363,0.0,0.0,,44.0,5.0,0.11363636363636363,34,5,0.14705882352941177,0.0,0.0,,34.0,5.0,0.14705882352941177,34,5,0.14705882352941177,0.0,0.0,,34.0,5.0,0.14705882352941177,71,71
1831,1518,4,0.002635046113306983,14.0,0.0,0.0,1504.0,4.0,0.0026595744680851063,1502,4,0.002663115845539281,13.0,0.0,0.0,1489.0,4.0,0.002686366689053056,1491,4,0.0026827632461435278,13.0,0.0,0.0,1478.0,4.0,0.0027063599458728013,1492,1503
1832,12,1,0.08333333333333333,0.0,0.0,,12.0,1.0,0.08333333333333333,12,1,0.08333333333333333,0.0,0.0,,12.0,1.0,0.08333333333333333,9,1,0.1111111111111111,0.0,0.0,,9.0,1.0,0.1111111111111111,27,30
1833,4634,440,0.09495036685369011,55.0,6.0,0.10909090909090909,4579.0,434.0,0.09478051976414065,4080,417,0.10220588235294117,51.0,6.0,0.11764705882352941,4029.0,411.0,0.10201042442293373,4006,401,0.100099850224663,50.0,6.0,0.12,3956.0,395.0,0.09984833164812942,4503,4599
1834,59,11,0.1864406779661017,1.0,0.0,0.0,58.0,11.0,0.1896551724137931,56,11,0.19642857142857142,1.0,0.0,0.0,55.0,11.0,0.2,54,11,0.2037037037037037,1.0,0.0,0.0,53.0,11.0,0.20754716981132076,84,87
1835,56,11,0.19642857142857142,1.0,0.0,0.0,55.0,11.0,0.2,53,11,0.20754716981132076,1.0,0.0,0.0,52.0,11.0,0.21153846153846154,51,11,0.21568627450980393,1.0,0.0,0.0,50.0,11.0,0.22,62,64
1836,58,11,0.1896551724137931,1.0,0.0,0.0,57.0,11.0,0.19298245614035087,55,11,0.2,1.0,0.0,0.0,54.0,11.0,0.2037037037037037,53,11,0.20754716981132076,1.0,0.0,0.0,52.0,11.0,0.21153846153846154,81,84
1837,121,0,0.0,0.0,0.0,,121.0,0.0,0.0,115,0,0.0,0.0,0.0,,115.0,0.0,0.0,111,0,0.0,0.0,0.0,,111.0,0.0,0.0,149,153
1838,1388,3,0.002161383285302594,9.0,0.0,0.0,1379.0,3.0,0.002175489485134155,1333,3,0.002250562640660165,9.0,0.0,0.0,1324.0,3.0,0.0022658610271903325,1320,3,0.0022727272727272726,9.0,0.0,0.0,1311.0,3.0,0.002288329519450801,1455,1468
1839,129,17,0.13178294573643412,2.0,0.0,0.0,127.0,17.0,0.13385826771653545,124,15,0.12096774193548387,2.0,0.0,0.0,122.0,15.0,0.12295081967213115,124,15,0.12096774193548387,2.0,0.0,0.0,122.0,15.0,0.12295081967213115,145,145
1840,32,0,0.0,2.0,0.0,0.0,30.0,0.0,0.0,31,0,0.0,2.0,0.0,0.0,29.0,0.0,0.0,31,0,0.0,2.0,0.0,0.0,29.0,0.0,0.0,31,31
1841,7,1,0.14285714285714285,0.0,0.0,,7.0,1.0,0.14285714285714285,7,1,0.14285714285714285,0.0,0.0,,7.0,1.0,0.14285714285714285,7,1,0.14285714285714285,0.0,0.0,,7.0,1.0,0.14285714285714285,7,7
1842,7,0,0.0,0.0,0.0,,7.0,0.0,0.0,7,0,0.0,0.0,0.0,,7.0,0.0,0.0,7,0,0.0,0.0,0.0,,7.0,0.0,0.0,7,7
1843,1074,117,0.10893854748603352,8.0,0.0,0.0,1066.0,117.0,0.10975609756097561,695,88,0.12661870503597122,8.0,0.0,0.0,687.0,88.0,0.12809315866084425,606,85,0.14026402640264027,6.0,0.0,0.0,600.0,85.0,0.14166666666666666,630,736
1844,30,0,0.0,0.0,0.0,,30.0,0.0,0.0,30,0,0.0,0.0,0.0,,30.0,0.0,0.0,30,0,0.0,0.0,0.0,,30.0,0.0,0.0,33,33
1846,451,12,0.026607538802660754,8.0,0.0,0.0,443.0,12.0,0.02708803611738149,420,9,0.02142857142857143,8.0,0.0,0.0,412.0,9.0,0.021844660194174758,409,9,0.022004889975550123,7.0,0.0,0.0,402.0,9.0,0.022388059701492536,410,421
1849,5,0,0.0,0.0,0.0,,5.0,0.0,0.0,5,0,0.0,0.0,0.0,,5.0,0.0,0.0,5,0,0.0,0.0,0.0,,5.0,0.0,0.0,5,5
1850,24,7,0.2916666666666667,0.0,0.0,,24.0,7.0,0.2916666666666667,24,7,0.2916666666666667,0.0,0.0,,24.0,7.0,0.2916666666666667,24,7,0.2916666666666667,0.0,0.0,,24.0,7.0,0.2916666666666667,28,28
1851,8,4,0.5,0.0,0.0,,8.0,4.0,0.5,8,4,0.5,0.0,0.0,,8.0,4.0,0.5,7,4,0.5714285714285714,0.0,0.0,,7.0,4.0,0.5714285714285714,7,8
1853,25,0,0.0,0.0,0.0,,25.0,0.0,0.0,25,0,0.0,0.0,0.0,,25.0,0.0,0.0,25,0,0.0,0.0,0.0,,25.0,0.0,0.0,25,25
1855,42,6,0.14285714285714285,0.0,0.0,,42.0,6.0,0.14285714285714285,42,6,0.14285714285714285,0.0,0.0,,42.0,6.0,0.14285714285714285,41,6,0.14634146341463414,0.0,0.0,,41.0,6.0,0.14634146341463414,41,42
1856,1,0,0.0,0.0,0.0,,1.0,0.0,0.0,1,0,0.0,0.0,0.0,,1.0,0.0,0.0,1,0,0.0,0.0,0.0,,1.0,0.0,0.0,7,7
1857,43,11,0.2558139534883721,1.0,0.0,0.0,42.0,11.0,0.2619047619047619,43,11,0.2558139534883721,1.0,0.0,0.0,42.0,11.0,0.2619047619047619,42,11,0.2619047619047619,1.0,0.0,0.0,41.0,11.0,0.2682926829268293,43,44
1858,49662,39007,0.7854496395634489,1754.0,1450.0,0.8266818700114025,47908.0,37557.0,0.7839400517658847,5148,3392,0.6588966588966589,60.0,54.0,0.9,5088.0,3338.0,0.6560534591194969,4986,3285,0.6588447653429603,60.0,54.0,0.9,4926.0,3231.0,0.6559074299634592,6322,6495
1859,198405,123065,0.6202716665406618,6789.0,5459.0,0.8040948593312712,191616.0,117606.0,0.6137587675350702,17122,12551,0.7330335241210139,193.0,169.0,0.8756476683937824,16929.0,12382.0,0.7314076436883454,16347,12053,0.737321832752187,192.0,168.0,0.875,16155.0,11885.0,0.7356855462705045,17720,18505
1862,200873,92844,0.4622024861479641,6939.0,3243.0,0.46735840899265024,193934.0,89601.0,0.46201800612579536,17603,11797,0.6701698574106686,201.0,168.0,0.835820895522388,17402.0,11629.0,0.6682565222388231,16822,11362,0.6754250386398764,200.0,167.0,0.835,16622.0,11195.0,0.6735049933822644,18197,18988
1864,64042,43815,0.6841603947409512,4679.0,1280.0,0.27356272707843554,59363.0,42535.0,0.7165237605916143,5651,3658,0.6473190585737038,110.0,51.0,0.4636363636363636,5541.0,3607.0,0.650965529687782,5486,3543,0.6458257382427999,109.0,51.0,0.46788990825688076,5377.0,3492.0,0.6494327692021573,6844,7018
1866,304,23,0.0756578947368421,0.0,0.0,,304.0,23.0,0.0756578947368421,273,22,0.08058608058608059,0.0,0.0,,273.0,22.0,0.08058608058608059,270,22,0.08148148148148149,0.0,0.0,,270.0,22.0,0.08148148148148149,661,682
1867,1,0,0.0,0.0,0.0,,1.0,0.0,0.0,1,0,0.0,0.0,0.0,,1.0,0.0,0.0,1,0,0.0,0.0,0.0,,1.0,0.0,0.0,1,1
1870,17743,3217,0.18131093952544666,236.0,31.0,0.13135593220338984,17507.0,3186.0,0.18198434911749586,15879,2878,0.18124567038226588,218.0,30.0,0.13761467889908258,15661.0,2848.0,0.18185301066343146,15005,2749,0.18320559813395534,213.0,29.0,0.13615023474178403,14792.0,2720.0,0.1838831800973499,21506,23132
1871,2066,18,0.008712487899322363,97.0,1.0,0.010309278350515464,1969.0,17.0,0.008633824276282377,1964,18,0.009164969450101833,93.0,1.0,0.010752688172043012,1871.0,17.0,0.009086050240513094,1911,18,0.009419152276295133,92.0,1.0,0.010869565217391304,1819.0,17.0,0.009345794392523364,1911,1964
1874,356,32,0.0898876404494382,1.0,0.0,0.0,355.0,32.0,0.09014084507042254,353,31,0.08781869688385269,1.0,0.0,0.0,352.0,31.0,0.08806818181818182,350,31,0.08857142857142856,1.0,0.0,0.0,349.0,31.0,0.08882521489971347,350,353
1877,8,8,1.0,0.0,0.0,,8.0,8.0,1.0,8,8,1.0,0.0,0.0,,8.0,8.0,1.0,8,8,1.0,0.0,0.0,,8.0,8.0,1.0,8,8
1879,5226,741,0.1417910447761194,394.0,110.0,0.27918781725888325,4832.0,631.0,0.13058774834437087,4721,725,0.15356915907646684,372.0,106.0,0.2849462365591398,4349.0,619.0,0.14233157047597148,4656,718,0.15420962199312716,368.0,104.0,0.2826086956521739,4288.0,614.0,0.14319029850746268,6204,6293
1880,20,0,0.0,0.0,0.0,,20.0,0.0,0.0,19,0,0.0,0.0,0.0,,19.0,0.0,0.0,19,0,0.0,0.0,0.0,,19.0,0.0,0.0,19,19
1881,21,4,0.19047619047619047,0.0,0.0,,21.0,4.0,0.19047619047619047,20,4,0.2,0.0,0.0,,20.0,4.0,0.2,20,4,0.2,0.0,0.0,,20.0,4.0,0.2,20,20
1882,1075,472,0.4390697674418605,15.0,9.0,0.6,1060.0,463.0,0.4367924528301887,763,350,0.45871559633027525,12.0,6.0,0.5,751.0,344.0,0.4580559254327563,745,336,0.45100671140939597,12.0,6.0,0.5,733.0,330.0,0.45020463847203274,801,820
1883,940,361,0.3840425531914894,27.0,9.0,0.3333333333333333,913.0,352.0,0.3855421686746988,886,323,0.36455981941309257,25.0,9.0,0.36,861.0,314.0,0.36469221835075494,857,313,0.3652275379229872,25.0,9.0,0.36,832.0,304.0,0.36538461538461536,858,887
1884,245,139,0.5673469387755102,1.0,0.0,0.0,244.0,139.0,0.569672131147541,222,126,0.5675675675675675,1.0,0.0,0.0,221.0,126.0,0.5701357466063348,222,126,0.5675675675675675,1.0,0.0,0.0,221.0,126.0,0.5701357466063348,235,235
1885,252,129,0.5119047619047619,1.0,0.0,0.0,251.0,129.0,0.5139442231075697,227,117,0.5154185022026432,1.0,0.0,0.0,226.0,117.0,0.5176991150442478,227,117,0.5154185022026432,1.0,0.0,0.0,226.0,117.0,0.5176991150442478,240,240
1886,248,125,0.5040322580645161,1.0,0.0,0.0,247.0,125.0,0.5060728744939271,224,112,0.5,1.0,0.0,0.0,223.0,112.0,0.5022421524663677,224,112,0.5,1.0,0.0,0.0,223.0,112.0,0.5022421524663677,237,237
1887,238,121,0.5084033613445378,1.0,0.0,0.0,237.0,121.0,0.510548523206751,214,108,0.5046728971962616,1.0,0.0,0.0,213.0,108.0,0.5070422535211268,214,108,0.5046728971962616,1.0,0.0,0.0,213.0,108.0,0.5070422535211268,227,227
1888,249,138,0.5542168674698795,1.0,0.0,0.0,248.0,138.0,0.5564516129032258,224,124,0.5535714285714286,1.0,0.0,0.0,223.0,124.0,0.5560538116591929,224,124,0.5535714285714286,1.0,0.0,0.0,223.0,124.0,0.5560538116591929,237,237
1889,2941,315,0.10710642638558314,41.0,4.0,0.0975609756097561,2900.0,311.0,0.10724137931034483,2883,310,0.10752688172043011,41.0,4.0,0.0975609756097561,2842.0,306.0,0.10767065446868403,2781,292,0.10499820208558072,41.0,4.0,0.0975609756097561,2740.0,288.0,0.10510948905109489,3832,4001
1890,1485,6,0.00404040404040404,21.0,0.0,0.0,1464.0,6.0,0.004098360655737705,1142,4,0.0035026269702276708,15.0,0.0,0.0,1127.0,4.0,0.00354924578527063,1131,4,0.0035366931918656055,15.0,0.0,0.0,1116.0,4.0,0.0035842293906810036,1131,1142
1891,24375,7429,0.30477948717948716,287.0,59.0,0.20557491289198607,24088.0,7370.0,0.3059614745931584,19336,6167,0.3189387670666115,247.0,55.0,0.22267206477732793,19089.0,6112.0,0.3201843993923202,17685,5665,0.32032796154933557,243.0,55.0,0.22633744855967078,17442.0,5610.0,0.3216374269005848,18853,20629
1892,167,3,0.017964071856287425,0.0,0.0,,167.0,3.0,0.017964071856287425,165,3,0.01818181818181818,0.0,0.0,,165.0,3.0,0.01818181818181818,163,3,0.018404907975460124,0.0,0.0,,163.0,3.0,0.018404907975460124,168,170
1893,33058,643,0.019450662472018876,333.0,5.0,0.015015015015015015,32725.0,638.0,0.019495798319327733,32897,639,0.019424263610663586,327.0,5.0,0.01529051987767584,32570.0,634.0,0.01946576604237028,29008,622,0.021442360728075014,309.0,5.0,0.016181229773462782,28699.0,617.0,0.021499006934039513,30626,34626
1894,14798,3050,0.20610893363968102,80.0,10.0,0.125,14718.0,3040.0,0.206549802962359,10086,2349,0.23289708506841167,45.0,10.0,0.2222222222222222,10041.0,2339.0,0.23294492580420276,9262,2124,0.2293241200604621,44.0,9.0,0.20454545454545456,9218.0,2115.0,0.22944239531351704,10111,10981
1896,2,0,0.0,0.0,0.0,,2.0,0.0,0.0,2,0,0.0,0.0,0.0,,2.0,0.0,0.0,2,0,0.0,0.0,0.0,,2.0,0.0,0.0,2,2
1898,192,85,0.4427083333333333,5.0,5.0,1.0,187.0,80.0,0.42780748663101603,180,80,0.4444444444444444,4.0,4.0,1.0,176.0,76.0,0.4318181818181818,178,79,0.4438202247191011,4.0,4.0,1.0,174.0,75.0,0.43103448275862066,245,248
1899,19,0,0.0,0.0,0.0,,19.0,0.0,0.0,19,0,0.0,0.0,0.0,,19.0,0.0,0.0,19,0,0.0,0.0,0.0,,19.0,0.0,0.0,113,115
1902,72,0,0.0,1.0,0.0,0.0,71.0,0.0,0.0,70,0,0.0,1.0,0.0,0.0,69.0,0.0,0.0,70,0,0.0,1.0,0.0,0.0,69.0,0.0,0.0,132,132
1903,105,15,0.14285714285714285,0.0,0.0,,105.0,15.0,0.14285714285714285,91,10,0.10989010989010989,0.0,0.0,,91.0,10.0,0.10989010989010989,89,9,0.10112359550561797,0.0,0.0,,89.0,9.0,0.10112359550561797,438,443
1904,92,1,0.010869565217391304,1.0,0.0,0.0,91.0,1.0,0.01098901098901099,91,1,0.01098901098901099,1.0,0.0,0.0,90.0,1.0,0.011111111111111112,91,1,0.01098901098901099,1.0,0.0,0.0,90.0,1.0,0.011111111111111112,163,175
1905,49139,11940,0.24298418771240765,765.0,116.0,0.15163398692810456,48374.0,11824.0,0.2444288254020755,40978,10060,0.2454975840695007,627.0,101.0,0.16108452950558214,40351.0,9959.0,0.24680924884141656,37810,9251,0.24467072203120868,596.0,95.0,0.1593959731543624,37214.0,9156.0,0.24603643789971516,41927,45570
1907,194,112,0.5773195876288659,1.0,0.0,0.0,193.0,112.0,0.5803108808290155,172,105,0.6104651162790697,1.0,0.0,0.0,171.0,105.0,0.6140350877192983,154,99,0.6428571428571429,1.0,0.0,0.0,153.0,99.0,0.6470588235294118,154,172
1909,8,0,0.0,0.0,0.0,,8.0,0.0,0.0,8,0,0.0,0.0,0.0,,8.0,0.0,0.0,8,0,0.0,0.0,0.0,,8.0,0.0,0.0,8,8
1910,1349,20,0.014825796886582653,26.0,0.0,0.0,1323.0,20.0,0.015117157974300832,1151,18,0.015638575152041704,24.0,0.0,0.0,1127.0,18.0,0.015971606033717833,1094,18,0.016453382084095063,23.0,0.0,0.0,1071.0,18.0,0.01680672268907563,1094,1151
1913,44,19,0.4318181818181818,0.0,0.0,,44.0,19.0,0.4318181818181818,43,19,0.4418604651162791,0.0,0.0,,43.0,19.0,0.4418604651162791,43,19,0.4418604651162791,0.0,0.0,,43.0,19.0,0.4418604651162791,58,59
1914,152,97,0.6381578947368421,2.0,1.0,0.5,150.0,96.0,0.64,139,97,0.697841726618705,2.0,1.0,0.5,137.0,96.0,0.7007299270072993,126,85,0.6746031746031746,2.0,1.0,0.5,124.0,84.0,0.6774193548387096,129,142
1915,5202,2684,0.5159554017685506,56.0,36.0,0.6428571428571429,5146.0,2648.0,0.5145744267392149,4686,2441,0.5209133589415279,53.0,34.0,0.6415094339622641,4633.0,2407.0,0.5195337794085906,4459,2332,0.5229872168647679,51.0,33.0,0.6470588235294118,4408.0,2299.0,0.521551724137931,5320,5601
1916,7800,2185,0.28012820512820513,121.0,22.0,0.18181818181818182,7679.0,2163.0,0.28167730173199634,6986,1870,0.26767821356999716,113.0,22.0,0.19469026548672566,6873.0,1848.0,0.26887821911828896,6888,1839,0.26698606271777003,112.0,22.0,0.19642857142857142,6776.0,1817.0,0.26815230224321135,8202,8334
1917,2205,1247,0.5655328798185941,29.0,16.0,0.5517241379310345,2176.0,1231.0,0.5657169117647058,1829,1090,0.5959540732640787,24.0,14.0,0.5833333333333334,1805.0,1076.0,0.5961218836565096,1789,1071,0.5986584684181107,24.0,14.0,0.5833333333333334,1765.0,1057.0,0.5988668555240794,1919,1960
1918,881,384,0.4358683314415437,10.0,5.0,0.5,871.0,379.0,0.4351320321469575,763,307,0.40235910878112713,10.0,5.0,0.5,753.0,302.0,0.40106241699867196,747,302,0.4042838018741633,10.0,5.0,0.5,737.0,297.0,0.40298507462686567,754,770
1919,1914,1054,0.5506792058516197,28.0,14.0,0.5,1886.0,1040.0,0.5514316012725344,1498,887,0.5921228304405874,22.0,13.0,0.5909090909090909,1476.0,874.0,0.592140921409214,1465,876,0.5979522184300341,22.0,13.0,0.5909090909090909,1443.0,863.0,0.5980595980595981,1546,1579
1920,23010,5523,0.24002607561929595,461.0,117.0,0.25379609544468545,22549.0,5406.0,0.23974455629961416,20965,5027,0.2397805866921059,433.0,110.0,0.2540415704387991,20532.0,4917.0,0.23947983635300993,19177,4539,0.23668978463784743,419.0,107.0,0.2553699284009546,18758.0,4432.0,0.23627252372321142,20263,22201
1921,76,0,0.0,0.0,0.0,,76.0,0.0,0.0,71,0,0.0,0.0,0.0,,71.0,0.0,0.0,70,0,0.0,0.0,0.0,,70.0,0.0,0.0,225,226
1922,14263,2652,0.18593563766388557,489.0,92.0,0.18813905930470348,13774.0,2560.0,0.1858574125163351,11546,2121,0.1836999826779837,338.0,59.0,0.17455621301775148,11208.0,2062.0,0.18397573162027123,10567,1840,0.17412699914829186,325.0,56.0,0.1723076923076923,10242.0,1784.0,0.17418472954501074,10929,11919
1923,11789,3738,0.3170752396301637,376.0,113.0,0.300531914893617,11413.0,3625.0,0.31762025760098134,10293,3401,0.33041873117652776,307.0,100.0,0.3257328990228013,9986.0,3301.0,0.3305627879030643,10182,3388,0.3327440581418189,306.0,100.0,0.32679738562091504,9876.0,3288.0,0.33292831105710813,10323,10435
1924,666,373,0.56006006006006,12.0,6.0,0.5,654.0,367.0,0.5611620795107034,574,346,0.6027874564459931,6.0,4.0,0.6666666666666666,568.0,342.0,0.602112676056338,439,286,0.6514806378132119,6.0,4.0,0.6666666666666666,433.0,282.0,0.651270207852194,541,677
1925,1526,561,0.3676277850589777,37.0,12.0,0.32432432432432434,1489.0,549.0,0.3687038280725319,829,317,0.3823884197828709,21.0,7.0,0.3333333333333333,808.0,310.0,0.38366336633663367,787,308,0.39135959339263027,19.0,7.0,0.3684210526315789,768.0,301.0,0.3919270833333333,1031,1085
1926,679,417,0.614138438880707,28.0,13.0,0.4642857142857143,651.0,404.0,0.620583717357911,395,267,0.6759493670886076,8.0,6.0,0.75,387.0,261.0,0.6744186046511628,369,253,0.6856368563685636,8.0,6.0,0.75,361.0,247.0,0.6842105263157895,394,421
1927,1307,579,0.4429992348890589,56.0,15.0,0.26785714285714285,1251.0,564.0,0.45083932853717024,719,366,0.5090403337969402,20.0,8.0,0.4,699.0,358.0,0.5121602288984263,663,339,0.5113122171945701,20.0,8.0,0.4,643.0,331.0,0.5147744945567652,679,737
1928,125,7,0.056,0.0,0.0,,125.0,7.0,0.056,119,7,0.058823529411764705,0.0,0.0,,119.0,7.0,0.058823529411764705,111,7,0.06306306306306306,0.0,0.0,,111.0,7.0,0.06306306306306306,211,222
1929,2,0,0.0,0.0,0.0,,2.0,0.0,0.0,2,0,0.0,0.0,0.0,,2.0,0.0,0.0,2,0,0.0,0.0,0.0,,2.0,0.0,0.0,10,10
1930,8265,1277,0.15450695704779188,122.0,8.0,0.06557377049180328,8143.0,1269.0,0.15583937123910108,7369,959,0.13013977473198535,118.0,8.0,0.06779661016949153,7251.0,951.0,0.13115432354158046,6358,873,0.13730732934885184,91.0,7.0,0.07692307692307693,6267.0,866.0,0.13818413914153502,6366,7377
1931,239,12,0.0502092050209205,7.0,0.0,0.0,232.0,12.0,0.05172413793103448,235,12,0.05106382978723404,7.0,0.0,0.0,228.0,12.0,0.05263157894736842,232,12,0.05172413793103448,7.0,0.0,0.0,225.0,12.0,0.05333333333333334,277,280
1932,357,25,0.0700280112044818,10.0,0.0,0.0,347.0,25.0,0.07204610951008646,355,25,0.07042253521126761,10.0,0.0,0.0,345.0,25.0,0.07246376811594203,349,25,0.07163323782234957,10.0,0.0,0.0,339.0,25.0,0.07374631268436578,801,811
1933,791,8,0.010113780025284451,9.0,0.0,0.0,782.0,8.0,0.010230179028132993,789,8,0.010139416983523447,9.0,0.0,0.0,780.0,8.0,0.010256410256410256,766,8,0.010443864229765013,9.0,0.0,0.0,757.0,8.0,0.010568031704095112,1131,1156
1934,154,1,0.006493506493506494,6.0,0.0,0.0,148.0,1.0,0.006756756756756757,153,1,0.006535947712418301,6.0,0.0,0.0,147.0,1.0,0.006802721088435374,152,1,0.006578947368421052,6.0,0.0,0.0,146.0,1.0,0.00684931506849315,610,615
1935,361,3,0.008310249307479225,1.0,0.0,0.0,360.0,3.0,0.008333333333333333,361,3,0.008310249307479225,1.0,0.0,0.0,360.0,3.0,0.008333333333333333,353,2,0.0056657223796034,1.0,0.0,0.0,352.0,2.0,0.005681818181818182,354,362
1936,284,1,0.0035211267605633804,1.0,0.0,0.0,283.0,1.0,0.0035335689045936395,280,1,0.0035714285714285713,1.0,0.0,0.0,279.0,1.0,0.0035842293906810036,277,1,0.0036101083032490976,1.0,0.0,0.0,276.0,1.0,0.0036231884057971015,279,282
1937,7,0,0.0,0.0,0.0,,7.0,0.0,0.0,7,0,0.0,0.0,0.0,,7.0,0.0,0.0,7,0,0.0,0.0,0.0,,7.0,0.0,0.0,7,7
1938,1156,136,0.11764705882352941,19.0,1.0,0.05263157894736842,1137.0,135.0,0.11873350923482849,1089,121,0.1111111111111111,19.0,1.0,0.05263157894736842,1070.0,120.0,0.11214953271028037,1081,120,0.11100832562442182,19.0,1.0,0.05263157894736842,1062.0,119.0,0.1120527306967985,1248,1256
1939,36,0,0.0,1.0,0.0,0.0,35.0,0.0,0.0,35,0,0.0,1.0,0.0,0.0,34.0,0.0,0.0,33,0,0.0,1.0,0.0,0.0,32.0,0.0,0.0,33,35
1940,792,31,0.039141414141414144,7.0,0.0,0.0,785.0,31.0,0.03949044585987261,757,26,0.034346103038309116,7.0,0.0,0.0,750.0,26.0,0.034666666666666665,753,26,0.034528552456839307,7.0,0.0,0.0,746.0,26.0,0.03485254691689008,920,926
1941,1038,30,0.028901734104046242,7.0,0.0,0.0,1031.0,30.0,0.029097963142580018,992,25,0.025201612903225805,7.0,0.0,0.0,985.0,25.0,0.025380710659898477,985,25,0.025380710659898477,7.0,0.0,0.0,978.0,25.0,0.02556237218813906,1140,1149
1942,16,4,0.25,0.0,0.0,,16.0,4.0,0.25,16,4,0.25,0.0,0.0,,16.0,4.0,0.25,16,4,0.25,0.0,0.0,,16.0,4.0,0.25,16,16
1943,6441,4627,0.7183667132432852,92.0,50.0,0.5434782608695652,6349.0,4577.0,0.7209009292802016,5579,4010,0.7187668040867539,49.0,31.0,0.6326530612244898,5530.0,3979.0,0.7195298372513562,4980,3650,0.7329317269076305,46.0,30.0,0.6521739130434783,4934.0,3620.0,0.7336846372111877,5205,5809
1945,847241,580715,0.6854189067809513,11286.0,6356.0,0.5631756158071948,835955.0,574359.0,0.6870692800449785,577366,354438,0.6138878977979306,8576.0,4358.0,0.5081623134328358,568790.0,350080.0,0.6154819880799592,463915,280794,0.6052703620275266,7159.0,3657.0,0.510825534292499,456756.0,277137.0,0.6067506502377638,475751,591164
1946,379,69,0.1820580474934037,2.0,0.0,0.0,377.0,69.0,0.1830238726790451,373,68,0.18230563002680966,2.0,0.0,0.0,371.0,68.0,0.18328840970350405,371,67,0.18059299191374664,2.0,0.0,0.0,369.0,67.0,0.18157181571815717,377,379
1947,189,46,0.24338624338624337,8.0,2.0,0.25,181.0,44.0,0.2430939226519337,182,46,0.25274725274725274,8.0,2.0,0.25,174.0,44.0,0.25287356321839083,181,46,0.2541436464088398,8.0,2.0,0.25,173.0,44.0,0.2543352601156069,192,193
1948,100,32,0.32,2.0,2.0,1.0,98.0,30.0,0.30612244897959184,85,31,0.36470588235294116,2.0,2.0,1.0,83.0,29.0,0.3493975903614458,85,31,0.36470588235294116,2.0,2.0,1.0,83.0,29.0,0.3493975903614458,298,312
1949,46,10,0.21739130434782608,1.0,0.0,0.0,45.0,10.0,0.2222222222222222,46,10,0.21739130434782608,1.0,0.0,0.0,45.0,10.0,0.2222222222222222,46,10,0.21739130434782608,1.0,0.0,0.0,45.0,10.0,0.2222222222222222,49,49
1950,103,4,0.038834951456310676,2.0,1.0,0.5,101.0,3.0,0.0297029702970297,101,3,0.0297029702970297,2.0,1.0,0.5,99.0,2.0,0.020202020202020204,100,3,0.03,2.0,1.0,0.5,98.0,2.0,0.02040816326530612,109,110
1951,1044,267,0.2557471264367816,15.0,1.0,0.06666666666666667,1029.0,266.0,0.2585034013605442,976,254,0.26024590163934425,14.0,1.0,0.07142857142857142,962.0,253.0,0.262993762993763,944,235,0.2489406779661017,14.0,1.0,0.07142857142857142,930.0,234.0,0.25161290322580643,1082,1123
1952,91,0,0.0,2.0,0.0,0.0,89.0,0.0,0.0,89,0,0.0,2.0,0.0,0.0,87.0,0.0,0.0,88,0,0.0,2.0,0.0,0.0,86.0,0.0,0.0,88,89
1953,83,0,0.0,2.0,0.0,0.0,81.0,0.0,0.0,81,0,0.0,2.0,0.0,0.0,79.0,0.0,0.0,81,0,0.0,2.0,0.0,0.0,79.0,0.0,0.0,81,81
1954,11671,2970,0.2544769085768143,350.0,79.0,0.2257142857142857,11321.0,2891.0,0.2553661337337691,10343,2792,0.26994102291404815,292.0,72.0,0.2465753424657534,10051.0,2720.0,0.27061983882200774,10282,2776,0.2699863839719899,291.0,72.0,0.24742268041237114,9991.0,2704.0,0.27064357922129917,10444,10506
1955,25871,1061,0.04101117080901395,239.0,12.0,0.0502092050209205,25632.0,1049.0,0.040925405742821476,25749,1053,0.04089479203075848,236.0,12.0,0.05084745762711865,25513.0,1041.0,0.0408027280210089,22224,1012,0.04553635709143269,222.0,12.0,0.05405405405405406,22002.0,1000.0,0.04545041359876375,22224,25749
1956,439,63,0.14350797266514806,4.0,0.0,0.0,435.0,63.0,0.14482758620689656,297,35,0.11784511784511785,2.0,0.0,0.0,295.0,35.0,0.11864406779661017,291,33,0.1134020618556701,2.0,0.0,0.0,289.0,33.0,0.11418685121107267,392,401
1959,3349,1053,0.3144222155867423,61.0,21.0,0.3442622950819672,3288.0,1032.0,0.31386861313868614,3196,1020,0.3191489361702128,60.0,21.0,0.35,3136.0,999.0,0.31855867346938777,3152,1007,0.3194796954314721,60.0,21.0,0.35,3092.0,986.0,0.3188874514877102,3755,3813
1960,227,33,0.14537444933920704,10.0,1.0,0.1,217.0,32.0,0.14746543778801843,170,30,0.17647058823529413,6.0,1.0,0.16666666666666666,164.0,29.0,0.17682926829268292,166,30,0.18072289156626506,6.0,1.0,0.16666666666666666,160.0,29.0,0.18125,246,257
1961,495,11,0.022222222222222223,10.0,0.0,0.0,485.0,11.0,0.02268041237113402,482,11,0.022821576763485476,10.0,0.0,0.0,472.0,11.0,0.023305084745762712,479,11,0.022964509394572025,10.0,0.0,0.0,469.0,11.0,0.023454157782515993,519,522
1962,497,19,0.03822937625754527,10.0,0.0,0.0,487.0,19.0,0.039014373716632446,484,19,0.03925619834710744,10.0,0.0,0.0,474.0,19.0,0.04008438818565401,481,19,0.0395010395010395,10.0,0.0,0.0,471.0,19.0,0.040339702760084924,520,523
1963,86998,51760,0.5949562058897906,2081.0,1322.0,0.6352715040845748,84917.0,50438.0,0.5939682277989096,69912,39832,0.5697448220620208,1431.0,947.0,0.6617749825296995,68481.0,38885.0,0.5678217315751815,63132,36609,0.5798802509028702,1329.0,887.0,0.6674191121143717,61803.0,35722.0,0.5779978318204618,67075,74042
1964,2001,812,0.4057971014492754,27.0,6.0,0.2222222222222222,1974.0,806.0,0.4083080040526849,1324,584,0.44108761329305135,20.0,6.0,0.3,1304.0,578.0,0.4432515337423313,1294,574,0.4435857805255023,20.0,6.0,0.3,1274.0,568.0,0.44583987441130296,1309,1339
1965,1123,627,0.5583259127337489,12.0,6.0,0.5,1111.0,621.0,0.5589558955895589,886,522,0.5891647855530474,9.0,6.0,0.6666666666666666,877.0,516.0,0.5883694412770809,883,520,0.5889014722536806,9.0,6.0,0.6666666666666666,874.0,514.0,0.5881006864988558,891,894
1966,17,1,0.058823529411764705,0.0,0.0,,17.0,1.0,0.058823529411764705,16,1,0.0625,0.0,0.0,,16.0,1.0,0.0625,16,1,0.0625,0.0,0.0,,16.0,1.0,0.0625,34,35
1967,159,44,0.27672955974842767,1.0,0.0,0.0,158.0,44.0,0.27848101265822783,150,42,0.28,1.0,0.0,0.0,149.0,42.0,0.28187919463087246,146,41,0.2808219178082192,1.0,0.0,0.0,145.0,41.0,0.2827586206896552,178,183
1968,172,18,0.10465116279069768,1.0,0.0,0.0,171.0,18.0,0.10526315789473684,162,16,0.09876543209876543,1.0,0.0,0.0,161.0,16.0,0.09937888198757763,158,15,0.0949367088607595,1.0,0.0,0.0,157.0,15.0,0.09554140127388536,185,190
1969,31165,11472,0.368105246269854,1297.0,273.0,0.2104857363145721,29868.0,11199.0,0.374949779027722,17632,6622,0.37556715063520874,587.0,167.0,0.28449744463373083,17045.0,6455.0,0.37870343209152246,10980,4472,0.40728597449908926,329.0,118.0,0.3586626139817629,10651.0,4354.0,0.4087879072387569,11964,19272
1971,2780,1568,0.5640287769784172,41.0,19.0,0.4634146341463415,2739.0,1549.0,0.565534866739686,2447,1357,0.5545565999182672,35.0,18.0,0.5142857142857142,2412.0,1339.0,0.5551409618573798,2383,1315,0.5518254301300881,33.0,17.0,0.5151515151515151,2350.0,1298.0,0.5523404255319149,2711,2787
1972,10302,4229,0.4105028149873811,337.0,155.0,0.4599406528189911,9965.0,4074.0,0.40883090817862516,7386,3263,0.44178174925534797,168.0,97.0,0.5773809523809523,7218.0,3166.0,0.43862565807702963,7244,3210,0.4431253451131971,166.0,97.0,0.5843373493975904,7078.0,3113.0,0.4398135066402939,7432,7575
1973,15999,5767,0.360460028751797,478.0,222.0,0.46443514644351463,15521.0,5545.0,0.3572579086399072,10891,4209,0.3864658892663667,243.0,128.0,0.5267489711934157,10648.0,4081.0,0.38326446280991733,10639,4127,0.3879123977817464,241.0,127.0,0.5269709543568465,10398.0,4000.0,0.3846893633391037,10772,11026
1977,37020,20199,0.5456239870340357,699.0,420.0,0.6008583690987125,36321.0,19779.0,0.5445609977698852,30665,17158,0.5595304092613729,588.0,362.0,0.6156462585034014,30077.0,16796.0,0.558433354390398,29564,16672,0.5639291029630632,561.0,346.0,0.6167557932263814,29003.0,16326.0,0.562907285453229,30104,31295
1978,169,6,0.03550295857988166,1.0,0.0,0.0,168.0,6.0,0.03571428571428571,140,6,0.04285714285714286,1.0,0.0,0.0,139.0,6.0,0.04316546762589928,140,6,0.04285714285714286,1.0,0.0,0.0,139.0,6.0,0.04316546762589928,198,198
1979,238,0,0.0,1.0,0.0,0.0,237.0,0.0,0.0,201,0,0.0,1.0,0.0,0.0,200.0,0.0,0.0,187,0,0.0,1.0,0.0,0.0,186.0,0.0,0.0,187,201
1980,957,9,0.009404388714733543,14.0,0.0,0.0,943.0,9.0,0.009544008483563097,905,9,0.009944751381215469,14.0,0.0,0.0,891.0,9.0,0.010101010101010102,889,9,0.010123734533183352,14.0,0.0,0.0,875.0,9.0,0.010285714285714285,975,996
1981,158,0,0.0,1.0,0.0,0.0,157.0,0.0,0.0,129,0,0.0,1.0,0.0,0.0,128.0,0.0,0.0,129,0,0.0,1.0,0.0,0.0,128.0,0.0,0.0,187,187
1984,1972,1108,0.5618661257606491,71.0,49.0,0.6901408450704225,1901.0,1059.0,0.5570752235665439,1743,952,0.5461847389558233,58.0,36.0,0.6206896551724138,1685.0,916.0,0.5436201780415431,1609,910,0.5655686761963953,47.0,30.0,0.6382978723404256,1562.0,880.0,0.5633802816901409,1609,1743
1985,172,3,0.01744186046511628,1.0,0.0,0.0,171.0,3.0,0.017543859649122806,143,3,0.02097902097902098,1.0,0.0,0.0,142.0,3.0,0.02112676056338028,143,3,0.02097902097902098,1.0,0.0,0.0,142.0,3.0,0.02112676056338028,201,201
1986,124,2,0.016129032258064516,1.0,0.0,0.0,123.0,2.0,0.016260162601626018,95,1,0.010526315789473684,1.0,0.0,0.0,94.0,1.0,0.010638297872340425,94,1,0.010638297872340425,1.0,0.0,0.0,93.0,1.0,0.010752688172043012,139,141
1987,182,151,0.8296703296703297,2.0,2.0,1.0,180.0,149.0,0.8277777777777777,171,141,0.8245614035087719,2.0,2.0,1.0,169.0,139.0,0.8224852071005917,171,141,0.8245614035087719,2.0,2.0,1.0,169.0,139.0,0.8224852071005917,259,260
1988,92,2,0.021739130434782608,2.0,0.0,0.0,90.0,2.0,0.022222222222222223,92,2,0.021739130434782608,2.0,0.0,0.0,90.0,2.0,0.022222222222222223,92,2,0.021739130434782608,2.0,0.0,0.0,90.0,2.0,0.022222222222222223,108,108
1989,63,2,0.031746031746031744,0.0,0.0,,63.0,2.0,0.031746031746031744,63,2,0.031746031746031744,0.0,0.0,,63.0,2.0,0.031746031746031744,63,2,0.031746031746031744,0.0,0.0,,63.0,2.0,0.031746031746031744,63,63
1991,786,26,0.03307888040712468,18.0,0.0,0.0,768.0,26.0,0.033854166666666664,772,26,0.03367875647668394,18.0,0.0,0.0,754.0,26.0,0.034482758620689655,766,26,0.033942558746736295,18.0,0.0,0.0,748.0,26.0,0.034759358288770054,766,772
1992,430,42,0.09767441860465116,12.0,1.0,0.08333333333333333,418.0,41.0,0.09808612440191387,413,42,0.1016949152542373,12.0,1.0,0.08333333333333333,401.0,41.0,0.10224438902743142,405,42,0.1037037037037037,12.0,1.0,0.08333333333333333,393.0,41.0,0.10432569974554708,476,485
1993,396,43,0.10858585858585859,11.0,2.0,0.18181818181818182,385.0,41.0,0.10649350649350649,298,34,0.11409395973154363,8.0,2.0,0.25,290.0,32.0,0.1103448275862069,297,34,0.11447811447811448,8.0,2.0,0.25,289.0,32.0,0.11072664359861592,358,359
1994,156,15,0.09615384615384616,2.0,0.0,0.0,154.0,15.0,0.09740259740259741,149,15,0.10067114093959731,2.0,0.0,0.0,147.0,15.0,0.10204081632653061,147,14,0.09523809523809523,2.0,0.0,0.0,145.0,14.0,0.09655172413793103,170,172
1995,477,66,0.13836477987421383,8.0,1.0,0.125,469.0,65.0,0.13859275053304904,456,57,0.125,8.0,1.0,0.125,448.0,56.0,0.125,453,55,0.12141280353200883,8.0,1.0,0.125,445.0,54.0,0.12134831460674157,508,511
1996,574,108,0.18815331010452963,5.0,3.0,0.6,569.0,105.0,0.18453427065026362,560,103,0.18392857142857144,5.0,3.0,0.6,555.0,100.0,0.18018018018018017,556,100,0.17985611510791366,5.0,3.0,0.6,551.0,97.0,0.17604355716878403,838,846
1997,5367,1738,0.3238308179616173,11.0,4.0,0.36363636363636365,5356.0,1734.0,0.32374906646751306,5163,1642,0.3180321518496998,11.0,4.0,0.36363636363636365,5152.0,1638.0,0.3179347826086957,4118,1403,0.3406993686255464,10.0,3.0,0.3,4108.0,1400.0,0.34079844206426485,5130,6384
1998,5557,2384,0.42900845780097174,77.0,36.0,0.4675324675324675,5480.0,2348.0,0.42846715328467155,4777,2203,0.4611680971320913,64.0,31.0,0.484375,4713.0,2172.0,0.46085295989815406,4744,2186,0.46079258010118046,64.0,31.0,0.484375,4680.0,2155.0,0.46047008547008544,4821,4854
1999,8608,2926,0.3399163568773234,137.0,43.0,0.31386861313868614,8471.0,2883.0,0.34033762247668514,7657,2538,0.331461407862087,126.0,39.0,0.30952380952380953,7531.0,2499.0,0.33182844243792325,7589,2522,0.332323099222559,126.0,39.0,0.30952380952380953,7463.0,2483.0,0.33270802626289697,7677,7745
2000,5994,2330,0.38872205538872207,99.0,38.0,0.3838383838383838,5895.0,2292.0,0.3888040712468193,5626,2232,0.3967294703163882,94.0,35.0,0.3723404255319149,5532.0,2197.0,0.39714389009399853,5584,2214,0.3964899713467049,94.0,35.0,0.3723404255319149,5490.0,2179.0,0.3969034608378871,5633,5677
2001,227,10,0.04405286343612335,4.0,0.0,0.0,223.0,10.0,0.04484304932735426,204,10,0.049019607843137254,4.0,0.0,0.0,200.0,10.0,0.05,203,10,0.04926108374384237,4.0,0.0,0.0,199.0,10.0,0.05025125628140704,203,204
2002,6018,1981,0.3291791292788302,90.0,31.0,0.34444444444444444,5928.0,1950.0,0.32894736842105265,5556,1833,0.3299136069114471,84.0,29.0,0.34523809523809523,5472.0,1804.0,0.3296783625730994,5438,1802,0.33137182787789626,82.0,29.0,0.35365853658536583,5356.0,1773.0,0.3310306198655713,6018,6148
2003,455,41,0.09010989010989011,2.0,1.0,0.5,453.0,40.0,0.08830022075055188,444,39,0.08783783783783784,2.0,1.0,0.5,442.0,38.0,0.08597285067873303,441,38,0.08616780045351474,2.0,1.0,0.5,439.0,37.0,0.08428246013667426,441,444
2004,12033,6503,0.5404304828388597,85.0,64.0,0.7529411764705882,11948.0,6439.0,0.5389186474723803,9262,4951,0.534549773267113,63.0,50.0,0.7936507936507936,9199.0,4901.0,0.5327753016632243,8493,4597,0.5412692805840104,59.0,46.0,0.7796610169491526,8434.0,4551.0,0.5396016125207493,8904,9698
2005,5976,1356,0.22690763052208834,135.0,18.0,0.13333333333333333,5841.0,1338.0,0.229070364663585,3321,851,0.2562481180367359,69.0,9.0,0.13043478260869565,3252.0,842.0,0.25891758917589175,3165,823,0.26003159557661926,66.0,9.0,0.13636363636363635,3099.0,814.0,0.2626653759277186,3461,3654
2006,2556,1037,0.4057120500782473,97.0,36.0,0.3711340206185567,2459.0,1001.0,0.4070760471736478,1521,725,0.47666009204470744,36.0,18.0,0.5,1485.0,707.0,0.47609427609427607,1394,654,0.46915351506456243,33.0,15.0,0.45454545454545453,1361.0,639.0,0.4695077149155033,1432,1563
2007,4659,1564,0.3356943550118051,135.0,54.0,0.4,4524.0,1510.0,0.3337754199823165,2803,1075,0.3835176596503746,64.0,32.0,0.5,2739.0,1043.0,0.38079591091639287,2566,1017,0.39633671083398286,60.0,31.0,0.5166666666666667,2506.0,986.0,0.3934557063048683,2774,3025
2008,96,0,0.0,5.0,0.0,0.0,91.0,0.0,0.0,96,0,0.0,5.0,0.0,0.0,91.0,0.0,0.0,96,0,0.0,5.0,0.0,0.0,91.0,0.0,0.0,96,96
2009,30,4,0.13333333333333333,0.0,0.0,,30.0,4.0,0.13333333333333333,29,4,0.13793103448275862,0.0,0.0,,29.0,4.0,0.13793103448275862,29,4,0.13793103448275862,0.0,0.0,,29.0,4.0,0.13793103448275862,51,51
2010,4,0,0.0,0.0,0.0,,4.0,0.0,0.0,4,0,0.0,0.0,0.0,,4.0,0.0,0.0,4,0,0.0,0.0,0.0,,4.0,0.0,0.0,5,5
2011,96,18,0.1875,4.0,2.0,0.5,92.0,16.0,0.17391304347826086,96,18,0.1875,4.0,2.0,0.5,92.0,16.0,0.17391304347826086,96,18,0.1875,4.0,2.0,0.5,92.0,16.0,0.17391304347826086,96,96
2012,32516,54,0.0016607208758764916,336.0,1.0,0.002976190476190476,32180.0,53.0,0.001646985705407085,29255,51,0.0017432917450008545,309.0,1.0,0.003236245954692557,28946.0,50.0,0.0017273543840254266,25400,51,0.0020078740157480316,280.0,1.0,0.0035714285714285713,25120.0,50.0,0.0019904458598726115,27598,31635
2013,8012,3824,0.47728407388916627,99.0,53.0,0.5353535353535354,7913.0,3771.0,0.4765575635030962,7331,3567,0.4865639066975856,93.0,51.0,0.5483870967741935,7238.0,3516.0,0.4857695495993368,6986,3460,0.495276266819353,91.0,49.0,0.5384615384615384,6895.0,3411.0,0.4947063089195069,8008,8390
2014,13,4,0.3076923076923077,0.0,0.0,,13.0,4.0,0.3076923076923077,13,4,0.3076923076923077,0.0,0.0,,13.0,4.0,0.3076923076923077,13,4,0.3076923076923077,0.0,0.0,,13.0,4.0,0.3076923076923077,16,16
2015,14601,6401,0.43839463050475996,166.0,59.0,0.35542168674698793,14435.0,6342.0,0.4393488049878767,13506,6205,0.459425440544943,142.0,56.0,0.39436619718309857,13364.0,6149.0,0.4601167315175097,13121,5988,0.4563676549043518,141.0,56.0,0.3971631205673759,12980.0,5932.0,0.4570107858243451,14494,14905
2016,19357,11026,0.5696130598749807,259.0,138.0,0.5328185328185329,19098.0,10888.0,0.57011205361818,18149,10534,0.5804176538652267,235.0,117.0,0.4978723404255319,17914.0,10417.0,0.5815005024003572,17602,10192,0.5790251107828656,233.0,116.0,0.4978540772532189,17369.0,10076.0,0.5801139962001267,21388,22055
2017,3,1,0.3333333333333333,1.0,0.0,0.0,2.0,1.0,0.5,3,1,0.3333333333333333,1.0,0.0,0.0,2.0,1.0,0.5,3,1,0.3333333333333333,1.0,0.0,0.0,2.0,1.0,0.5,3,3
2019,142,45,0.31690140845070425,5.0,1.0,0.2,137.0,44.0,0.32116788321167883,123,37,0.3008130081300813,5.0,1.0,0.2,118.0,36.0,0.3050847457627119,121,37,0.30578512396694213,4.0,1.0,0.25,117.0,36.0,0.3076923076923077,121,123
2020,219,84,0.3835616438356164,7.0,5.0,0.7142857142857143,212.0,79.0,0.37264150943396224,205,83,0.40487804878048783,7.0,5.0,0.7142857142857143,198.0,78.0,0.3939393939393939,201,82,0.4079601990049751,7.0,5.0,0.7142857142857143,194.0,77.0,0.39690721649484534,201,205
2021,8,1,0.125,0.0,0.0,,8.0,1.0,0.125,8,1,0.125,0.0,0.0,,8.0,1.0,0.125,8,1,0.125,0.0,0.0,,8.0,1.0,0.125,8,8
2022,8,0,0.0,0.0,0.0,,8.0,0.0,0.0,8,0,0.0,0.0,0.0,,8.0,0.0,0.0,8,0,0.0,0.0,0.0,,8.0,0.0,0.0,8,8
2023,1291,32,0.024786986831913247,18.0,0.0,0.0,1273.0,32.0,0.02513747054202671,1231,30,0.024370430544272948,18.0,0.0,0.0,1213.0,30.0,0.0247320692497939,1222,29,0.023731587561374796,18.0,0.0,0.0,1204.0,29.0,0.02408637873754153,1437,1448
2024,6,2,0.3333333333333333,0.0,0.0,,6.0,2.0,0.3333333333333333,5,2,0.4,0.0,0.0,,5.0,2.0,0.4,5,2,0.4,0.0,0.0,,5.0,2.0,0.4,5,5
2025,303,70,0.23102310231023102,11.0,0.0,0.0,292.0,70.0,0.23972602739726026,301,70,0.23255813953488372,10.0,0.0,0.0,291.0,70.0,0.24054982817869416,301,70,0.23255813953488372,10.0,0.0,0.0,291.0,70.0,0.24054982817869416,302,302
2026,506224,35704,0.07053004203672683,7319.0,736.0,0.10056018581773467,498905.0,34968.0,0.07008949599623175,434827,28595,0.06576178572167782,5954.0,623.0,0.10463553913335573,428873.0,27972.0,0.06522210537851532,338998,26826,0.07913321022542906,4527.0,576.0,0.1272365805168986,334471.0,26250.0,0.07848214045462835,534022,680024
2027,27,0,0.0,0.0,0.0,,27.0,0.0,0.0,26,0,0.0,0.0,0.0,,26.0,0.0,0.0,26,0,0.0,0.0,0.0,,26.0,0.0,0.0,26,26
2028,19986,4433,0.2218052636845792,89.0,24.0,0.2696629213483146,19897.0,4409.0,0.22159119465246016,18628,4275,0.229493235988834,84.0,21.0,0.25,18544.0,4254.0,0.22940034512510785,18453,4274,0.23161545548149354,84.0,21.0,0.25,18369.0,4253.0,0.23153138439762644,18453,18628
2029,105933,61385,0.5794700423852812,5688.0,2881.0,0.5065049226441631,100245.0,58504.0,0.5836101551199561,22954,14831,0.6461183236037292,412.0,265.0,0.6432038834951457,22542.0,14566.0,0.646171590808269,21682,14073,0.6490637395074255,405.0,262.0,0.6469135802469136,21277.0,13811.0,0.6491046670113267,21682,22954
2030,21245,14756,0.6945634266886326,2446.0,1877.0,0.7673753066230581,18799.0,12879.0,0.6850896324272567,4413,2071,0.4692952639927487,124.0,79.0,0.6370967741935484,4289.0,1992.0,0.46444392632315223,4230,1986,0.4695035460992908,122.0,78.0,0.639344262295082,4108.0,1908.0,0.4644595910418695,4230,4413
2031,339582,190261,0.5602799912834013,13925.0,8674.0,0.6229084380610413,325657.0,181587.0,0.5576020168459452,45979,36113,0.7854237804214967,677.0,573.0,0.8463810930576071,45302.0,35540.0,0.7845128250408371,42276,33790,0.799271454253004,645.0,552.0,0.8558139534883721,41631.0,33238.0,0.7983954264850712,42300,46003
2032,19894,1976,0.09932643007942094,131.0,9.0,0.06870229007633588,19763.0,1967.0,0.09952942367049537,18417,1894,0.10283976760601618,95.0,7.0,0.07368421052631578,18322.0,1887.0,0.10299093985372776,18210,1894,0.10400878638110927,95.0,7.0,0.07368421052631578,18115.0,1887.0,0.10416781672646977,18213,18421
2034,125,75,0.6,1.0,1.0,1.0,124.0,74.0,0.5967741935483871,125,75,0.6,1.0,1.0,1.0,124.0,74.0,0.5967741935483871,125,75,0.6,1.0,1.0,1.0,124.0,74.0,0.5967741935483871,125,125
2035,111,102,0.918918918918919,5.0,5.0,1.0,106.0,97.0,0.9150943396226415,63,56,0.8888888888888888,2.0,2.0,1.0,61.0,54.0,0.8852459016393442,59,53,0.8983050847457628,2.0,2.0,1.0,57.0,51.0,0.8947368421052632,59,63
2038,12,0,0.0,0.0,0.0,,12.0,0.0,0.0,12,0,0.0,0.0,0.0,,12.0,0.0,0.0,12,0,0.0,0.0,0.0,,12.0,0.0,0.0,12,12
2039,12,0,0.0,0.0,0.0,,12.0,0.0,0.0,12,0,0.0,0.0,0.0,,12.0,0.0,0.0,12,0,0.0,0.0,0.0,,12.0,0.0,0.0,12,12
2040,1,0,0.0,0.0,0.0,,1.0,0.0,0.0,1,0,0.0,0.0,0.0,,1.0,0.0,0.0,1,0,0.0,0.0,0.0,,1.0,0.0,0.0,1,1
2041,103,17,0.1650485436893204,0.0,0.0,,103.0,17.0,0.1650485436893204,103,17,0.1650485436893204,0.0,0.0,,103.0,17.0,0.1650485436893204,101,16,0.15841584158415842,0.0,0.0,,101.0,16.0,0.15841584158415842,128,130
2042,61179,36878,0.6027885385508099,6052.0,3087.0,0.510079312623926,55127.0,33791.0,0.6129664229869211,14162,9207,0.6501200395424375,439.0,323.0,0.7357630979498861,13723.0,8884.0,0.647380310427749,13192,8886,0.6735900545785325,425.0,319.0,0.7505882352941177,12767.0,8567.0,0.6710268661392653,13194,14164
2043,697,35,0.05021520803443329,3.0,0.0,0.0,694.0,35.0,0.05043227665706052,692,34,0.049132947976878616,3.0,0.0,0.0,689.0,34.0,0.04934687953555878,674,33,0.04896142433234421,3.0,0.0,0.0,671.0,33.0,0.04918032786885246,2387,2477
2044,28,0,0.0,2.0,0.0,0.0,26.0,0.0,0.0,28,0,0.0,2.0,0.0,0.0,26.0,0.0,0.0,28,0,0.0,2.0,0.0,0.0,26.0,0.0,0.0,28,28
2045,66,3,0.045454545454545456,1.0,0.0,0.0,65.0,3.0,0.046153846153846156,66,3,0.045454545454545456,1.0,0.0,0.0,65.0,3.0,0.046153846153846156,66,3,0.045454545454545456,1.0,0.0,0.0,65.0,3.0,0.046153846153846156,66,66
2046,161609,47595,0.294507112846438,2274.0,446.0,0.1961301671064204,159335.0,47149.0,0.2959111306367088,154119,45938,0.29806837573563283,2128.0,426.0,0.20018796992481203,151991.0,45512.0,0.29943878255949363,134135,41681,0.31073918067618445,2014.0,418.0,0.20754716981132076,132121.0,41263.0,0.312312198666374,167321,191575
2047,68,37,0.5441176470588235,2.0,1.0,0.5,66.0,36.0,0.5454545454545454,66,35,0.5303030303030303,2.0,1.0,0.5,64.0,34.0,0.53125,64,34,0.53125,2.0,1.0,0.5,62.0,33.0,0.532258064516129,77,79
2048,187,20,0.10695187165775401,6.0,0.0,0.0,181.0,20.0,0.11049723756906077,179,20,0.11173184357541899,6.0,0.0,0.0,173.0,20.0,0.11560693641618497,176,19,0.10795454545454546,6.0,0.0,0.0,170.0,19.0,0.11176470588235295,261,267
2049,468,135,0.28846153846153844,18.0,1.0,0.05555555555555555,450.0,134.0,0.29777777777777775,443,133,0.3002257336343115,17.0,1.0,0.058823529411764705,426.0,132.0,0.30985915492957744,429,130,0.30303030303030304,17.0,1.0,0.058823529411764705,412.0,129.0,0.3131067961165049,484,503
2050,3189,493,0.15459391658827218,37.0,6.0,0.16216216216216217,3152.0,487.0,0.154505076142132,2898,478,0.16494133885438234,36.0,6.0,0.16666666666666666,2862.0,472.0,0.16491963661774983,2837,473,0.16672541416989778,36.0,6.0,0.16666666666666666,2801.0,467.0,0.1667261692252767,2837,2898
2052,167,12,0.0718562874251497,4.0,0.0,0.0,163.0,12.0,0.0736196319018405,166,12,0.07228915662650602,4.0,0.0,0.0,162.0,12.0,0.07407407407407407,163,12,0.0736196319018405,4.0,0.0,0.0,159.0,12.0,0.07547169811320754,163,166
2053,167,13,0.07784431137724551,4.0,0.0,0.0,163.0,13.0,0.07975460122699386,166,13,0.0783132530120482,4.0,0.0,0.0,162.0,13.0,0.08024691358024691,163,13,0.07975460122699386,4.0,0.0,0.0,159.0,13.0,0.08176100628930817,163,166
2054,167,11,0.0658682634730539,4.0,0.0,0.0,163.0,11.0,0.06748466257668712,166,11,0.06626506024096386,4.0,0.0,0.0,162.0,11.0,0.06790123456790123,163,11,0.06748466257668712,4.0,0.0,0.0,159.0,11.0,0.06918238993710692,163,166
2055,167,12,0.0718562874251497,4.0,0.0,0.0,163.0,12.0,0.0736196319018405,166,12,0.07228915662650602,4.0,0.0,0.0,162.0,12.0,0.07407407407407407,163,12,0.0736196319018405,4.0,0.0,0.0,159.0,12.0,0.07547169811320754,163,166
2056,167,16,0.09580838323353294,4.0,0.0,0.0,163.0,16.0,0.09815950920245399,166,16,0.0963855421686747,4.0,0.0,0.0,162.0,16.0,0.09876543209876543,163,16,0.09815950920245399,4.0,0.0,0.0,159.0,16.0,0.10062893081761007,163,166
2057,167,11,0.0658682634730539,4.0,0.0,0.0,163.0,11.0,0.06748466257668712,166,11,0.06626506024096386,4.0,0.0,0.0,162.0,11.0,0.06790123456790123,163,11,0.06748466257668712,4.0,0.0,0.0,159.0,11.0,0.06918238993710692,163,166
2058,308,224,0.7272727272727273,5.0,5.0,1.0,303.0,219.0,0.7227722772277227,283,217,0.7667844522968198,5.0,5.0,1.0,278.0,212.0,0.762589928057554,279,214,0.7670250896057348,5.0,5.0,1.0,274.0,209.0,0.7627737226277372,346,351
2059,48,39,0.8125,0.0,0.0,,48.0,39.0,0.8125,35,28,0.8,0.0,0.0,,35.0,28.0,0.8,31,25,0.8064516129032258,0.0,0.0,,31.0,25.0,0.8064516129032258,31,35
2060,29,0,0.0,1.0,0.0,0.0,28.0,0.0,0.0,28,0,0.0,1.0,0.0,0.0,27.0,0.0,0.0,28,0,0.0,1.0,0.0,0.0,27.0,0.0,0.0,28,28
2061,8,0,0.0,0.0,0.0,,8.0,0.0,0.0,7,0,0.0,0.0,0.0,,7.0,0.0,0.0,7,0,0.0,0.0,0.0,,7.0,0.0,0.0,7,7
2062,215,49,0.22790697674418606,6.0,4.0,0.6666666666666666,209.0,45.0,0.215311004784689,154,12,0.07792207792207792,5.0,3.0,0.6,149.0,9.0,0.06040268456375839,148,9,0.060810810810810814,3.0,1.0,0.3333333333333333,145.0,8.0,0.05517241379310345,148,154
2063,8,0,0.0,0.0,0.0,,8.0,0.0,0.0,8,0,0.0,0.0,0.0,,8.0,0.0,0.0,7,0,0.0,0.0,0.0,,7.0,0.0,0.0,7,8
2064,71,19,0.2676056338028169,2.0,0.0,0.0,69.0,19.0,0.2753623188405797,68,18,0.2647058823529412,2.0,0.0,0.0,66.0,18.0,0.2727272727272727,68,18,0.2647058823529412,2.0,0.0,0.0,66.0,18.0,0.2727272727272727,75,75
2065,76,7,0.09210526315789473,3.0,0.0,0.0,73.0,7.0,0.0958904109589041,73,7,0.0958904109589041,3.0,0.0,0.0,70.0,7.0,0.1,73,7,0.0958904109589041,3.0,0.0,0.0,70.0,7.0,0.1,73,73
2066,48,13,0.2708333333333333,5.0,0.0,0.0,43.0,13.0,0.3023255813953488,37,13,0.35135135135135137,2.0,0.0,0.0,35.0,13.0,0.37142857142857144,37,13,0.35135135135135137,2.0,0.0,0.0,35.0,13.0,0.37142857142857144,43,44
2067,2103,667,0.3171659533999049,13.0,3.0,0.23076923076923078,2090.0,664.0,0.31770334928229665,2020,651,0.3222772277227723,12.0,3.0,0.25,2008.0,648.0,0.32270916334661354,1960,633,0.3229591836734694,12.0,3.0,0.25,1948.0,630.0,0.32340862422997946,2248,2318
2068,58595,28535,0.48698694427852207,854.0,451.0,0.5281030444964872,57741.0,28084.0,0.48637882960115,38021,18198,0.47863023066200255,560.0,281.0,0.5017857142857143,37461.0,17917.0,0.4782840821120632,34455,16560,0.48062690465824986,520.0,262.0,0.5038461538461538,33935.0,16298.0,0.4802711065271843,37807,41679
2069,94,56,0.5957446808510638,1.0,0.0,0.0,93.0,56.0,0.6021505376344086,91,55,0.6043956043956044,1.0,0.0,0.0,90.0,55.0,0.6111111111111112,90,55,0.6111111111111112,1.0,0.0,0.0,89.0,55.0,0.6179775280898876,109,110
2070,39,0,0.0,1.0,0.0,0.0,38.0,0.0,0.0,37,0,0.0,1.0,0.0,0.0,36.0,0.0,0.0,37,0,0.0,1.0,0.0,0.0,36.0,0.0,0.0,106,107
2071,15,1,0.06666666666666667,0.0,0.0,,15.0,1.0,0.06666666666666667,7,1,0.14285714285714285,0.0,0.0,,7.0,1.0,0.14285714285714285,7,1,0.14285714285714285,0.0,0.0,,7.0,1.0,0.14285714285714285,7,7
2072,72,6,0.08333333333333333,2.0,0.0,0.0,70.0,6.0,0.08571428571428572,71,6,0.08450704225352113,2.0,0.0,0.0,69.0,6.0,0.08695652173913043,71,6,0.08450704225352113,2.0,0.0,0.0,69.0,6.0,0.08695652173913043,71,71
2078,98,0,0.0,0.0,0.0,,98.0,0.0,0.0,98,0,0.0,0.0,0.0,,98.0,0.0,0.0,98,0,0.0,0.0,0.0,,98.0,0.0,0.0,98,98
2080,1,1,1.0,0.0,0.0,,1.0,1.0,1.0,1,1,1.0,0.0,0.0,,1.0,1.0,1.0,1,1,1.0,0.0,0.0,,1.0,1.0,1.0,1,1
2081,1509,66,0.0437375745526839,20.0,0.0,0.0,1489.0,66.0,0.04432505036937542,1272,61,0.0479559748427673,16.0,0.0,0.0,1256.0,61.0,0.04856687898089172,1253,60,0.047885075818036714,16.0,0.0,0.0,1237.0,60.0,0.04850444624090541,1253,1272
2082,46,1,0.021739130434782608,1.0,0.0,0.0,45.0,1.0,0.022222222222222223,45,1,0.022222222222222223,1.0,0.0,0.0,44.0,1.0,0.022727272727272728,45,1,0.022222222222222223,1.0,0.0,0.0,44.0,1.0,0.022727272727272728,46,46
2083,52,29,0.5576923076923077,0.0,0.0,,52.0,29.0,0.5576923076923077,26,26,1.0,0.0,0.0,,26.0,26.0,1.0,25,25,1.0,0.0,0.0,,25.0,25.0,1.0,28,29
2084,3,0,0.0,0.0,0.0,,3.0,0.0,0.0,3,0,0.0,0.0,0.0,,3.0,0.0,0.0,3,0,0.0,0.0,0.0,,3.0,0.0,0.0,3,3
2085,2,0,0.0,0.0,0.0,,2.0,0.0,0.0,2,0,0.0,0.0,0.0,,2.0,0.0,0.0,2,0,0.0,0.0,0.0,,2.0,0.0,0.0,2,2
2086,5907,798,0.1350939563230066,54.0,8.0,0.14814814814814814,5853.0,790.0,0.13497351785409192,4304,563,0.13080855018587362,51.0,7.0,0.13725490196078433,4253.0,556.0,0.1307312485304491,3741,489,0.13071371291098638,51.0,7.0,0.13725490196078433,3690.0,482.0,0.13062330623306234,5568,6765
2087,2764,964,0.34876989869753977,21.0,8.0,0.38095238095238093,2743.0,956.0,0.34852351440029167,2616,898,0.34327217125382264,20.0,7.0,0.35,2596.0,891.0,0.3432203389830508,2581,881,0.34134056567222004,20.0,7.0,0.35,2561.0,874.0,0.3412729402577118,2581,2616
2088,3233,2447,0.7568821527992576,40.0,37.0,0.925,3193.0,2410.0,0.7547760726589414,3083,2330,0.7557573791761272,39.0,36.0,0.9230769230769231,3044.0,2294.0,0.7536136662286466,3055,2306,0.7548281505728314,39.0,36.0,0.9230769230769231,3016.0,2270.0,0.7526525198938993,3655,3706
2090,6,3,0.5,0.0,0.0,,6.0,3.0,0.5,6,3,0.5,0.0,0.0,,6.0,3.0,0.5,6,3,0.5,0.0,0.0,,6.0,3.0,0.5,26,26
2091,48,2,0.041666666666666664,1.0,0.0,0.0,47.0,2.0,0.0425531914893617,47,2,0.0425531914893617,1.0,0.0,0.0,46.0,2.0,0.043478260869565216,46,2,0.043478260869565216,1.0,0.0,0.0,45.0,2.0,0.044444444444444446,46,47
2092,858,0,0.0,17.0,0.0,0.0,841.0,0.0,0.0,854,0,0.0,17.0,0.0,0.0,837.0,0.0,0.0,851,0,0.0,17.0,0.0,0.0,834.0,0.0,0.0,851,854
2093,208,0,0.0,10.0,0.0,0.0,198.0,0.0,0.0,207,0,0.0,10.0,0.0,0.0,197.0,0.0,0.0,207,0,0.0,10.0,0.0,0.0,197.0,0.0,0.0,207,207
2094,2087,456,0.21849544801149975,35.0,7.0,0.2,2052.0,449.0,0.21881091617933723,1950,451,0.2312820512820513,29.0,6.0,0.20689655172413793,1921.0,445.0,0.23165018219677252,1937,449,0.23180175529168817,29.0,6.0,0.20689655172413793,1908.0,443.0,0.2321802935010482,1998,2011
2096,5149,350,0.06797436395416585,27.0,3.0,0.1111111111111111,5122.0,347.0,0.0677469738383444,5009,342,0.06827710121780795,27.0,3.0,0.1111111111111111,4982.0,339.0,0.06804496186270574,4750,339,0.07136842105263158,25.0,3.0,0.12,4725.0,336.0,0.07111111111111111,4750,5009
2097,64398,26874,0.4173110966179074,6156.0,2408.0,0.39116309291747886,58242.0,24466.0,0.4200748600666186,7386,3179,0.4304088816680206,101.0,67.0,0.6633663366336634,7285.0,3112.0,0.42717913520933426,7197,3076,0.4274003056829234,100.0,67.0,0.67,7097.0,3009.0,0.42398196421022966,7226,7419
2098,226,0,0.0,8.0,0.0,0.0,218.0,0.0,0.0,225,0,0.0,8.0,0.0,0.0,217.0,0.0,0.0,224,0,0.0,8.0,0.0,0.0,216.0,0.0,0.0,224,225
2099,637,192,0.30141287284144425,21.0,4.0,0.19047619047619047,616.0,188.0,0.3051948051948052,629,189,0.3004769475357711,21.0,4.0,0.19047619047619047,608.0,185.0,0.3042763157894737,607,178,0.2932454695222405,21.0,4.0,0.19047619047619047,586.0,174.0,0.29692832764505117,618,642
2100,3803,1533,0.40310281356823563,158.0,84.0,0.5316455696202531,3645.0,1449.0,0.39753086419753086,2766,903,0.3264642082429501,98.0,38.0,0.3877551020408163,2668.0,865.0,0.3242128935532234,2612,850,0.32542113323124044,96.0,36.0,0.375,2516.0,814.0,0.3235294117647059,2992,3184
2101,1439,516,0.35858234885337037,101.0,52.0,0.5148514851485149,1338.0,464.0,0.34678624813153963,1357,474,0.3492999263080324,99.0,50.0,0.5050505050505051,1258.0,424.0,0.3370429252782194,1291,461,0.3570875290472502,98.0,50.0,0.5102040816326531,1193.0,411.0,0.34450963956412406,1399,1469
2102,12094,4472,0.36977013395071934,891.0,410.0,0.4601571268237935,11203.0,4062.0,0.36258145139694725,9245,2867,0.31011357490535424,638.0,262.0,0.4106583072100313,8607.0,2605.0,0.3026606250726153,8482,2758,0.325159160575336,626.0,258.0,0.41214057507987223,7856.0,2500.0,0.3182281059063136,10239,11128
2103,190,50,0.2631578947368421,7.0,0.0,0.0,183.0,50.0,0.273224043715847,190,50,0.2631578947368421,7.0,0.0,0.0,183.0,50.0,0.273224043715847,189,50,0.26455026455026454,7.0,0.0,0.0,182.0,50.0,0.27472527472527475,189,190
2104,159,2,0.012578616352201259,8.0,0.0,0.0,151.0,2.0,0.013245033112582781,158,2,0.012658227848101266,8.0,0.0,0.0,150.0,2.0,0.013333333333333334,158,2,0.012658227848101266,8.0,0.0,0.0,150.0,2.0,0.013333333333333334,158,158
2105,16,2,0.125,1.0,0.0,0.0,15.0,2.0,0.13333333333333333,16,2,0.125,1.0,0.0,0.0,15.0,2.0,0.13333333333333333,15,2,0.13333333333333333,1.0,0.0,0.0,14.0,2.0,0.14285714285714285,15,16
2106,41,15,0.36585365853658536,0.0,0.0,,41.0,15.0,0.36585365853658536,39,15,0.38461538461538464,0.0,0.0,,39.0,15.0,0.38461538461538464,39,15,0.38461538461538464,0.0,0.0,,39.0,15.0,0.38461538461538464,39,39
2107,1,1,1.0,0.0,0.0,,1.0,1.0,1.0,1,1,1.0,0.0,0.0,,1.0,1.0,1.0,1,1,1.0,0.0,0.0,,1.0,1.0,1.0,3,3
2108,2606,34,0.013046815042210284,34.0,0.0,0.0,2572.0,34.0,0.013219284603421462,2211,30,0.013568521031207599,30.0,0.0,0.0,2181.0,30.0,0.013755158184319119,2190,30,0.0136986301369863,30.0,0.0,0.0,2160.0,30.0,0.013888888888888888,2252,2274
2109,1641,101,0.061547836684948204,25.0,1.0,0.04,1616.0,100.0,0.06188118811881188,1264,97,0.07674050632911393,21.0,1.0,0.047619047619047616,1243.0,96.0,0.07723250201126307,1251,97,0.07753796962430055,21.0,1.0,0.047619047619047616,1230.0,96.0,0.07804878048780488,1322,1336
2110,3063,1655,0.5403199477636305,154.0,121.0,0.7857142857142857,2909.0,1534.0,0.5273289790305947,2839,1488,0.5241282141599155,138.0,105.0,0.7608695652173914,2701.0,1383.0,0.5120325805257312,2336,1185,0.507277397260274,121.0,88.0,0.7272727272727273,2215.0,1097.0,0.49525959367945827,2337,2840
2112,7,0,0.0,0.0,0.0,,7.0,0.0,0.0,5,0,0.0,0.0,0.0,,5.0,0.0,0.0,5,0,0.0,0.0,0.0,,5.0,0.0,0.0,5,5
2113,61,5,0.08196721311475409,0.0,0.0,,61.0,5.0,0.08196721311475409,48,5,0.10416666666666667,0.0,0.0,,48.0,5.0,0.10416666666666667,45,4,0.08888888888888889,0.0,0.0,,45.0,4.0,0.08888888888888889,48,51
2114,1863,34,0.01825013419216318,28.0,1.0,0.03571428571428571,1835.0,33.0,0.017983651226158037,1663,28,0.01683704149128082,26.0,1.0,0.038461538461538464,1637.0,27.0,0.016493585827733658,1617,28,0.017316017316017316,24.0,1.0,0.041666666666666664,1593.0,27.0,0.01694915254237288,1643,1689
2115,41,0,0.0,1.0,0.0,0.0,40.0,0.0,0.0,41,0,0.0,1.0,0.0,0.0,40.0,0.0,0.0,41,0,0.0,1.0,0.0,0.0,40.0,0.0,0.0,41,41
2116,54829,12039,0.2195735833226942,1188.0,286.0,0.24074074074074073,53641.0,11753.0,0.2191047892470312,51139,11222,0.2194411310350222,1105.0,261.0,0.23619909502262443,50034.0,10961.0,0.21907103169844505,47421,10707,0.22578604415765166,1075.0,259.0,0.24093023255813953,46346.0,10448.0,0.225434773227463,47637,51369
2117,4,2,0.5,0.0,0.0,,4.0,2.0,0.5,4,2,0.5,0.0,0.0,,4.0,2.0,0.5,4,2,0.5,0.0,0.0,,4.0,2.0,0.5,4,4
2118,12,0,0.0,0.0,0.0,,12.0,0.0,0.0,10,0,0.0,0.0,0.0,,10.0,0.0,0.0,10,0,0.0,0.0,0.0,,10.0,0.0,0.0,10,10
2119,5585,57,0.010205908683974934,211.0,1.0,0.004739336492890996,5374.0,56.0,0.01042054335690361,5400,55,0.010185185185185186,206.0,1.0,0.0048543689320388345,5194.0,54.0,0.010396611474778591,5300,55,0.010377358490566037,200.0,1.0,0.005,5100.0,54.0,0.010588235294117647,8937,9414
2120,107,7,0.06542056074766354,1.0,0.0,0.0,106.0,7.0,0.0660377358490566,101,7,0.06930693069306931,1.0,0.0,0.0,100.0,7.0,0.07,101,7,0.06930693069306931,1.0,0.0,0.0,100.0,7.0,0.07,101,101
2121,327,6,0.01834862385321101,7.0,0.0,0.0,320.0,6.0,0.01875,317,6,0.01892744479495268,7.0,0.0,0.0,310.0,6.0,0.01935483870967742,316,6,0.0189873417721519,7.0,0.0,0.0,309.0,6.0,0.019417475728155338,316,317
2122,137,1,0.0072992700729927005,2.0,0.0,0.0,135.0,1.0,0.007407407407407408,137,1,0.0072992700729927005,2.0,0.0,0.0,135.0,1.0,0.007407407407407408,137,1,0.0072992700729927005,2.0,0.0,0.0,135.0,1.0,0.007407407407407408,137,137
2123,139,0,0.0,2.0,0.0,0.0,137.0,0.0,0.0,138,0,0.0,2.0,0.0,0.0,136.0,0.0,0.0,138,0,0.0,2.0,0.0,0.0,136.0,0.0,0.0,138,138
2124,138,2,0.014492753623188406,2.0,0.0,0.0,136.0,2.0,0.014705882352941176,137,2,0.014598540145985401,2.0,0.0,0.0,135.0,2.0,0.014814814814814815,137,2,0.014598540145985401,2.0,0.0,0.0,135.0,2.0,0.014814814814814815,137,137
2125,136,0,0.0,2.0,0.0,0.0,134.0,0.0,0.0,136,0,0.0,2.0,0.0,0.0,134.0,0.0,0.0,136,0,0.0,2.0,0.0,0.0,134.0,0.0,0.0,136,136
2126,139,1,0.007194244604316547,2.0,0.0,0.0,137.0,1.0,0.0072992700729927005,138,1,0.007246376811594203,2.0,0.0,0.0,136.0,1.0,0.007352941176470588,138,1,0.007246376811594203,2.0,0.0,0.0,136.0,1.0,0.007352941176470588,138,138
2127,160,0,0.0,2.0,0.0,0.0,158.0,0.0,0.0,155,0,0.0,2.0,0.0,0.0,153.0,0.0,0.0,155,0,0.0,2.0,0.0,0.0,153.0,0.0,0.0,155,155
2128,160,1,0.00625,2.0,0.0,0.0,158.0,1.0,0.006329113924050633,155,1,0.0064516129032258064,2.0,0.0,0.0,153.0,1.0,0.006535947712418301,155,1,0.0064516129032258064,2.0,0.0,0.0,153.0,1.0,0.006535947712418301,155,155
2129,160,1,0.00625,2.0,0.0,0.0,158.0,1.0,0.006329113924050633,154,1,0.006493506493506494,2.0,0.0,0.0,152.0,1.0,0.006578947368421052,154,1,0.006493506493506494,2.0,0.0,0.0,152.0,1.0,0.006578947368421052,154,154
2130,161,1,0.006211180124223602,2.0,0.0,0.0,159.0,1.0,0.006289308176100629,156,1,0.00641025641025641,2.0,0.0,0.0,154.0,1.0,0.006493506493506494,156,1,0.00641025641025641,2.0,0.0,0.0,154.0,1.0,0.006493506493506494,156,156
2131,159,1,0.006289308176100629,2.0,0.0,0.0,157.0,1.0,0.006369426751592357,154,1,0.006493506493506494,2.0,0.0,0.0,152.0,1.0,0.006578947368421052,154,1,0.006493506493506494,2.0,0.0,0.0,152.0,1.0,0.006578947368421052,154,154
2132,140,2,0.014285714285714285,2.0,0.0,0.0,138.0,2.0,0.014492753623188406,139,2,0.014388489208633094,2.0,0.0,0.0,137.0,2.0,0.014598540145985401,139,2,0.014388489208633094,2.0,0.0,0.0,137.0,2.0,0.014598540145985401,139,139
2133,134,2,0.014925373134328358,2.0,0.0,0.0,132.0,2.0,0.015151515151515152,133,2,0.015037593984962405,2.0,0.0,0.0,131.0,2.0,0.015267175572519083,133,2,0.015037593984962405,2.0,0.0,0.0,131.0,2.0,0.015267175572519083,133,133
2134,136,1,0.007352941176470588,2.0,0.0,0.0,134.0,1.0,0.007462686567164179,135,1,0.007407407407407408,2.0,0.0,0.0,133.0,1.0,0.007518796992481203,135,1,0.007407407407407408,2.0,0.0,0.0,133.0,1.0,0.007518796992481203,135,135
2135,3963,22,0.0055513499873832955,92.0,0.0,0.0,3871.0,22.0,0.005683285972616895,3621,21,0.00579950289975145,87.0,0.0,0.0,3534.0,21.0,0.005942275042444821,3480,21,0.00603448275862069,81.0,0.0,0.0,3399.0,21.0,0.00617828773168579,4149,4296
2136,2870,84,0.02926829268292683,41.0,0.0,0.0,2829.0,84.0,0.029692470837751856,2688,74,0.027529761904761904,37.0,0.0,0.0,2651.0,74.0,0.02791399471897397,2457,71,0.028897028897028897,32.0,0.0,0.0,2425.0,71.0,0.029278350515463916,5114,5553
2137,15,0,0.0,0.0,0.0,,15.0,0.0,0.0,15,0,0.0,0.0,0.0,,15.0,0.0,0.0,15,0,0.0,0.0,0.0,,15.0,0.0,0.0,15,15
2140,652,0,0.0,7.0,0.0,0.0,645.0,0.0,0.0,649,0,0.0,7.0,0.0,0.0,642.0,0.0,0.0,646,0,0.0,7.0,0.0,0.0,639.0,0.0,0.0,646,649
2141,652,0,0.0,7.0,0.0,0.0,645.0,0.0,0.0,649,0,0.0,7.0,0.0,0.0,642.0,0.0,0.0,646,0,0.0,7.0,0.0,0.0,639.0,0.0,0.0,646,649
2142,15,0,0.0,0.0,0.0,,15.0,0.0,0.0,15,0,0.0,0.0,0.0,,15.0,0.0,0.0,15,0,0.0,0.0,0.0,,15.0,0.0,0.0,15,15
2143,22,7,0.3181818181818182,1.0,0.0,0.0,21.0,7.0,0.3333333333333333,21,6,0.2857142857142857,1.0,0.0,0.0,20.0,6.0,0.3,21,6,0.2857142857142857,1.0,0.0,0.0,20.0,6.0,0.3,21,21
2144,24,11,0.4583333333333333,1.0,0.0,0.0,23.0,11.0,0.4782608695652174,23,10,0.43478260869565216,1.0,0.0,0.0,22.0,10.0,0.45454545454545453,23,10,0.43478260869565216,1.0,0.0,0.0,22.0,10.0,0.45454545454545453,23,23
2145,55,0,0.0,1.0,0.0,0.0,54.0,0.0,0.0,51,0,0.0,1.0,0.0,0.0,50.0,0.0,0.0,51,0,0.0,1.0,0.0,0.0,50.0,0.0,0.0,67,68
2146,118,29,0.2457627118644068,1.0,0.0,0.0,117.0,29.0,0.24786324786324787,115,28,0.24347826086956523,1.0,0.0,0.0,114.0,28.0,0.24561403508771928,114,28,0.24561403508771928,1.0,0.0,0.0,113.0,28.0,0.24778761061946902,114,115
2147,118,33,0.2796610169491525,1.0,1.0,1.0,117.0,32.0,0.27350427350427353,115,32,0.2782608695652174,1.0,1.0,1.0,114.0,31.0,0.2719298245614035,114,32,0.2807017543859649,1.0,1.0,1.0,113.0,31.0,0.2743362831858407,114,115
2148,118,28,0.23728813559322035,1.0,0.0,0.0,117.0,28.0,0.23931623931623933,115,27,0.23478260869565218,1.0,0.0,0.0,114.0,27.0,0.23684210526315788,114,26,0.22807017543859648,1.0,0.0,0.0,113.0,26.0,0.23008849557522124,114,115
2149,118,10,0.0847457627118644,1.0,0.0,0.0,117.0,10.0,0.08547008547008547,115,10,0.08695652173913043,1.0,0.0,0.0,114.0,10.0,0.08771929824561403,114,10,0.08771929824561403,1.0,0.0,0.0,113.0,10.0,0.08849557522123894,114,115
2150,126,37,0.29365079365079366,2.0,0.0,0.0,124.0,37.0,0.29838709677419356,124,36,0.2903225806451613,2.0,0.0,0.0,122.0,36.0,0.29508196721311475,121,35,0.2892561983471074,2.0,0.0,0.0,119.0,35.0,0.29411764705882354,121,124
2151,122,41,0.3360655737704918,3.0,0.0,0.0,119.0,41.0,0.3445378151260504,121,40,0.3305785123966942,3.0,0.0,0.0,118.0,40.0,0.3389830508474576,119,39,0.3277310924369748,3.0,0.0,0.0,116.0,39.0,0.33620689655172414,119,121
2152,104,37,0.3557692307692308,3.0,0.0,0.0,101.0,37.0,0.36633663366336633,103,36,0.34951456310679613,3.0,0.0,0.0,100.0,36.0,0.36,101,35,0.3465346534653465,3.0,0.0,0.0,98.0,35.0,0.35714285714285715,101,103
2153,106,37,0.3490566037735849,3.0,0.0,0.0,103.0,37.0,0.3592233009708738,105,36,0.34285714285714286,3.0,0.0,0.0,102.0,36.0,0.35294117647058826,104,35,0.33653846153846156,3.0,0.0,0.0,101.0,35.0,0.3465346534653465,104,105
2154,845,223,0.263905325443787,8.0,4.0,0.5,837.0,219.0,0.2616487455197133,795,214,0.2691823899371069,8.0,4.0,0.5,787.0,210.0,0.2668360864040661,750,209,0.2786666666666667,8.0,4.0,0.5,742.0,205.0,0.27628032345013476,921,990
2155,786,194,0.24681933842239187,7.0,4.0,0.5714285714285714,779.0,190.0,0.24390243902439024,740,183,0.2472972972972973,7.0,4.0,0.5714285714285714,733.0,179.0,0.24420190995907232,698,178,0.25501432664756446,7.0,4.0,0.5714285714285714,691.0,174.0,0.25180897250361794,869,935
2156,408,206,0.5049019607843137,6.0,4.0,0.6666666666666666,402.0,202.0,0.5024875621890548,381,196,0.5144356955380578,6.0,4.0,0.6666666666666666,375.0,192.0,0.512,373,194,0.5201072386058981,6.0,4.0,0.6666666666666666,367.0,190.0,0.5177111716621253,373,381
2157,775,194,0.2503225806451613,7.0,4.0,0.5714285714285714,768.0,190.0,0.24739583333333334,731,184,0.25170998632010944,7.0,4.0,0.5714285714285714,724.0,180.0,0.24861878453038674,689,181,0.262699564586357,7.0,4.0,0.5714285714285714,682.0,177.0,0.2595307917888563,691,733
2158,372,168,0.45161290322580644,4.0,0.0,0.0,368.0,168.0,0.45652173913043476,141,68,0.48226950354609927,4.0,0.0,0.0,137.0,68.0,0.49635036496350365,135,62,0.45925925925925926,4.0,0.0,0.0,131.0,62.0,0.4732824427480916,135,141
2159,23428,1574,0.06718456547720676,474.0,16.0,0.03375527426160337,22954.0,1558.0,0.06787488019517296,12062,1567,0.12991212070966673,242.0,16.0,0.06611570247933884,11820.0,1551.0,0.13121827411167514,11750,1484,0.12629787234042553,239.0,15.0,0.06276150627615062,11511.0,1469.0,0.1276170619407523,11750,12062
2161,149,0,0.0,0.0,0.0,,149.0,0.0,0.0,149,0,0.0,0.0,0.0,,149.0,0.0,0.0,149,0,0.0,0.0,0.0,,149.0,0.0,0.0,149,149
2162,47,31,0.6595744680851063,0.0,0.0,,47.0,31.0,0.6595744680851063,45,29,0.6444444444444445,0.0,0.0,,45.0,29.0,0.6444444444444445,45,29,0.6444444444444445,0.0,0.0,,45.0,29.0,0.6444444444444445,45,45
2163,3,1,0.3333333333333333,0.0,0.0,,3.0,1.0,0.3333333333333333,3,1,0.3333333333333333,0.0,0.0,,3.0,1.0,0.3333333333333333,3,1,0.3333333333333333,0.0,0.0,,3.0,1.0,0.3333333333333333,3,3
2164,97,0,0.0,1.0,0.0,0.0,96.0,0.0,0.0,90,0,0.0,1.0,0.0,0.0,89.0,0.0,0.0,90,0,0.0,1.0,0.0,0.0,89.0,0.0,0.0,99,99
2165,36,21,0.5833333333333334,0.0,0.0,,36.0,21.0,0.5833333333333334,24,17,0.7083333333333334,0.0,0.0,,24.0,17.0,0.7083333333333334,24,17,0.7083333333333334,0.0,0.0,,24.0,17.0,0.7083333333333334,34,34
2166,12,4,0.3333333333333333,0.0,0.0,,12.0,4.0,0.3333333333333333,12,4,0.3333333333333333,0.0,0.0,,12.0,4.0,0.3333333333333333,12,4,0.3333333333333333,0.0,0.0,,12.0,4.0,0.3333333333333333,12,12
2167,595,175,0.29411764705882354,8.0,1.0,0.125,587.0,174.0,0.29642248722316866,491,153,0.31160896130346233,5.0,1.0,0.2,486.0,152.0,0.31275720164609055,479,150,0.31315240083507306,5.0,1.0,0.2,474.0,149.0,0.3143459915611814,939,957
2168,17,8,0.47058823529411764,1.0,0.0,0.0,16.0,8.0,0.5,17,8,0.47058823529411764,1.0,0.0,0.0,16.0,8.0,0.5,17,8,0.47058823529411764,1.0,0.0,0.0,16.0,8.0,0.5,17,17
2169,54,40,0.7407407407407407,0.0,0.0,,54.0,40.0,0.7407407407407407,50,36,0.72,0.0,0.0,,50.0,36.0,0.72,48,34,0.7083333333333334,0.0,0.0,,48.0,34.0,0.7083333333333334,48,50
2170,196,115,0.5867346938775511,5.0,0.0,0.0,191.0,115.0,0.6020942408376964,195,114,0.5846153846153846,5.0,0.0,0.0,190.0,114.0,0.6,192,111,0.578125,5.0,0.0,0.0,187.0,111.0,0.5935828877005348,216,219
2171,13,8,0.6153846153846154,0.0,0.0,,13.0,8.0,0.6153846153846154,13,8,0.6153846153846154,0.0,0.0,,13.0,8.0,0.6153846153846154,13,8,0.6153846153846154,0.0,0.0,,13.0,8.0,0.6153846153846154,26,27
2172,1048,248,0.2366412213740458,13.0,1.0,0.07692307692307693,1035.0,247.0,0.23864734299516907,725,204,0.2813793103448276,9.0,1.0,0.1111111111111111,716.0,203.0,0.2835195530726257,709,201,0.2834978843441467,9.0,1.0,0.1111111111111111,700.0,200.0,0.2857142857142857,791,807
2173,22450,4195,0.18685968819599108,774.0,120.0,0.15503875968992248,21676.0,4075.0,0.18799594021037092,16690,2654,0.15901737567405633,561.0,73.0,0.13012477718360071,16129.0,2581.0,0.1600223200446401,14829,2364,0.15941735787983005,474.0,64.0,0.1350210970464135,14355.0,2300.0,0.1602229188436085,16046,18036
2174,1880,329,0.175,22.0,3.0,0.13636363636363635,1858.0,326.0,0.17545748116254037,1815,316,0.17410468319559227,22.0,3.0,0.13636363636363635,1793.0,313.0,0.17456776352481873,1806,312,0.17275747508305647,22.0,3.0,0.13636363636363635,1784.0,309.0,0.17320627802690583,2036,2051
2175,1057,154,0.1456953642384106,13.0,2.0,0.15384615384615385,1044.0,152.0,0.14559386973180077,994,139,0.1398390342052314,13.0,2.0,0.15384615384615385,981.0,137.0,0.1396534148827727,990,138,0.1393939393939394,13.0,2.0,0.15384615384615385,977.0,136.0,0.13920163766632548,1183,1191
2176,801,99,0.12359550561797752,10.0,1.0,0.1,791.0,98.0,0.12389380530973451,778,97,0.12467866323907455,10.0,1.0,0.1,768.0,96.0,0.125,777,97,0.12483912483912483,10.0,1.0,0.1,767.0,96.0,0.12516297262059975,854,856
2177,13551,122,0.009003025606966275,224.0,1.0,0.004464285714285714,13327.0,121.0,0.009079312673519921,12324,109,0.00884453099642973,214.0,1.0,0.004672897196261682,12110.0,108.0,0.008918249380677127,11679,105,0.008990495761623427,207.0,1.0,0.004830917874396135,11472.0,104.0,0.00906555090655509,11912,12601
2178,5827,2399,0.4117041359189978,109.0,47.0,0.43119266055045874,5718.0,2352.0,0.41133263378803775,4793,2003,0.41790110577926143,96.0,45.0,0.46875,4697.0,1958.0,0.4168618266978923,4659,1954,0.41940330543034987,96.0,45.0,0.46875,4563.0,1909.0,0.41836511067280296,5171,5318
2179,2021,803,0.39732805541810984,89.0,27.0,0.30337078651685395,1932.0,776.0,0.40165631469979296,2005,800,0.39900249376558605,88.0,26.0,0.29545454545454547,1917.0,774.0,0.40375586854460094,1940,778,0.40103092783505156,88.0,26.0,0.29545454545454547,1852.0,752.0,0.4060475161987041,1943,2008
2180,166,67,0.4036144578313253,13.0,4.0,0.3076923076923077,153.0,63.0,0.4117647058823529,159,64,0.4025157232704403,13.0,4.0,0.3076923076923077,146.0,60.0,0.410958904109589,153,61,0.39869281045751637,13.0,4.0,0.3076923076923077,140.0,57.0,0.40714285714285714,153,159
2181,911,11,0.012074643249176729,6.0,0.0,0.0,905.0,11.0,0.012154696132596685,397,11,0.027707808564231738,2.0,0.0,0.0,395.0,11.0,0.027848101265822784,387,11,0.028423772609819122,2.0,0.0,0.0,385.0,11.0,0.02857142857142857,998,1017
2182,1819,203,0.11159978009895546,7.0,3.0,0.42857142857142855,1812.0,200.0,0.11037527593818984,1056,179,0.16950757575757575,6.0,3.0,0.5,1050.0,176.0,0.1676190476190476,914,159,0.1739606126914661,6.0,3.0,0.5,908.0,156.0,0.17180616740088106,996,1189
2183,202,11,0.054455445544554455,2.0,0.0,0.0,200.0,11.0,0.055,158,8,0.05063291139240506,2.0,0.0,0.0,156.0,8.0,0.05128205128205128,131,6,0.04580152671755725,2.0,0.0,0.0,129.0,6.0,0.046511627906976744,285,331
2185,2187,758,0.3465935070873343,96.0,33.0,0.34375,2091.0,725.0,0.3467240554758489,683,394,0.5768667642752562,20.0,14.0,0.7,663.0,380.0,0.5731523378582202,679,392,0.5773195876288659,20.0,14.0,0.7,659.0,378.0,0.5735963581183612,682,686
2186,4239,1730,0.40811512149091766,28.0,14.0,0.5,4211.0,1716.0,0.40750415578247445,3673,1405,0.3825210999183229,26.0,12.0,0.46153846153846156,3647.0,1393.0,0.381957773512476,3101,1161,0.3743953563366656,21.0,9.0,0.42857142857142855,3080.0,1152.0,0.37402597402597404,3341,3942
2187,7727,3835,0.4963116345282775,44.0,26.0,0.5909090909090909,7683.0,3809.0,0.4957698815566836,6956,3275,0.47081656124209315,43.0,25.0,0.5813953488372093,6913.0,3250.0,0.47012874294806883,5495,2635,0.47952684258416745,40.0,23.0,0.575,5455.0,2612.0,0.47882676443629696,6080,7656
2188,198,109,0.5505050505050505,5.0,5.0,1.0,193.0,104.0,0.538860103626943,167,101,0.6047904191616766,4.0,4.0,1.0,163.0,97.0,0.5950920245398773,166,100,0.6024096385542169,4.0,4.0,1.0,162.0,96.0,0.5925925925925926,178,179
2189,123,66,0.5365853658536586,1.0,0.0,0.0,122.0,66.0,0.5409836065573771,114,63,0.5526315789473685,1.0,0.0,0.0,113.0,63.0,0.5575221238938053,112,63,0.5625,1.0,0.0,0.0,111.0,63.0,0.5675675675675675,149,151
2190,310,86,0.27741935483870966,5.0,2.0,0.4,305.0,84.0,0.2754098360655738,296,79,0.2668918918918919,5.0,2.0,0.4,291.0,77.0,0.2646048109965636,273,78,0.2857142857142857,4.0,2.0,0.5,269.0,76.0,0.2825278810408922,334,361
2191,4550,444,0.09758241758241758,248.0,61.0,0.24596774193548387,4302.0,383.0,0.08902835890283589,4453,438,0.09836065573770492,241.0,61.0,0.25311203319502074,4212.0,377.0,0.08950617283950617,3933,401,0.1019577930333079,217.0,53.0,0.24423963133640553,3716.0,348.0,0.09364908503767493,6063,6822
2192,562,373,0.6637010676156584,10.0,2.0,0.2,552.0,371.0,0.6721014492753623,549,363,0.6612021857923497,10.0,2.0,0.2,539.0,361.0,0.6697588126159555,535,352,0.6579439252336449,10.0,2.0,0.2,525.0,350.0,0.6666666666666666,576,590
2193,523,75,0.14340344168260039,6.0,1.0,0.16666666666666666,517.0,74.0,0.14313346228239845,513,73,0.14230019493177387,6.0,1.0,0.16666666666666666,507.0,72.0,0.14201183431952663,501,73,0.14570858283433133,6.0,1.0,0.16666666666666666,495.0,72.0,0.14545454545454545,583,595
2194,31756,8940,0.28152160221690387,610.0,176.0,0.28852459016393445,31146.0,8764.0,0.28138444744108393,28517,7867,0.2758705333660624,525.0,150.0,0.2857142857142857,27992.0,7717.0,0.27568591026007433,27095,7490,0.2764347665620963,511.0,145.0,0.2837573385518591,26584.0,7345.0,0.2762940114354499,27347,28795
2195,32017,7572,0.23649935971515132,614.0,144.0,0.23452768729641693,31403.0,7428.0,0.236537910390727,28817,6835,0.2371863830377902,536.0,124.0,0.23134328358208955,28281.0,6711.0,0.2372971252784555,27404,6517,0.23781199824843088,522.0,119.0,0.22796934865900384,26882.0,6398.0,0.2380031247675024,27487,28910
2196,138,59,0.427536231884058,5.0,1.0,0.2,133.0,58.0,0.43609022556390975,134,59,0.44029850746268656,5.0,1.0,0.2,129.0,58.0,0.4496124031007752,134,59,0.44029850746268656,5.0,1.0,0.2,129.0,58.0,0.4496124031007752,155,155
2197,16,5,0.3125,1.0,0.0,0.0,15.0,5.0,0.3333333333333333,16,5,0.3125,1.0,0.0,0.0,15.0,5.0,0.3333333333333333,16,5,0.3125,1.0,0.0,0.0,15.0,5.0,0.3333333333333333,23,23
2198,13,7,0.5384615384615384,0.0,0.0,,13.0,7.0,0.5384615384615384,13,7,0.5384615384615384,0.0,0.0,,13.0,7.0,0.5384615384615384,13,7,0.5384615384615384,0.0,0.0,,13.0,7.0,0.5384615384615384,13,13
2199,7,3,0.42857142857142855,0.0,0.0,,7.0,3.0,0.42857142857142855,7,3,0.42857142857142855,0.0,0.0,,7.0,3.0,0.42857142857142855,7,3,0.42857142857142855,0.0,0.0,,7.0,3.0,0.42857142857142855,7,7
2200,4,4,1.0,0.0,0.0,,4.0,4.0,1.0,4,4,1.0,0.0,0.0,,4.0,4.0,1.0,4,4,1.0,0.0,0.0,,4.0,4.0,1.0,4,4
2201,2,0,0.0,0.0,0.0,,2.0,0.0,0.0,2,0,0.0,0.0,0.0,,2.0,0.0,0.0,2,0,0.0,0.0,0.0,,2.0,0.0,0.0,2,2
2202,5192,3336,0.6425269645608629,113.0,76.0,0.672566371681416,5079.0,3260.0,0.6418586335892892,5004,3223,0.6440847322142286,108.0,71.0,0.6574074074074074,4896.0,3152.0,0.6437908496732027,4929,3178,0.6447555285047677,108.0,71.0,0.6574074074074074,4821.0,3107.0,0.6444721012238125,5126,5206
2203,803,230,0.286425902864259,13.0,0.0,0.0,790.0,230.0,0.2911392405063291,700,216,0.30857142857142855,11.0,0.0,0.0,689.0,216.0,0.3134978229317852,694,213,0.3069164265129683,11.0,0.0,0.0,683.0,213.0,0.3118594436310395,790,797
2204,7417,4662,0.6285560199541593,103.0,66.0,0.6407766990291263,7314.0,4596.0,0.6283839212469237,6363,3988,0.6267483891246267,90.0,56.0,0.6222222222222222,6273.0,3932.0,0.626813326956799,6103,3838,0.6288710470260528,86.0,54.0,0.627906976744186,6017.0,3784.0,0.6288848263254113,6473,6742
2206,44,12,0.2727272727272727,0.0,0.0,,44.0,12.0,0.2727272727272727,41,10,0.24390243902439024,0.0,0.0,,41.0,10.0,0.24390243902439024,41,10,0.24390243902439024,0.0,0.0,,41.0,10.0,0.24390243902439024,41,41
2207,3011,314,0.10428429093324477,122.0,22.0,0.18032786885245902,2889.0,292.0,0.1010730356524749,2786,290,0.104091888011486,112.0,21.0,0.1875,2674.0,269.0,0.1005983545250561,2746,282,0.10269482884195193,111.0,21.0,0.1891891891891892,2635.0,261.0,0.09905123339658443,3712,3764
2209,118,20,0.1694915254237288,2.0,0.0,0.0,116.0,20.0,0.1724137931034483,103,15,0.14563106796116504,2.0,0.0,0.0,101.0,15.0,0.1485148514851485,103,15,0.14563106796116504,2.0,0.0,0.0,101.0,15.0,0.1485148514851485,140,140
2210,84,9,0.10714285714285714,0.0,0.0,,84.0,9.0,0.10714285714285714,83,9,0.10843373493975904,0.0,0.0,,83.0,9.0,0.10843373493975904,81,9,0.1111111111111111,0.0,0.0,,81.0,9.0,0.1111111111111111,101,103
2211,168,36,0.21428571428571427,3.0,1.0,0.3333333333333333,165.0,35.0,0.21212121212121213,155,34,0.21935483870967742,2.0,1.0,0.5,153.0,33.0,0.21568627450980393,152,34,0.2236842105263158,2.0,1.0,0.5,150.0,33.0,0.22,246,262
2212,222,22,0.0990990990990991,18.0,5.0,0.2777777777777778,204.0,17.0,0.08333333333333333,213,16,0.07511737089201878,16.0,3.0,0.1875,197.0,13.0,0.06598984771573604,210,16,0.0761904761904762,16.0,3.0,0.1875,194.0,13.0,0.06701030927835051,215,218
2213,1364,332,0.2434017595307918,5.0,2.0,0.4,1359.0,330.0,0.24282560706401765,1004,288,0.2868525896414343,3.0,2.0,0.6666666666666666,1001.0,286.0,0.2857142857142857,989,281,0.28412537917087965,3.0,2.0,0.6666666666666666,986.0,279.0,0.2829614604462475,1094,1109
2214,6631,4392,0.6623435379279143,84.0,51.0,0.6071428571428571,6547.0,4341.0,0.6630517794409654,6403,4250,0.6637513665469311,82.0,49.0,0.5975609756097561,6321.0,4201.0,0.664610030058535,6302,4187,0.6643922564265312,81.0,48.0,0.5925925925925926,6221.0,4139.0,0.6653271178267159,6765,6872
2215,162,44,0.2716049382716049,1.0,0.0,0.0,161.0,44.0,0.2732919254658385,116,25,0.21551724137931033,1.0,0.0,0.0,115.0,25.0,0.21739130434782608,113,24,0.21238938053097345,1.0,0.0,0.0,112.0,24.0,0.21428571428571427,116,119
2217,484,66,0.13636363636363635,7.0,0.0,0.0,477.0,66.0,0.13836477987421383,479,66,0.13778705636743216,7.0,0.0,0.0,472.0,66.0,0.13983050847457626,465,65,0.13978494623655913,7.0,0.0,0.0,458.0,65.0,0.14192139737991266,506,521
2218,1289,492,0.3816912335143522,20.0,10.0,0.5,1269.0,482.0,0.3798266351457841,1215,446,0.36707818930041153,19.0,9.0,0.47368421052631576,1196.0,437.0,0.36538461538461536,1202,438,0.3643926788685524,19.0,9.0,0.47368421052631576,1183.0,429.0,0.3626373626373626,1332,1346
2219,1751,646,0.36893203883495146,35.0,12.0,0.34285714285714286,1716.0,634.0,0.36946386946386944,1442,533,0.369625520110957,20.0,7.0,0.35,1422.0,526.0,0.369901547116737,1376,496,0.36046511627906974,20.0,7.0,0.35,1356.0,489.0,0.3606194690265487,1395,1461
2220,9,1,0.1111111111111111,1.0,0.0,0.0,8.0,1.0,0.125,9,1,0.1111111111111111,1.0,0.0,0.0,8.0,1.0,0.125,7,1,0.14285714285714285,1.0,0.0,0.0,6.0,1.0,0.16666666666666666,26,31
2221,7818,1058,0.13532872857508313,110.0,15.0,0.13636363636363635,7708.0,1043.0,0.13531395952257394,6891,899,0.13046002031635467,103.0,13.0,0.1262135922330097,6788.0,886.0,0.13052445492044784,6848,894,0.13054906542056074,103.0,13.0,0.1262135922330097,6745.0,881.0,0.13061527057079317,7110,7157
2223,1925,1085,0.5636363636363636,24.0,12.0,0.5,1901.0,1073.0,0.5644397685428721,1577,829,0.5256816740646798,21.0,11.0,0.5238095238095238,1556.0,818.0,0.525706940874036,1551,816,0.5261121856866537,21.0,11.0,0.5238095238095238,1530.0,805.0,0.5261437908496732,1561,1589
2224,7118,4162,0.5847148075302051,88.0,55.0,0.625,7030.0,4107.0,0.5842105263157895,5868,3696,0.6298568507157464,81.0,52.0,0.6419753086419753,5787.0,3644.0,0.629687229998272,5628,3572,0.6346837242359631,81.0,52.0,0.6419753086419753,5547.0,3520.0,0.6345772489634036,5697,5950
2225,120,31,0.25833333333333336,0.0,0.0,,120.0,31.0,0.25833333333333336,109,27,0.24770642201834864,0.0,0.0,,109.0,27.0,0.24770642201834864,85,24,0.2823529411764706,0.0,0.0,,85.0,24.0,0.2823529411764706,162,211
2226,734,379,0.5163487738419619,13.0,9.0,0.6923076923076923,721.0,370.0,0.5131761442441054,691,359,0.5195369030390738,12.0,8.0,0.6666666666666666,679.0,351.0,0.5169366715758469,682,357,0.5234604105571847,12.0,8.0,0.6666666666666666,670.0,349.0,0.5208955223880597,731,741
2227,752,245,0.3257978723404255,9.0,2.0,0.2222222222222222,743.0,243.0,0.32705248990578734,722,231,0.31994459833795014,9.0,2.0,0.2222222222222222,713.0,229.0,0.3211781206171108,711,225,0.31645569620253167,9.0,2.0,0.2222222222222222,702.0,223.0,0.3176638176638177,725,737
2228,506,170,0.3359683794466403,8.0,4.0,0.5,498.0,166.0,0.3333333333333333,494,166,0.3360323886639676,7.0,3.0,0.42857142857142855,487.0,163.0,0.3347022587268994,489,166,0.3394683026584867,7.0,3.0,0.42857142857142855,482.0,163.0,0.3381742738589212,499,504
2229,208,66,0.3173076923076923,0.0,0.0,,208.0,66.0,0.3173076923076923,188,62,0.32978723404255317,0.0,0.0,,188.0,62.0,0.32978723404255317,184,58,0.31521739130434784,0.0,0.0,,184.0,58.0,0.31521739130434784,233,237
2230,4807,447,0.092989390472228,83.0,15.0,0.18072289156626506,4724.0,432.0,0.09144792548687553,4285,396,0.09241540256709452,77.0,13.0,0.16883116883116883,4208.0,383.0,0.09101711026615969,4247,392,0.09230044737461737,76.0,13.0,0.17105263157894737,4171.0,379.0,0.09086549988012467,4585,4624
2231,129,49,0.3798449612403101,2.0,1.0,0.5,127.0,48.0,0.3779527559055118,126,48,0.38095238095238093,2.0,1.0,0.5,124.0,47.0,0.3790322580645161,126,48,0.38095238095238093,2.0,1.0,0.5,124.0,47.0,0.3790322580645161,136,136
2232,2111,298,0.14116532449076266,13.0,2.0,0.15384615384615385,2098.0,296.0,0.14108674928503337,2065,297,0.14382566585956416,13.0,2.0,0.15384615384615385,2052.0,295.0,0.14376218323586745,2009,294,0.14634146341463414,13.0,2.0,0.15384615384615385,1996.0,292.0,0.1462925851703407,2674,2742
2233,17523,5244,0.2992638246875535,230.0,62.0,0.26956521739130435,17293.0,5182.0,0.29965882148846357,16022,4685,0.2924104356509799,209.0,56.0,0.2679425837320574,15813.0,4629.0,0.29273382659836844,15562,4582,0.29443516257550445,209.0,56.0,0.2679425837320574,15353.0,4526.0,0.294795805380056,15847,16320
2234,51,3,0.058823529411764705,0.0,0.0,,51.0,3.0,0.058823529411764705,49,3,0.061224489795918366,0.0,0.0,,49.0,3.0,0.061224489795918366,49,3,0.061224489795918366,0.0,0.0,,49.0,3.0,0.061224489795918366,52,52
2235,412,79,0.19174757281553398,2.0,0.0,0.0,410.0,79.0,0.1926829268292683,388,77,0.19845360824742267,2.0,0.0,0.0,386.0,77.0,0.19948186528497408,292,57,0.1952054794520548,2.0,0.0,0.0,290.0,57.0,0.19655172413793104,345,448
2236,37553,9559,0.2545469070380529,651.0,184.0,0.282642089093702,36902.0,9375.0,0.25405127093382474,33591,8575,0.25527671102378613,507.0,157.0,0.3096646942800789,33084.0,8418.0,0.254443235400798,28690,7760,0.2704775182990589,393.0,121.0,0.30788804071246817,28297.0,7639.0,0.2699579460720218,30490,35671
2237,255,16,0.06274509803921569,4.0,1.0,0.25,251.0,15.0,0.05976095617529881,255,16,0.06274509803921569,4.0,1.0,0.25,251.0,15.0,0.05976095617529881,227,13,0.05726872246696035,4.0,1.0,0.25,223.0,12.0,0.053811659192825115,230,258
2238,2925,224,0.07658119658119658,77.0,0.0,0.0,2848.0,224.0,0.07865168539325842,2883,224,0.07769684356573014,77.0,0.0,0.0,2806.0,224.0,0.07982893799002139,2815,210,0.07460035523978685,77.0,0.0,0.0,2738.0,210.0,0.07669831994156319,2815,2883
2240,59,0,0.0,0.0,0.0,,59.0,0.0,0.0,58,0,0.0,0.0,0.0,,58.0,0.0,0.0,58,0,0.0,0.0,0.0,,58.0,0.0,0.0,58,58
2241,115,73,0.6347826086956522,4.0,0.0,0.0,111.0,73.0,0.6576576576576577,98,62,0.6326530612244898,3.0,0.0,0.0,95.0,62.0,0.6526315789473685,93,59,0.6344086021505376,2.0,0.0,0.0,91.0,59.0,0.6483516483516484,131,136
2242,181,82,0.4530386740331492,3.0,0.0,0.0,178.0,82.0,0.4606741573033708,164,74,0.45121951219512196,3.0,0.0,0.0,161.0,74.0,0.45962732919254656,163,73,0.44785276073619634,3.0,0.0,0.0,160.0,73.0,0.45625,163,164
2243,380,75,0.19736842105263158,29.0,10.0,0.3448275862068966,351.0,65.0,0.18518518518518517,342,63,0.18421052631578946,24.0,8.0,0.3333333333333333,318.0,55.0,0.17295597484276728,334,59,0.17664670658682635,22.0,6.0,0.2727272727272727,312.0,53.0,0.16987179487179488,375,385
2244,11175,3878,0.34702460850111855,184.0,75.0,0.4076086956521739,10991.0,3803.0,0.3460103721226458,10617,3706,0.3490628237731939,175.0,68.0,0.38857142857142857,10442.0,3638.0,0.34840068952307984,10507,3664,0.3487199010183687,175.0,68.0,0.38857142857142857,10332.0,3596.0,0.34804490902051877,10607,10722
2245,15,3,0.2,0.0,0.0,,15.0,3.0,0.2,15,3,0.2,0.0,0.0,,15.0,3.0,0.2,15,3,0.2,0.0,0.0,,15.0,3.0,0.2,22,22
2246,394,165,0.41878172588832485,11.0,3.0,0.2727272727272727,383.0,162.0,0.42297650130548303,357,153,0.42857142857142855,7.0,2.0,0.2857142857142857,350.0,151.0,0.43142857142857144,348,147,0.4224137931034483,7.0,2.0,0.2857142857142857,341.0,145.0,0.4252199413489736,448,459
2247,3,3,1.0,0.0,0.0,,3.0,3.0,1.0,3,3,1.0,0.0,0.0,,3.0,3.0,1.0,3,3,1.0,0.0,0.0,,3.0,3.0,1.0,3,3
2248,103019,46185,0.4483153593026529,8444.0,3675.0,0.4352202747513027,94575.0,42510.0,0.44948453608247424,95953,42714,0.4451554406845018,7853.0,3427.0,0.43639373487839045,88100.0,39287.0,0.4459364358683314,87615,39371,0.44936369343149,7209.0,3209.0,0.44513802191704815,80406.0,36162.0,0.44974255652563244,108652,118843
2249,719,356,0.4951321279554937,10.0,6.0,0.6,709.0,350.0,0.4936530324400564,687,339,0.49344978165938863,8.0,5.0,0.625,679.0,334.0,0.49189985272459497,636,321,0.5047169811320755,7.0,4.0,0.5714285714285714,629.0,317.0,0.5039745627980922,690,746
2250,1,0,0.0,0.0,0.0,,1.0,0.0,0.0,1,0,0.0,0.0,0.0,,1.0,0.0,0.0,1,0,0.0,0.0,0.0,,1.0,0.0,0.0,1,1
2251,687,377,0.5487627365356623,8.0,3.0,0.375,679.0,374.0,0.5508100147275405,662,365,0.5513595166163142,8.0,3.0,0.375,654.0,362.0,0.5535168195718655,608,336,0.5526315789473685,8.0,3.0,0.375,600.0,333.0,0.555,669,729
2252,765,185,0.24183006535947713,7.0,3.0,0.42857142857142855,758.0,182.0,0.24010554089709762,714,183,0.25630252100840334,7.0,3.0,0.42857142857142855,707.0,180.0,0.2545968882602546,673,179,0.2659732540861813,7.0,3.0,0.42857142857142855,666.0,176.0,0.26426426426426425,845,910
2253,754,87,0.11538461538461539,6.0,0.0,0.0,748.0,87.0,0.1163101604278075,713,87,0.12201963534361851,6.0,0.0,0.0,707.0,87.0,0.12305516265912306,670,84,0.1253731343283582,6.0,0.0,0.0,664.0,84.0,0.12650602409638553,842,909
2254,770,198,0.2571428571428571,7.0,4.0,0.5714285714285714,763.0,194.0,0.254259501965924,740,194,0.26216216216216215,7.0,4.0,0.5714285714285714,733.0,190.0,0.2592087312414734,698,191,0.27363896848137537,7.0,4.0,0.5714285714285714,691.0,187.0,0.2706222865412446,698,740
2255,512,214,0.41796875,9.0,4.0,0.4444444444444444,503.0,210.0,0.41749502982107356,488,210,0.430327868852459,9.0,4.0,0.4444444444444444,479.0,206.0,0.430062630480167,475,204,0.42947368421052634,9.0,4.0,0.4444444444444444,466.0,200.0,0.4291845493562232,646,683
2256,837,203,0.24253285543608125,9.0,4.0,0.4444444444444444,828.0,199.0,0.24033816425120774,808,202,0.25,9.0,4.0,0.4444444444444444,799.0,198.0,0.24780976220275344,762,195,0.2559055118110236,9.0,4.0,0.4444444444444444,753.0,191.0,0.2536520584329349,934,1004
2257,781,192,0.24583866837387963,7.0,4.0,0.5714285714285714,774.0,188.0,0.24289405684754523,744,189,0.2540322580645161,7.0,4.0,0.5714285714285714,737.0,185.0,0.2510176390773406,703,185,0.2631578947368421,7.0,4.0,0.5714285714285714,696.0,181.0,0.2600574712643678,875,940
2258,728,184,0.25274725274725274,7.0,4.0,0.5714285714285714,721.0,180.0,0.24965325936199723,696,182,0.2614942528735632,7.0,4.0,0.5714285714285714,689.0,178.0,0.25834542815674894,658,178,0.270516717325228,7.0,4.0,0.5714285714285714,651.0,174.0,0.2672811059907834,828,890
2259,846,209,0.2470449172576832,10.0,4.0,0.4,836.0,205.0,0.2452153110047847,814,206,0.25307125307125306,10.0,4.0,0.4,804.0,202.0,0.2512437810945274,769,198,0.2574772431729519,10.0,4.0,0.4,759.0,194.0,0.25559947299077734,769,814
2260,272,113,0.41544117647058826,1.0,0.0,0.0,271.0,113.0,0.41697416974169743,265,113,0.42641509433962266,1.0,0.0,0.0,264.0,113.0,0.42803030303030304,256,110,0.4296875,1.0,0.0,0.0,255.0,110.0,0.43137254901960786,427,460
2261,832,201,0.24158653846153846,10.0,4.0,0.4,822.0,197.0,0.2396593673965937,795,199,0.25031446540880503,10.0,4.0,0.4,785.0,195.0,0.2484076433121019,753,193,0.25630810092961487,10.0,4.0,0.4,743.0,189.0,0.2543741588156124,753,795
2262,33,2,0.06060606060606061,0.0,0.0,,33.0,2.0,0.06060606060606061,32,2,0.0625,0.0,0.0,,32.0,2.0,0.0625,32,2,0.0625,0.0,0.0,,32.0,2.0,0.0625,82,82
2263,12,0,0.0,0.0,0.0,,12.0,0.0,0.0,6,0,0.0,0.0,0.0,,6.0,0.0,0.0,6,0,0.0,0.0,0.0,,6.0,0.0,0.0,15,15
2264,36,23,0.6388888888888888,2.0,2.0,1.0,34.0,21.0,0.6176470588235294,36,23,0.6388888888888888,2.0,2.0,1.0,34.0,21.0,0.6176470588235294,36,23,0.6388888888888888,2.0,2.0,1.0,34.0,21.0,0.6176470588235294,41,41
2265,1375,363,0.264,7.0,3.0,0.42857142857142855,1368.0,360.0,0.2631578947368421,1016,294,0.28937007874015747,5.0,2.0,0.4,1011.0,292.0,0.2888229475766568,921,278,0.30184581976112923,5.0,2.0,0.4,916.0,276.0,0.30131004366812225,1061,1163
2266,2877,1370,0.47619047619047616,51.0,22.0,0.43137254901960786,2826.0,1348.0,0.4769992922859165,2662,1289,0.48422238918106686,43.0,20.0,0.46511627906976744,2619.0,1269.0,0.4845360824742268,2525,1241,0.4914851485148515,42.0,19.0,0.4523809523809524,2483.0,1222.0,0.49214659685863876,3099,3312
2267,7101,3216,0.45289395859738063,113.0,63.0,0.5575221238938053,6988.0,3153.0,0.4512020606754436,6925,3157,0.45588447653429603,111.0,62.0,0.5585585585585585,6814.0,3095.0,0.4542119166422072,6579,3067,0.46618027055783556,109.0,60.0,0.5504587155963303,6470.0,3007.0,0.46476043276661516,8371,8761
2268,264,75,0.2840909090909091,11.0,5.0,0.45454545454545453,253.0,70.0,0.2766798418972332,262,75,0.2862595419847328,11.0,5.0,0.45454545454545453,251.0,70.0,0.2788844621513944,262,75,0.2862595419847328,11.0,5.0,0.45454545454545453,251.0,70.0,0.2788844621513944,284,284
2269,2693,1321,0.49053100631266244,45.0,28.0,0.6222222222222222,2648.0,1293.0,0.4882930513595166,2623,1308,0.49866565001906216,45.0,28.0,0.6222222222222222,2578.0,1280.0,0.4965089216446858,2557,1280,0.5005866249511146,44.0,27.0,0.6136363636363636,2513.0,1253.0,0.4986072423398329,2787,2854
2270,239,128,0.5355648535564853,2.0,1.0,0.5,237.0,127.0,0.5358649789029536,221,124,0.5610859728506787,2.0,1.0,0.5,219.0,123.0,0.5616438356164384,217,123,0.5668202764976958,2.0,1.0,0.5,215.0,122.0,0.5674418604651162,258,263
2271,1385,535,0.3862815884476534,21.0,6.0,0.2857142857142857,1364.0,529.0,0.3878299120234604,1150,410,0.3565217391304348,18.0,6.0,0.3333333333333333,1132.0,404.0,0.3568904593639576,1106,396,0.35804701627486435,18.0,6.0,0.3333333333333333,1088.0,390.0,0.3584558823529412,1475,1567
2272,12,8,0.6666666666666666,0.0,0.0,,12.0,8.0,0.6666666666666666,12,8,0.6666666666666666,0.0,0.0,,12.0,8.0,0.6666666666666666,12,8,0.6666666666666666,0.0,0.0,,12.0,8.0,0.6666666666666666,31,31
2273,34,1,0.029411764705882353,0.0,0.0,,34.0,1.0,0.029411764705882353,32,1,0.03125,0.0,0.0,,32.0,1.0,0.03125,32,1,0.03125,0.0,0.0,,32.0,1.0,0.03125,32,32
2275,136,89,0.6544117647058824,0.0,0.0,,136.0,89.0,0.6544117647058824,101,62,0.6138613861386139,0.0,0.0,,101.0,62.0,0.6138613861386139,93,56,0.6021505376344086,0.0,0.0,,93.0,56.0,0.6021505376344086,119,127
2276,134,29,0.21641791044776118,1.0,0.0,0.0,133.0,29.0,0.21804511278195488,126,28,0.2222222222222222,1.0,0.0,0.0,125.0,28.0,0.224,125,28,0.224,1.0,0.0,0.0,124.0,28.0,0.22580645161290322,185,188
2277,109262,59396,0.5436107704416906,6029.0,4292.0,0.7118925194891358,103233.0,55104.0,0.5337828020109848,21438,15392,0.7179774232670958,526.0,457.0,0.8688212927756654,20912.0,14935.0,0.7141832440703902,19636,13934,0.7096149928702383,487.0,421.0,0.864476386036961,19149.0,13513.0,0.7056765366337667,19654,21458
2278,291,209,0.718213058419244,8.0,2.0,0.25,283.0,207.0,0.7314487632508834,142,88,0.6197183098591549,6.0,2.0,0.3333333333333333,136.0,86.0,0.6323529411764706,140,88,0.6285714285714286,6.0,2.0,0.3333333333333333,134.0,86.0,0.6417910447761194,145,147
2280,27,0,0.0,0.0,0.0,,27.0,0.0,0.0,26,0,0.0,0.0,0.0,,26.0,0.0,0.0,26,0,0.0,0.0,0.0,,26.0,0.0,0.0,145,145
2281,35,0,0.0,2.0,0.0,0.0,33.0,0.0,0.0,33,0,0.0,2.0,0.0,0.0,31.0,0.0,0.0,31,0,0.0,2.0,0.0,0.0,29.0,0.0,0.0,36,38
2282,3,0,0.0,0.0,0.0,,3.0,0.0,0.0,3,0,0.0,0.0,0.0,,3.0,0.0,0.0,3,0,0.0,0.0,0.0,,3.0,0.0,0.0,8,8
2284,35164,1755,0.04990899783869867,497.0,25.0,0.05030181086519115,34667.0,1730.0,0.04990336631378545,32943,1691,0.05133108702911089,440.0,24.0,0.05454545454545454,32503.0,1667.0,0.05128757345475802,29121,1612,0.05535524192163731,389.0,20.0,0.05141388174807198,28732.0,1592.0,0.05540860364750105,29152,32976
2285,2727,191,0.07004033736707004,32.0,3.0,0.09375,2695.0,188.0,0.06975881261595547,2619,175,0.06681939671630394,32.0,3.0,0.09375,2587.0,172.0,0.06648627754155392,2386,168,0.07041072925398156,27.0,2.0,0.07407407407407407,2359.0,166.0,0.07036880033912675,5166,5619
2286,16808,5017,0.2984888148500714,241.0,71.0,0.2946058091286307,16567.0,4946.0,0.2985453008993783,12945,4338,0.3351100811123986,195.0,62.0,0.31794871794871793,12750.0,4276.0,0.33537254901960784,12761,4271,0.3346916385863177,194.0,62.0,0.31958762886597936,12567.0,4209.0,0.3349248030556219,14089,14303
2287,213719,195550,0.914986500966222,595.0,549.0,0.9226890756302522,213124.0,195001.0,0.9149649969032113,17870,16669,0.9327923894795747,51.0,46.0,0.9019607843137255,17819.0,16623.0,0.9328806330321567,14381,13358,0.9288644739586955,35.0,31.0,0.8857142857142857,14346.0,13327.0,0.9289697476648543,14381,17870
2288,4,4,1.0,0.0,0.0,,4.0,4.0,1.0,3,3,1.0,0.0,0.0,,3.0,3.0,1.0,3,3,1.0,0.0,0.0,,3.0,3.0,1.0,3,3
2290,9,5,0.5555555555555556,0.0,0.0,,9.0,5.0,0.5555555555555556,9,5,0.5555555555555556,0.0,0.0,,9.0,5.0,0.5555555555555556,9,5,0.5555555555555556,0.0,0.0,,9.0,5.0,0.5555555555555556,9,9
2291,3,0,0.0,0.0,0.0,,3.0,0.0,0.0,3,0,0.0,0.0,0.0,,3.0,0.0,0.0,3,0,0.0,0.0,0.0,,3.0,0.0,0.0,3,3
2292,4,0,0.0,0.0,0.0,,4.0,0.0,0.0,4,0,0.0,0.0,0.0,,4.0,0.0,0.0,4,0,0.0,0.0,0.0,,4.0,0.0,0.0,4,4
2293,32,0,0.0,0.0,0.0,,32.0,0.0,0.0,31,0,0.0,0.0,0.0,,31.0,0.0,0.0,31,0,0.0,0.0,0.0,,31.0,0.0,0.0,31,31
2294,907,3,0.0033076074972436605,43.0,1.0,0.023255813953488372,864.0,2.0,0.0023148148148148147,893,2,0.0022396416573348264,42.0,1.0,0.023809523809523808,851.0,1.0,0.0011750881316098707,843,2,0.002372479240806643,42.0,1.0,0.023809523809523808,801.0,1.0,0.0012484394506866417,843,893
2295,814,45,0.05528255528255528,12.0,1.0,0.08333333333333333,802.0,44.0,0.05486284289276808,779,44,0.05648267008985879,12.0,1.0,0.08333333333333333,767.0,43.0,0.0560625814863103,768,44,0.057291666666666664,12.0,1.0,0.08333333333333333,756.0,43.0,0.056878306878306875,768,779
2296,814,8,0.009828009828009828,12.0,1.0,0.08333333333333333,802.0,7.0,0.008728179551122194,779,8,0.010269576379974325,12.0,1.0,0.08333333333333333,767.0,7.0,0.009126466753585397,768,8,0.010416666666666666,12.0,1.0,0.08333333333333333,756.0,7.0,0.009259259259259259,768,779
2297,315,146,0.4634920634920635,7.0,3.0,0.42857142857142855,308.0,143.0,0.4642857142857143,279,128,0.45878136200716846,7.0,3.0,0.42857142857142855,272.0,125.0,0.45955882352941174,274,125,0.4562043795620438,7.0,3.0,0.42857142857142855,267.0,122.0,0.45692883895131087,342,347
2298,63,2,0.031746031746031744,0.0,0.0,,63.0,2.0,0.031746031746031744,62,2,0.03225806451612903,0.0,0.0,,62.0,2.0,0.03225806451612903,62,2,0.03225806451612903,0.0,0.0,,62.0,2.0,0.03225806451612903,83,83
2299,8,2,0.25,0.0,0.0,,8.0,2.0,0.25,8,2,0.25,0.0,0.0,,8.0,2.0,0.25,8,2,0.25,0.0,0.0,,8.0,2.0,0.25,8,8
2300,94930,4821,0.05078478879174128,1498.0,59.0,0.03938584779706275,93432.0,4762.0,0.050967548591489,90112,4730,0.052490234375,1365.0,58.0,0.04249084249084249,88747.0,4672.0,0.05264403303773649,67813,4482,0.06609352189108283,1111.0,57.0,0.05130513051305131,66702.0,4425.0,0.06633983988486103,67820,90119
2303,492,106,0.21544715447154472,14.0,1.0,0.07142857142857142,478.0,105.0,0.2196652719665272,462,101,0.21861471861471862,12.0,1.0,0.08333333333333333,450.0,100.0,0.2222222222222222,457,101,0.2210065645514223,12.0,1.0,0.08333333333333333,445.0,100.0,0.2247191011235955,612,618
2304,42,17,0.40476190476190477,0.0,0.0,,42.0,17.0,0.40476190476190477,41,17,0.4146341463414634,0.0,0.0,,41.0,17.0,0.4146341463414634,41,17,0.4146341463414634,0.0,0.0,,41.0,17.0,0.4146341463414634,77,77
2305,134,37,0.27611940298507465,2.0,1.0,0.5,132.0,36.0,0.2727272727272727,70,28,0.4,2.0,1.0,0.5,68.0,27.0,0.39705882352941174,70,28,0.4,2.0,1.0,0.5,68.0,27.0,0.39705882352941174,70,70
2306,208,89,0.42788461538461536,8.0,5.0,0.625,200.0,84.0,0.42,148,79,0.5337837837837838,8.0,5.0,0.625,140.0,74.0,0.5285714285714286,145,79,0.5448275862068965,8.0,5.0,0.625,137.0,74.0,0.5401459854014599,151,154
2307,167,64,0.38323353293413176,8.0,5.0,0.625,159.0,59.0,0.3710691823899371,148,54,0.36486486486486486,8.0,5.0,0.625,140.0,49.0,0.35,145,54,0.3724137931034483,8.0,5.0,0.625,137.0,49.0,0.35766423357664234,151,154
2308,118624,2718,0.022912732667925546,1423.0,18.0,0.012649332396345749,117201.0,2700.0,0.02303734609772954,113892,2695,0.023662768236575,1380.0,18.0,0.013043478260869565,112512.0,2677.0,0.02379301763367463,108301,2683,0.02477354779734259,1330.0,18.0,0.013533834586466165,106971.0,2665.0,0.02491329425732208,112349,118305
2310,158,150,0.9493670886075949,7.0,7.0,1.0,151.0,143.0,0.9470198675496688,148,140,0.9459459459459459,7.0,7.0,1.0,141.0,133.0,0.9432624113475178,146,138,0.9452054794520548,7.0,7.0,1.0,139.0,131.0,0.9424460431654677,168,170
2311,152,18,0.11842105263157894,7.0,1.0,0.14285714285714285,145.0,17.0,0.11724137931034483,143,16,0.11188811188811189,7.0,1.0,0.14285714285714285,136.0,15.0,0.11029411764705882,141,16,0.11347517730496454,7.0,1.0,0.14285714285714285,134.0,15.0,0.11194029850746269,163,165
2312,149,35,0.2348993288590604,2.0,0.0,0.0,147.0,35.0,0.23809523809523808,141,34,0.24113475177304963,2.0,0.0,0.0,139.0,34.0,0.2446043165467626,139,34,0.2446043165467626,2.0,0.0,0.0,137.0,34.0,0.24817518248175183,148,150
2313,273,77,0.28205128205128205,13.0,5.0,0.38461538461538464,260.0,72.0,0.27692307692307694,227,65,0.28634361233480177,10.0,4.0,0.4,217.0,61.0,0.28110599078341014,227,65,0.28634361233480177,10.0,4.0,0.4,217.0,61.0,0.28110599078341014,296,296
2314,224,3,0.013392857142857142,5.0,0.0,0.0,219.0,3.0,0.0136986301369863,216,3,0.013888888888888888,4.0,0.0,0.0,212.0,3.0,0.014150943396226415,202,3,0.01485148514851485,4.0,0.0,0.0,198.0,3.0,0.015151515151515152,293,319
2317,5,0,0.0,0.0,0.0,,5.0,0.0,0.0,5,0,0.0,0.0,0.0,,5.0,0.0,0.0,5,0,0.0,0.0,0.0,,5.0,0.0,0.0,5,5
2318,2,0,0.0,0.0,0.0,,2.0,0.0,0.0,2,0,0.0,0.0,0.0,,2.0,0.0,0.0,2,0,0.0,0.0,0.0,,2.0,0.0,0.0,2,2
2319,52,26,0.5,0.0,0.0,,52.0,26.0,0.5,47,26,0.5531914893617021,0.0,0.0,,47.0,26.0,0.5531914893617021,45,26,0.5777777777777777,0.0,0.0,,45.0,26.0,0.5777777777777777,956,991
2320,3,0,0.0,0.0,0.0,,3.0,0.0,0.0,3,0,0.0,0.0,0.0,,3.0,0.0,0.0,3,0,0.0,0.0,0.0,,3.0,0.0,0.0,5,5
2321,230,41,0.1782608695652174,9.0,5.0,0.5555555555555556,221.0,36.0,0.16289592760180996,230,41,0.1782608695652174,9.0,5.0,0.5555555555555556,221.0,36.0,0.16289592760180996,224,39,0.17410714285714285,9.0,5.0,0.5555555555555556,215.0,34.0,0.15813953488372093,224,230
2322,12,1,0.08333333333333333,0.0,0.0,,12.0,1.0,0.08333333333333333,12,1,0.08333333333333333,0.0,0.0,,12.0,1.0,0.08333333333333333,12,1,0.08333333333333333,0.0,0.0,,12.0,1.0,0.08333333333333333,16,16
2323,1,0,0.0,0.0,0.0,,1.0,0.0,0.0,1,0,0.0,0.0,0.0,,1.0,0.0,0.0,1,0,0.0,0.0,0.0,,1.0,0.0,0.0,1,1
2324,133,27,0.20300751879699247,4.0,1.0,0.25,129.0,26.0,0.20155038759689922,131,25,0.19083969465648856,4.0,1.0,0.25,127.0,24.0,0.1889763779527559,130,25,0.19230769230769232,4.0,1.0,0.25,126.0,24.0,0.19047619047619047,193,194
2331,67,0,0.0,1.0,0.0,0.0,66.0,0.0,0.0,63,0,0.0,1.0,0.0,0.0,62.0,0.0,0.0,62,0,0.0,1.0,0.0,0.0,61.0,0.0,0.0,70,71
2332,57,0,0.0,2.0,0.0,0.0,55.0,0.0,0.0,54,0,0.0,2.0,0.0,0.0,52.0,0.0,0.0,53,0,0.0,2.0,0.0,0.0,51.0,0.0,0.0,69,71
2333,60,0,0.0,2.0,0.0,0.0,58.0,0.0,0.0,56,0,0.0,2.0,0.0,0.0,54.0,0.0,0.0,56,0,0.0,2.0,0.0,0.0,54.0,0.0,0.0,64,64
2335,3,0,0.0,0.0,0.0,,3.0,0.0,0.0,3,0,0.0,0.0,0.0,,3.0,0.0,0.0,3,0,0.0,0.0,0.0,,3.0,0.0,0.0,3,3
2336,90,1,0.011111111111111112,2.0,0.0,0.0,88.0,1.0,0.011363636363636364,88,1,0.011363636363636364,2.0,0.0,0.0,86.0,1.0,0.011627906976744186,87,1,0.011494252873563218,2.0,0.0,0.0,85.0,1.0,0.011764705882352941,95,96
2337,99,0,0.0,2.0,0.0,0.0,97.0,0.0,0.0,96,0,0.0,2.0,0.0,0.0,94.0,0.0,0.0,96,0,0.0,2.0,0.0,0.0,94.0,0.0,0.0,104,104
2338,2,0,0.0,0.0,0.0,,2.0,0.0,0.0,2,0,0.0,0.0,0.0,,2.0,0.0,0.0,2,0,0.0,0.0,0.0,,2.0,0.0,0.0,2,2
2339,45,1,0.022222222222222223,0.0,0.0,,45.0,1.0,0.022222222222222223,45,1,0.022222222222222223,0.0,0.0,,45.0,1.0,0.022222222222222223,45,1,0.022222222222222223,0.0,0.0,,45.0,1.0,0.022222222222222223,63,63
2341,2025,118,0.058271604938271604,39.0,0.0,0.0,1986.0,118.0,0.059415911379657606,1963,113,0.05756495160468671,38.0,0.0,0.0,1925.0,113.0,0.0587012987012987,1955,112,0.05728900255754476,38.0,0.0,0.0,1917.0,112.0,0.058424621804903494,2229,2237
2342,1929,305,0.15811301192327631,25.0,1.0,0.04,1904.0,304.0,0.15966386554621848,1742,283,0.1624569460390356,25.0,1.0,0.04,1717.0,282.0,0.16423995340710543,1724,279,0.16183294663573086,24.0,1.0,0.041666666666666664,1700.0,278.0,0.1635294117647059,1889,1909
2343,2075,78,0.037590361445783135,47.0,1.0,0.02127659574468085,2028.0,77.0,0.03796844181459566,2021,74,0.03661553686293914,47.0,1.0,0.02127659574468085,1974.0,73.0,0.036980749746707196,2013,73,0.03626428216592151,47.0,1.0,0.02127659574468085,1966.0,72.0,0.03662258392675483,2284,2292
2344,1979,151,0.07630116220313289,27.0,1.0,0.037037037037037035,1952.0,150.0,0.07684426229508197,1786,136,0.0761478163493841,27.0,1.0,0.037037037037037035,1759.0,135.0,0.07674815235929505,1767,132,0.07470288624787776,26.0,1.0,0.038461538461538464,1741.0,131.0,0.0752441125789776,1995,2016
2345,91,0,0.0,2.0,0.0,0.0,89.0,0.0,0.0,89,0,0.0,2.0,0.0,0.0,87.0,0.0,0.0,88,0,0.0,2.0,0.0,0.0,86.0,0.0,0.0,88,89
2346,59,0,0.0,3.0,0.0,0.0,56.0,0.0,0.0,53,0,0.0,2.0,0.0,0.0,51.0,0.0,0.0,52,0,0.0,2.0,0.0,0.0,50.0,0.0,0.0,61,62
2347,100,0,0.0,2.0,0.0,0.0,98.0,0.0,0.0,98,0,0.0,2.0,0.0,0.0,96.0,0.0,0.0,98,0,0.0,2.0,0.0,0.0,96.0,0.0,0.0,98,98
2348,9,0,0.0,0.0,0.0,,9.0,0.0,0.0,8,0,0.0,0.0,0.0,,8.0,0.0,0.0,8,0,0.0,0.0,0.0,,8.0,0.0,0.0,22,22
2349,222,5,0.02252252252252252,0.0,0.0,,222.0,5.0,0.02252252252252252,219,5,0.0228310502283105,0.0,0.0,,219.0,5.0,0.0228310502283105,217,5,0.02304147465437788,0.0,0.0,,217.0,5.0,0.02304147465437788,279,283
2351,175,59,0.33714285714285713,6.0,1.0,0.16666666666666666,169.0,58.0,0.3431952662721893,155,54,0.34838709677419355,5.0,1.0,0.2,150.0,53.0,0.35333333333333333,132,48,0.36363636363636365,4.0,1.0,0.25,128.0,47.0,0.3671875,132,155
2356,101,44,0.43564356435643564,2.0,0.0,0.0,99.0,44.0,0.4444444444444444,96,44,0.4583333333333333,2.0,0.0,0.0,94.0,44.0,0.46808510638297873,96,44,0.4583333333333333,2.0,0.0,0.0,94.0,44.0,0.46808510638297873,96,96
2357,99,41,0.41414141414141414,2.0,0.0,0.0,97.0,41.0,0.422680412371134,96,41,0.4270833333333333,2.0,0.0,0.0,94.0,41.0,0.43617021276595747,96,41,0.4270833333333333,2.0,0.0,0.0,94.0,41.0,0.43617021276595747,96,96
2358,375091,114524,0.3053232415600481,3378.0,830.0,0.24570751924215511,371713.0,113694.0,0.3058650087567559,337964,100584,0.2976174977216508,3130.0,768.0,0.2453674121405751,334834.0,99816.0,0.2981059271161232,290524,91727,0.3157295094381187,2888.0,728.0,0.2520775623268698,287636.0,90999.0,0.31636860476435497,290525,337965
2359,95,1,0.010526315789473684,3.0,0.0,0.0,92.0,1.0,0.010869565217391304,92,1,0.010869565217391304,3.0,0.0,0.0,89.0,1.0,0.011235955056179775,91,1,0.01098901098901099,3.0,0.0,0.0,88.0,1.0,0.011363636363636364,104,106
2360,170,3,0.01764705882352941,0.0,0.0,,170.0,3.0,0.01764705882352941,153,3,0.0196078431372549,0.0,0.0,,153.0,3.0,0.0196078431372549,145,2,0.013793103448275862,0.0,0.0,,145.0,2.0,0.013793103448275862,232,240
2361,34,3,0.08823529411764706,1.0,0.0,0.0,33.0,3.0,0.09090909090909091,28,3,0.10714285714285714,1.0,0.0,0.0,27.0,3.0,0.1111111111111111,28,3,0.10714285714285714,1.0,0.0,0.0,27.0,3.0,0.1111111111111111,28,28
2362,144,0,0.0,3.0,0.0,0.0,141.0,0.0,0.0,142,0,0.0,3.0,0.0,0.0,139.0,0.0,0.0,142,0,0.0,3.0,0.0,0.0,139.0,0.0,0.0,247,247
2363,289,3,0.010380622837370242,9.0,0.0,0.0,280.0,3.0,0.010714285714285714,281,3,0.010676156583629894,9.0,0.0,0.0,272.0,3.0,0.011029411764705883,267,3,0.011235955056179775,9.0,0.0,0.0,258.0,3.0,0.011627906976744186,268,282
2364,544,3,0.0055147058823529415,6.0,0.0,0.0,538.0,3.0,0.0055762081784386614,506,3,0.005928853754940711,5.0,0.0,0.0,501.0,3.0,0.005988023952095809,505,3,0.005940594059405941,5.0,0.0,0.0,500.0,3.0,0.006,516,517
2365,35453,7134,0.20122415592474543,1181.0,250.0,0.21168501270110077,34272.0,6884.0,0.20086367880485528,26661,5975,0.22411012340122277,769.0,205.0,0.2665799739921977,25892.0,5770.0,0.22284875637262475,25767,5828,0.22618077385803548,757.0,203.0,0.26816380449141347,25010.0,5625.0,0.22491003598560574,27742,28688
2367,10090,606,0.06005946481665015,221.0,35.0,0.1583710407239819,9869.0,571.0,0.05785793900091195,9327,575,0.061648976090918836,203.0,34.0,0.16748768472906403,9124.0,541.0,0.05929416922402455,9040,565,0.0625,201.0,34.0,0.1691542288557214,8839.0,531.0,0.060074669080212695,9477,9768
2369,1541,41,0.026606099935107073,16.0,0.0,0.0,1525.0,41.0,0.026885245901639345,1310,40,0.030534351145038167,13.0,0.0,0.0,1297.0,40.0,0.03084040092521203,1255,40,0.03187250996015936,11.0,0.0,0.0,1244.0,40.0,0.03215434083601286,3014,3336
2371,38,1,0.02631578947368421,0.0,0.0,,38.0,1.0,0.02631578947368421,38,1,0.02631578947368421,0.0,0.0,,38.0,1.0,0.02631578947368421,38,1,0.02631578947368421,0.0,0.0,,38.0,1.0,0.02631578947368421,38,38
2372,38,0,0.0,0.0,0.0,,38.0,0.0,0.0,38,0,0.0,0.0,0.0,,38.0,0.0,0.0,38,0,0.0,0.0,0.0,,38.0,0.0,0.0,38,38
2374,7,0,0.0,0.0,0.0,,7.0,0.0,0.0,5,0,0.0,0.0,0.0,,5.0,0.0,0.0,5,0,0.0,0.0,0.0,,5.0,0.0,0.0,7,7
2376,233,134,0.575107296137339,0.0,0.0,,233.0,134.0,0.575107296137339,232,133,0.5732758620689655,0.0,0.0,,232.0,133.0,0.5732758620689655,232,133,0.5732758620689655,0.0,0.0,,232.0,133.0,0.5732758620689655,232,232
2377,7989,194,0.024283389660783576,164.0,2.0,0.012195121951219513,7825.0,192.0,0.02453674121405751,7281,179,0.02458453509133361,151.0,2.0,0.013245033112582781,7130.0,177.0,0.02482468443197756,7019,179,0.025502208291779457,145.0,2.0,0.013793103448275862,6874.0,177.0,0.025749199883619435,16011,17597
2378,2,0,0.0,0.0,0.0,,2.0,0.0,0.0,2,0,0.0,0.0,0.0,,2.0,0.0,0.0,2,0,0.0,0.0,0.0,,2.0,0.0,0.0,2,2
2381,18,4,0.2222222222222222,1.0,0.0,0.0,17.0,4.0,0.23529411764705882,15,2,0.13333333333333333,1.0,0.0,0.0,14.0,2.0,0.14285714285714285,15,2,0.13333333333333333,1.0,0.0,0.0,14.0,2.0,0.14285714285714285,15,15
2382,3,1,0.3333333333333333,0.0,0.0,,3.0,1.0,0.3333333333333333,3,1,0.3333333333333333,0.0,0.0,,3.0,1.0,0.3333333333333333,3,1,0.3333333333333333,0.0,0.0,,3.0,1.0,0.3333333333333333,3,3
2383,27,0,0.0,0.0,0.0,,27.0,0.0,0.0,27,0,0.0,0.0,0.0,,27.0,0.0,0.0,26,0,0.0,0.0,0.0,,26.0,0.0,0.0,26,27
2386,360,63,0.175,0.0,0.0,,360.0,63.0,0.175,290,58,0.2,0.0,0.0,,290.0,58.0,0.2,288,58,0.2013888888888889,0.0,0.0,,288.0,58.0,0.2013888888888889,303,305
2387,97,30,0.30927835051546393,0.0,0.0,,97.0,30.0,0.30927835051546393,72,25,0.3472222222222222,0.0,0.0,,72.0,25.0,0.3472222222222222,72,25,0.3472222222222222,0.0,0.0,,72.0,25.0,0.3472222222222222,87,87
2388,2,0,0.0,0.0,0.0,,2.0,0.0,0.0,2,0,0.0,0.0,0.0,,2.0,0.0,0.0,2,0,0.0,0.0,0.0,,2.0,0.0,0.0,2,2
2389,3228,97,0.030049566294919453,24.0,2.0,0.08333333333333333,3204.0,95.0,0.02965043695380774,2699,65,0.02408299370137088,21.0,1.0,0.047619047619047616,2678.0,64.0,0.02389843166542196,2611,59,0.022596706242818843,21.0,1.0,0.047619047619047616,2590.0,58.0,0.022393822393822392,2624,2716
2390,52,1,0.019230769230769232,2.0,0.0,0.0,50.0,1.0,0.02,52,1,0.019230769230769232,2.0,0.0,0.0,50.0,1.0,0.02,51,1,0.0196078431372549,2.0,0.0,0.0,49.0,1.0,0.02040816326530612,228,229
2395,5,0,0.0,0.0,0.0,,5.0,0.0,0.0,5,0,0.0,0.0,0.0,,5.0,0.0,0.0,5,0,0.0,0.0,0.0,,5.0,0.0,0.0,5,5
2396,7368743,2747264,0.37282668156563475,101231.0,29266.0,0.2891011646629985,7267512.0,2717998.0,0.3739929153195757,2532276,888712,0.3509538454734002,30227.0,8766.0,0.29000562411089426,2502049.0,879946.0,0.3516901547491676,1640996,595072,0.362628549978184,20093.0,6248.0,0.31095406360424027,1620903.0,588824.0,0.3632691160421074,1799163,2763070
2397,5,1,0.2,0.0,0.0,,5.0,1.0,0.2,5,1,0.2,0.0,0.0,,5.0,1.0,0.2,5,1,0.2,0.0,0.0,,5.0,1.0,0.2,31,31
2398,239496,161484,0.6742659585128771,4344.0,2849.0,0.6558471454880295,235152.0,158635.0,0.6746062121521399,147728,100946,0.6833234051770822,2610.0,1820.0,0.6973180076628352,145118.0,99126.0,0.6830717071624471,134315,93310,0.6947101961806201,2401.0,1711.0,0.7126197417742607,131914.0,91599.0,0.6943842200221356,134426,147848
2399,23,0,0.0,0.0,0.0,,23.0,0.0,0.0,17,0,0.0,0.0,0.0,,17.0,0.0,0.0,16,0,0.0,0.0,0.0,,16.0,0.0,0.0,16,17
2400,1291,616,0.47714949651433,19.0,5.0,0.2631578947368421,1272.0,611.0,0.4803459119496855,1273,609,0.4783974862529458,19.0,5.0,0.2631578947368421,1254.0,604.0,0.48165869218500795,1189,595,0.5004205214465938,18.0,5.0,0.2777777777777778,1171.0,590.0,0.5038428693424424,1261,1345
2401,9,2,0.2222222222222222,0.0,0.0,,9.0,2.0,0.2222222222222222,9,2,0.2222222222222222,0.0,0.0,,9.0,2.0,0.2222222222222222,9,2,0.2222222222222222,0.0,0.0,,9.0,2.0,0.2222222222222222,10,10
2403,444,0,0.0,20.0,0.0,0.0,424.0,0.0,0.0,400,0,0.0,20.0,0.0,0.0,380.0,0.0,0.0,380,0,0.0,20.0,0.0,0.0,360.0,0.0,0.0,380,400
2404,1143,566,0.49518810148731407,26.0,16.0,0.6153846153846154,1117.0,550.0,0.4923903312444047,1007,438,0.43495531281032773,20.0,11.0,0.55,987.0,427.0,0.4326241134751773,937,374,0.3991462113127001,18.0,9.0,0.5,919.0,365.0,0.397170837867247,937,1007
2405,17205,9183,0.5337401918047079,206.0,103.0,0.5,16999.0,9080.0,0.5341490675922113,16736,8913,0.5325645315487572,198.0,100.0,0.5050505050505051,16538.0,8813.0,0.5328939412262668,15052,7807,0.5186686154663832,178.0,85.0,0.47752808988764045,14874.0,7722.0,0.5191609519967729,15052,16736
2407,640,606,0.946875,9.0,9.0,1.0,631.0,597.0,0.9461172741679873,596,562,0.9429530201342282,8.0,8.0,1.0,588.0,554.0,0.9421768707482994,587,553,0.9420783645655877,8.0,8.0,1.0,579.0,545.0,0.9412780656303973,587,596
2408,651,51,0.07834101382488479,7.0,0.0,0.0,644.0,51.0,0.07919254658385093,499,51,0.10220440881763528,4.0,0.0,0.0,495.0,51.0,0.10303030303030303,472,51,0.10805084745762712,4.0,0.0,0.0,468.0,51.0,0.10897435897435898,1987,2089
2409,4423,664,0.15012434998869545,25.0,6.0,0.24,4398.0,658.0,0.14961346066393816,4074,653,0.16028473244968092,25.0,6.0,0.24,4049.0,647.0,0.15979254136823906,4007,648,0.16171699525829797,25.0,6.0,0.24,3982.0,642.0,0.16122551481667505,6922,7085
2410,121,73,0.6033057851239669,0.0,0.0,,121.0,73.0,0.6033057851239669,120,73,0.6083333333333333,0.0,0.0,,120.0,73.0,0.6083333333333333,120,73,0.6083333333333333,0.0,0.0,,120.0,73.0,0.6083333333333333,488,493
2411,5,0,0.0,0.0,0.0,,5.0,0.0,0.0,5,0,0.0,0.0,0.0,,5.0,0.0,0.0,5,0,0.0,0.0,0.0,,5.0,0.0,0.0,5,5
2412,4,1,0.25,0.0,0.0,,4.0,1.0,0.25,4,1,0.25,0.0,0.0,,4.0,1.0,0.25,4,1,0.25,0.0,0.0,,4.0,1.0,0.25,4,4
2413,277,0,0.0,3.0,0.0,0.0,274.0,0.0,0.0,274,0,0.0,3.0,0.0,0.0,271.0,0.0,0.0,269,0,0.0,3.0,0.0,0.0,266.0,0.0,0.0,269,274
2415,5166825,2531270,0.4899082124902624,71203.0,30392.0,0.42683594792354257,5095622.0,2500878.0,0.4907895444363809,1526041,592029,0.38795091350756633,19385.0,6623.0,0.34165591952540625,1506656.0,585406.0,0.388546556081813,957910,380751,0.3974809742042572,12774.0,4703.0,0.36816971974322843,945136.0,376048.0,0.39787713091026056,960019,1528503
2416,17,0,0.0,0.0,0.0,,17.0,0.0,0.0,17,0,0.0,0.0,0.0,,17.0,0.0,0.0,17,0,0.0,0.0,0.0,,17.0,0.0,0.0,17,17
2417,17,0,0.0,0.0,0.0,,17.0,0.0,0.0,17,0,0.0,0.0,0.0,,17.0,0.0,0.0,17,0,0.0,0.0,0.0,,17.0,0.0,0.0,17,17
2418,43111,3214,0.0745517385354086,879.0,34.0,0.038680318543799774,42232.0,3180.0,0.0752983519605986,40165,3134,0.0780281339474667,832.0,33.0,0.039663461538461536,39333.0,3101.0,0.0788396511834846,38490,3121,0.0810859963626916,810.0,33.0,0.040740740740740744,37680.0,3088.0,0.08195329087048832,59689,63449
2419,41632,1479,0.03552555726364335,844.0,18.0,0.02132701421800948,40788.0,1461.0,0.03581935863489261,38706,1437,0.03712602697256239,798.0,17.0,0.021303258145363407,37908.0,1420.0,0.03745911153318561,37051,1427,0.038514480041024535,776.0,17.0,0.02190721649484536,36275.0,1410.0,0.0388697450034459,49785,53059
2420,208,0,0.0,2.0,0.0,0.0,206.0,0.0,0.0,206,0,0.0,2.0,0.0,0.0,204.0,0.0,0.0,205,0,0.0,2.0,0.0,0.0,203.0,0.0,0.0,206,207
2422,331688,206915,0.6238241962326041,5126.0,3363.0,0.6560671088568084,326562.0,203552.0,0.6233180835492188,249306,139382,0.5590800060969251,3479.0,1960.0,0.5633802816901409,245827.0,137422.0,0.5590191476119385,205753,112237,0.5454938688621794,3019.0,1708.0,0.5657502484266314,202734.0,110529.0,0.5451922223208736,205947,249540
2423,2033,44,0.02164289227742253,23.0,1.0,0.043478260869565216,2010.0,43.0,0.021393034825870648,1797,44,0.02448525319977741,19.0,1.0,0.05263157894736842,1778.0,43.0,0.024184476940382452,1741,43,0.02469844916714532,17.0,1.0,0.058823529411764705,1724.0,42.0,0.024361948955916472,1741,1797
2424,47,0,0.0,0.0,0.0,,47.0,0.0,0.0,43,0,0.0,0.0,0.0,,43.0,0.0,0.0,42,0,0.0,0.0,0.0,,42.0,0.0,0.0,42,43
2425,16992,876,0.05155367231638418,194.0,5.0,0.02577319587628866,16798.0,871.0,0.051851410882247886,16935,875,0.05166814289932093,191.0,5.0,0.02617801047120419,16744.0,870.0,0.05195891065456283,15600,841,0.05391025641025641,181.0,5.0,0.027624309392265192,15419.0,836.0,0.054218820935209806,23647,25880
2429,6212,189,0.03042498390212492,164.0,4.0,0.024390243902439025,6048.0,185.0,0.03058862433862434,5727,170,0.02968395320412083,148.0,3.0,0.02027027027027027,5579.0,167.0,0.029933679870944613,5646,169,0.029932695713779666,147.0,3.0,0.02040816326530612,5499.0,166.0,0.030187306783051465,5793,5875
2430,6527,217,0.03324651447832082,158.0,3.0,0.0189873417721519,6369.0,214.0,0.03360025121683153,6040,203,0.03360927152317881,142.0,3.0,0.02112676056338028,5898.0,200.0,0.0339097999321804,5954,201,0.03375881760161236,141.0,3.0,0.02127659574468085,5813.0,198.0,0.03406158610012042,6101,6188
2431,35,9,0.2571428571428571,0.0,0.0,,35.0,9.0,0.2571428571428571,13,3,0.23076923076923078,0.0,0.0,,13.0,3.0,0.23076923076923078,13,3,0.23076923076923078,0.0,0.0,,13.0,3.0,0.23076923076923078,38,42
2432,92748,4770,0.05142968042437573,1221.0,146.0,0.11957411957411958,91527.0,4624.0,0.05052061140428508,82072,4321,0.052648893654352276,1026.0,126.0,0.12280701754385964,81046.0,4195.0,0.05176072847518693,74498,3870,0.051947703294048166,948.0,116.0,0.12236286919831224,73550.0,3754.0,0.051040108769544526,94019,102991
2434,28,0,0.0,0.0,0.0,,28.0,0.0,0.0,25,0,0.0,0.0,0.0,,25.0,0.0,0.0,25,0,0.0,0.0,0.0,,25.0,0.0,0.0,40,40
2435,9755,678,0.06950281906714506,99.0,3.0,0.030303030303030304,9656.0,675.0,0.06990472245236122,9659,676,0.06998654104979811,98.0,3.0,0.030612244897959183,9561.0,673.0,0.0703901265557996,8947,676,0.07555605230803622,94.0,3.0,0.031914893617021274,8853.0,673.0,0.07601942844233593,8950,9662
2440,901,666,0.7391786903440621,15.0,9.0,0.6,886.0,657.0,0.7415349887133182,875,655,0.7485714285714286,14.0,9.0,0.6428571428571429,861.0,646.0,0.7502903600464577,873,653,0.7479954180985109,14.0,9.0,0.6428571428571429,859.0,644.0,0.7497089639115251,880,882
2442,16036,68,0.004240458967323522,315.0,0.0,0.0,15721.0,68.0,0.004325424591310985,14771,68,0.004603615191930133,282.0,0.0,0.0,14489.0,68.0,0.0046932155428255915,14141,68,0.004808712255144615,274.0,0.0,0.0,13867.0,68.0,0.0049037282757626015,20467,21730
2444,16020,364,0.02272159800249688,315.0,5.0,0.015873015873015872,15705.0,359.0,0.02285896211397644,14776,355,0.02402544667027612,282.0,5.0,0.01773049645390071,14494.0,350.0,0.024147923278598042,14146,355,0.02509543333804609,274.0,5.0,0.01824817518248175,13872.0,350.0,0.025230680507497116,20582,21848
2447,365,11,0.030136986301369864,8.0,0.0,0.0,357.0,11.0,0.03081232492997199,316,11,0.03481012658227848,7.0,0.0,0.0,309.0,11.0,0.03559870550161812,312,11,0.035256410256410256,7.0,0.0,0.0,305.0,11.0,0.036065573770491806,2228,2290
2448,3,0,0.0,0.0,0.0,,3.0,0.0,0.0,2,0,0.0,0.0,0.0,,2.0,0.0,0.0,2,0,0.0,0.0,0.0,,2.0,0.0,0.0,2,2
2451,1,0,0.0,0.0,0.0,,1.0,0.0,0.0,1,0,0.0,0.0,0.0,,1.0,0.0,0.0,1,0,0.0,0.0,0.0,,1.0,0.0,0.0,1,1
2454,10522,269,0.025565481847557497,369.0,4.0,0.01084010840108401,10153.0,265.0,0.026100659903476806,9857,266,0.026985898346352847,346.0,4.0,0.011560693641618497,9511.0,262.0,0.027547050783303544,9439,266,0.02818095137196737,334.0,4.0,0.011976047904191617,9105.0,262.0,0.028775398132894016,16278,17549
2455,103,11,0.10679611650485436,0.0,0.0,,103.0,11.0,0.10679611650485436,102,11,0.10784313725490197,0.0,0.0,,102.0,11.0,0.10784313725490197,101,11,0.10891089108910891,0.0,0.0,,101.0,11.0,0.10891089108910891,101,102
2458,34,5,0.14705882352941177,0.0,0.0,,34.0,5.0,0.14705882352941177,34,5,0.14705882352941177,0.0,0.0,,34.0,5.0,0.14705882352941177,34,5,0.14705882352941177,0.0,0.0,,34.0,5.0,0.14705882352941177,34,34
2461,2329,308,0.13224559896951482,49.0,5.0,0.10204081632653061,2280.0,303.0,0.13289473684210526,2295,304,0.13246187363834422,49.0,5.0,0.10204081632653061,2246.0,299.0,0.13312555654496883,2219,289,0.1302388463271744,49.0,5.0,0.10204081632653061,2170.0,284.0,0.13087557603686636,2973,3075
2462,2310,331,0.1432900432900433,49.0,4.0,0.08163265306122448,2261.0,327.0,0.14462627156125607,2276,327,0.14367311072056238,49.0,4.0,0.08163265306122448,2227.0,323.0,0.1450381679389313,2202,316,0.14350590372388738,49.0,4.0,0.08163265306122448,2153.0,312.0,0.14491407338597306,2952,3052
2463,12,0,0.0,0.0,0.0,,12.0,0.0,0.0,4,0,0.0,0.0,0.0,,4.0,0.0,0.0,4,0,0.0,0.0,0.0,,4.0,0.0,0.0,4,4
2464,132458,37592,0.2838031677965846,5855.0,1823.0,0.31135781383432964,126603.0,35769.0,0.28252885002725053,84907,17608,0.2073798391180939,3949.0,1076.0,0.27247404406178777,80958.0,16532.0,0.20420464932434101,65091,14452,0.2220276228664485,3392.0,949.0,0.2797759433962264,61699.0,13503.0,0.21885281771179435,65233,85125
2469,19105,1440,0.07537293902119864,375.0,25.0,0.06666666666666667,18730.0,1415.0,0.07554725040042712,16261,1364,0.08388168009347519,307.0,22.0,0.07166123778501629,15954.0,1342.0,0.08411683590322176,15453,1295,0.0838024978968485,293.0,22.0,0.07508532423208192,15160.0,1273.0,0.08397097625329815,15468,16276
2470,22775,3953,0.1735675082327113,233.0,44.0,0.1888412017167382,22542.0,3909.0,0.1734096353473516,18656,3651,0.19570111492281303,197.0,38.0,0.19289340101522842,18459.0,3613.0,0.19573107969012407,17704,3512,0.19837324898328063,189.0,35.0,0.18518518518518517,17515.0,3477.0,0.1985155580930631,17711,18664
2471,3,0,0.0,0.0,0.0,,3.0,0.0,0.0,3,0,0.0,0.0,0.0,,3.0,0.0,0.0,3,0,0.0,0.0,0.0,,3.0,0.0,0.0,422,436
2473,6,0,0.0,0.0,0.0,,6.0,0.0,0.0,6,0,0.0,0.0,0.0,,6.0,0.0,0.0,6,0,0.0,0.0,0.0,,6.0,0.0,0.0,277,286
2474,5,0,0.0,0.0,0.0,,5.0,0.0,0.0,5,0,0.0,0.0,0.0,,5.0,0.0,0.0,5,0,0.0,0.0,0.0,,5.0,0.0,0.0,5,5
2475,399,11,0.02756892230576441,13.0,0.0,0.0,386.0,11.0,0.02849740932642487,376,10,0.026595744680851064,13.0,0.0,0.0,363.0,10.0,0.027548209366391185,370,10,0.02702702702702703,13.0,0.0,0.0,357.0,10.0,0.028011204481792718,371,377
2476,9504,284,0.02988215488215488,218.0,2.0,0.009174311926605505,9286.0,282.0,0.030368296360111995,9109,279,0.030629048194093754,212.0,2.0,0.009433962264150943,8897.0,277.0,0.031134090142744746,8773,279,0.03180212014134275,208.0,2.0,0.009615384615384616,8565.0,277.0,0.03234092235843549,23596,25615
2477,1,0,0.0,0.0,0.0,,1.0,0.0,0.0,1,0,0.0,0.0,0.0,,1.0,0.0,0.0,1,0,0.0,0.0,0.0,,1.0,0.0,0.0,1,1
2482,35,3,0.08571428571428572,0.0,0.0,,35.0,3.0,0.08571428571428572,35,3,0.08571428571428572,0.0,0.0,,35.0,3.0,0.08571428571428572,33,3,0.09090909090909091,0.0,0.0,,33.0,3.0,0.09090909090909091,33,35
2483,466,24,0.05150214592274678,5.0,0.0,0.0,461.0,24.0,0.052060737527114966,450,24,0.05333333333333334,5.0,0.0,0.0,445.0,24.0,0.05393258426966292,446,24,0.053811659192825115,5.0,0.0,0.0,441.0,24.0,0.05442176870748299,446,450
2484,466,6,0.012875536480686695,5.0,0.0,0.0,461.0,6.0,0.013015184381778741,450,5,0.011111111111111112,5.0,0.0,0.0,445.0,5.0,0.011235955056179775,446,5,0.011210762331838564,5.0,0.0,0.0,441.0,5.0,0.011337868480725623,446,450
2486,12206,2173,0.17802719973783385,150.0,21.0,0.14,12056.0,2152.0,0.17850033178500332,9452,1697,0.1795387219636056,120.0,16.0,0.13333333333333333,9332.0,1681.0,0.18013287612516074,8841,1588,0.1796176903065264,113.0,15.0,0.13274336283185842,8728.0,1573.0,0.18022456461961503,16730,18246
2487,3663,559,0.1526071526071526,40.0,9.0,0.225,3623.0,550.0,0.15180789401048855,2027,370,0.18253576714356193,23.0,5.0,0.21739130434782608,2004.0,365.0,0.18213572854291418,2001,369,0.18440779610194902,23.0,5.0,0.21739130434782608,1978.0,364.0,0.18402426693629928,2209,2236
2488,49,21,0.42857142857142855,2.0,2.0,1.0,47.0,19.0,0.40425531914893614,48,21,0.4375,2.0,2.0,1.0,46.0,19.0,0.41304347826086957,48,21,0.4375,2.0,2.0,1.0,46.0,19.0,0.41304347826086957,135,135
2489,3669,459,0.12510220768601799,56.0,10.0,0.17857142857142858,3613.0,449.0,0.12427345696097426,3432,317,0.09236596736596736,51.0,7.0,0.13725490196078433,3381.0,310.0,0.09168884945282461,3395,317,0.09337260677466863,51.0,7.0,0.13725490196078433,3344.0,310.0,0.09270334928229665,5538,5616
2490,9996,1668,0.16686674669867949,113.0,24.0,0.21238938053097345,9883.0,1644.0,0.16634625113831833,8614,1512,0.1755282098908753,105.0,21.0,0.2,8509.0,1491.0,0.17522623104947702,8497,1489,0.17523831940684947,105.0,21.0,0.2,8392.0,1468.0,0.17492850333651097,8606,8723
2491,5246,1456,0.2775447960350743,52.0,8.0,0.15384615384615385,5194.0,1448.0,0.27878321139776663,5123,1430,0.27913332032012494,52.0,8.0,0.15384615384615385,5071.0,1422.0,0.2804180634983238,5006,1381,0.27586895725129845,52.0,8.0,0.15384615384615385,4954.0,1373.0,0.2771497779572063,5774,5899
2492,4325,188,0.04346820809248555,57.0,1.0,0.017543859649122806,4268.0,187.0,0.04381443298969072,2721,157,0.05769937522969496,39.0,1.0,0.02564102564102564,2682.0,156.0,0.058165548098434,2589,153,0.05909617612977984,39.0,1.0,0.02564102564102564,2550.0,152.0,0.0596078431372549,3500,3794
2495,4790,2515,0.5250521920668059,40.0,21.0,0.525,4750.0,2494.0,0.5250526315789473,1441,1052,0.7300485773768216,13.0,9.0,0.6923076923076923,1428.0,1043.0,0.7303921568627451,1408,1036,0.7357954545454546,13.0,9.0,0.6923076923076923,1395.0,1027.0,0.7362007168458782,1521,1561
2496,27,14,0.5185185185185185,2.0,1.0,0.5,25.0,13.0,0.52,24,12,0.5,2.0,1.0,0.5,22.0,11.0,0.5,24,12,0.5,2.0,1.0,0.5,22.0,11.0,0.5,41,41
2497,76,22,0.2894736842105263,2.0,0.0,0.0,74.0,22.0,0.2972972972972973,37,21,0.5675675675675675,1.0,0.0,0.0,36.0,21.0,0.5833333333333334,36,21,0.5833333333333334,1.0,0.0,0.0,35.0,21.0,0.6,59,60
2498,18,0,0.0,1.0,0.0,0.0,17.0,0.0,0.0,18,0,0.0,1.0,0.0,0.0,17.0,0.0,0.0,18,0,0.0,1.0,0.0,0.0,17.0,0.0,0.0,33,33
2499,1047,227,0.21680993314231137,5.0,0.0,0.0,1042.0,227.0,0.21785028790786948,731,164,0.2243502051983584,3.0,0.0,0.0,728.0,164.0,0.22527472527472528,721,163,0.2260748959778086,3.0,0.0,0.0,718.0,163.0,0.22701949860724233,797,811
2500,45,0,0.0,1.0,0.0,0.0,44.0,0.0,0.0,41,0,0.0,1.0,0.0,0.0,40.0,0.0,0.0,41,0,0.0,1.0,0.0,0.0,40.0,0.0,0.0,843,856
2501,244,19,0.0778688524590164,2.0,0.0,0.0,242.0,19.0,0.07851239669421488,244,19,0.0778688524590164,2.0,0.0,0.0,242.0,19.0,0.07851239669421488,238,18,0.07563025210084033,2.0,0.0,0.0,236.0,18.0,0.07627118644067797,458,468
2503,787,32,0.04066073697585769,9.0,0.0,0.0,778.0,32.0,0.04113110539845758,730,31,0.04246575342465753,8.0,0.0,0.0,722.0,31.0,0.04293628808864266,722,31,0.04293628808864266,8.0,0.0,0.0,714.0,31.0,0.04341736694677871,766,775
2506,2,0,0.0,0.0,0.0,,2.0,0.0,0.0,2,0,0.0,0.0,0.0,,2.0,0.0,0.0,2,0,0.0,0.0,0.0,,2.0,0.0,0.0,2,2
2507,174,76,0.4367816091954023,13.0,3.0,0.23076923076923078,161.0,73.0,0.453416149068323,171,74,0.4327485380116959,13.0,3.0,0.23076923076923078,158.0,71.0,0.44936708860759494,168,74,0.44047619047619047,13.0,3.0,0.23076923076923078,155.0,71.0,0.45806451612903226,168,171
2510,349,24,0.06876790830945559,10.0,0.0,0.0,339.0,24.0,0.07079646017699115,308,24,0.07792207792207792,10.0,0.0,0.0,298.0,24.0,0.08053691275167785,301,24,0.07973421926910298,10.0,0.0,0.0,291.0,24.0,0.08247422680412371,363,373
2511,350,24,0.06857142857142857,10.0,0.0,0.0,340.0,24.0,0.07058823529411765,309,24,0.07766990291262135,10.0,0.0,0.0,299.0,24.0,0.0802675585284281,302,24,0.07947019867549669,10.0,0.0,0.0,292.0,24.0,0.0821917808219178,365,375
2512,283,9,0.03180212014134275,9.0,0.0,0.0,274.0,9.0,0.032846715328467155,244,9,0.036885245901639344,9.0,0.0,0.0,235.0,9.0,0.03829787234042553,237,9,0.0379746835443038,9.0,0.0,0.0,228.0,9.0,0.039473684210526314,299,309
2513,201,10,0.04975124378109453,6.0,1.0,0.16666666666666666,195.0,9.0,0.046153846153846156,198,10,0.050505050505050504,6.0,1.0,0.16666666666666666,192.0,9.0,0.046875,197,10,0.050761421319796954,6.0,1.0,0.16666666666666666,191.0,9.0,0.04712041884816754,197,198
2514,272,0,0.0,8.0,0.0,0.0,264.0,0.0,0.0,264,0,0.0,8.0,0.0,0.0,256.0,0.0,0.0,257,0,0.0,8.0,0.0,0.0,249.0,0.0,0.0,321,330
2515,255,10,0.0392156862745098,9.0,0.0,0.0,246.0,10.0,0.04065040650406504,247,10,0.04048582995951417,9.0,0.0,0.0,238.0,10.0,0.04201680672268908,240,10,0.041666666666666664,9.0,0.0,0.0,231.0,10.0,0.04329004329004329,302,312
2516,208,84,0.40384615384615385,4.0,1.0,0.25,204.0,83.0,0.4068627450980392,203,83,0.4088669950738916,4.0,1.0,0.25,199.0,82.0,0.4120603015075377,200,81,0.405,4.0,1.0,0.25,196.0,80.0,0.40816326530612246,200,203
2517,324,31,0.09567901234567901,9.0,0.0,0.0,315.0,31.0,0.09841269841269841,314,31,0.09872611464968153,9.0,0.0,0.0,305.0,31.0,0.10163934426229508,307,31,0.10097719869706841,9.0,0.0,0.0,298.0,31.0,0.1040268456375839,367,376
2518,324,27,0.08333333333333333,10.0,0.0,0.0,314.0,27.0,0.08598726114649681,313,27,0.08626198083067092,10.0,0.0,0.0,303.0,27.0,0.0891089108910891,306,27,0.08823529411764706,10.0,0.0,0.0,296.0,27.0,0.09121621621621621,367,375
2519,246,85,0.34552845528455284,6.0,1.0,0.16666666666666666,240.0,84.0,0.35,241,84,0.34854771784232363,6.0,1.0,0.16666666666666666,235.0,83.0,0.35319148936170214,238,82,0.3445378151260504,6.0,1.0,0.16666666666666666,232.0,81.0,0.34913793103448276,300,305
2520,8386,728,0.08681135225375626,171.0,14.0,0.08187134502923976,8215.0,714.0,0.08691418137553256,5796,698,0.12042788129744651,111.0,12.0,0.10810810810810811,5685.0,686.0,0.1206684256816183,5692,693,0.12174982431482782,111.0,12.0,0.10810810810810811,5581.0,681.0,0.12202114316430747,10032,10335
2521,9,0,0.0,0.0,0.0,,9.0,0.0,0.0,9,0,0.0,0.0,0.0,,9.0,0.0,0.0,9,0,0.0,0.0,0.0,,9.0,0.0,0.0,30,30
2522,40,4,0.1,0.0,0.0,,40.0,4.0,0.1,34,1,0.029411764705882353,0.0,0.0,,34.0,1.0,0.029411764705882353,34,1,0.029411764705882353,0.0,0.0,,34.0,1.0,0.029411764705882353,42,42
2524,12,1,0.08333333333333333,1.0,0.0,0.0,11.0,1.0,0.09090909090909091,10,1,0.1,1.0,0.0,0.0,9.0,1.0,0.1111111111111111,10,1,0.1,1.0,0.0,0.0,9.0,1.0,0.1111111111111111,10,10
2525,68,5,0.07352941176470588,0.0,0.0,,68.0,5.0,0.07352941176470588,53,4,0.07547169811320754,0.0,0.0,,53.0,4.0,0.07547169811320754,53,4,0.07547169811320754,0.0,0.0,,53.0,4.0,0.07547169811320754,98,98
2528,1476,1258,0.8523035230352304,0.0,0.0,,1476.0,1258.0,0.8523035230352304,1463,1253,0.8564593301435407,0.0,0.0,,1463.0,1253.0,0.8564593301435407,1462,1253,0.8570451436388509,0.0,0.0,,1462.0,1253.0,0.8570451436388509,1462,1463
2529,7368,1272,0.17263843648208468,32.0,5.0,0.15625,7336.0,1267.0,0.17270992366412213,7181,1238,0.17239938727196769,32.0,5.0,0.15625,7149.0,1233.0,0.17247167436005037,7079,1233,0.17417714366435938,32.0,5.0,0.15625,7047.0,1228.0,0.17425854973747695,7080,7182
2530,1594,802,0.5031367628607277,0.0,0.0,,1594.0,802.0,0.5031367628607277,1588,799,0.5031486146095718,0.0,0.0,,1588.0,799.0,0.5031486146095718,1586,798,0.5031525851197982,0.0,0.0,,1586.0,798.0,0.5031525851197982,1586,1588
2532,26916,14663,0.5447689106850944,814.0,443.0,0.5442260442260443,26102.0,14220.0,0.5447858401655046,6600,4409,0.6680303030303031,206.0,136.0,0.6601941747572816,6394.0,4273.0,0.668282765092274,5847,4039,0.6907815974003763,190.0,129.0,0.6789473684210526,5657.0,3910.0,0.6911790701785399,5847,6600
2533,83,4,0.04819277108433735,0.0,0.0,,83.0,4.0,0.04819277108433735,76,4,0.05263157894736842,0.0,0.0,,76.0,4.0,0.05263157894736842,76,4,0.05263157894736842,0.0,0.0,,76.0,4.0,0.05263157894736842,76,76
2534,1137,151,0.13280562884784522,5.0,0.0,0.0,1132.0,151.0,0.1333922261484099,1098,150,0.1366120218579235,5.0,0.0,0.0,1093.0,150.0,0.1372369624885636,1090,150,0.13761467889908258,5.0,0.0,0.0,1085.0,150.0,0.1382488479262673,1091,1099
2538,244,4,0.01639344262295082,4.0,0.0,0.0,240.0,4.0,0.016666666666666666,175,2,0.011428571428571429,2.0,0.0,0.0,173.0,2.0,0.011560693641618497,169,2,0.011834319526627219,2.0,0.0,0.0,167.0,2.0,0.011976047904191617,174,180
2539,2167,87,0.04014766958929396,28.0,0.0,0.0,2139.0,87.0,0.04067321178120617,2164,87,0.040203327171903884,28.0,0.0,0.0,2136.0,87.0,0.04073033707865169,1987,85,0.042778057372924005,27.0,0.0,0.0,1960.0,85.0,0.04336734693877551,1987,2164
2541,101,8,0.07920792079207921,0.0,0.0,,101.0,8.0,0.07920792079207921,101,8,0.07920792079207921,0.0,0.0,,101.0,8.0,0.07920792079207921,96,8,0.08333333333333333,0.0,0.0,,96.0,8.0,0.08333333333333333,668,703
2542,78,0,0.0,0.0,0.0,,78.0,0.0,0.0,78,0,0.0,0.0,0.0,,78.0,0.0,0.0,78,0,0.0,0.0,0.0,,78.0,0.0,0.0,78,78
2544,4,0,0.0,0.0,0.0,,4.0,0.0,0.0,4,0,0.0,0.0,0.0,,4.0,0.0,0.0,4,0,0.0,0.0,0.0,,4.0,0.0,0.0,4,4
2545,828,0,0.0,2.0,0.0,0.0,826.0,0.0,0.0,818,0,0.0,2.0,0.0,0.0,816.0,0.0,0.0,806,0,0.0,2.0,0.0,0.0,804.0,0.0,0.0,806,818
2547,12,0,0.0,0.0,0.0,,12.0,0.0,0.0,12,0,0.0,0.0,0.0,,12.0,0.0,0.0,12,0,0.0,0.0,0.0,,12.0,0.0,0.0,12,12
2553,191,0,0.0,2.0,0.0,0.0,189.0,0.0,0.0,181,0,0.0,2.0,0.0,0.0,179.0,0.0,0.0,181,0,0.0,2.0,0.0,0.0,179.0,0.0,0.0,681,741
2556,82,0,0.0,0.0,0.0,,82.0,0.0,0.0,82,0,0.0,0.0,0.0,,82.0,0.0,0.0,82,0,0.0,0.0,0.0,,82.0,0.0,0.0,82,82
2557,46,1,0.021739130434782608,0.0,0.0,,46.0,1.0,0.021739130434782608,46,1,0.021739130434782608,0.0,0.0,,46.0,1.0,0.021739130434782608,46,1,0.021739130434782608,0.0,0.0,,46.0,1.0,0.021739130434782608,46,46
2558,189,0,0.0,0.0,0.0,,189.0,0.0,0.0,180,0,0.0,0.0,0.0,,180.0,0.0,0.0,180,0,0.0,0.0,0.0,,180.0,0.0,0.0,199,199
2559,11357,235,0.02069208417715946,244.0,2.0,0.00819672131147541,11113.0,233.0,0.020966435705929994,10280,223,0.02169260700389105,224.0,2.0,0.008928571428571428,10056.0,221.0,0.0219769291964996,9738,214,0.021975765044156912,213.0,2.0,0.009389671361502348,9525.0,212.0,0.022257217847769028,9738,10280
2560,3,0,0.0,0.0,0.0,,3.0,0.0,0.0,3,0,0.0,0.0,0.0,,3.0,0.0,0.0,3,0,0.0,0.0,0.0,,3.0,0.0,0.0,217,233
2561,3,0,0.0,0.0,0.0,,3.0,0.0,0.0,3,0,0.0,0.0,0.0,,3.0,0.0,0.0,3,0,0.0,0.0,0.0,,3.0,0.0,0.0,65,67
2562,200,31,0.155,5.0,0.0,0.0,195.0,31.0,0.15897435897435896,190,25,0.13157894736842105,5.0,0.0,0.0,185.0,25.0,0.13513513513513514,189,25,0.13227513227513227,5.0,0.0,0.0,184.0,25.0,0.1358695652173913,192,193
2563,5,1,0.2,0.0,0.0,,5.0,1.0,0.2,5,1,0.2,0.0,0.0,,5.0,1.0,0.2,5,1,0.2,0.0,0.0,,5.0,1.0,0.2,5,5
2564,2,1,0.5,0.0,0.0,,2.0,1.0,0.5,2,1,0.5,0.0,0.0,,2.0,1.0,0.5,2,1,0.5,0.0,0.0,,2.0,1.0,0.5,22,22
2565,151,61,0.40397350993377484,2.0,2.0,1.0,149.0,59.0,0.3959731543624161,150,60,0.4,2.0,2.0,1.0,148.0,58.0,0.3918918918918919,147,59,0.4013605442176871,1.0,1.0,1.0,146.0,58.0,0.3972602739726027,185,190
2566,2489,4,0.0016070711128967456,28.0,0.0,0.0,2461.0,4.0,0.0016253555465258025,1463,4,0.002734107997265892,18.0,0.0,0.0,1445.0,4.0,0.002768166089965398,1450,4,0.002758620689655172,18.0,0.0,0.0,1432.0,4.0,0.002793296089385475,1647,1666
2567,2033,432,0.21249385145105756,23.0,5.0,0.21739130434782608,2010.0,427.0,0.21243781094527364,1826,375,0.20536692223439212,22.0,4.0,0.18181818181818182,1804.0,371.0,0.2056541019955654,1810,370,0.20441988950276244,22.0,4.0,0.18181818181818182,1788.0,366.0,0.20469798657718122,1811,1827
2568,10,0,0.0,1.0,0.0,0.0,9.0,0.0,0.0,10,0,0.0,1.0,0.0,0.0,9.0,0.0,0.0,10,0,0.0,1.0,0.0,0.0,9.0,0.0,0.0,17,17
2569,961,52,0.054110301768990635,7.0,0.0,0.0,954.0,52.0,0.05450733752620545,928,51,0.05495689655172414,7.0,0.0,0.0,921.0,51.0,0.05537459283387622,917,51,0.05561613958560523,7.0,0.0,0.0,910.0,51.0,0.056043956043956046,925,936
2570,941,9,0.009564293304994687,7.0,0.0,0.0,934.0,9.0,0.009635974304068522,908,9,0.009911894273127754,7.0,0.0,0.0,901.0,9.0,0.009988901220865706,897,9,0.010033444816053512,7.0,0.0,0.0,890.0,9.0,0.010112359550561797,905,916
2571,12,0,0.0,0.0,0.0,,12.0,0.0,0.0,12,0,0.0,0.0,0.0,,12.0,0.0,0.0,12,0,0.0,0.0,0.0,,12.0,0.0,0.0,12,12
2572,12,0,0.0,0.0,0.0,,12.0,0.0,0.0,10,0,0.0,0.0,0.0,,10.0,0.0,0.0,10,0,0.0,0.0,0.0,,10.0,0.0,0.0,10,10
2573,532,138,0.2593984962406015,5.0,2.0,0.4,527.0,136.0,0.25806451612903225,527,136,0.25806451612903225,5.0,2.0,0.4,522.0,134.0,0.2567049808429119,525,135,0.2571428571428571,5.0,2.0,0.4,520.0,133.0,0.25576923076923075,1030,1053
2574,170,0,0.0,4.0,0.0,0.0,166.0,0.0,0.0,170,0,0.0,4.0,0.0,0.0,166.0,0.0,0.0,166,0,0.0,4.0,0.0,0.0,162.0,0.0,0.0,166,170
2575,392,20,0.05102040816326531,7.0,0.0,0.0,385.0,20.0,0.05194805194805195,391,20,0.05115089514066496,7.0,0.0,0.0,384.0,20.0,0.052083333333333336,388,19,0.04896907216494845,7.0,0.0,0.0,381.0,19.0,0.049868766404199474,509,513
2576,3268,184,0.056303549571603426,19.0,0.0,0.0,3249.0,184.0,0.056632810095413974,3176,182,0.057304785894206546,19.0,0.0,0.0,3157.0,182.0,0.057649667405764965,3169,181,0.05711580940359735,19.0,0.0,0.0,3150.0,181.0,0.05746031746031746,3817,3825
2580,139,5,0.03597122302158273,2.0,0.0,0.0,137.0,5.0,0.0364963503649635,138,4,0.028985507246376812,2.0,0.0,0.0,136.0,4.0,0.029411764705882353,137,4,0.029197080291970802,2.0,0.0,0.0,135.0,4.0,0.02962962962962963,147,150
2581,135,2,0.014814814814814815,1.0,0.0,0.0,134.0,2.0,0.014925373134328358,134,1,0.007462686567164179,1.0,0.0,0.0,133.0,1.0,0.007518796992481203,133,1,0.007518796992481203,1.0,0.0,0.0,132.0,1.0,0.007575757575757576,133,134
2582,103,0,0.0,4.0,0.0,0.0,99.0,0.0,0.0,103,0,0.0,4.0,0.0,0.0,99.0,0.0,0.0,103,0,0.0,4.0,0.0,0.0,99.0,0.0,0.0,103,103
2583,1787,65,0.03637381085618355,54.0,0.0,0.0,1733.0,65.0,0.03750721292556261,1733,65,0.03750721292556261,52.0,0.0,0.0,1681.0,65.0,0.03866745984533016,1681,65,0.03866745984533016,49.0,0.0,0.0,1632.0,65.0,0.03982843137254902,1709,1762
2584,1548,318,0.2054263565891473,41.0,6.0,0.14634146341463414,1507.0,312.0,0.20703384207033843,1482,308,0.2078272604588394,37.0,6.0,0.16216216216216217,1445.0,302.0,0.20899653979238755,1307,295,0.22570772762050498,37.0,6.0,0.16216216216216217,1270.0,289.0,0.22755905511811023,1627,1815
2585,4704,131,0.027848639455782313,615.0,25.0,0.04065040650406504,4089.0,106.0,0.025923208608461725,2396,97,0.04048414023372287,305.0,19.0,0.06229508196721312,2091.0,78.0,0.03730272596843615,2270,95,0.04185022026431718,292.0,19.0,0.06506849315068493,1978.0,76.0,0.03842264914054601,2270,2396
2586,658,184,0.2796352583586626,61.0,32.0,0.5245901639344263,597.0,152.0,0.254606365159129,617,174,0.2820097244732577,61.0,32.0,0.5245901639344263,556.0,142.0,0.25539568345323743,582,169,0.29037800687285226,58.0,30.0,0.5172413793103449,524.0,139.0,0.2652671755725191,2562,2733
2588,16,0,0.0,0.0,0.0,,16.0,0.0,0.0,13,0,0.0,0.0,0.0,,13.0,0.0,0.0,13,0,0.0,0.0,0.0,,13.0,0.0,0.0,13,13
2589,16,6,0.375,0.0,0.0,,16.0,6.0,0.375,13,5,0.38461538461538464,0.0,0.0,,13.0,5.0,0.38461538461538464,13,5,0.38461538461538464,0.0,0.0,,13.0,5.0,0.38461538461538464,13,13
2590,39,0,0.0,2.0,0.0,0.0,37.0,0.0,0.0,39,0,0.0,2.0,0.0,0.0,37.0,0.0,0.0,39,0,0.0,2.0,0.0,0.0,37.0,0.0,0.0,39,39
2591,3581,97,0.027087405752583078,119.0,4.0,0.03361344537815126,3462.0,93.0,0.026863084922010397,3505,92,0.026248216833095576,117.0,4.0,0.03418803418803419,3388.0,88.0,0.025974025974025976,3448,92,0.02668213457076566,114.0,4.0,0.03508771929824561,3334.0,88.0,0.026394721055788842,3457,3514
2592,30,1,0.03333333333333333,0.0,0.0,,30.0,1.0,0.03333333333333333,30,1,0.03333333333333333,0.0,0.0,,30.0,1.0,0.03333333333333333,30,1,0.03333333333333333,0.0,0.0,,30.0,1.0,0.03333333333333333,105,117
2595,768,54,0.0703125,10.0,0.0,0.0,758.0,54.0,0.0712401055408971,752,52,0.06914893617021277,10.0,0.0,0.0,742.0,52.0,0.07008086253369272,745,52,0.0697986577181208,10.0,0.0,0.0,735.0,52.0,0.0707482993197279,745,752
2596,1431,87,0.06079664570230608,30.0,0.0,0.0,1401.0,87.0,0.06209850107066381,1415,85,0.06007067137809187,29.0,0.0,0.0,1386.0,85.0,0.06132756132756133,1382,82,0.059334298118668596,28.0,0.0,0.0,1354.0,82.0,0.060561299852289516,1471,1505
2597,79,0,0.0,0.0,0.0,,79.0,0.0,0.0,79,0,0.0,0.0,0.0,,79.0,0.0,0.0,79,0,0.0,0.0,0.0,,79.0,0.0,0.0,201,201
2599,65,1,0.015384615384615385,1.0,0.0,0.0,64.0,1.0,0.015625,64,1,0.015625,1.0,0.0,0.0,63.0,1.0,0.015873015873015872,64,1,0.015625,1.0,0.0,0.0,63.0,1.0,0.015873015873015872,86,86
2600,692,225,0.32514450867052025,4.0,2.0,0.5,688.0,223.0,0.3241279069767442,687,225,0.32751091703056767,4.0,2.0,0.5,683.0,223.0,0.32650073206442165,646,211,0.326625386996904,4.0,2.0,0.5,642.0,209.0,0.32554517133956384,1193,1256
2601,646,27,0.04179566563467492,11.0,0.0,0.0,635.0,27.0,0.04251968503937008,605,24,0.03966942148760331,11.0,0.0,0.0,594.0,24.0,0.04040404040404041,597,23,0.038525963149078725,11.0,0.0,0.0,586.0,23.0,0.03924914675767918,647,656
2602,661,42,0.06354009077155824,11.0,0.0,0.0,650.0,42.0,0.06461538461538462,619,38,0.061389337641357025,11.0,0.0,0.0,608.0,38.0,0.0625,612,37,0.06045751633986928,11.0,0.0,0.0,601.0,37.0,0.06156405990016639,662,670
2603,7,0,0.0,0.0,0.0,,7.0,0.0,0.0,6,0,0.0,0.0,0.0,,6.0,0.0,0.0,6,0,0.0,0.0,0.0,,6.0,0.0,0.0,13,14
2604,10,0,0.0,0.0,0.0,,10.0,0.0,0.0,9,0,0.0,0.0,0.0,,9.0,0.0,0.0,9,0,0.0,0.0,0.0,,9.0,0.0,0.0,14,15
2605,35,1,0.02857142857142857,1.0,0.0,0.0,34.0,1.0,0.029411764705882353,35,1,0.02857142857142857,1.0,0.0,0.0,34.0,1.0,0.029411764705882353,35,1,0.02857142857142857,1.0,0.0,0.0,34.0,1.0,0.029411764705882353,50,51
2610,106,0,0.0,3.0,0.0,0.0,103.0,0.0,0.0,105,0,0.0,3.0,0.0,0.0,102.0,0.0,0.0,102,0,0.0,3.0,0.0,0.0,99.0,0.0,0.0,102,105
2611,100,0,0.0,3.0,0.0,0.0,97.0,0.0,0.0,99,0,0.0,3.0,0.0,0.0,96.0,0.0,0.0,96,0,0.0,3.0,0.0,0.0,93.0,0.0,0.0,96,99
2612,173,3,0.017341040462427744,3.0,0.0,0.0,170.0,3.0,0.01764705882352941,172,3,0.01744186046511628,3.0,0.0,0.0,169.0,3.0,0.01775147928994083,165,3,0.01818181818181818,3.0,0.0,0.0,162.0,3.0,0.018518518518518517,165,172
2613,172,3,0.01744186046511628,3.0,0.0,0.0,169.0,3.0,0.01775147928994083,171,3,0.017543859649122806,3.0,0.0,0.0,168.0,3.0,0.017857142857142856,165,3,0.01818181818181818,3.0,0.0,0.0,162.0,3.0,0.018518518518518517,165,171
2614,534,20,0.03745318352059925,15.0,1.0,0.06666666666666667,519.0,19.0,0.036608863198458574,489,18,0.03680981595092025,14.0,1.0,0.07142857142857142,475.0,17.0,0.035789473684210524,487,18,0.03696098562628337,14.0,1.0,0.07142857142857142,473.0,17.0,0.035940803382663845,487,489
2615,253,1,0.003952569169960474,4.0,0.0,0.0,249.0,1.0,0.004016064257028112,215,1,0.004651162790697674,4.0,0.0,0.0,211.0,1.0,0.004739336492890996,214,1,0.004672897196261682,4.0,0.0,0.0,210.0,1.0,0.004761904761904762,214,215
2618,229,0,0.0,8.0,0.0,0.0,221.0,0.0,0.0,220,0,0.0,6.0,0.0,0.0,214.0,0.0,0.0,217,0,0.0,6.0,0.0,0.0,211.0,0.0,0.0,217,220
2619,296,5,0.016891891891891893,5.0,0.0,0.0,291.0,5.0,0.01718213058419244,291,5,0.01718213058419244,5.0,0.0,0.0,286.0,5.0,0.017482517482517484,285,5,0.017543859649122806,5.0,0.0,0.0,280.0,5.0,0.017857142857142856,399,407
2620,208,7,0.03365384615384615,3.0,0.0,0.0,205.0,7.0,0.03414634146341464,203,7,0.034482758620689655,3.0,0.0,0.0,200.0,7.0,0.035,200,7,0.035,3.0,0.0,0.0,197.0,7.0,0.03553299492385787,314,319
2621,6,5,0.8333333333333334,0.0,0.0,,6.0,5.0,0.8333333333333334,6,5,0.8333333333333334,0.0,0.0,,6.0,5.0,0.8333333333333334,6,5,0.8333333333333334,0.0,0.0,,6.0,5.0,0.8333333333333334,6,6
2622,6987,465,0.06655216831258051,119.0,11.0,0.09243697478991597,6868.0,454.0,0.06610366919044845,5392,408,0.07566765578635015,99.0,11.0,0.1111111111111111,5293.0,397.0,0.0750047232193463,4930,378,0.07667342799188641,94.0,11.0,0.11702127659574468,4836.0,367.0,0.07588916459884201,12257,13631
2631,105,0,0.0,0.0,0.0,,105.0,0.0,0.0,101,0,0.0,0.0,0.0,,101.0,0.0,0.0,100,0,0.0,0.0,0.0,,100.0,0.0,0.0,100,101
2633,268,0,0.0,4.0,0.0,0.0,264.0,0.0,0.0,247,0,0.0,4.0,0.0,0.0,243.0,0.0,0.0,244,0,0.0,4.0,0.0,0.0,240.0,0.0,0.0,287,291
2634,2636,3,0.0011380880121396055,59.0,0.0,0.0,2577.0,3.0,0.0011641443538998836,2602,3,0.0011529592621060721,57.0,0.0,0.0,2545.0,3.0,0.0011787819253438114,2516,3,0.0011923688394276629,54.0,0.0,0.0,2462.0,3.0,0.0012185215272136475,2516,2602
2635,2645,3,0.0011342155009451795,59.0,0.0,0.0,2586.0,3.0,0.001160092807424594,2612,3,0.0011485451761102604,57.0,0.0,0.0,2555.0,3.0,0.0011741682974559687,2526,3,0.0011876484560570072,54.0,0.0,0.0,2472.0,3.0,0.0012135922330097086,2526,2612
2649,1607,336,0.209085252022402,23.0,5.0,0.21739130434782608,1584.0,331.0,0.20896464646464646,1595,333,0.20877742946708464,23.0,5.0,0.21739130434782608,1572.0,328.0,0.20865139949109415,1526,309,0.20249017038007863,23.0,5.0,0.21739130434782608,1503.0,304.0,0.20226214238190285,1598,1667
2650,1617,305,0.1886209029066172,23.0,4.0,0.17391304347826086,1594.0,301.0,0.18883312421580928,1605,301,0.18753894080996886,23.0,4.0,0.17391304347826086,1582.0,297.0,0.1877370417193426,1536,280,0.18229166666666666,23.0,4.0,0.17391304347826086,1513.0,276.0,0.18241903502974224,1601,1670
2652,1616,125,0.07735148514851485,23.0,3.0,0.13043478260869565,1593.0,122.0,0.07658505963590709,1604,123,0.07668329177057356,23.0,3.0,0.13043478260869565,1581.0,120.0,0.07590132827324478,1535,117,0.0762214983713355,23.0,3.0,0.13043478260869565,1512.0,114.0,0.07539682539682539,1601,1670
2653,1616,107,0.06621287128712872,23.0,2.0,0.08695652173913043,1593.0,105.0,0.06591337099811675,1604,105,0.06546134663341646,23.0,2.0,0.08695652173913043,1581.0,103.0,0.06514864010120178,1535,100,0.06514657980456026,23.0,2.0,0.08695652173913043,1512.0,98.0,0.06481481481481481,1600,1669
2654,1,0,0.0,0.0,0.0,,1.0,0.0,0.0,1,0,0.0,0.0,0.0,,1.0,0.0,0.0,1,0,0.0,0.0,0.0,,1.0,0.0,0.0,1,1
2659,1617,342,0.21150278293135436,23.0,5.0,0.21739130434782608,1594.0,337.0,0.21141781681304894,1605,339,0.21121495327102804,23.0,5.0,0.21739130434782608,1582.0,334.0,0.2111251580278129,1536,320,0.20833333333333334,23.0,5.0,0.21739130434782608,1513.0,315.0,0.20819563780568406,1601,1670
2660,1617,817,0.505256648113791,23.0,14.0,0.6086956521739131,1594.0,803.0,0.5037641154328732,1605,812,0.5059190031152648,23.0,14.0,0.6086956521739131,1582.0,798.0,0.504424778761062,1536,775,0.5045572916666666,23.0,14.0,0.6086956521739131,1513.0,761.0,0.5029742233972241,1601,1670
2661,1617,252,0.15584415584415584,23.0,3.0,0.13043478260869565,1594.0,249.0,0.1562107904642409,1605,249,0.15514018691588785,23.0,3.0,0.13043478260869565,1582.0,246.0,0.1554993678887484,1536,236,0.15364583333333334,23.0,3.0,0.13043478260869565,1513.0,233.0,0.15399867812293458,1601,1670
2662,1617,398,0.24613481756338898,23.0,7.0,0.30434782608695654,1594.0,391.0,0.2452948557089084,1605,395,0.24610591900311526,23.0,7.0,0.30434782608695654,1582.0,388.0,0.24525916561314792,1536,380,0.24739583333333334,23.0,7.0,0.30434782608695654,1513.0,373.0,0.2465300727032386,1601,1670
2663,1617,353,0.21830550401978974,23.0,4.0,0.17391304347826086,1594.0,349.0,0.2189460476787955,1605,349,0.21744548286604362,23.0,4.0,0.17391304347826086,1582.0,345.0,0.21807838179519595,1536,332,0.21614583333333334,23.0,4.0,0.17391304347826086,1513.0,328.0,0.21678783873099802,1601,1670
2664,1617,156,0.09647495361781076,23.0,3.0,0.13043478260869565,1594.0,153.0,0.0959849435382685,1605,152,0.09470404984423676,23.0,3.0,0.13043478260869565,1582.0,149.0,0.09418457648546144,1536,145,0.09440104166666667,23.0,3.0,0.13043478260869565,1513.0,142.0,0.09385327164573695,1601,1670
2665,1945,557,0.2863753213367609,26.0,7.0,0.2692307692307692,1919.0,550.0,0.28660760812923397,1932,551,0.2851966873706004,26.0,7.0,0.2692307692307692,1906.0,544.0,0.28541448058761804,1849,524,0.2833964305029746,26.0,7.0,0.2692307692307692,1823.0,517.0,0.28359846407021394,1921,2004
2672,1568,105,0.06696428571428571,23.0,1.0,0.043478260869565216,1545.0,104.0,0.06731391585760518,1556,103,0.06619537275064268,23.0,1.0,0.043478260869565216,1533.0,102.0,0.06653620352250489,1491,99,0.06639839034205232,23.0,1.0,0.043478260869565216,1468.0,98.0,0.0667574931880109,1556,1621
2673,1568,326,0.20790816326530612,23.0,5.0,0.21739130434782608,1545.0,321.0,0.20776699029126214,1556,324,0.20822622107969152,23.0,5.0,0.21739130434782608,1533.0,319.0,0.20808871493803,1491,308,0.20657276995305165,23.0,5.0,0.21739130434782608,1468.0,303.0,0.2064032697547684,1556,1621
2678,57,0,0.0,0.0,0.0,,57.0,0.0,0.0,57,0,0.0,0.0,0.0,,57.0,0.0,0.0,55,0,0.0,0.0,0.0,,55.0,0.0,0.0,1975,2110
2681,95,4,0.042105263157894736,5.0,0.0,0.0,90.0,4.0,0.044444444444444446,68,3,0.04411764705882353,2.0,0.0,0.0,66.0,3.0,0.045454545454545456,67,3,0.04477611940298507,2.0,0.0,0.0,65.0,3.0,0.046153846153846156,87,88
2682,3988,0,0.0,63.0,0.0,0.0,3925.0,0.0,0.0,3940,0,0.0,62.0,0.0,0.0,3878.0,0.0,0.0,3863,0,0.0,62.0,0.0,0.0,3801.0,0.0,0.0,3919,3996
2683,1609,945,0.5873213175885643,42.0,26.0,0.6190476190476191,1567.0,919.0,0.5864709636247607,1573,925,0.5880483153210426,41.0,26.0,0.6341463414634146,1532.0,899.0,0.5868146214099217,1554,915,0.5888030888030888,40.0,26.0,0.65,1514.0,889.0,0.5871862615587847,1554,1573
2684,1608,49,0.030472636815920398,41.0,3.0,0.07317073170731707,1567.0,46.0,0.029355456285896617,1572,49,0.031170483460559797,40.0,3.0,0.075,1532.0,46.0,0.030026109660574413,1553,48,0.030907920154539602,39.0,2.0,0.05128205128205128,1514.0,46.0,0.03038309114927345,1553,1572
2685,1609,79,0.049098819142324425,42.0,1.0,0.023809523809523808,1567.0,78.0,0.04977664326738992,1573,79,0.050222504767959315,41.0,1.0,0.024390243902439025,1532.0,78.0,0.050913838120104436,1554,77,0.04954954954954955,40.0,1.0,0.025,1514.0,76.0,0.05019815059445178,1554,1573
2686,1608,7,0.004353233830845771,41.0,0.0,0.0,1567.0,7.0,0.004467134652201659,1572,7,0.004452926208651399,40.0,0.0,0.0,1532.0,7.0,0.0045691906005221935,1553,7,0.004507405022537025,39.0,0.0,0.0,1514.0,7.0,0.004623513870541612,1553,1572
2687,1513,323,0.21348314606741572,41.0,7.0,0.17073170731707318,1472.0,316.0,0.21467391304347827,1477,318,0.21530128639133378,40.0,7.0,0.175,1437.0,311.0,0.2164231036882394,1459,316,0.2165867032213845,39.0,7.0,0.1794871794871795,1420.0,309.0,0.2176056338028169,1459,1477
2688,1512,47,0.031084656084656083,40.0,3.0,0.075,1472.0,44.0,0.029891304347826088,1476,46,0.03116531165311653,39.0,3.0,0.07692307692307693,1437.0,43.0,0.029923451635351428,1458,45,0.030864197530864196,38.0,3.0,0.07894736842105263,1420.0,42.0,0.029577464788732393,1458,1476
2689,362,0,0.0,3.0,0.0,0.0,359.0,0.0,0.0,353,0,0.0,3.0,0.0,0.0,350.0,0.0,0.0,351,0,0.0,3.0,0.0,0.0,348.0,0.0,0.0,372,374
2690,513,6,0.011695906432748537,5.0,0.0,0.0,508.0,6.0,0.011811023622047244,497,6,0.012072434607645875,4.0,0.0,0.0,493.0,6.0,0.012170385395537525,488,5,0.010245901639344262,4.0,0.0,0.0,484.0,5.0,0.010330578512396695,737,749
2691,131,5,0.03816793893129771,1.0,0.0,0.0,130.0,5.0,0.038461538461538464,122,5,0.040983606557377046,1.0,0.0,0.0,121.0,5.0,0.04132231404958678,118,5,0.0423728813559322,1.0,0.0,0.0,117.0,5.0,0.042735042735042736,131,136
2692,176,6,0.03409090909090909,2.0,0.0,0.0,174.0,6.0,0.034482758620689655,159,4,0.025157232704402517,2.0,0.0,0.0,157.0,4.0,0.025477707006369428,153,4,0.026143790849673203,2.0,0.0,0.0,151.0,4.0,0.026490066225165563,153,159
2693,18,0,0.0,2.0,0.0,0.0,16.0,0.0,0.0,18,0,0.0,2.0,0.0,0.0,16.0,0.0,0.0,18,0,0.0,2.0,0.0,0.0,16.0,0.0,0.0,18,18
2695,7,0,0.0,0.0,0.0,,7.0,0.0,0.0,7,0,0.0,0.0,0.0,,7.0,0.0,0.0,7,0,0.0,0.0,0.0,,7.0,0.0,0.0,7,7
2698,14642,549,0.037494877748941405,464.0,30.0,0.06465517241379311,14178.0,519.0,0.0366060093101989,14222,533,0.037477148080438755,443.0,27.0,0.060948081264108354,13779.0,506.0,0.03672254880615429,13843,529,0.03821425991475836,432.0,27.0,0.0625,13411.0,502.0,0.03743195883975841,17672,18445
2701,2,0,0.0,0.0,0.0,,2.0,0.0,0.0,2,0,0.0,0.0,0.0,,2.0,0.0,0.0,2,0,0.0,0.0,0.0,,2.0,0.0,0.0,2,2
2703,406,25,0.06157635467980296,11.0,0.0,0.0,395.0,25.0,0.06329113924050633,348,15,0.04310344827586207,9.0,0.0,0.0,339.0,15.0,0.04424778761061947,341,15,0.04398826979472141,9.0,0.0,0.0,332.0,15.0,0.045180722891566265,341,348
2704,861,63,0.07317073170731707,21.0,0.0,0.0,840.0,63.0,0.075,797,28,0.03513174404015056,20.0,0.0,0.0,777.0,28.0,0.036036036036036036,779,25,0.03209242618741977,20.0,0.0,0.0,759.0,25.0,0.03293807641633729,779,797
2705,44,20,0.45454545454545453,0.0,0.0,,44.0,20.0,0.45454545454545453,44,20,0.45454545454545453,0.0,0.0,,44.0,20.0,0.45454545454545453,41,18,0.43902439024390244,0.0,0.0,,41.0,18.0,0.43902439024390244,46,49
2707,395,3,0.007594936708860759,4.0,0.0,0.0,391.0,3.0,0.0076726342710997444,392,3,0.007653061224489796,4.0,0.0,0.0,388.0,3.0,0.007731958762886598,381,3,0.007874015748031496,4.0,0.0,0.0,377.0,3.0,0.007957559681697613,381,392
2708,908,185,0.20374449339207049,55.0,19.0,0.34545454545454546,853.0,166.0,0.19460726846424384,869,176,0.20253164556962025,48.0,16.0,0.3333333333333333,821.0,160.0,0.19488428745432398,795,159,0.2,47.0,15.0,0.3191489361702128,748.0,144.0,0.1925133689839572,801,876
2710,2664,412,0.15465465465465467,155.0,21.0,0.13548387096774195,2509.0,391.0,0.15583897967317656,2504,400,0.1597444089456869,143.0,20.0,0.13986013986013987,2361.0,380.0,0.1609487505294367,2418,388,0.16046319272125723,141.0,20.0,0.14184397163120568,2277.0,368.0,0.16161616161616163,2537,2633
2711,6,0,0.0,0.0,0.0,,6.0,0.0,0.0,6,0,0.0,0.0,0.0,,6.0,0.0,0.0,6,0,0.0,0.0,0.0,,6.0,0.0,0.0,19,19
2713,147,88,0.5986394557823129,2.0,1.0,0.5,145.0,87.0,0.6,142,85,0.5985915492957746,2.0,1.0,0.5,140.0,84.0,0.6,142,85,0.5985915492957746,2.0,1.0,0.5,140.0,84.0,0.6,142,142
2714,12656,30,0.002370417193426043,409.0,2.0,0.004889975550122249,12247.0,28.0,0.0022862741895974524,12338,29,0.0023504619873561355,396.0,1.0,0.0025252525252525255,11942.0,28.0,0.0023446658851113715,12068,28,0.002320185614849188,392.0,1.0,0.002551020408163265,11676.0,27.0,0.0023124357656731757,16086,16446
2715,2072,279,0.13465250965250966,88.0,16.0,0.18181818181818182,1984.0,263.0,0.13256048387096775,2051,278,0.1355436372501219,88.0,16.0,0.18181818181818182,1963.0,262.0,0.1334691798267957,2011,275,0.13674788662357037,87.0,16.0,0.1839080459770115,1924.0,259.0,0.1346153846153846,2011,2051
2718,33,2,0.06060606060606061,0.0,0.0,,33.0,2.0,0.06060606060606061,33,2,0.06060606060606061,0.0,0.0,,33.0,2.0,0.06060606060606061,32,2,0.0625,0.0,0.0,,32.0,2.0,0.0625,75,77
2719,9949,1074,0.10795054779374812,192.0,31.0,0.16145833333333334,9757.0,1043.0,0.10689761197089269,9295,995,0.10704679935449166,174.0,26.0,0.14942528735632185,9121.0,969.0,0.10623835105799803,9086,976,0.10741800572309047,174.0,26.0,0.14942528735632185,8912.0,950.0,0.10659784560143627,11571,12543
2720,5,0,0.0,0.0,0.0,,5.0,0.0,0.0,5,0,0.0,0.0,0.0,,5.0,0.0,0.0,5,0,0.0,0.0,0.0,,5.0,0.0,0.0,5,5
2721,640,166,0.259375,18.0,12.0,0.6666666666666666,622.0,154.0,0.24758842443729903,613,158,0.25774877650897227,16.0,10.0,0.625,597.0,148.0,0.24790619765494137,565,144,0.25486725663716814,16.0,10.0,0.625,549.0,134.0,0.24408014571949,565,613
2722,3,0,0.0,0.0,0.0,,3.0,0.0,0.0,3,0,0.0,0.0,0.0,,3.0,0.0,0.0,3,0,0.0,0.0,0.0,,3.0,0.0,0.0,3,3
2724,3272,1175,0.3591075794621027,79.0,30.0,0.379746835443038,3193.0,1145.0,0.35859693078609456,2906,1018,0.35030970406056433,69.0,22.0,0.3188405797101449,2837.0,996.0,0.35107507930912935,2727,947,0.34726806013934725,66.0,21.0,0.3181818181818182,2661.0,926.0,0.34798947763998495,2818,3000
2726,33675,502,0.014907201187824796,516.0,10.0,0.01937984496124031,33159.0,492.0,0.014837600651406858,32053,479,0.014943999001653512,487.0,9.0,0.018480492813141684,31566.0,470.0,0.014889438002914528,30660,464,0.015133724722765819,480.0,9.0,0.01875,30180.0,455.0,0.015076209410205434,30660,32053
2729,11005,988,0.08977737392094502,428.0,117.0,0.2733644859813084,10577.0,871.0,0.0823484920109672,10533,926,0.08791417449919302,404.0,108.0,0.26732673267326734,10129.0,818.0,0.08075821897521966,10353,913,0.08818699893750603,400.0,105.0,0.2625,9953.0,808.0,0.08118155330051241,10353,10533
2730,2728,221,0.08101173020527859,169.0,53.0,0.3136094674556213,2559.0,168.0,0.06565064478311841,2603,207,0.07952362658470995,164.0,53.0,0.3231707317073171,2439.0,154.0,0.06314063140631407,2563,202,0.07881388997268826,161.0,52.0,0.32298136645962733,2402.0,150.0,0.06244796003330558,2563,2603
2731,1,0,0.0,0.0,0.0,,1.0,0.0,0.0,1,0,0.0,0.0,0.0,,1.0,0.0,0.0,1,0,0.0,0.0,0.0,,1.0,0.0,0.0,1,1
2732,2287,116,0.050721469173589856,250.0,18.0,0.072,2037.0,98.0,0.048109965635738834,2169,78,0.035961272475795295,240.0,13.0,0.05416666666666667,1929.0,65.0,0.033696215655780196,2092,78,0.0372848948374761,237.0,13.0,0.05485232067510549,1855.0,65.0,0.03504043126684636,2093,2170
2733,5856,1628,0.2780054644808743,676.0,213.0,0.3150887573964497,5180.0,1415.0,0.2731660231660232,5596,1538,0.27483917083631165,633.0,204.0,0.3222748815165877,4963.0,1334.0,0.2687890388877695,5294,1475,0.27861730260672457,616.0,199.0,0.32305194805194803,4678.0,1276.0,0.27276613937580163,6003,6350
2736,4,0,0.0,1.0,0.0,0.0,3.0,0.0,0.0,4,0,0.0,1.0,0.0,0.0,3.0,0.0,0.0,4,0,0.0,1.0,0.0,0.0,3.0,0.0,0.0,4,4
2741,199,6,0.03015075376884422,3.0,1.0,0.3333333333333333,196.0,5.0,0.025510204081632654,197,6,0.030456852791878174,3.0,1.0,0.3333333333333333,194.0,5.0,0.02577319587628866,195,6,0.03076923076923077,3.0,1.0,0.3333333333333333,192.0,5.0,0.026041666666666668,195,197
2745,34,0,0.0,0.0,0.0,,34.0,0.0,0.0,29,0,0.0,0.0,0.0,,29.0,0.0,0.0,29,0,0.0,0.0,0.0,,29.0,0.0,0.0,29,29
2746,481,11,0.02286902286902287,5.0,0.0,0.0,476.0,11.0,0.023109243697478993,455,11,0.024175824175824177,4.0,0.0,0.0,451.0,11.0,0.024390243902439025,452,11,0.024336283185840708,4.0,0.0,0.0,448.0,11.0,0.024553571428571428,459,462
2747,474,4,0.008438818565400843,5.0,0.0,0.0,469.0,4.0,0.008528784648187633,452,4,0.008849557522123894,4.0,0.0,0.0,448.0,4.0,0.008928571428571428,449,4,0.008908685968819599,4.0,0.0,0.0,445.0,4.0,0.008988764044943821,455,458
2751,267,15,0.056179775280898875,5.0,0.0,0.0,262.0,15.0,0.05725190839694656,262,15,0.05725190839694656,5.0,0.0,0.0,257.0,15.0,0.058365758754863814,255,14,0.054901960784313725,5.0,0.0,0.0,250.0,14.0,0.056,450,459
2752,203,3,0.014778325123152709,3.0,0.0,0.0,200.0,3.0,0.015,197,3,0.015228426395939087,3.0,0.0,0.0,194.0,3.0,0.015463917525773196,194,3,0.015463917525773196,3.0,0.0,0.0,191.0,3.0,0.015706806282722512,390,395
2755,545,9,0.01651376146788991,3.0,0.0,0.0,542.0,9.0,0.016605166051660517,528,9,0.017045454545454544,3.0,0.0,0.0,525.0,9.0,0.017142857142857144,522,9,0.017241379310344827,3.0,0.0,0.0,519.0,9.0,0.017341040462427744,529,535
2756,415,31,0.0746987951807229,1.0,0.0,0.0,414.0,31.0,0.0748792270531401,388,27,0.06958762886597938,1.0,0.0,0.0,387.0,27.0,0.06976744186046512,383,27,0.07049608355091384,1.0,0.0,0.0,382.0,27.0,0.07068062827225131,386,391
2757,545,1,0.001834862385321101,3.0,0.0,0.0,542.0,1.0,0.0018450184501845018,528,1,0.001893939393939394,3.0,0.0,0.0,525.0,1.0,0.0019047619047619048,522,1,0.0019157088122605363,3.0,0.0,0.0,519.0,1.0,0.0019267822736030828,527,533
2758,550,4,0.007272727272727273,2.0,0.0,0.0,548.0,4.0,0.0072992700729927005,523,2,0.0038240917782026767,2.0,0.0,0.0,521.0,2.0,0.003838771593090211,515,2,0.003883495145631068,2.0,0.0,0.0,513.0,2.0,0.003898635477582846,515,523
2764,1,0,0.0,0.0,0.0,,1.0,0.0,0.0,1,0,0.0,0.0,0.0,,1.0,0.0,0.0,1,0,0.0,0.0,0.0,,1.0,0.0,0.0,1,1
2767,35,1,0.02857142857142857,0.0,0.0,,35.0,1.0,0.02857142857142857,28,1,0.03571428571428571,0.0,0.0,,28.0,1.0,0.03571428571428571,28,1,0.03571428571428571,0.0,0.0,,28.0,1.0,0.03571428571428571,28,28
2768,70,0,0.0,0.0,0.0,,70.0,0.0,0.0,70,0,0.0,0.0,0.0,,70.0,0.0,0.0,68,0,0.0,0.0,0.0,,68.0,0.0,0.0,68,70
2769,158,0,0.0,7.0,0.0,0.0,151.0,0.0,0.0,147,0,0.0,7.0,0.0,0.0,140.0,0.0,0.0,143,0,0.0,7.0,0.0,0.0,136.0,0.0,0.0,143,147
2771,16,0,0.0,0.0,0.0,,16.0,0.0,0.0,16,0,0.0,0.0,0.0,,16.0,0.0,0.0,16,0,0.0,0.0,0.0,,16.0,0.0,0.0,16,16
2773,14,3,0.21428571428571427,1.0,0.0,0.0,13.0,3.0,0.23076923076923078,14,3,0.21428571428571427,1.0,0.0,0.0,13.0,3.0,0.23076923076923078,14,3,0.21428571428571427,1.0,0.0,0.0,13.0,3.0,0.23076923076923078,14,14
2774,15,1,0.06666666666666667,1.0,0.0,0.0,14.0,1.0,0.07142857142857142,15,1,0.06666666666666667,1.0,0.0,0.0,14.0,1.0,0.07142857142857142,15,1,0.06666666666666667,1.0,0.0,0.0,14.0,1.0,0.07142857142857142,15,15
2775,189,0,0.0,10.0,0.0,0.0,179.0,0.0,0.0,188,0,0.0,10.0,0.0,0.0,178.0,0.0,0.0,188,0,0.0,10.0,0.0,0.0,178.0,0.0,0.0,188,188
2776,1,0,0.0,0.0,0.0,,1.0,0.0,0.0,1,0,0.0,0.0,0.0,,1.0,0.0,0.0,1,0,0.0,0.0,0.0,,1.0,0.0,0.0,1,1
2777,749,0,0.0,13.0,0.0,0.0,736.0,0.0,0.0,743,0,0.0,11.0,0.0,0.0,732.0,0.0,0.0,739,0,0.0,11.0,0.0,0.0,728.0,0.0,0.0,740,744
2778,207,0,0.0,12.0,0.0,0.0,195.0,0.0,0.0,205,0,0.0,12.0,0.0,0.0,193.0,0.0,0.0,205,0,0.0,12.0,0.0,0.0,193.0,0.0,0.0,205,205
2779,189,0,0.0,10.0,0.0,0.0,179.0,0.0,0.0,188,0,0.0,10.0,0.0,0.0,178.0,0.0,0.0,188,0,0.0,10.0,0.0,0.0,178.0,0.0,0.0,188,188
2780,5,0,0.0,1.0,0.0,0.0,4.0,0.0,0.0,4,0,0.0,1.0,0.0,0.0,3.0,0.0,0.0,4,0,0.0,1.0,0.0,0.0,3.0,0.0,0.0,4,4
2781,65,1,0.015384615384615385,1.0,0.0,0.0,64.0,1.0,0.015625,64,1,0.015625,1.0,0.0,0.0,63.0,1.0,0.015873015873015872,64,1,0.015625,1.0,0.0,0.0,63.0,1.0,0.015873015873015872,64,64
2782,5609,311,0.055446603672668925,35.0,2.0,0.05714285714285714,5574.0,309.0,0.05543595263724435,5593,311,0.055605220811728945,34.0,2.0,0.058823529411764705,5559.0,309.0,0.05558553696708041,5131,293,0.05710387838627948,34.0,2.0,0.058823529411764705,5097.0,291.0,0.05709240729841083,5131,5593
2783,165,2,0.012121212121212121,3.0,0.0,0.0,162.0,2.0,0.012345679012345678,164,2,0.012195121951219513,3.0,0.0,0.0,161.0,2.0,0.012422360248447204,163,2,0.012269938650306749,3.0,0.0,0.0,160.0,2.0,0.0125,457,459
2784,7,0,0.0,0.0,0.0,,7.0,0.0,0.0,7,0,0.0,0.0,0.0,,7.0,0.0,0.0,7,0,0.0,0.0,0.0,,7.0,0.0,0.0,7,7
2785,1374,38,0.027656477438136828,33.0,0.0,0.0,1341.0,38.0,0.028337061894108874,1073,36,0.033550792171481825,28.0,0.0,0.0,1045.0,36.0,0.03444976076555024,1053,36,0.03418803418803419,28.0,0.0,0.0,1025.0,36.0,0.0351219512195122,2029,2076
2786,2113,1,0.000473260766682442,39.0,0.0,0.0,2074.0,1.0,0.00048216007714561236,1996,1,0.000501002004008016,37.0,0.0,0.0,1959.0,1.0,0.0005104645227156713,1960,1,0.0005102040816326531,37.0,0.0,0.0,1923.0,1.0,0.0005200208008320333,1961,1997
2788,6,0,0.0,0.0,0.0,,6.0,0.0,0.0,6,0,0.0,0.0,0.0,,6.0,0.0,0.0,6,0,0.0,0.0,0.0,,6.0,0.0,0.0,6,6
2789,5,0,0.0,0.0,0.0,,5.0,0.0,0.0,5,0,0.0,0.0,0.0,,5.0,0.0,0.0,5,0,0.0,0.0,0.0,,5.0,0.0,0.0,5,5
2797,7,1,0.14285714285714285,0.0,0.0,,7.0,1.0,0.14285714285714285,7,1,0.14285714285714285,0.0,0.0,,7.0,1.0,0.14285714285714285,7,1,0.14285714285714285,0.0,0.0,,7.0,1.0,0.14285714285714285,7,7
2799,33,0,0.0,0.0,0.0,,33.0,0.0,0.0,33,0,0.0,0.0,0.0,,33.0,0.0,0.0,33,0,0.0,0.0,0.0,,33.0,0.0,0.0,33,33
2801,545,26,0.047706422018348627,2.0,0.0,0.0,543.0,26.0,0.04788213627992634,540,26,0.04814814814814815,2.0,0.0,0.0,538.0,26.0,0.048327137546468404,538,26,0.048327137546468404,2.0,0.0,0.0,536.0,26.0,0.048507462686567165,538,540
2802,1,0,0.0,0.0,0.0,,1.0,0.0,0.0,1,0,0.0,0.0,0.0,,1.0,0.0,0.0,1,0,0.0,0.0,0.0,,1.0,0.0,0.0,1,1
2805,1,0,0.0,0.0,0.0,,1.0,0.0,0.0,1,0,0.0,0.0,0.0,,1.0,0.0,0.0,1,0,0.0,0.0,0.0,,1.0,0.0,0.0,1,1
2807,460,323,0.7021739130434783,8.0,7.0,0.875,452.0,316.0,0.6991150442477876,458,322,0.7030567685589519,8.0,7.0,0.875,450.0,315.0,0.7,457,321,0.7024070021881839,8.0,7.0,0.875,449.0,314.0,0.6993318485523385,464,465
2810,1,0,0.0,0.0,0.0,,1.0,0.0,0.0,1,0,0.0,0.0,0.0,,1.0,0.0,0.0,1,0,0.0,0.0,0.0,,1.0,0.0,0.0,4,4
2813,4,0,0.0,0.0,0.0,,4.0,0.0,0.0,4,0,0.0,0.0,0.0,,4.0,0.0,0.0,4,0,0.0,0.0,0.0,,4.0,0.0,0.0,5,5
2814,16,0,0.0,0.0,0.0,,16.0,0.0,0.0,13,0,0.0,0.0,0.0,,13.0,0.0,0.0,13,0,0.0,0.0,0.0,,13.0,0.0,0.0,13,13
2816,1,0,0.0,0.0,0.0,,1.0,0.0,0.0,1,0,0.0,0.0,0.0,,1.0,0.0,0.0,1,0,0.0,0.0,0.0,,1.0,0.0,0.0,1,1
2817,195,6,0.03076923076923077,5.0,0.0,0.0,190.0,6.0,0.031578947368421054,194,6,0.030927835051546393,5.0,0.0,0.0,189.0,6.0,0.031746031746031744,193,6,0.031088082901554404,5.0,0.0,0.0,188.0,6.0,0.031914893617021274,193,194
2819,323,113,0.3498452012383901,16.0,9.0,0.5625,307.0,104.0,0.33876221498371334,316,110,0.34810126582278483,16.0,9.0,0.5625,300.0,101.0,0.33666666666666667,261,96,0.367816091954023,16.0,9.0,0.5625,245.0,87.0,0.3551020408163265,834,1129
2820,9,0,0.0,0.0,0.0,,9.0,0.0,0.0,9,0,0.0,0.0,0.0,,9.0,0.0,0.0,9,0,0.0,0.0,0.0,,9.0,0.0,0.0,9,9
2821,8,0,0.0,0.0,0.0,,8.0,0.0,0.0,4,0,0.0,0.0,0.0,,4.0,0.0,0.0,4,0,0.0,0.0,0.0,,4.0,0.0,0.0,4,4
2822,57,3,0.05263157894736842,1.0,0.0,0.0,56.0,3.0,0.05357142857142857,57,3,0.05263157894736842,1.0,0.0,0.0,56.0,3.0,0.05357142857142857,57,3,0.05263157894736842,1.0,0.0,0.0,56.0,3.0,0.05357142857142857,57,57
2823,335,4,0.011940298507462687,5.0,0.0,0.0,330.0,4.0,0.012121212121212121,316,3,0.00949367088607595,5.0,0.0,0.0,311.0,3.0,0.00964630225080386,311,3,0.00964630225080386,5.0,0.0,0.0,306.0,3.0,0.00980392156862745,339,345
2824,332,4,0.012048192771084338,5.0,0.0,0.0,327.0,4.0,0.012232415902140673,316,3,0.00949367088607595,5.0,0.0,0.0,311.0,3.0,0.00964630225080386,311,3,0.00964630225080386,5.0,0.0,0.0,306.0,3.0,0.00980392156862745,339,345
2826,59,36,0.6101694915254238,0.0,0.0,,59.0,36.0,0.6101694915254238,52,36,0.6923076923076923,0.0,0.0,,52.0,36.0,0.6923076923076923,48,35,0.7291666666666666,0.0,0.0,,48.0,35.0,0.7291666666666666,48,52
2827,122,40,0.32786885245901637,0.0,0.0,,122.0,40.0,0.32786885245901637,117,39,0.3333333333333333,0.0,0.0,,117.0,39.0,0.3333333333333333,111,37,0.3333333333333333,0.0,0.0,,111.0,37.0,0.3333333333333333,231,254
2828,125,44,0.352,0.0,0.0,,125.0,44.0,0.352,118,43,0.3644067796610169,0.0,0.0,,118.0,43.0,0.3644067796610169,111,40,0.36036036036036034,0.0,0.0,,111.0,40.0,0.36036036036036034,231,255
2829,148,47,0.31756756756756754,0.0,0.0,,148.0,47.0,0.31756756756756754,141,46,0.3262411347517731,0.0,0.0,,141.0,46.0,0.3262411347517731,135,44,0.32592592592592595,0.0,0.0,,135.0,44.0,0.32592592592592595,255,278
2830,139,46,0.33093525179856115,0.0,0.0,,139.0,46.0,0.33093525179856115,133,46,0.3458646616541353,0.0,0.0,,133.0,46.0,0.3458646616541353,127,43,0.33858267716535434,0.0,0.0,,127.0,43.0,0.33858267716535434,247,270
2832,54,0,0.0,0.0,0.0,,54.0,0.0,0.0,53,0,0.0,0.0,0.0,,53.0,0.0,0.0,52,0,0.0,0.0,0.0,,52.0,0.0,0.0,52,53
2833,2,0,0.0,0.0,0.0,,2.0,0.0,0.0,1,0,0.0,0.0,0.0,,1.0,0.0,0.0,1,0,0.0,0.0,0.0,,1.0,0.0,0.0,1,1
2834,8,5,0.625,0.0,0.0,,8.0,5.0,0.625,7,5,0.7142857142857143,0.0,0.0,,7.0,5.0,0.7142857142857143,6,5,0.8333333333333334,0.0,0.0,,6.0,5.0,0.8333333333333334,6,7
2835,68,34,0.5,0.0,0.0,,68.0,34.0,0.5,48,17,0.3541666666666667,0.0,0.0,,48.0,17.0,0.3541666666666667,43,15,0.3488372093023256,0.0,0.0,,43.0,15.0,0.3488372093023256,43,48
2836,258,11,0.04263565891472868,4.0,1.0,0.25,254.0,10.0,0.03937007874015748,241,11,0.04564315352697095,4.0,1.0,0.25,237.0,10.0,0.04219409282700422,235,11,0.04680851063829787,4.0,1.0,0.25,231.0,10.0,0.04329004329004329,1480,1512
2837,582,95,0.16323024054982818,5.0,0.0,0.0,577.0,95.0,0.16464471403812825,572,93,0.16258741258741258,5.0,0.0,0.0,567.0,93.0,0.164021164021164,565,92,0.16283185840707964,5.0,0.0,0.0,560.0,92.0,0.16428571428571428,800,811
2838,228,2,0.008771929824561403,0.0,0.0,,228.0,2.0,0.008771929824561403,86,1,0.011627906976744186,0.0,0.0,,86.0,1.0,0.011627906976744186,79,1,0.012658227848101266,0.0,0.0,,79.0,1.0,0.012658227848101266,499,702
2841,40,1,0.025,1.0,0.0,0.0,39.0,1.0,0.02564102564102564,40,1,0.025,1.0,0.0,0.0,39.0,1.0,0.02564102564102564,39,1,0.02564102564102564,1.0,0.0,0.0,38.0,1.0,0.02631578947368421,137,139
2842,28,1,0.03571428571428571,1.0,0.0,0.0,27.0,1.0,0.037037037037037035,28,1,0.03571428571428571,1.0,0.0,0.0,27.0,1.0,0.037037037037037035,27,1,0.037037037037037035,1.0,0.0,0.0,26.0,1.0,0.038461538461538464,125,127
2843,1640,0,0.0,27.0,0.0,0.0,1613.0,0.0,0.0,1608,0,0.0,26.0,0.0,0.0,1582.0,0.0,0.0,1594,0,0.0,26.0,0.0,0.0,1568.0,0.0,0.0,1594,1608
2844,7,6,0.8571428571428571,0.0,0.0,,7.0,6.0,0.8571428571428571,7,6,0.8571428571428571,0.0,0.0,,7.0,6.0,0.8571428571428571,7,6,0.8571428571428571,0.0,0.0,,7.0,6.0,0.8571428571428571,7,7
2847,12,0,0.0,0.0,0.0,,12.0,0.0,0.0,12,0,0.0,0.0,0.0,,12.0,0.0,0.0,12,0,0.0,0.0,0.0,,12.0,0.0,0.0,12,12
2850,11,0,0.0,0.0,0.0,,11.0,0.0,0.0,11,0,0.0,0.0,0.0,,11.0,0.0,0.0,11,0,0.0,0.0,0.0,,11.0,0.0,0.0,13,13
2851,1,0,0.0,0.0,0.0,,1.0,0.0,0.0,1,0,0.0,0.0,0.0,,1.0,0.0,0.0,1,0,0.0,0.0,0.0,,1.0,0.0,0.0,1,1
2870,2,0,0.0,0.0,0.0,,2.0,0.0,0.0,2,0,0.0,0.0,0.0,,2.0,0.0,0.0,2,0,0.0,0.0,0.0,,2.0,0.0,0.0,3,3
2890,521,156,0.29942418426103645,0.0,0.0,,521.0,156.0,0.29942418426103645,459,150,0.32679738562091504,0.0,0.0,,459.0,150.0,0.32679738562091504,456,149,0.3267543859649123,0.0,0.0,,456.0,149.0,0.3267543859649123,550,553
2891,84,24,0.2857142857142857,0.0,0.0,,84.0,24.0,0.2857142857142857,76,24,0.3157894736842105,0.0,0.0,,76.0,24.0,0.3157894736842105,76,24,0.3157894736842105,0.0,0.0,,76.0,24.0,0.3157894736842105,76,76
2903,18,1,0.05555555555555555,0.0,0.0,,18.0,1.0,0.05555555555555555,18,1,0.05555555555555555,0.0,0.0,,18.0,1.0,0.05555555555555555,18,1,0.05555555555555555,0.0,0.0,,18.0,1.0,0.05555555555555555,18,18
2904,702,143,0.2037037037037037,11.0,2.0,0.18181818181818182,691.0,141.0,0.2040520984081042,540,131,0.24259259259259258,9.0,2.0,0.2222222222222222,531.0,129.0,0.24293785310734464,538,131,0.24349442379182157,9.0,2.0,0.2222222222222222,529.0,129.0,0.2438563327032136,1187,1200
2905,376,35,0.09308510638297872,2.0,1.0,0.5,374.0,34.0,0.09090909090909091,351,35,0.09971509971509972,2.0,1.0,0.5,349.0,34.0,0.09742120343839542,345,35,0.10144927536231885,2.0,1.0,0.5,343.0,34.0,0.09912536443148688,374,380
2918,525,147,0.28,0.0,0.0,,525.0,147.0,0.28,525,147,0.28,0.0,0.0,,525.0,147.0,0.28,522,146,0.2796934865900383,0.0,0.0,,522.0,146.0,0.2796934865900383,532,535
2919,71,0,0.0,0.0,0.0,,71.0,0.0,0.0,69,0,0.0,0.0,0.0,,69.0,0.0,0.0,69,0,0.0,0.0,0.0,,69.0,0.0,0.0,69,69
2923,13,2,0.15384615384615385,0.0,0.0,,13.0,2.0,0.15384615384615385,9,2,0.2222222222222222,0.0,0.0,,9.0,2.0,0.2222222222222222,9,2,0.2222222222222222,0.0,0.0,,9.0,2.0,0.2222222222222222,10,10
2924,5,1,0.2,0.0,0.0,,5.0,1.0,0.2,5,1,0.2,0.0,0.0,,5.0,1.0,0.2,5,1,0.2,0.0,0.0,,5.0,1.0,0.2,5,5
2932,393,75,0.19083969465648856,5.0,1.0,0.2,388.0,74.0,0.19072164948453607,320,72,0.225,3.0,1.0,0.3333333333333333,317.0,71.0,0.22397476340694006,316,72,0.22784810126582278,3.0,1.0,0.3333333333333333,313.0,71.0,0.2268370607028754,334,338
2936,973,179,0.18396711202466598,11.0,2.0,0.18181818181818182,962.0,177.0,0.183991683991684,727,164,0.22558459422283356,9.0,2.0,0.2222222222222222,718.0,162.0,0.22562674094707522,725,164,0.22620689655172413,9.0,2.0,0.2222222222222222,716.0,162.0,0.22625698324022347,1397,1411
2937,681,96,0.14096916299559473,12.0,1.0,0.08333333333333333,669.0,95.0,0.14200298953662183,655,94,0.1435114503816794,12.0,1.0,0.08333333333333333,643.0,93.0,0.14463452566096424,644,93,0.14440993788819875,11.0,1.0,0.09090909090909091,633.0,92.0,0.14533965244865718,644,655
2946,8,1,0.125,0.0,0.0,,8.0,1.0,0.125,8,1,0.125,0.0,0.0,,8.0,1.0,0.125,8,1,0.125,0.0,0.0,,8.0,1.0,0.125,8,8
2949,499,97,0.19438877755511022,3.0,1.0,0.3333333333333333,496.0,96.0,0.1935483870967742,445,96,0.2157303370786517,3.0,1.0,0.3333333333333333,442.0,95.0,0.2149321266968326,441,96,0.21768707482993196,3.0,1.0,0.3333333333333333,438.0,95.0,0.21689497716894976,442,446
2950,97,34,0.35051546391752575,1.0,1.0,1.0,96.0,33.0,0.34375,96,33,0.34375,1.0,1.0,1.0,95.0,32.0,0.3368421052631579,96,33,0.34375,1.0,1.0,1.0,95.0,32.0,0.3368421052631579,96,96
2967,1,0,0.0,0.0,0.0,,1.0,0.0,0.0,1,0,0.0,0.0,0.0,,1.0,0.0,0.0,1,0,0.0,0.0,0.0,,1.0,0.0,0.0,2,2
2968,2,0,0.0,0.0,0.0,,2.0,0.0,0.0,2,0,0.0,0.0,0.0,,2.0,0.0,0.0,2,0,0.0,0.0,0.0,,2.0,0.0,0.0,2,2
2984,72,28,0.3888888888888889,0.0,0.0,,72.0,28.0,0.3888888888888889,61,25,0.4098360655737705,0.0,0.0,,61.0,25.0,0.4098360655737705,61,25,0.4098360655737705,0.0,0.0,,61.0,25.0,0.4098360655737705,76,76
2985,7,3,0.42857142857142855,0.0,0.0,,7.0,3.0,0.42857142857142855,7,3,0.42857142857142855,0.0,0.0,,7.0,3.0,0.42857142857142855,7,3,0.42857142857142855,0.0,0.0,,7.0,3.0,0.42857142857142855,7,7
2992,17,4,0.23529411764705882,0.0,0.0,,17.0,4.0,0.23529411764705882,17,4,0.23529411764705882,0.0,0.0,,17.0,4.0,0.23529411764705882,17,4,0.23529411764705882,0.0,0.0,,17.0,4.0,0.23529411764705882,17,17
3022,3,2,0.6666666666666666,0.0,0.0,,3.0,2.0,0.6666666666666666,2,1,0.5,0.0,0.0,,2.0,1.0,0.5,2,1,0.5,0.0,0.0,,2.0,1.0,0.5,2,2
3025,2,1,0.5,0.0,0.0,,2.0,1.0,0.5,2,1,0.5,0.0,0.0,,2.0,1.0,0.5,2,1,0.5,0.0,0.0,,2.0,1.0,0.5,2,2
3035,15,0,0.0,0.0,0.0,,15.0,0.0,0.0,14,0,0.0,0.0,0.0,,14.0,0.0,0.0,14,0,0.0,0.0,0.0,,14.0,0.0,0.0,22,22
3036,892,176,0.19730941704035873,12.0,4.0,0.3333333333333333,880.0,172.0,0.19545454545454546,642,149,0.23208722741433022,10.0,4.0,0.4,632.0,145.0,0.22943037974683544,636,148,0.23270440251572327,10.0,4.0,0.4,626.0,144.0,0.23003194888178913,1360,1380
3037,443,78,0.17607223476297967,4.0,2.0,0.5,439.0,76.0,0.17312072892938496,414,66,0.15942028985507245,4.0,2.0,0.5,410.0,64.0,0.15609756097560976,403,64,0.1588089330024814,4.0,2.0,0.5,399.0,62.0,0.15538847117794485,403,414
3039,5,4,0.8,0.0,0.0,,5.0,4.0,0.8,5,4,0.8,0.0,0.0,,5.0,4.0,0.8,5,4,0.8,0.0,0.0,,5.0,4.0,0.8,12,12
3060,4,0,0.0,0.0,0.0,,4.0,0.0,0.0,4,0,0.0,0.0,0.0,,4.0,0.0,0.0,4,0,0.0,0.0,0.0,,4.0,0.0,0.0,11,11
3064,576,113,0.19618055555555555,3.0,0.0,0.0,573.0,113.0,0.19720767888307156,574,112,0.1951219512195122,3.0,0.0,0.0,571.0,112.0,0.19614711033274956,570,111,0.19473684210526315,3.0,0.0,0.0,567.0,111.0,0.19576719576719576,650,654
3081,317,20,0.06309148264984227,3.0,0.0,0.0,314.0,20.0,0.06369426751592357,294,18,0.061224489795918366,3.0,0.0,0.0,291.0,18.0,0.061855670103092786,292,17,0.05821917808219178,3.0,0.0,0.0,289.0,17.0,0.058823529411764705,293,295
3084,49,4,0.08163265306122448,2.0,0.0,0.0,47.0,4.0,0.0851063829787234,48,4,0.08333333333333333,2.0,0.0,0.0,46.0,4.0,0.08695652173913043,48,4,0.08333333333333333,2.0,0.0,0.0,46.0,4.0,0.08695652173913043,48,48
3086,12,12,1.0,0.0,0.0,,12.0,12.0,1.0,12,12,1.0,0.0,0.0,,12.0,12.0,1.0,12,12,1.0,0.0,0.0,,12.0,12.0,1.0,653,664
3091,26,3,0.11538461538461539,0.0,0.0,,26.0,3.0,0.11538461538461539,23,2,0.08695652173913043,0.0,0.0,,23.0,2.0,0.08695652173913043,23,2,0.08695652173913043,0.0,0.0,,23.0,2.0,0.08695652173913043,32,32
3098,134,21,0.15671641791044777,0.0,0.0,,134.0,21.0,0.15671641791044777,134,21,0.15671641791044777,0.0,0.0,,134.0,21.0,0.15671641791044777,131,21,0.16030534351145037,0.0,0.0,,131.0,21.0,0.16030534351145037,800,814
3099,5,1,0.2,0.0,0.0,,5.0,1.0,0.2,5,1,0.2,0.0,0.0,,5.0,1.0,0.2,5,1,0.2,0.0,0.0,,5.0,1.0,0.2,5,5
3109,19,3,0.15789473684210525,0.0,0.0,,19.0,3.0,0.15789473684210525,13,3,0.23076923076923078,0.0,0.0,,13.0,3.0,0.23076923076923078,13,3,0.23076923076923078,0.0,0.0,,13.0,3.0,0.23076923076923078,22,22
3110,1,0,0.0,0.0,0.0,,1.0,0.0,0.0,1,0,0.0,0.0,0.0,,1.0,0.0,0.0,1,0,0.0,0.0,0.0,,1.0,0.0,0.0,1,1
3112,124,61,0.49193548387096775,7.0,6.0,0.8571428571428571,117.0,55.0,0.4700854700854701,122,61,0.5,7.0,6.0,0.8571428571428571,115.0,55.0,0.4782608695652174,121,60,0.49586776859504134,7.0,6.0,0.8571428571428571,114.0,54.0,0.47368421052631576,121,122
3113,841,335,0.3983353151010702,9.0,5.0,0.5555555555555556,832.0,330.0,0.39663461538461536,563,224,0.3978685612788632,9.0,5.0,0.5555555555555556,554.0,219.0,0.3953068592057762,557,223,0.400359066427289,9.0,5.0,0.5555555555555556,548.0,218.0,0.3978102189781022,580,586
3115,59,13,0.22033898305084745,2.0,1.0,0.5,57.0,12.0,0.21052631578947367,58,13,0.22413793103448276,1.0,1.0,1.0,57.0,12.0,0.21052631578947367,58,13,0.22413793103448276,1.0,1.0,1.0,57.0,12.0,0.21052631578947367,58,58
3119,917,384,0.4187568157033806,15.0,6.0,0.4,902.0,378.0,0.4190687361419069,637,263,0.41287284144427,15.0,6.0,0.4,622.0,257.0,0.41318327974276525,628,259,0.4124203821656051,15.0,6.0,0.4,613.0,253.0,0.41272430668841764,636,645
3120,59,12,0.2033898305084746,2.0,1.0,0.5,57.0,11.0,0.19298245614035087,58,12,0.20689655172413793,1.0,1.0,1.0,57.0,11.0,0.19298245614035087,58,12,0.20689655172413793,1.0,1.0,1.0,57.0,11.0,0.19298245614035087,58,58
3123,41,10,0.24390243902439024,0.0,0.0,,41.0,10.0,0.24390243902439024,41,10,0.24390243902439024,0.0,0.0,,41.0,10.0,0.24390243902439024,41,10,0.24390243902439024,0.0,0.0,,41.0,10.0,0.24390243902439024,41,41
3132,72,18,0.25,0.0,0.0,,72.0,18.0,0.25,56,18,0.32142857142857145,0.0,0.0,,56.0,18.0,0.32142857142857145,56,18,0.32142857142857145,0.0,0.0,,56.0,18.0,0.32142857142857145,98,98
3133,14,3,0.21428571428571427,0.0,0.0,,14.0,3.0,0.21428571428571427,13,3,0.23076923076923078,0.0,0.0,,13.0,3.0,0.23076923076923078,13,3,0.23076923076923078,0.0,0.0,,13.0,3.0,0.23076923076923078,13,13
3140,92,55,0.5978260869565217,0.0,0.0,,92.0,55.0,0.5978260869565217,81,51,0.6296296296296297,0.0,0.0,,81.0,51.0,0.6296296296296297,81,51,0.6296296296296297,0.0,0.0,,81.0,51.0,0.6296296296296297,115,115
3141,44,42,0.9545454545454546,0.0,0.0,,44.0,42.0,0.9545454545454546,41,39,0.9512195121951219,0.0,0.0,,41.0,39.0,0.9512195121951219,41,39,0.9512195121951219,0.0,0.0,,41.0,39.0,0.9512195121951219,41,41
3155,3,0,0.0,0.0,0.0,,3.0,0.0,0.0,3,0,0.0,0.0,0.0,,3.0,0.0,0.0,3,0,0.0,0.0,0.0,,3.0,0.0,0.0,3,3
3178,158,32,0.20253164556962025,0.0,0.0,,158.0,32.0,0.20253164556962025,145,31,0.21379310344827587,0.0,0.0,,145.0,31.0,0.21379310344827587,144,31,0.2152777777777778,0.0,0.0,,144.0,31.0,0.2152777777777778,186,187
3179,10,1,0.1,0.0,0.0,,10.0,1.0,0.1,10,1,0.1,0.0,0.0,,10.0,1.0,0.1,10,1,0.1,0.0,0.0,,10.0,1.0,0.1,10,10
3198,1257,270,0.21479713603818615,7.0,1.0,0.14285714285714285,1250.0,269.0,0.2152,1105,257,0.232579185520362,6.0,1.0,0.16666666666666666,1099.0,256.0,0.2329390354868062,1097,256,0.2333637192342753,6.0,1.0,0.16666666666666666,1091.0,255.0,0.23373052245646195,1768,1787
3199,289,58,0.20069204152249134,2.0,1.0,0.5,287.0,57.0,0.1986062717770035,278,48,0.17266187050359713,2.0,1.0,0.5,276.0,47.0,0.17028985507246377,275,48,0.17454545454545456,2.0,1.0,0.5,273.0,47.0,0.17216117216117216,275,278
3213,12,4,0.3333333333333333,0.0,0.0,,12.0,4.0,0.3333333333333333,12,4,0.3333333333333333,0.0,0.0,,12.0,4.0,0.3333333333333333,12,4,0.3333333333333333,0.0,0.0,,12.0,4.0,0.3333333333333333,16,16
3244,8,0,0.0,0.0,0.0,,8.0,0.0,0.0,4,0,0.0,0.0,0.0,,4.0,0.0,0.0,4,0,0.0,0.0,0.0,,4.0,0.0,0.0,6,6
3253,6,2,0.3333333333333333,0.0,0.0,,6.0,2.0,0.3333333333333333,6,2,0.3333333333333333,0.0,0.0,,6.0,2.0,0.3333333333333333,6,2,0.3333333333333333,0.0,0.0,,6.0,2.0,0.3333333333333333,6,6
3259,4,0,0.0,0.0,0.0,,4.0,0.0,0.0,4,0,0.0,0.0,0.0,,4.0,0.0,0.0,4,0,0.0,0.0,0.0,,4.0,0.0,0.0,4,4
3278,49,10,0.20408163265306123,0.0,0.0,,49.0,10.0,0.20408163265306123,43,10,0.23255813953488372,0.0,0.0,,43.0,10.0,0.23255813953488372,43,10,0.23255813953488372,0.0,0.0,,43.0,10.0,0.23255813953488372,52,52
3279,3,1,0.3333333333333333,0.0,0.0,,3.0,1.0,0.3333333333333333,3,1,0.3333333333333333,0.0,0.0,,3.0,1.0,0.3333333333333333,3,1,0.3333333333333333,0.0,0.0,,3.0,1.0,0.3333333333333333,3,3
3288,8,1,0.125,0.0,0.0,,8.0,1.0,0.125,5,1,0.2,0.0,0.0,,5.0,1.0,0.2,5,1,0.2,0.0,0.0,,5.0,1.0,0.2,8,8
3289,1,0,0.0,0.0,0.0,,1.0,0.0,0.0,1,0,0.0,0.0,0.0,,1.0,0.0,0.0,1,0,0.0,0.0,0.0,,1.0,0.0,0.0,1,1
3309,756,169,0.22354497354497355,6.0,2.0,0.3333333333333333,750.0,167.0,0.22266666666666668,645,156,0.24186046511627907,5.0,2.0,0.4,640.0,154.0,0.240625,640,156,0.24375,5.0,2.0,0.4,635.0,154.0,0.24251968503937008,705,710
3310,249,68,0.27309236947791166,2.0,1.0,0.5,247.0,67.0,0.27125506072874495,228,55,0.2412280701754386,2.0,1.0,0.5,226.0,54.0,0.23893805309734514,225,55,0.24444444444444444,2.0,1.0,0.5,223.0,54.0,0.242152466367713,225,228
3315,195,71,0.3641025641025641,0.0,0.0,,195.0,71.0,0.3641025641025641,174,69,0.39655172413793105,0.0,0.0,,174.0,69.0,0.39655172413793105,171,67,0.391812865497076,0.0,0.0,,171.0,67.0,0.391812865497076,220,223
3316,35,23,0.6571428571428571,0.0,0.0,,35.0,23.0,0.6571428571428571,35,23,0.6571428571428571,0.0,0.0,,35.0,23.0,0.6571428571428571,34,22,0.6470588235294118,0.0,0.0,,34.0,22.0,0.6470588235294118,34,35
3332,7,1,0.14285714285714285,0.0,0.0,,7.0,1.0,0.14285714285714285,6,1,0.16666666666666666,0.0,0.0,,6.0,1.0,0.16666666666666666,6,1,0.16666666666666666,0.0,0.0,,6.0,1.0,0.16666666666666666,11,11
3333,2,1,0.5,0.0,0.0,,2.0,1.0,0.5,2,1,0.5,0.0,0.0,,2.0,1.0,0.5,2,1,0.5,0.0,0.0,,2.0,1.0,0.5,2,2
3339,3,0,0.0,0.0,0.0,,3.0,0.0,0.0,3,0,0.0,0.0,0.0,,3.0,0.0,0.0,3,0,0.0,0.0,0.0,,3.0,0.0,0.0,3,3
3353,3,0,0.0,0.0,0.0,,3.0,0.0,0.0,3,0,0.0,0.0,0.0,,3.0,0.0,0.0,3,0,0.0,0.0,0.0,,3.0,0.0,0.0,4,4
3354,1,0,0.0,0.0,0.0,,1.0,0.0,0.0,1,0,0.0,0.0,0.0,,1.0,0.0,0.0,1,0,0.0,0.0,0.0,,1.0,0.0,0.0,1,1
3366,2,0,0.0,0.0,0.0,,2.0,0.0,0.0,2,0,0.0,0.0,0.0,,2.0,0.0,0.0,2,0,0.0,0.0,0.0,,2.0,0.0,0.0,2,2
3367,4,0,0.0,0.0,0.0,,4.0,0.0,0.0,4,0,0.0,0.0,0.0,,4.0,0.0,0.0,4,0,0.0,0.0,0.0,,4.0,0.0,0.0,4,4
3372,3,0,0.0,0.0,0.0,,3.0,0.0,0.0,3,0,0.0,0.0,0.0,,3.0,0.0,0.0,3,0,0.0,0.0,0.0,,3.0,0.0,0.0,3,3
3384,1,0,0.0,0.0,0.0,,1.0,0.0,0.0,1,0,0.0,0.0,0.0,,1.0,0.0,0.0,1,0,0.0,0.0,0.0,,1.0,0.0,0.0,1,1
3413,3,0,0.0,0.0,0.0,,3.0,0.0,0.0,3,0,0.0,0.0,0.0,,3.0,0.0,0.0,3,0,0.0,0.0,0.0,,3.0,0.0,0.0,3,3
3414,1,0,0.0,0.0,0.0,,1.0,0.0,0.0,1,0,0.0,0.0,0.0,,1.0,0.0,0.0,1,0,0.0,0.0,0.0,,1.0,0.0,0.0,1,1
3425,75,17,0.22666666666666666,2.0,1.0,0.5,73.0,16.0,0.2191780821917808,47,16,0.3404255319148936,1.0,1.0,1.0,46.0,15.0,0.32608695652173914,47,16,0.3404255319148936,1.0,1.0,1.0,46.0,15.0,0.32608695652173914,53,53
3429,13,7,0.5384615384615384,0.0,0.0,,13.0,7.0,0.5384615384615384,13,7,0.5384615384615384,0.0,0.0,,13.0,7.0,0.5384615384615384,13,7,0.5384615384615384,0.0,0.0,,13.0,7.0,0.5384615384615384,13,13
3437,1,0,0.0,0.0,0.0,,1.0,0.0,0.0,1,0,0.0,0.0,0.0,,1.0,0.0,0.0,1,0,0.0,0.0,0.0,,1.0,0.0,0.0,1,1
3445,6,2,0.3333333333333333,0.0,0.0,,6.0,2.0,0.3333333333333333,6,2,0.3333333333333333,0.0,0.0,,6.0,2.0,0.3333333333333333,5,2,0.4,0.0,0.0,,5.0,2.0,0.4,5,6
3460,63,17,0.2698412698412698,0.0,0.0,,63.0,17.0,0.2698412698412698,56,16,0.2857142857142857,0.0,0.0,,56.0,16.0,0.2857142857142857,56,16,0.2857142857142857,0.0,0.0,,56.0,16.0,0.2857142857142857,88,88
3461,2,1,0.5,0.0,0.0,,2.0,1.0,0.5,2,1,0.5,0.0,0.0,,2.0,1.0,0.5,2,1,0.5,0.0,0.0,,2.0,1.0,0.5,2,2
3470,41,9,0.21951219512195122,0.0,0.0,,41.0,9.0,0.21951219512195122,32,9,0.28125,0.0,0.0,,32.0,9.0,0.28125,32,9,0.28125,0.0,0.0,,32.0,9.0,0.28125,66,66
3471,3,0,0.0,0.0,0.0,,3.0,0.0,0.0,3,0,0.0,0.0,0.0,,3.0,0.0,0.0,3,0,0.0,0.0,0.0,,3.0,0.0,0.0,3,3
3475,2,0,0.0,0.0,0.0,,2.0,0.0,0.0,2,0,0.0,0.0,0.0,,2.0,0.0,0.0,2,0,0.0,0.0,0.0,,2.0,0.0,0.0,2,2
3482,301,104,0.34551495016611294,0.0,0.0,,301.0,104.0,0.34551495016611294,239,100,0.41841004184100417,0.0,0.0,,239.0,100.0,0.41841004184100417,236,99,0.4194915254237288,0.0,0.0,,236.0,99.0,0.4194915254237288,303,306
3483,35,22,0.6285714285714286,0.0,0.0,,35.0,22.0,0.6285714285714286,35,22,0.6285714285714286,0.0,0.0,,35.0,22.0,0.6285714285714286,35,22,0.6285714285714286,0.0,0.0,,35.0,22.0,0.6285714285714286,35,35
3493,1453,373,0.2567102546455609,12.0,2.0,0.16666666666666666,1441.0,371.0,0.25746009715475365,1196,342,0.28595317725752506,10.0,2.0,0.2,1186.0,340.0,0.2866779089376054,1191,340,0.28547439126784213,10.0,2.0,0.2,1181.0,338.0,0.28619813717188824,1977,1996
3494,499,90,0.18036072144288579,2.0,1.0,0.5,497.0,89.0,0.1790744466800805,453,70,0.1545253863134658,2.0,1.0,0.5,451.0,69.0,0.15299334811529933,448,70,0.15625,2.0,1.0,0.5,446.0,69.0,0.1547085201793722,493,498
3495,106,19,0.1792452830188679,0.0,0.0,,106.0,19.0,0.1792452830188679,106,19,0.1792452830188679,0.0,0.0,,106.0,19.0,0.1792452830188679,106,19,0.1792452830188679,0.0,0.0,,106.0,19.0,0.1792452830188679,106,106
3497,1,0,0.0,0.0,0.0,,1.0,0.0,0.0,1,0,0.0,0.0,0.0,,1.0,0.0,0.0,1,0,0.0,0.0,0.0,,1.0,0.0,0.0,1,1
3505,43,12,0.27906976744186046,0.0,0.0,,43.0,12.0,0.27906976744186046,43,12,0.27906976744186046,0.0,0.0,,43.0,12.0,0.27906976744186046,42,11,0.2619047619047619,0.0,0.0,,42.0,11.0,0.2619047619047619,43,44
3520,3,0,0.0,0.0,0.0,,3.0,0.0,0.0,3,0,0.0,0.0,0.0,,3.0,0.0,0.0,3,0,0.0,0.0,0.0,,3.0,0.0,0.0,3,3
3525,5,0,0.0,0.0,0.0,,5.0,0.0,0.0,4,0,0.0,0.0,0.0,,4.0,0.0,0.0,4,0,0.0,0.0,0.0,,4.0,0.0,0.0,4,4
3538,14,3,0.21428571428571427,0.0,0.0,,14.0,3.0,0.21428571428571427,12,3,0.25,0.0,0.0,,12.0,3.0,0.25,12,3,0.25,0.0,0.0,,12.0,3.0,0.25,35,35
3539,2,1,0.5,0.0,0.0,,2.0,1.0,0.5,2,1,0.5,0.0,0.0,,2.0,1.0,0.5,2,1,0.5,0.0,0.0,,2.0,1.0,0.5,2,2
3561,38,0,0.0,0.0,0.0,,38.0,0.0,0.0,38,0,0.0,0.0,0.0,,38.0,0.0,0.0,38,0,0.0,0.0,0.0,,38.0,0.0,0.0,42,42
3569,25,2,0.08,0.0,0.0,,25.0,2.0,0.08,24,2,0.08333333333333333,0.0,0.0,,24.0,2.0,0.08333333333333333,24,2,0.08333333333333333,0.0,0.0,,24.0,2.0,0.08333333333333333,26,26
3570,2,2,1.0,0.0,0.0,,2.0,2.0,1.0,2,2,1.0,0.0,0.0,,2.0,2.0,1.0,2,2,1.0,0.0,0.0,,2.0,2.0,1.0,2,2
3576,4,1,0.25,0.0,0.0,,4.0,1.0,0.25,2,1,0.5,0.0,0.0,,2.0,1.0,0.5,2,1,0.5,0.0,0.0,,2.0,1.0,0.5,2,2
3584,134,62,0.4626865671641791,0.0,0.0,,134.0,62.0,0.4626865671641791,125,62,0.496,0.0,0.0,,125.0,62.0,0.496,123,60,0.4878048780487805,0.0,0.0,,123.0,60.0,0.4878048780487805,127,129
3592,7,3,0.42857142857142855,0.0,0.0,,7.0,3.0,0.42857142857142855,7,3,0.42857142857142855,0.0,0.0,,7.0,3.0,0.42857142857142855,7,3,0.42857142857142855,0.0,0.0,,7.0,3.0,0.42857142857142855,7,7
3593,1,0,0.0,0.0,0.0,,1.0,0.0,0.0,1,0,0.0,0.0,0.0,,1.0,0.0,0.0,1,0,0.0,0.0,0.0,,1.0,0.0,0.0,1,1
3597,48,3,0.0625,0.0,0.0,,48.0,3.0,0.0625,48,3,0.0625,0.0,0.0,,48.0,3.0,0.0625,48,3,0.0625,0.0,0.0,,48.0,3.0,0.0625,52,52
3598,27,6,0.2222222222222222,0.0,0.0,,27.0,6.0,0.2222222222222222,27,6,0.2222222222222222,0.0,0.0,,27.0,6.0,0.2222222222222222,27,6,0.2222222222222222,0.0,0.0,,27.0,6.0,0.2222222222222222,27,27
3608,26,4,0.15384615384615385,0.0,0.0,,26.0,4.0,0.15384615384615385,15,4,0.26666666666666666,0.0,0.0,,15.0,4.0,0.26666666666666666,15,4,0.26666666666666666,0.0,0.0,,15.0,4.0,0.26666666666666666,44,44
3609,3,0,0.0,0.0,0.0,,3.0,0.0,0.0,3,0,0.0,0.0,0.0,,3.0,0.0,0.0,3,0,0.0,0.0,0.0,,3.0,0.0,0.0,3,3
3615,20,6,0.3,0.0,0.0,,20.0,6.0,0.3,11,5,0.45454545454545453,0.0,0.0,,11.0,5.0,0.45454545454545453,11,5,0.45454545454545453,0.0,0.0,,11.0,5.0,0.45454545454545453,47,48
3616,10,1,0.1,0.0,0.0,,10.0,1.0,0.1,10,1,0.1,0.0,0.0,,10.0,1.0,0.1,10,1,0.1,0.0,0.0,,10.0,1.0,0.1,10,10
3629,6,0,0.0,0.0,0.0,,6.0,0.0,0.0,3,0,0.0,0.0,0.0,,3.0,0.0,0.0,3,0,0.0,0.0,0.0,,3.0,0.0,0.0,5,5
3650,11,2,0.18181818181818182,0.0,0.0,,11.0,2.0,0.18181818181818182,10,2,0.2,0.0,0.0,,10.0,2.0,0.2,10,2,0.2,0.0,0.0,,10.0,2.0,0.2,21,21
3651,3,2,0.6666666666666666,0.0,0.0,,3.0,2.0,0.6666666666666666,3,2,0.6666666666666666,0.0,0.0,,3.0,2.0,0.6666666666666666,3,2,0.6666666666666666,0.0,0.0,,3.0,2.0,0.6666666666666666,3,3
3654,3,2,0.6666666666666666,0.0,0.0,,3.0,2.0,0.6666666666666666,3,2,0.6666666666666666,0.0,0.0,,3.0,2.0,0.6666666666666666,3,2,0.6666666666666666,0.0,0.0,,3.0,2.0,0.6666666666666666,3,3
3672,10,0,0.0,0.0,0.0,,10.0,0.0,0.0,7,0,0.0,0.0,0.0,,7.0,0.0,0.0,7,0,0.0,0.0,0.0,,7.0,0.0,0.0,9,9
3682,2,1,0.5,0.0,0.0,,2.0,1.0,0.5,2,1,0.5,0.0,0.0,,2.0,1.0,0.5,2,1,0.5,0.0,0.0,,2.0,1.0,0.5,2,2
3688,685,138,0.20145985401459854,12.0,3.0,0.25,673.0,135.0,0.20059435364041606,507,118,0.23274161735700197,10.0,3.0,0.3,497.0,115.0,0.23138832997987926,505,118,0.23366336633663368,10.0,3.0,0.3,495.0,115.0,0.23232323232323232,1163,1176
3689,466,72,0.15450643776824036,3.0,2.0,0.6666666666666666,463.0,70.0,0.1511879049676026,432,57,0.13194444444444445,3.0,2.0,0.6666666666666666,429.0,55.0,0.1282051282051282,427,57,0.13348946135831383,3.0,2.0,0.6666666666666666,424.0,55.0,0.12971698113207547,427,432
3692,23,7,0.30434782608695654,1.0,0.0,0.0,22.0,7.0,0.3181818181818182,22,7,0.3181818181818182,1.0,0.0,0.0,21.0,7.0,0.3333333333333333,22,7,0.3181818181818182,1.0,0.0,0.0,21.0,7.0,0.3333333333333333,22,22
3701,119,8,0.06722689075630252,1.0,0.0,0.0,118.0,8.0,0.06779661016949153,116,8,0.06896551724137931,1.0,0.0,0.0,115.0,8.0,0.06956521739130435,116,8,0.06896551724137931,1.0,0.0,0.0,115.0,8.0,0.06956521739130435,120,120
3703,8,0,0.0,0.0,0.0,,8.0,0.0,0.0,8,0,0.0,0.0,0.0,,8.0,0.0,0.0,8,0,0.0,0.0,0.0,,8.0,0.0,0.0,8,8
3704,269,28,0.10408921933085502,0.0,0.0,,269.0,28.0,0.10408921933085502,180,25,0.1388888888888889,0.0,0.0,,180.0,25.0,0.1388888888888889,180,25,0.1388888888888889,0.0,0.0,,180.0,25.0,0.1388888888888889,685,691
3705,129,2,0.015503875968992248,1.0,0.0,0.0,128.0,2.0,0.015625,113,2,0.017699115044247787,1.0,0.0,0.0,112.0,2.0,0.017857142857142856,113,2,0.017699115044247787,1.0,0.0,0.0,112.0,2.0,0.017857142857142856,113,113
3717,6,0,0.0,0.0,0.0,,6.0,0.0,0.0,3,0,0.0,0.0,0.0,,3.0,0.0,0.0,3,0,0.0,0.0,0.0,,3.0,0.0,0.0,3,3
3742,1,0,0.0,0.0,0.0,,1.0,0.0,0.0,1,0,0.0,0.0,0.0,,1.0,0.0,0.0,1,0,0.0,0.0,0.0,,1.0,0.0,0.0,1,1
3749,14,1,0.07142857142857142,0.0,0.0,,14.0,1.0,0.07142857142857142,10,1,0.1,0.0,0.0,,10.0,1.0,0.1,10,1,0.1,0.0,0.0,,10.0,1.0,0.1,16,16
3750,7,1,0.14285714285714285,0.0,0.0,,7.0,1.0,0.14285714285714285,7,1,0.14285714285714285,0.0,0.0,,7.0,1.0,0.14285714285714285,7,1,0.14285714285714285,0.0,0.0,,7.0,1.0,0.14285714285714285,7,7
3756,1119,201,0.17962466487935658,6.0,3.0,0.5,1113.0,198.0,0.1778975741239892,978,197,0.20143149284253578,6.0,3.0,0.5,972.0,194.0,0.19958847736625515,974,196,0.20123203285420946,6.0,3.0,0.5,968.0,193.0,0.1993801652892562,1659,1674
3757,400,59,0.1475,2.0,1.0,0.5,398.0,58.0,0.1457286432160804,373,58,0.1554959785522788,2.0,1.0,0.5,371.0,57.0,0.15363881401617252,368,58,0.15760869565217392,2.0,1.0,0.5,366.0,57.0,0.1557377049180328,368,373
3767,67,9,0.13432835820895522,2.0,0.0,0.0,65.0,9.0,0.13846153846153847,58,9,0.15517241379310345,2.0,0.0,0.0,56.0,9.0,0.16071428571428573,58,9,0.15517241379310345,2.0,0.0,0.0,56.0,9.0,0.16071428571428573,91,91
3776,23,3,0.13043478260869565,0.0,0.0,,23.0,3.0,0.13043478260869565,16,3,0.1875,0.0,0.0,,16.0,3.0,0.1875,16,3,0.1875,0.0,0.0,,16.0,3.0,0.1875,38,38
3777,3,0,0.0,0.0,0.0,,3.0,0.0,0.0,3,0,0.0,0.0,0.0,,3.0,0.0,0.0,3,0,0.0,0.0,0.0,,3.0,0.0,0.0,3,3
3779,39,13,0.3333333333333333,0.0,0.0,,39.0,13.0,0.3333333333333333,30,12,0.4,0.0,0.0,,30.0,12.0,0.4,29,12,0.41379310344827586,0.0,0.0,,29.0,12.0,0.41379310344827586,86,87
3780,4,2,0.5,0.0,0.0,,4.0,2.0,0.5,4,2,0.5,0.0,0.0,,4.0,2.0,0.5,4,2,0.5,0.0,0.0,,4.0,2.0,0.5,4,4
3788,765,80,0.10457516339869281,0.0,0.0,,765.0,80.0,0.10457516339869281,598,79,0.13210702341137123,0.0,0.0,,598.0,79.0,0.13210702341137123,596,78,0.13087248322147652,0.0,0.0,,596.0,78.0,0.13087248322147652,1129,1137
3789,251,24,0.09561752988047809,1.0,0.0,0.0,250.0,24.0,0.096,227,24,0.10572687224669604,1.0,0.0,0.0,226.0,24.0,0.10619469026548672,227,24,0.10572687224669604,1.0,0.0,0.0,226.0,24.0,0.10619469026548672,227,227
3800,6,1,0.16666666666666666,0.0,0.0,,6.0,1.0,0.16666666666666666,6,1,0.16666666666666666,0.0,0.0,,6.0,1.0,0.16666666666666666,6,1,0.16666666666666666,0.0,0.0,,6.0,1.0,0.16666666666666666,26,26
3807,1,1,1.0,0.0,0.0,,1.0,1.0,1.0,1,1,1.0,0.0,0.0,,1.0,1.0,1.0,1,1,1.0,0.0,0.0,,1.0,1.0,1.0,1,1
3821,291,88,0.3024054982817869,3.0,1.0,0.3333333333333333,288.0,87.0,0.3020833333333333,236,86,0.3644067796610169,3.0,1.0,0.3333333333333333,233.0,85.0,0.3648068669527897,236,86,0.3644067796610169,3.0,1.0,0.3333333333333333,233.0,85.0,0.3648068669527897,892,903
3822,203,33,0.1625615763546798,2.0,1.0,0.5,201.0,32.0,0.15920398009950248,202,32,0.15841584158415842,2.0,1.0,0.5,200.0,31.0,0.155,198,32,0.16161616161616163,2.0,1.0,0.5,196.0,31.0,0.15816326530612246,198,202
3824,1391,331,0.23795830337886412,12.0,2.0,0.16666666666666666,1379.0,329.0,0.23857868020304568,1209,312,0.25806451612903225,10.0,2.0,0.2,1199.0,310.0,0.2585487906588824,1201,310,0.2581182348043297,10.0,2.0,0.2,1191.0,308.0,0.2586062132661629,1842,1861
3825,373,69,0.18498659517426275,2.0,1.0,0.5,371.0,68.0,0.18328840970350405,342,55,0.1608187134502924,2.0,1.0,0.5,340.0,54.0,0.1588235294117647,338,55,0.16272189349112426,2.0,1.0,0.5,336.0,54.0,0.16071428571428573,338,342
3833,1,0,0.0,0.0,0.0,,1.0,0.0,0.0,1,0,0.0,0.0,0.0,,1.0,0.0,0.0,1,0,0.0,0.0,0.0,,1.0,0.0,0.0,1,1
3836,3,2,0.6666666666666666,0.0,0.0,,3.0,2.0,0.6666666666666666,3,2,0.6666666666666666,0.0,0.0,,3.0,2.0,0.6666666666666666,3,2,0.6666666666666666,0.0,0.0,,3.0,2.0,0.6666666666666666,3,3
3848,9,0,0.0,0.0,0.0,,9.0,0.0,0.0,9,0,0.0,0.0,0.0,,9.0,0.0,0.0,9,0,0.0,0.0,0.0,,9.0,0.0,0.0,9,9
3849,523,96,0.1835564053537285,0.0,0.0,,523.0,96.0,0.1835564053537285,438,92,0.2100456621004566,0.0,0.0,,438.0,92.0,0.2100456621004566,436,91,0.20871559633027523,0.0,0.0,,436.0,91.0,0.20871559633027523,945,953
3850,129,1,0.007751937984496124,1.0,0.0,0.0,128.0,1.0,0.0078125,113,1,0.008849557522123894,1.0,0.0,0.0,112.0,1.0,0.008928571428571428,112,1,0.008928571428571428,1.0,0.0,0.0,111.0,1.0,0.009009009009009009,112,113
3853,4,0,0.0,0.0,0.0,,4.0,0.0,0.0,4,0,0.0,0.0,0.0,,4.0,0.0,0.0,4,0,0.0,0.0,0.0,,4.0,0.0,0.0,4,4
3873,5,1,0.2,0.0,0.0,,5.0,1.0,0.2,5,1,0.2,0.0,0.0,,5.0,1.0,0.2,5,1,0.2,0.0,0.0,,5.0,1.0,0.2,5,5
3874,3,0,0.0,0.0,0.0,,3.0,0.0,0.0,3,0,0.0,0.0,0.0,,3.0,0.0,0.0,3,0,0.0,0.0,0.0,,3.0,0.0,0.0,3,3
3880,569,119,0.20913884007029876,6.0,2.0,0.3333333333333333,563.0,117.0,0.20781527531083482,436,111,0.2545871559633027,5.0,2.0,0.4,431.0,109.0,0.2529002320185615,435,111,0.25517241379310346,5.0,2.0,0.4,430.0,109.0,0.2534883720930233,474,475
3881,295,58,0.19661016949152543,2.0,1.0,0.5,293.0,57.0,0.1945392491467577,287,50,0.17421602787456447,2.0,1.0,0.5,285.0,49.0,0.17192982456140352,283,50,0.17667844522968199,2.0,1.0,0.5,281.0,49.0,0.17437722419928825,308,312
3887,39,31,0.7948717948717948,0.0,0.0,,39.0,31.0,0.7948717948717948,33,30,0.9090909090909091,0.0,0.0,,33.0,30.0,0.9090909090909091,33,30,0.9090909090909091,0.0,0.0,,33.0,30.0,0.9090909090909091,60,60
3888,26,24,0.9230769230769231,0.0,0.0,,26.0,24.0,0.9230769230769231,26,24,0.9230769230769231,0.0,0.0,,26.0,24.0,0.9230769230769231,26,24,0.9230769230769231,0.0,0.0,,26.0,24.0,0.9230769230769231,26,26
3889,2,0,0.0,0.0,0.0,,2.0,0.0,0.0,2,0,0.0,0.0,0.0,,2.0,0.0,0.0,2,0,0.0,0.0,0.0,,2.0,0.0,0.0,2,2
3896,265,72,0.27169811320754716,0.0,0.0,,265.0,72.0,0.27169811320754716,262,72,0.2748091603053435,0.0,0.0,,262.0,72.0,0.2748091603053435,258,70,0.2713178294573643,0.0,0.0,,258.0,70.0,0.2713178294573643,745,759
3897,2,0,0.0,0.0,0.0,,2.0,0.0,0.0,2,0,0.0,0.0,0.0,,2.0,0.0,0.0,2,0,0.0,0.0,0.0,,2.0,0.0,0.0,2,2
3900,5,3,0.6,0.0,0.0,,5.0,3.0,0.6,5,3,0.6,0.0,0.0,,5.0,3.0,0.6,5,3,0.6,0.0,0.0,,5.0,3.0,0.6,5,5
3907,5,3,0.6,0.0,0.0,,5.0,3.0,0.6,3,2,0.6666666666666666,0.0,0.0,,3.0,2.0,0.6666666666666666,3,2,0.6666666666666666,0.0,0.0,,3.0,2.0,0.6666666666666666,17,17
3912,218,86,0.3944954128440367,0.0,0.0,,218.0,86.0,0.3944954128440367,186,83,0.44623655913978494,0.0,0.0,,186.0,83.0,0.44623655913978494,186,83,0.44623655913978494,0.0,0.0,,186.0,83.0,0.44623655913978494,255,255
3913,54,43,0.7962962962962963,0.0,0.0,,54.0,43.0,0.7962962962962963,53,43,0.8113207547169812,0.0,0.0,,53.0,43.0,0.8113207547169812,53,43,0.8113207547169812,0.0,0.0,,53.0,43.0,0.8113207547169812,53,53
3921,1,0,0.0,0.0,0.0,,1.0,0.0,0.0,1,0,0.0,0.0,0.0,,1.0,0.0,0.0,1,0,0.0,0.0,0.0,,1.0,0.0,0.0,2,2
3929,2,0,0.0,0.0,0.0,,2.0,0.0,0.0,2,0,0.0,0.0,0.0,,2.0,0.0,0.0,2,0,0.0,0.0,0.0,,2.0,0.0,0.0,2,2
3940,1,0,0.0,0.0,0.0,,1.0,0.0,0.0,1,0,0.0,0.0,0.0,,1.0,0.0,0.0,1,0,0.0,0.0,0.0,,1.0,0.0,0.0,3,3
3949,39,9,0.23076923076923078,0.0,0.0,,39.0,9.0,0.23076923076923078,39,9,0.23076923076923078,0.0,0.0,,39.0,9.0,0.23076923076923078,39,9,0.23076923076923078,0.0,0.0,,39.0,9.0,0.23076923076923078,39,39
3953,9,2,0.2222222222222222,0.0,0.0,,9.0,2.0,0.2222222222222222,5,2,0.4,0.0,0.0,,5.0,2.0,0.4,5,2,0.4,0.0,0.0,,5.0,2.0,0.4,27,27
3954,1,1,1.0,0.0,0.0,,1.0,1.0,1.0,1,1,1.0,0.0,0.0,,1.0,1.0,1.0,1,1,1.0,0.0,0.0,,1.0,1.0,1.0,1,1
3963,2,0,0.0,0.0,0.0,,2.0,0.0,0.0,2,0,0.0,0.0,0.0,,2.0,0.0,0.0,2,0,0.0,0.0,0.0,,2.0,0.0,0.0,2,2
3972,20,4,0.2,0.0,0.0,,20.0,4.0,0.2,10,4,0.4,0.0,0.0,,10.0,4.0,0.4,10,4,0.4,0.0,0.0,,10.0,4.0,0.4,10,10
3977,8,1,0.125,0.0,0.0,,8.0,1.0,0.125,8,1,0.125,0.0,0.0,,8.0,1.0,0.125,8,1,0.125,0.0,0.0,,8.0,1.0,0.125,8,8
3984,8,1,0.125,0.0,0.0,,8.0,1.0,0.125,4,1,0.25,0.0,0.0,,4.0,1.0,0.25,4,1,0.25,0.0,0.0,,4.0,1.0,0.25,4,4
4004,4,0,0.0,0.0,0.0,,4.0,0.0,0.0,4,0,0.0,0.0,0.0,,4.0,0.0,0.0,4,0,0.0,0.0,0.0,,4.0,0.0,0.0,4,4
4023,1278,365,0.2856025039123631,10.0,3.0,0.3,1268.0,362.0,0.2854889589905363,1033,337,0.32623426911907066,8.0,3.0,0.375,1025.0,334.0,0.3258536585365854,1028,335,0.32587548638132297,8.0,3.0,0.375,1020.0,332.0,0.3254901960784314,1818,1836
4024,646,98,0.15170278637770898,12.0,1.0,0.08333333333333333,634.0,97.0,0.1529968454258675,599,80,0.1335559265442404,12.0,1.0,0.08333333333333333,587.0,79.0,0.13458262350936967,589,80,0.13582342954159593,11.0,1.0,0.09090909090909091,578.0,79.0,0.13667820069204153,589,599
4030,389,71,0.18251928020565553,1.0,0.0,0.0,388.0,71.0,0.18298969072164947,373,69,0.18498659517426275,1.0,0.0,0.0,372.0,69.0,0.18548387096774194,369,69,0.18699186991869918,1.0,0.0,0.0,368.0,69.0,0.1875,378,382
4031,64,1,0.015625,0.0,0.0,,64.0,1.0,0.015625,62,1,0.016129032258064516,0.0,0.0,,62.0,1.0,0.016129032258064516,62,1,0.016129032258064516,0.0,0.0,,62.0,1.0,0.016129032258064516,109,109
4033,1,1,1.0,0.0,0.0,,1.0,1.0,1.0,1,1,1.0,0.0,0.0,,1.0,1.0,1.0,1,1,1.0,0.0,0.0,,1.0,1.0,1.0,1,1
4054,22,4,0.18181818181818182,0.0,0.0,,22.0,4.0,0.18181818181818182,13,4,0.3076923076923077,0.0,0.0,,13.0,4.0,0.3076923076923077,13,4,0.3076923076923077,0.0,0.0,,13.0,4.0,0.3076923076923077,15,15
4055,5,0,0.0,0.0,0.0,,5.0,0.0,0.0,5,0,0.0,0.0,0.0,,5.0,0.0,0.0,5,0,0.0,0.0,0.0,,5.0,0.0,0.0,5,5
4066,8,0,0.0,0.0,0.0,,8.0,0.0,0.0,4,0,0.0,0.0,0.0,,4.0,0.0,0.0,4,0,0.0,0.0,0.0,,4.0,0.0,0.0,4,4
4072,8,8,1.0,0.0,0.0,,8.0,8.0,1.0,7,7,1.0,0.0,0.0,,7.0,7.0,1.0,7,7,1.0,0.0,0.0,,7.0,7.0,1.0,7,7
4078,1038,270,0.26011560693641617,0.0,0.0,,1038.0,270.0,0.26011560693641617,857,257,0.2998833138856476,0.0,0.0,,857.0,257.0,0.2998833138856476,853,255,0.2989449003516999,0.0,0.0,,853.0,255.0,0.2989449003516999,1345,1356
4079,284,57,0.2007042253521127,1.0,0.0,0.0,283.0,57.0,0.20141342756183744,257,55,0.2140077821011673,1.0,0.0,0.0,256.0,55.0,0.21484375,257,55,0.2140077821011673,1.0,0.0,0.0,256.0,55.0,0.21484375,312,312
4083,5,3,0.6,0.0,0.0,,5.0,3.0,0.6,5,3,0.6,0.0,0.0,,5.0,3.0,0.6,5,3,0.6,0.0,0.0,,5.0,3.0,0.6,5,5
4090,81,12,0.14814814814814814,0.0,0.0,,81.0,12.0,0.14814814814814814,63,10,0.15873015873015872,0.0,0.0,,63.0,10.0,0.15873015873015872,63,10,0.15873015873015872,0.0,0.0,,63.0,10.0,0.15873015873015872,86,86
4091,122,19,0.1557377049180328,0.0,0.0,,122.0,19.0,0.1557377049180328,122,19,0.1557377049180328,0.0,0.0,,122.0,19.0,0.1557377049180328,122,19,0.1557377049180328,0.0,0.0,,122.0,19.0,0.1557377049180328,170,170
4094,7,5,0.7142857142857143,0.0,0.0,,7.0,5.0,0.7142857142857143,7,5,0.7142857142857143,0.0,0.0,,7.0,5.0,0.7142857142857143,7,5,0.7142857142857143,0.0,0.0,,7.0,5.0,0.7142857142857143,7,7
4099,4,0,0.0,0.0,0.0,,4.0,0.0,0.0,3,0,0.0,0.0,0.0,,3.0,0.0,0.0,3,0,0.0,0.0,0.0,,3.0,0.0,0.0,3,3
4114,398,97,0.24371859296482412,1.0,0.0,0.0,397.0,97.0,0.24433249370277077,367,89,0.24250681198910082,1.0,0.0,0.0,366.0,89.0,0.24316939890710382,363,89,0.24517906336088155,1.0,0.0,0.0,362.0,89.0,0.24585635359116023,371,375
4115,45,35,0.7777777777777778,0.0,0.0,,45.0,35.0,0.7777777777777778,38,28,0.7368421052631579,0.0,0.0,,38.0,28.0,0.7368421052631579,38,28,0.7368421052631579,0.0,0.0,,38.0,28.0,0.7368421052631579,38,38
4134,19,5,0.2631578947368421,0.0,0.0,,19.0,5.0,0.2631578947368421,11,4,0.36363636363636365,0.0,0.0,,11.0,4.0,0.36363636363636365,11,4,0.36363636363636365,0.0,0.0,,11.0,4.0,0.36363636363636365,11,11
4151,3,0,0.0,0.0,0.0,,3.0,0.0,0.0,3,0,0.0,0.0,0.0,,3.0,0.0,0.0,3,0,0.0,0.0,0.0,,3.0,0.0,0.0,3,3
4164,1015,239,0.2354679802955665,11.0,3.0,0.2727272727272727,1004.0,236.0,0.2350597609561753,782,222,0.28388746803069054,9.0,3.0,0.3333333333333333,773.0,219.0,0.2833117723156533,780,222,0.2846153846153846,9.0,3.0,0.3333333333333333,771.0,219.0,0.2840466926070039,1430,1443
4165,451,49,0.10864745011086474,2.0,1.0,0.5,449.0,48.0,0.10690423162583519,424,49,0.11556603773584906,2.0,1.0,0.5,422.0,48.0,0.11374407582938388,419,49,0.11694510739856802,2.0,1.0,0.5,417.0,48.0,0.11510791366906475,419,424
4173,8,1,0.125,0.0,0.0,,8.0,1.0,0.125,8,1,0.125,0.0,0.0,,8.0,1.0,0.125,8,1,0.125,0.0,0.0,,8.0,1.0,0.125,8,8
4181,8,1,0.125,0.0,0.0,,8.0,1.0,0.125,8,1,0.125,0.0,0.0,,8.0,1.0,0.125,8,1,0.125,0.0,0.0,,8.0,1.0,0.125,8,8
4197,2,0,0.0,0.0,0.0,,2.0,0.0,0.0,1,0,0.0,0.0,0.0,,1.0,0.0,0.0,1,0,0.0,0.0,0.0,,1.0,0.0,0.0,1,1
4200,2,0,0.0,0.0,0.0,,2.0,0.0,0.0,2,0,0.0,0.0,0.0,,2.0,0.0,0.0,2,0,0.0,0.0,0.0,,2.0,0.0,0.0,2,2
4207,3,0,0.0,0.0,0.0,,3.0,0.0,0.0,3,0,0.0,0.0,0.0,,3.0,0.0,0.0,3,0,0.0,0.0,0.0,,3.0,0.0,0.0,3,3
4211,89,19,0.21348314606741572,1.0,0.0,0.0,88.0,19.0,0.2159090909090909,89,19,0.21348314606741572,1.0,0.0,0.0,88.0,19.0,0.2159090909090909,89,19,0.21348314606741572,1.0,0.0,0.0,88.0,19.0,0.2159090909090909,89,89
4223,2,0,0.0,0.0,0.0,,2.0,0.0,0.0,2,0,0.0,0.0,0.0,,2.0,0.0,0.0,2,0,0.0,0.0,0.0,,2.0,0.0,0.0,3,3
4234,16,0,0.0,0.0,0.0,,16.0,0.0,0.0,8,0,0.0,0.0,0.0,,8.0,0.0,0.0,8,0,0.0,0.0,0.0,,8.0,0.0,0.0,18,18
4242,29,0,0.0,0.0,0.0,,29.0,0.0,0.0,28,0,0.0,0.0,0.0,,28.0,0.0,0.0,28,0,0.0,0.0,0.0,,28.0,0.0,0.0,41,41
4260,33,7,0.21212121212121213,0.0,0.0,,33.0,7.0,0.21212121212121213,22,6,0.2727272727272727,0.0,0.0,,22.0,6.0,0.2727272727272727,22,6,0.2727272727272727,0.0,0.0,,22.0,6.0,0.2727272727272727,22,22
4264,2,1,0.5,0.0,0.0,,2.0,1.0,0.5,2,1,0.5,0.0,0.0,,2.0,1.0,0.5,2,1,0.5,0.0,0.0,,2.0,1.0,0.5,2,2
4277,22,3,0.13636363636363635,0.0,0.0,,22.0,3.0,0.13636363636363635,17,3,0.17647058823529413,0.0,0.0,,17.0,3.0,0.17647058823529413,17,3,0.17647058823529413,0.0,0.0,,17.0,3.0,0.17647058823529413,22,22
4278,1,1,1.0,0.0,0.0,,1.0,1.0,1.0,1,1,1.0,0.0,0.0,,1.0,1.0,1.0,1,1,1.0,0.0,0.0,,1.0,1.0,1.0,1,1
4303,72,10,0.1388888888888889,2.0,1.0,0.5,70.0,9.0,0.12857142857142856,60,10,0.16666666666666666,1.0,1.0,1.0,59.0,9.0,0.15254237288135594,60,10,0.16666666666666666,1.0,1.0,1.0,59.0,9.0,0.15254237288135594,60,60
4304,9,1,0.1111111111111111,0.0,0.0,,9.0,1.0,0.1111111111111111,9,1,0.1111111111111111,0.0,0.0,,9.0,1.0,0.1111111111111111,9,1,0.1111111111111111,0.0,0.0,,9.0,1.0,0.1111111111111111,9,9
4310,2,0,0.0,0.0,0.0,,2.0,0.0,0.0,2,0,0.0,0.0,0.0,,2.0,0.0,0.0,2,0,0.0,0.0,0.0,,2.0,0.0,0.0,2,2
4320,34,7,0.20588235294117646,0.0,0.0,,34.0,7.0,0.20588235294117646,19,6,0.3157894736842105,0.0,0.0,,19.0,6.0,0.3157894736842105,19,6,0.3157894736842105,0.0,0.0,,19.0,6.0,0.3157894736842105,29,29
4321,3,0,0.0,0.0,0.0,,3.0,0.0,0.0,3,0,0.0,0.0,0.0,,3.0,0.0,0.0,3,0,0.0,0.0,0.0,,3.0,0.0,0.0,3,3
4340,6,1,0.16666666666666666,0.0,0.0,,6.0,1.0,0.16666666666666666,3,1,0.3333333333333333,0.0,0.0,,3.0,1.0,0.3333333333333333,3,1,0.3333333333333333,0.0,0.0,,3.0,1.0,0.3333333333333333,3,3
4348,23,5,0.21739130434782608,0.0,0.0,,23.0,5.0,0.21739130434782608,14,5,0.35714285714285715,0.0,0.0,,14.0,5.0,0.35714285714285715,14,5,0.35714285714285715,0.0,0.0,,14.0,5.0,0.35714285714285715,40,40
4349,10,0,0.0,0.0,0.0,,10.0,0.0,0.0,10,0,0.0,0.0,0.0,,10.0,0.0,0.0,10,0,0.0,0.0,0.0,,10.0,0.0,0.0,10,10
4354,277,96,0.34657039711191334,2.0,0.0,0.0,275.0,96.0,0.3490909090909091,212,87,0.41037735849056606,1.0,0.0,0.0,211.0,87.0,0.41232227488151657,212,87,0.41037735849056606,1.0,0.0,0.0,211.0,87.0,0.41232227488151657,297,297
4355,422,39,0.0924170616113744,11.0,0.0,0.0,411.0,39.0,0.0948905109489051,402,32,0.07960199004975124,11.0,0.0,0.0,391.0,32.0,0.08184143222506395,394,32,0.08121827411167512,10.0,0.0,0.0,384.0,32.0,0.08333333333333333,395,403
4370,10,1,0.1,0.0,0.0,,10.0,1.0,0.1,4,1,0.25,0.0,0.0,,4.0,1.0,0.25,4,1,0.25,0.0,0.0,,4.0,1.0,0.25,8,8
4371,2,0,0.0,0.0,0.0,,2.0,0.0,0.0,2,0,0.0,0.0,0.0,,2.0,0.0,0.0,2,0,0.0,0.0,0.0,,2.0,0.0,0.0,2,2
4378,1,0,0.0,0.0,0.0,,1.0,0.0,0.0,1,0,0.0,0.0,0.0,,1.0,0.0,0.0,1,0,0.0,0.0,0.0,,1.0,0.0,0.0,22,22
4390,37,6,0.16216216216216217,0.0,0.0,,37.0,6.0,0.16216216216216217,32,6,0.1875,0.0,0.0,,32.0,6.0,0.1875,32,6,0.1875,0.0,0.0,,32.0,6.0,0.1875,54,54
4406,2,0,0.0,0.0,0.0,,2.0,0.0,0.0,2,0,0.0,0.0,0.0,,2.0,0.0,0.0,2,0,0.0,0.0,0.0,,2.0,0.0,0.0,2,2
4412,4,0,0.0,0.0,0.0,,4.0,0.0,0.0,4,0,0.0,0.0,0.0,,4.0,0.0,0.0,4,0,0.0,0.0,0.0,,4.0,0.0,0.0,4,4
4421,6,2,0.3333333333333333,0.0,0.0,,6.0,2.0,0.3333333333333333,6,2,0.3333333333333333,0.0,0.0,,6.0,2.0,0.3333333333333333,6,2,0.3333333333333333,0.0,0.0,,6.0,2.0,0.3333333333333333,6,6
4443,4,0,0.0,0.0,0.0,,4.0,0.0,0.0,3,0,0.0,0.0,0.0,,3.0,0.0,0.0,3,0,0.0,0.0,0.0,,3.0,0.0,0.0,7,7
4444,1,0,0.0,0.0,0.0,,1.0,0.0,0.0,1,0,0.0,0.0,0.0,,1.0,0.0,0.0,1,0,0.0,0.0,0.0,,1.0,0.0,0.0,1,1
4454,2,0,0.0,0.0,0.0,,2.0,0.0,0.0,2,0,0.0,0.0,0.0,,2.0,0.0,0.0,2,0,0.0,0.0,0.0,,2.0,0.0,0.0,2,2
4457,282,127,0.450354609929078,0.0,0.0,,282.0,127.0,0.450354609929078,225,121,0.5377777777777778,0.0,0.0,,225.0,121.0,0.5377777777777778,222,118,0.5315315315315315,0.0,0.0,,222.0,118.0,0.5315315315315315,284,287
4458,37,23,0.6216216216216216,0.0,0.0,,37.0,23.0,0.6216216216216216,37,23,0.6216216216216216,0.0,0.0,,37.0,23.0,0.6216216216216216,36,22,0.6111111111111112,0.0,0.0,,36.0,22.0,0.6111111111111112,36,37
4476,26,4,0.15384615384615385,0.0,0.0,,26.0,4.0,0.15384615384615385,14,3,0.21428571428571427,0.0,0.0,,14.0,3.0,0.21428571428571427,14,3,0.21428571428571427,0.0,0.0,,14.0,3.0,0.21428571428571427,16,16
4479,1,0,0.0,0.0,0.0,,1.0,0.0,0.0,1,0,0.0,0.0,0.0,,1.0,0.0,0.0,1,0,0.0,0.0,0.0,,1.0,0.0,0.0,1,1
4485,45,10,0.2222222222222222,0.0,0.0,,45.0,10.0,0.2222222222222222,45,10,0.2222222222222222,0.0,0.0,,45.0,10.0,0.2222222222222222,44,10,0.22727272727272727,0.0,0.0,,44.0,10.0,0.22727272727272727,44,45
4486,6,0,0.0,0.0,0.0,,6.0,0.0,0.0,6,0,0.0,0.0,0.0,,6.0,0.0,0.0,6,0,0.0,0.0,0.0,,6.0,0.0,0.0,6,6
4503,1,0,0.0,0.0,0.0,,1.0,0.0,0.0,1,0,0.0,0.0,0.0,,1.0,0.0,0.0,1,0,0.0,0.0,0.0,,1.0,0.0,0.0,1,1
4506,33,3,0.09090909090909091,0.0,0.0,,33.0,3.0,0.09090909090909091,28,3,0.10714285714285714,0.0,0.0,,28.0,3.0,0.10714285714285714,28,3,0.10714285714285714,0.0,0.0,,28.0,3.0,0.10714285714285714,37,37
4507,6,0,0.0,0.0,0.0,,6.0,0.0,0.0,6,0,0.0,0.0,0.0,,6.0,0.0,0.0,6,0,0.0,0.0,0.0,,6.0,0.0,0.0,6,6
4510,2,0,0.0,0.0,0.0,,2.0,0.0,0.0,2,0,0.0,0.0,0.0,,2.0,0.0,0.0,2,0,0.0,0.0,0.0,,2.0,0.0,0.0,2,2
4531,1,0,0.0,0.0,0.0,,1.0,0.0,0.0,1,0,0.0,0.0,0.0,,1.0,0.0,0.0,1,0,0.0,0.0,0.0,,1.0,0.0,0.0,3,3
4547,45,33,0.7333333333333333,0.0,0.0,,45.0,33.0,0.7333333333333333,39,32,0.8205128205128205,0.0,0.0,,39.0,32.0,0.8205128205128205,39,32,0.8205128205128205,0.0,0.0,,39.0,32.0,0.8205128205128205,66,66
4548,3,0,0.0,0.0,0.0,,3.0,0.0,0.0,3,0,0.0,0.0,0.0,,3.0,0.0,0.0,3,0,0.0,0.0,0.0,,3.0,0.0,0.0,4,4
4549,4,0,0.0,0.0,0.0,,4.0,0.0,0.0,4,0,0.0,0.0,0.0,,4.0,0.0,0.0,4,0,0.0,0.0,0.0,,4.0,0.0,0.0,4,4
4558,30,24,0.8,0.0,0.0,,30.0,24.0,0.8,30,24,0.8,0.0,0.0,,30.0,24.0,0.8,30,24,0.8,0.0,0.0,,30.0,24.0,0.8,30,30
4559,2,0,0.0,0.0,0.0,,2.0,0.0,0.0,2,0,0.0,0.0,0.0,,2.0,0.0,0.0,2,0,0.0,0.0,0.0,,2.0,0.0,0.0,2,2
4573,19,1,0.05263157894736842,0.0,0.0,,19.0,1.0,0.05263157894736842,15,1,0.06666666666666667,0.0,0.0,,15.0,1.0,0.06666666666666667,15,1,0.06666666666666667,0.0,0.0,,15.0,1.0,0.06666666666666667,16,16
4575,72,72,1.0,1.0,1.0,1.0,71.0,71.0,1.0,69,69,1.0,1.0,1.0,1.0,68.0,68.0,1.0,69,69,1.0,1.0,1.0,1.0,68.0,68.0,1.0,69,69
4578,41,24,0.5853658536585366,0.0,0.0,,41.0,24.0,0.5853658536585366,34,24,0.7058823529411765,0.0,0.0,,34.0,24.0,0.7058823529411765,34,24,0.7058823529411765,0.0,0.0,,34.0,24.0,0.7058823529411765,65,65
4579,25,22,0.88,0.0,0.0,,25.0,22.0,0.88,25,22,0.88,0.0,0.0,,25.0,22.0,0.88,25,22,0.88,0.0,0.0,,25.0,22.0,0.88,25,25
4587,46,26,0.5652173913043478,2.0,1.0,0.5,44.0,25.0,0.5681818181818182,33,25,0.7575757575757576,1.0,1.0,1.0,32.0,24.0,0.75,33,25,0.7575757575757576,1.0,1.0,1.0,32.0,24.0,0.75,35,35
4588,19,17,0.8947368421052632,0.0,0.0,,19.0,17.0,0.8947368421052632,19,17,0.8947368421052632,0.0,0.0,,19.0,17.0,0.8947368421052632,19,17,0.8947368421052632,0.0,0.0,,19.0,17.0,0.8947368421052632,19,19
4598,45,0,0.0,0.0,0.0,,45.0,0.0,0.0,44,0,0.0,0.0,0.0,,44.0,0.0,0.0,44,0,0.0,0.0,0.0,,44.0,0.0,0.0,44,44
4609,2,2,1.0,0.0,0.0,,2.0,2.0,1.0,2,2,1.0,0.0,0.0,,2.0,2.0,1.0,2,2,1.0,0.0,0.0,,2.0,2.0,1.0,2,2
4610,2,2,1.0,0.0,0.0,,2.0,2.0,1.0,2,2,1.0,0.0,0.0,,2.0,2.0,1.0,2,2,1.0,0.0,0.0,,2.0,2.0,1.0,2,2
4653,795,188,0.23647798742138365,5.0,1.0,0.2,790.0,187.0,0.23670886075949368,735,183,0.24897959183673468,3.0,1.0,0.3333333333333333,732.0,182.0,0.24863387978142076,728,182,0.25,3.0,1.0,0.3333333333333333,725.0,181.0,0.2496551724137931,1373,1391
4654,54,47,0.8703703703703703,0.0,0.0,,54.0,47.0,0.8703703703703703,42,35,0.8333333333333334,0.0,0.0,,42.0,35.0,0.8333333333333334,42,35,0.8333333333333334,0.0,0.0,,42.0,35.0,0.8333333333333334,42,42
4681,408,102,0.25,6.0,1.0,0.16666666666666666,402.0,101.0,0.2512437810945274,331,89,0.2688821752265861,4.0,1.0,0.25,327.0,88.0,0.2691131498470948,327,89,0.27217125382262997,4.0,1.0,0.25,323.0,88.0,0.2724458204334365,1071,1088
4682,222,17,0.07657657657657657,10.0,0.0,0.0,212.0,17.0,0.08018867924528301,217,17,0.07834101382488479,10.0,0.0,0.0,207.0,17.0,0.0821256038647343,211,17,0.08056872037914692,9.0,0.0,0.0,202.0,17.0,0.08415841584158416,239,245
4693,21,6,0.2857142857142857,0.0,0.0,,21.0,6.0,0.2857142857142857,17,6,0.35294117647058826,0.0,0.0,,17.0,6.0,0.35294117647058826,17,6,0.35294117647058826,0.0,0.0,,17.0,6.0,0.35294117647058826,27,27
4694,4,2,0.5,0.0,0.0,,4.0,2.0,0.5,4,2,0.5,0.0,0.0,,4.0,2.0,0.5,4,2,0.5,0.0,0.0,,4.0,2.0,0.5,4,4
4703,12,7,0.5833333333333334,0.0,0.0,,12.0,7.0,0.5833333333333334,12,7,0.5833333333333334,0.0,0.0,,12.0,7.0,0.5833333333333334,12,7,0.5833333333333334,0.0,0.0,,12.0,7.0,0.5833333333333334,18,18
4731,9,3,0.3333333333333333,0.0,0.0,,9.0,3.0,0.3333333333333333,6,3,0.5,0.0,0.0,,6.0,3.0,0.5,6,3,0.5,0.0,0.0,,6.0,3.0,0.5,26,26
4732,3,1,0.3333333333333333,0.0,0.0,,3.0,1.0,0.3333333333333333,3,1,0.3333333333333333,0.0,0.0,,3.0,1.0,0.3333333333333333,3,1,0.3333333333333333,0.0,0.0,,3.0,1.0,0.3333333333333333,3,3
4740,122,22,0.18032786885245902,0.0,0.0,,122.0,22.0,0.18032786885245902,79,21,0.26582278481012656,0.0,0.0,,79.0,21.0,0.26582278481012656,79,21,0.26582278481012656,0.0,0.0,,79.0,21.0,0.26582278481012656,95,95
4741,4,1,0.25,0.0,0.0,,4.0,1.0,0.25,4,1,0.25,0.0,0.0,,4.0,1.0,0.25,4,1,0.25,0.0,0.0,,4.0,1.0,0.25,4,4
4742,18,1,0.05555555555555555,0.0,0.0,,18.0,1.0,0.05555555555555555,18,1,0.05555555555555555,0.0,0.0,,18.0,1.0,0.05555555555555555,18,1,0.05555555555555555,0.0,0.0,,18.0,1.0,0.05555555555555555,18,18
4751,1,0,0.0,0.0,0.0,,1.0,0.0,0.0,1,0,0.0,0.0,0.0,,1.0,0.0,0.0,1,0,0.0,0.0,0.0,,1.0,0.0,0.0,2,2
4773,2,0,0.0,0.0,0.0,,2.0,0.0,0.0,2,0,0.0,0.0,0.0,,2.0,0.0,0.0,2,0,0.0,0.0,0.0,,2.0,0.0,0.0,8,8
4781,1,0,0.0,0.0,0.0,,1.0,0.0,0.0,1,0,0.0,0.0,0.0,,1.0,0.0,0.0,1,0,0.0,0.0,0.0,,1.0,0.0,0.0,2,2
4790,3,3,1.0,0.0,0.0,,3.0,3.0,1.0,3,3,1.0,0.0,0.0,,3.0,3.0,1.0,3,3,1.0,0.0,0.0,,3.0,3.0,1.0,3,3
4791,3,3,1.0,0.0,0.0,,3.0,3.0,1.0,3,3,1.0,0.0,0.0,,3.0,3.0,1.0,3,3,1.0,0.0,0.0,,3.0,3.0,1.0,3,3
4796,13,3,0.23076923076923078,0.0,0.0,,13.0,3.0,0.23076923076923078,10,3,0.3,0.0,0.0,,10.0,3.0,0.3,10,3,0.3,0.0,0.0,,10.0,3.0,0.3,36,36
4797,1,1,1.0,0.0,0.0,,1.0,1.0,1.0,1,1,1.0,0.0,0.0,,1.0,1.0,1.0,1,1,1.0,0.0,0.0,,1.0,1.0,1.0,1,1
4815,5,0,0.0,0.0,0.0,,5.0,0.0,0.0,4,0,0.0,0.0,0.0,,4.0,0.0,0.0,4,0,0.0,0.0,0.0,,4.0,0.0,0.0,4,4
4823,1,0,0.0,0.0,0.0,,1.0,0.0,0.0,1,0,0.0,0.0,0.0,,1.0,0.0,0.0,1,0,0.0,0.0,0.0,,1.0,0.0,0.0,1,1
4836,152,45,0.29605263157894735,0.0,0.0,,152.0,45.0,0.29605263157894735,127,43,0.33858267716535434,0.0,0.0,,127.0,43.0,0.33858267716535434,127,43,0.33858267716535434,0.0,0.0,,127.0,43.0,0.33858267716535434,201,201
4837,22,11,0.5,0.0,0.0,,22.0,11.0,0.5,22,11,0.5,0.0,0.0,,22.0,11.0,0.5,22,11,0.5,0.0,0.0,,22.0,11.0,0.5,22,22
4843,115,19,0.16521739130434782,0.0,0.0,,115.0,19.0,0.16521739130434782,115,19,0.16521739130434782,0.0,0.0,,115.0,19.0,0.16521739130434782,112,19,0.16964285714285715,0.0,0.0,,112.0,19.0,0.16964285714285715,112,115
4865,26,3,0.11538461538461539,0.0,0.0,,26.0,3.0,0.11538461538461539,26,3,0.11538461538461539,0.0,0.0,,26.0,3.0,0.11538461538461539,26,3,0.11538461538461539,0.0,0.0,,26.0,3.0,0.11538461538461539,26,26
4867,118,49,0.4152542372881356,0.0,0.0,,118.0,49.0,0.4152542372881356,118,49,0.4152542372881356,0.0,0.0,,118.0,49.0,0.4152542372881356,116,48,0.41379310344827586,0.0,0.0,,116.0,48.0,0.41379310344827586,121,123
4868,7,0,0.0,0.0,0.0,,7.0,0.0,0.0,7,0,0.0,0.0,0.0,,7.0,0.0,0.0,7,0,0.0,0.0,0.0,,7.0,0.0,0.0,7,7
4872,3,0,0.0,0.0,0.0,,3.0,0.0,0.0,2,0,0.0,0.0,0.0,,2.0,0.0,0.0,2,0,0.0,0.0,0.0,,2.0,0.0,0.0,5,5
4873,1,0,0.0,0.0,0.0,,1.0,0.0,0.0,1,0,0.0,0.0,0.0,,1.0,0.0,0.0,1,0,0.0,0.0,0.0,,1.0,0.0,0.0,1,1
4883,3,0,0.0,0.0,0.0,,3.0,0.0,0.0,3,0,0.0,0.0,0.0,,3.0,0.0,0.0,3,0,0.0,0.0,0.0,,3.0,0.0,0.0,5,5
4895,7,0,0.0,0.0,0.0,,7.0,0.0,0.0,6,0,0.0,0.0,0.0,,6.0,0.0,0.0,6,0,0.0,0.0,0.0,,6.0,0.0,0.0,10,10
4901,67,9,0.13432835820895522,0.0,0.0,,67.0,9.0,0.13432835820895522,54,9,0.16666666666666666,0.0,0.0,,54.0,9.0,0.16666666666666666,54,9,0.16666666666666666,0.0,0.0,,54.0,9.0,0.16666666666666666,54,54
4902,61,0,0.0,0.0,0.0,,61.0,0.0,0.0,60,0,0.0,0.0,0.0,,60.0,0.0,0.0,60,0,0.0,0.0,0.0,,60.0,0.0,0.0,60,60
4915,178,40,0.2247191011235955,0.0,0.0,,178.0,40.0,0.2247191011235955,150,39,0.26,0.0,0.0,,150.0,39.0,0.26,149,39,0.26174496644295303,0.0,0.0,,149.0,39.0,0.26174496644295303,149,150
4916,64,0,0.0,0.0,0.0,,64.0,0.0,0.0,64,0,0.0,0.0,0.0,,64.0,0.0,0.0,64,0,0.0,0.0,0.0,,64.0,0.0,0.0,64,64
4928,74,26,0.35135135135135137,2.0,0.0,0.0,72.0,26.0,0.3611111111111111,69,26,0.37681159420289856,2.0,0.0,0.0,67.0,26.0,0.3880597014925373,69,26,0.37681159420289856,2.0,0.0,0.0,67.0,26.0,0.3880597014925373,69,69
4929,14,14,1.0,0.0,0.0,,14.0,14.0,1.0,14,14,1.0,0.0,0.0,,14.0,14.0,1.0,14,14,1.0,0.0,0.0,,14.0,14.0,1.0,14,14
4945,2,0,0.0,0.0,0.0,,2.0,0.0,0.0,2,0,0.0,0.0,0.0,,2.0,0.0,0.0,2,0,0.0,0.0,0.0,,2.0,0.0,0.0,2,2
4960,779,246,0.3157894736842105,0.0,0.0,,779.0,246.0,0.3157894736842105,622,229,0.36816720257234725,0.0,0.0,,622.0,229.0,0.36816720257234725,620,229,0.36935483870967745,0.0,0.0,,620.0,229.0,0.36935483870967745,680,682
4961,306,58,0.1895424836601307,1.0,0.0,0.0,305.0,58.0,0.1901639344262295,278,56,0.2014388489208633,1.0,0.0,0.0,277.0,56.0,0.20216606498194944,276,56,0.2028985507246377,1.0,0.0,0.0,275.0,56.0,0.20363636363636364,334,336
4983,279,57,0.20430107526881722,2.0,0.0,0.0,277.0,57.0,0.20577617328519857,278,57,0.20503597122302158,2.0,0.0,0.0,276.0,57.0,0.20652173913043478,277,57,0.20577617328519857,2.0,0.0,0.0,275.0,57.0,0.20727272727272728,277,278
4990,9,0,0.0,0.0,0.0,,9.0,0.0,0.0,9,0,0.0,0.0,0.0,,9.0,0.0,0.0,8,0,0.0,0.0,0.0,,8.0,0.0,0.0,9,10
4999,407,49,0.12039312039312039,0.0,0.0,,407.0,49.0,0.12039312039312039,407,49,0.12039312039312039,0.0,0.0,,407.0,49.0,0.12039312039312039,404,48,0.1188118811881188,0.0,0.0,,404.0,48.0,0.1188118811881188,404,407
5008,247,20,0.08097165991902834,1.0,0.0,0.0,246.0,20.0,0.08130081300813008,219,20,0.091324200913242,1.0,0.0,0.0,218.0,20.0,0.09174311926605505,214,20,0.09345794392523364,1.0,0.0,0.0,213.0,20.0,0.09389671361502347,270,275
5011,1,1,1.0,0.0,0.0,,1.0,1.0,1.0,1,1,1.0,0.0,0.0,,1.0,1.0,1.0,1,1,1.0,0.0,0.0,,1.0,1.0,1.0,1,1
5016,416,107,0.25721153846153844,2.0,1.0,0.5,414.0,106.0,0.2560386473429952,335,97,0.28955223880597014,2.0,1.0,0.5,333.0,96.0,0.2882882882882883,332,97,0.2921686746987952,2.0,1.0,0.5,330.0,96.0,0.2909090909090909,344,347
5017,226,52,0.23008849557522124,2.0,1.0,0.5,224.0,51.0,0.22767857142857142,218,44,0.2018348623853211,2.0,1.0,0.5,216.0,43.0,0.19907407407407407,214,44,0.205607476635514,2.0,1.0,0.5,212.0,43.0,0.2028301886792453,214,218
5031,9,0,0.0,0.0,0.0,,9.0,0.0,0.0,5,0,0.0,0.0,0.0,,5.0,0.0,0.0,5,0,0.0,0.0,0.0,,5.0,0.0,0.0,7,7
5039,2,1,0.5,0.0,0.0,,2.0,1.0,0.5,2,1,0.5,0.0,0.0,,2.0,1.0,0.5,2,1,0.5,0.0,0.0,,2.0,1.0,0.5,26,26
5040,2,0,0.0,0.0,0.0,,2.0,0.0,0.0,2,0,0.0,0.0,0.0,,2.0,0.0,0.0,2,0,0.0,0.0,0.0,,2.0,0.0,0.0,2,2
5041,2,0,0.0,0.0,0.0,,2.0,0.0,0.0,2,0,0.0,0.0,0.0,,2.0,0.0,0.0,2,0,0.0,0.0,0.0,,2.0,0.0,0.0,2,2
5056,353,31,0.08781869688385269,2.0,0.0,0.0,351.0,31.0,0.08831908831908832,302,30,0.09933774834437085,2.0,0.0,0.0,300.0,30.0,0.1,297,30,0.10101010101010101,2.0,0.0,0.0,295.0,30.0,0.1016949152542373,308,313
5057,4,0,0.0,0.0,0.0,,4.0,0.0,0.0,4,0,0.0,0.0,0.0,,4.0,0.0,0.0,4,0,0.0,0.0,0.0,,4.0,0.0,0.0,4,4
5071,6,0,0.0,0.0,0.0,,6.0,0.0,0.0,3,0,0.0,0.0,0.0,,3.0,0.0,0.0,3,0,0.0,0.0,0.0,,3.0,0.0,0.0,3,3
5077,78,21,0.2692307692307692,0.0,0.0,,78.0,21.0,0.2692307692307692,73,20,0.273972602739726,0.0,0.0,,73.0,20.0,0.273972602739726,73,20,0.273972602739726,0.0,0.0,,73.0,20.0,0.273972602739726,73,73
5078,98,54,0.5510204081632653,0.0,0.0,,98.0,54.0,0.5510204081632653,90,52,0.5777777777777777,0.0,0.0,,90.0,52.0,0.5777777777777777,90,52,0.5777777777777777,0.0,0.0,,90.0,52.0,0.5777777777777777,150,150
5079,42,37,0.8809523809523809,0.0,0.0,,42.0,37.0,0.8809523809523809,41,37,0.9024390243902439,0.0,0.0,,41.0,37.0,0.9024390243902439,41,37,0.9024390243902439,0.0,0.0,,41.0,37.0,0.9024390243902439,41,41
5104,9,0,0.0,0.0,0.0,,9.0,0.0,0.0,9,0,0.0,0.0,0.0,,9.0,0.0,0.0,9,0,0.0,0.0,0.0,,9.0,0.0,0.0,9,9
5109,25,4,0.16,0.0,0.0,,25.0,4.0,0.16,25,4,0.16,0.0,0.0,,25.0,4.0,0.16,25,4,0.16,0.0,0.0,,25.0,4.0,0.16,25,25
5119,21,4,0.19047619047619047,0.0,0.0,,21.0,4.0,0.19047619047619047,17,4,0.23529411764705882,0.0,0.0,,17.0,4.0,0.23529411764705882,17,4,0.23529411764705882,0.0,0.0,,17.0,4.0,0.23529411764705882,45,45
5120,5,2,0.4,0.0,0.0,,5.0,2.0,0.4,5,2,0.4,0.0,0.0,,5.0,2.0,0.4,5,2,0.4,0.0,0.0,,5.0,2.0,0.4,5,5
5127,36,4,0.1111111111111111,0.0,0.0,,36.0,4.0,0.1111111111111111,29,4,0.13793103448275862,0.0,0.0,,29.0,4.0,0.13793103448275862,29,4,0.13793103448275862,0.0,0.0,,29.0,4.0,0.13793103448275862,56,56
5128,3,1,0.3333333333333333,0.0,0.0,,3.0,1.0,0.3333333333333333,3,1,0.3333333333333333,0.0,0.0,,3.0,1.0,0.3333333333333333,3,1,0.3333333333333333,0.0,0.0,,3.0,1.0,0.3333333333333333,3,3
5140,3,0,0.0,0.0,0.0,,3.0,0.0,0.0,3,0,0.0,0.0,0.0,,3.0,0.0,0.0,3,0,0.0,0.0,0.0,,3.0,0.0,0.0,3,3
5153,24,15,0.625,0.0,0.0,,24.0,15.0,0.625,24,15,0.625,0.0,0.0,,24.0,15.0,0.625,24,15,0.625,0.0,0.0,,24.0,15.0,0.625,29,29
5155,27,11,0.4074074074074074,0.0,0.0,,27.0,11.0,0.4074074074074074,27,11,0.4074074074074074,0.0,0.0,,27.0,11.0,0.4074074074074074,27,11,0.4074074074074074,0.0,0.0,,27.0,11.0,0.4074074074074074,32,32
5160,112,24,0.21428571428571427,0.0,0.0,,112.0,24.0,0.21428571428571427,92,23,0.25,0.0,0.0,,92.0,23.0,0.25,92,23,0.25,0.0,0.0,,92.0,23.0,0.25,130,130
5161,1,0,0.0,0.0,0.0,,1.0,0.0,0.0,1,0,0.0,0.0,0.0,,1.0,0.0,0.0,1,0,0.0,0.0,0.0,,1.0,0.0,0.0,1,1
5189,16,4,0.25,0.0,0.0,,16.0,4.0,0.25,11,4,0.36363636363636365,0.0,0.0,,11.0,4.0,0.36363636363636365,11,4,0.36363636363636365,0.0,0.0,,11.0,4.0,0.36363636363636365,18,18
5190,5,0,0.0,0.0,0.0,,5.0,0.0,0.0,5,0,0.0,0.0,0.0,,5.0,0.0,0.0,5,0,0.0,0.0,0.0,,5.0,0.0,0.0,5,5
5193,3,0,0.0,0.0,0.0,,3.0,0.0,0.0,3,0,0.0,0.0,0.0,,3.0,0.0,0.0,3,0,0.0,0.0,0.0,,3.0,0.0,0.0,3,3
5197,9,0,0.0,0.0,0.0,,9.0,0.0,0.0,6,0,0.0,0.0,0.0,,6.0,0.0,0.0,6,0,0.0,0.0,0.0,,6.0,0.0,0.0,6,6
5228,11,3,0.2727272727272727,0.0,0.0,,11.0,3.0,0.2727272727272727,7,3,0.42857142857142855,0.0,0.0,,7.0,3.0,0.42857142857142855,7,3,0.42857142857142855,0.0,0.0,,7.0,3.0,0.42857142857142855,7,7
5240,1,0,0.0,0.0,0.0,,1.0,0.0,0.0,1,0,0.0,0.0,0.0,,1.0,0.0,0.0,1,0,0.0,0.0,0.0,,1.0,0.0,0.0,1,1
5254,63,18,0.2857142857142857,0.0,0.0,,63.0,18.0,0.2857142857142857,55,16,0.2909090909090909,0.0,0.0,,55.0,16.0,0.2909090909090909,55,16,0.2909090909090909,0.0,0.0,,55.0,16.0,0.2909090909090909,88,89
5255,1,0,0.0,0.0,0.0,,1.0,0.0,0.0,1,0,0.0,0.0,0.0,,1.0,0.0,0.0,1,0,0.0,0.0,0.0,,1.0,0.0,0.0,1,1
5262,32,9,0.28125,0.0,0.0,,32.0,9.0,0.28125,21,8,0.38095238095238093,0.0,0.0,,21.0,8.0,0.38095238095238093,21,8,0.38095238095238093,0.0,0.0,,21.0,8.0,0.38095238095238093,49,49
5263,2,0,0.0,0.0,0.0,,2.0,0.0,0.0,2,0,0.0,0.0,0.0,,2.0,0.0,0.0,2,0,0.0,0.0,0.0,,2.0,0.0,0.0,2,2
5273,1242,402,0.32367149758454106,0.0,0.0,,1242.0,402.0,0.32367149758454106,1025,380,0.37073170731707317,0.0,0.0,,1025.0,380.0,0.37073170731707317,1017,377,0.37069813176007865,0.0,0.0,,1017.0,377.0,0.37069813176007865,1600,1615
5274,308,54,0.17532467532467533,1.0,0.0,0.0,307.0,54.0,0.1758957654723127,281,52,0.18505338078291814,1.0,0.0,0.0,280.0,52.0,0.18571428571428572,280,52,0.18571428571428572,1.0,0.0,0.0,279.0,52.0,0.1863799283154122,336,337
5277,8,7,0.875,0.0,0.0,,8.0,7.0,0.875,7,6,0.8571428571428571,0.0,0.0,,7.0,6.0,0.8571428571428571,7,6,0.8571428571428571,0.0,0.0,,7.0,6.0,0.8571428571428571,7,7
5283,76,34,0.4473684210526316,0.0,0.0,,76.0,34.0,0.4473684210526316,76,34,0.4473684210526316,0.0,0.0,,76.0,34.0,0.4473684210526316,76,34,0.4473684210526316,0.0,0.0,,76.0,34.0,0.4473684210526316,78,78
5284,100,70,0.7,0.0,0.0,,100.0,70.0,0.7,100,70,0.7,0.0,0.0,,100.0,70.0,0.7,100,70,0.7,0.0,0.0,,100.0,70.0,0.7,102,102
5285,76,26,0.34210526315789475,0.0,0.0,,76.0,26.0,0.34210526315789475,76,26,0.34210526315789475,0.0,0.0,,76.0,26.0,0.34210526315789475,76,26,0.34210526315789475,0.0,0.0,,76.0,26.0,0.34210526315789475,78,78
5286,85,21,0.24705882352941178,0.0,0.0,,85.0,21.0,0.24705882352941178,85,21,0.24705882352941178,0.0,0.0,,85.0,21.0,0.24705882352941178,85,21,0.24705882352941178,0.0,0.0,,85.0,21.0,0.24705882352941178,87,87
5287,76,12,0.15789473684210525,0.0,0.0,,76.0,12.0,0.15789473684210525,76,12,0.15789473684210525,0.0,0.0,,76.0,12.0,0.15789473684210525,76,12,0.15789473684210525,0.0,0.0,,76.0,12.0,0.15789473684210525,78,78
5290,14,3,0.21428571428571427,0.0,0.0,,14.0,3.0,0.21428571428571427,7,2,0.2857142857142857,0.0,0.0,,7.0,2.0,0.2857142857142857,7,2,0.2857142857142857,0.0,0.0,,7.0,2.0,0.2857142857142857,38,38
5298,323,103,0.3188854489164087,0.0,0.0,,323.0,103.0,0.3188854489164087,274,98,0.35766423357664234,0.0,0.0,,274.0,98.0,0.35766423357664234,272,98,0.3602941176470588,0.0,0.0,,272.0,98.0,0.3602941176470588,340,342
5299,33,21,0.6363636363636364,0.0,0.0,,33.0,21.0,0.6363636363636364,33,21,0.6363636363636364,0.0,0.0,,33.0,21.0,0.6363636363636364,33,21,0.6363636363636364,0.0,0.0,,33.0,21.0,0.6363636363636364,33,33
5305,219,46,0.2100456621004566,2.0,0.0,0.0,217.0,46.0,0.2119815668202765,173,45,0.26011560693641617,1.0,0.0,0.0,172.0,45.0,0.2616279069767442,173,45,0.26011560693641617,1.0,0.0,0.0,172.0,45.0,0.2616279069767442,814,825
5306,58,0,0.0,0.0,0.0,,58.0,0.0,0.0,58,0,0.0,0.0,0.0,,58.0,0.0,0.0,58,0,0.0,0.0,0.0,,58.0,0.0,0.0,58,58
5330,777,121,0.15572715572715573,5.0,2.0,0.4,772.0,119.0,0.15414507772020725,605,107,0.1768595041322314,5.0,2.0,0.4,600.0,105.0,0.175,599,107,0.17863105175292154,5.0,2.0,0.4,594.0,105.0,0.17676767676767677,1288,1305
5331,360,67,0.18611111111111112,3.0,2.0,0.6666666666666666,357.0,65.0,0.18207282913165265,337,55,0.1632047477744807,3.0,2.0,0.6666666666666666,334.0,53.0,0.15868263473053892,332,55,0.16566265060240964,3.0,2.0,0.6666666666666666,329.0,53.0,0.16109422492401215,333,338
5332,49,15,0.30612244897959184,2.0,0.0,0.0,47.0,15.0,0.3191489361702128,48,15,0.3125,2.0,0.0,0.0,46.0,15.0,0.32608695652173914,48,15,0.3125,2.0,0.0,0.0,46.0,15.0,0.32608695652173914,48,48
5347,1,0,0.0,0.0,0.0,,1.0,0.0,0.0,1,0,0.0,0.0,0.0,,1.0,0.0,0.0,1,0,0.0,0.0,0.0,,1.0,0.0,0.0,4,4
5354,53,31,0.5849056603773585,0.0,0.0,,53.0,31.0,0.5849056603773585,42,31,0.7380952380952381,0.0,0.0,,42.0,31.0,0.7380952380952381,42,31,0.7380952380952381,0.0,0.0,,42.0,31.0,0.7380952380952381,43,43
5355,27,26,0.9629629629629629,0.0,0.0,,27.0,26.0,0.9629629629629629,27,26,0.9629629629629629,0.0,0.0,,27.0,26.0,0.9629629629629629,27,26,0.9629629629629629,0.0,0.0,,27.0,26.0,0.9629629629629629,27,27
5371,55,14,0.2545454545454545,0.0,0.0,,55.0,14.0,0.2545454545454545,43,13,0.3023255813953488,0.0,0.0,,43.0,13.0,0.3023255813953488,43,13,0.3023255813953488,0.0,0.0,,43.0,13.0,0.3023255813953488,43,43
5374,2,2,1.0,0.0,0.0,,2.0,2.0,1.0,2,2,1.0,0.0,0.0,,2.0,2.0,1.0,2,2,1.0,0.0,0.0,,2.0,2.0,1.0,2,2
5387,1,0,0.0,0.0,0.0,,1.0,0.0,0.0,1,0,0.0,0.0,0.0,,1.0,0.0,0.0,1,0,0.0,0.0,0.0,,1.0,0.0,0.0,1,1
5397,22,17,0.7727272727272727,1.0,1.0,1.0,21.0,16.0,0.7619047619047619,22,17,0.7727272727272727,1.0,1.0,1.0,21.0,16.0,0.7619047619047619,22,17,0.7727272727272727,1.0,1.0,1.0,21.0,16.0,0.7619047619047619,22,22
5401,18,12,0.6666666666666666,0.0,0.0,,18.0,12.0,0.6666666666666666,17,12,0.7058823529411765,0.0,0.0,,17.0,12.0,0.7058823529411765,17,12,0.7058823529411765,0.0,0.0,,17.0,12.0,0.7058823529411765,17,17
5404,2,0,0.0,0.0,0.0,,2.0,0.0,0.0,2,0,0.0,0.0,0.0,,2.0,0.0,0.0,2,0,0.0,0.0,0.0,,2.0,0.0,0.0,2,2
5407,32,16,0.5,0.0,0.0,,32.0,16.0,0.5,32,16,0.5,0.0,0.0,,32.0,16.0,0.5,32,16,0.5,0.0,0.0,,32.0,16.0,0.5,32,32
5409,36,0,0.0,2.0,0.0,0.0,34.0,0.0,0.0,35,0,0.0,2.0,0.0,0.0,33.0,0.0,0.0,34,0,0.0,2.0,0.0,0.0,32.0,0.0,0.0,56,57
5418,4,2,0.5,0.0,0.0,,4.0,2.0,0.5,2,1,0.5,0.0,0.0,,2.0,1.0,0.5,2,1,0.5,0.0,0.0,,2.0,1.0,0.5,7,7
5419,2,0,0.0,0.0,0.0,,2.0,0.0,0.0,2,0,0.0,0.0,0.0,,2.0,0.0,0.0,2,0,0.0,0.0,0.0,,2.0,0.0,0.0,2,2
5421,19,4,0.21052631578947367,0.0,0.0,,19.0,4.0,0.21052631578947367,14,4,0.2857142857142857,0.0,0.0,,14.0,4.0,0.2857142857142857,14,4,0.2857142857142857,0.0,0.0,,14.0,4.0,0.2857142857142857,22,22
5422,1,0,0.0,0.0,0.0,,1.0,0.0,0.0,1,0,0.0,0.0,0.0,,1.0,0.0,0.0,1,0,0.0,0.0,0.0,,1.0,0.0,0.0,1,1
5435,166,89,0.536144578313253,0.0,0.0,,166.0,89.0,0.536144578313253,150,86,0.5733333333333334,0.0,0.0,,150.0,86.0,0.5733333333333334,148,84,0.5675675675675675,0.0,0.0,,148.0,84.0,0.5675675675675675,172,174
5436,11,1,0.09090909090909091,0.0,0.0,,11.0,1.0,0.09090909090909091,11,1,0.09090909090909091,0.0,0.0,,11.0,1.0,0.09090909090909091,11,1,0.09090909090909091,0.0,0.0,,11.0,1.0,0.09090909090909091,11,11
5463,133,23,0.17293233082706766,0.0,0.0,,133.0,23.0,0.17293233082706766,122,22,0.18032786885245902,0.0,0.0,,122.0,22.0,0.18032786885245902,121,22,0.18181818181818182,0.0,0.0,,121.0,22.0,0.18181818181818182,154,155
5464,5,1,0.2,0.0,0.0,,5.0,1.0,0.2,5,1,0.2,0.0,0.0,,5.0,1.0,0.2,5,1,0.2,0.0,0.0,,5.0,1.0,0.2,5,5
5473,66,16,0.24242424242424243,0.0,0.0,,66.0,16.0,0.24242424242424243,55,15,0.2727272727272727,0.0,0.0,,55.0,15.0,0.2727272727272727,55,15,0.2727272727272727,0.0,0.0,,55.0,15.0,0.2727272727272727,89,89
5474,2,1,0.5,0.0,0.0,,2.0,1.0,0.5,2,1,0.5,0.0,0.0,,2.0,1.0,0.5,2,1,0.5,0.0,0.0,,2.0,1.0,0.5,2,2
5476,3,2,0.6666666666666666,0.0,0.0,,3.0,2.0,0.6666666666666666,3,2,0.6666666666666666,0.0,0.0,,3.0,2.0,0.6666666666666666,3,2,0.6666666666666666,0.0,0.0,,3.0,2.0,0.6666666666666666,3,3
5530,1,0,0.0,0.0,0.0,,1.0,0.0,0.0,1,0,0.0,0.0,0.0,,1.0,0.0,0.0,1,0,0.0,0.0,0.0,,1.0,0.0,0.0,30,30
5553,1,0,0.0,0.0,0.0,,1.0,0.0,0.0,1,0,0.0,0.0,0.0,,1.0,0.0,0.0,1,0,0.0,0.0,0.0,,1.0,0.0,0.0,4,4
5554,1,0,0.0,0.0,0.0,,1.0,0.0,0.0,1,0,0.0,0.0,0.0,,1.0,0.0,0.0,1,0,0.0,0.0,0.0,,1.0,0.0,0.0,1,1
5569,407,45,0.11056511056511056,0.0,0.0,,407.0,45.0,0.11056511056511056,407,45,0.11056511056511056,0.0,0.0,,407.0,45.0,0.11056511056511056,404,44,0.10891089108910891,0.0,0.0,,404.0,44.0,0.10891089108910891,404,407
5580,2,0,0.0,0.0,0.0,,2.0,0.0,0.0,2,0,0.0,0.0,0.0,,2.0,0.0,0.0,2,0,0.0,0.0,0.0,,2.0,0.0,0.0,2,2
5585,1,1,1.0,0.0,0.0,,1.0,1.0,1.0,1,1,1.0,0.0,0.0,,1.0,1.0,1.0,1,1,1.0,0.0,0.0,,1.0,1.0,1.0,1,1
5587,1,0,0.0,0.0,0.0,,1.0,0.0,0.0,1,0,0.0,0.0,0.0,,1.0,0.0,0.0,1,0,0.0,0.0,0.0,,1.0,0.0,0.0,3,3
5591,1,0,0.0,0.0,0.0,,1.0,0.0,0.0,1,0,0.0,0.0,0.0,,1.0,0.0,0.0,1,0,0.0,0.0,0.0,,1.0,0.0,0.0,5,5
5602,1,0,0.0,0.0,0.0,,1.0,0.0,0.0,1,0,0.0,0.0,0.0,,1.0,0.0,0.0,1,0,0.0,0.0,0.0,,1.0,0.0,0.0,1,1
5615,25,15,0.6,0.0,0.0,,25.0,15.0,0.6,20,15,0.75,0.0,0.0,,20.0,15.0,0.75,20,15,0.75,0.0,0.0,,20.0,15.0,0.75,48,48
5616,17,14,0.8235294117647058,0.0,0.0,,17.0,14.0,0.8235294117647058,17,14,0.8235294117647058,0.0,0.0,,17.0,14.0,0.8235294117647058,17,14,0.8235294117647058,0.0,0.0,,17.0,14.0,0.8235294117647058,17,17
5627,22,6,0.2727272727272727,0.0,0.0,,22.0,6.0,0.2727272727272727,11,5,0.45454545454545453,0.0,0.0,,11.0,5.0,0.45454545454545453,11,5,0.45454545454545453,0.0,0.0,,11.0,5.0,0.45454545454545453,11,11
5630,1,0,0.0,0.0,0.0,,1.0,0.0,0.0,1,0,0.0,0.0,0.0,,1.0,0.0,0.0,1,0,0.0,0.0,0.0,,1.0,0.0,0.0,1,1
5639,90,24,0.26666666666666666,0.0,0.0,,90.0,24.0,0.26666666666666666,83,24,0.2891566265060241,0.0,0.0,,83.0,24.0,0.2891566265060241,83,24,0.2891566265060241,0.0,0.0,,83.0,24.0,0.2891566265060241,137,137
5640,92,0,0.0,1.0,0.0,0.0,91.0,0.0,0.0,84,0,0.0,1.0,0.0,0.0,83.0,0.0,0.0,84,0,0.0,1.0,0.0,0.0,83.0,0.0,0.0,84,84
5641,2,0,0.0,0.0,0.0,,2.0,0.0,0.0,2,0,0.0,0.0,0.0,,2.0,0.0,0.0,2,0,0.0,0.0,0.0,,2.0,0.0,0.0,2,2
5643,1,0,0.0,0.0,0.0,,1.0,0.0,0.0,1,0,0.0,0.0,0.0,,1.0,0.0,0.0,1,0,0.0,0.0,0.0,,1.0,0.0,0.0,1,1
5657,341,24,0.07038123167155426,1.0,0.0,0.0,340.0,24.0,0.07058823529411765,302,24,0.07947019867549669,1.0,0.0,0.0,301.0,24.0,0.07973421926910298,298,24,0.08053691275167785,1.0,0.0,0.0,297.0,24.0,0.08080808080808081,324,328
5658,58,0,0.0,0.0,0.0,,58.0,0.0,0.0,58,0,0.0,0.0,0.0,,58.0,0.0,0.0,58,0,0.0,0.0,0.0,,58.0,0.0,0.0,58,58
5661,7,1,0.14285714285714285,0.0,0.0,,7.0,1.0,0.14285714285714285,7,1,0.14285714285714285,0.0,0.0,,7.0,1.0,0.14285714285714285,7,1,0.14285714285714285,0.0,0.0,,7.0,1.0,0.14285714285714285,7,7
5662,74,43,0.581081081081081,0.0,0.0,,74.0,43.0,0.581081081081081,60,41,0.6833333333333333,0.0,0.0,,60.0,41.0,0.6833333333333333,60,41,0.6833333333333333,0.0,0.0,,60.0,41.0,0.6833333333333333,71,71
5663,93,38,0.40860215053763443,0.0,0.0,,93.0,38.0,0.40860215053763443,84,37,0.44047619047619047,0.0,0.0,,84.0,37.0,0.44047619047619047,84,37,0.44047619047619047,0.0,0.0,,84.0,37.0,0.44047619047619047,84,84
5692,128,22,0.171875,0.0,0.0,,128.0,22.0,0.171875,97,22,0.2268041237113402,0.0,0.0,,97.0,22.0,0.2268041237113402,96,21,0.21875,0.0,0.0,,96.0,21.0,0.21875,144,146
5693,61,8,0.13114754098360656,0.0,0.0,,61.0,8.0,0.13114754098360656,53,8,0.1509433962264151,0.0,0.0,,53.0,8.0,0.1509433962264151,52,8,0.15384615384615385,0.0,0.0,,52.0,8.0,0.15384615384615385,52,53
5707,329,58,0.1762917933130699,3.0,0.0,0.0,326.0,58.0,0.17791411042944785,318,58,0.18238993710691823,3.0,0.0,0.0,315.0,58.0,0.18412698412698414,316,58,0.18354430379746836,3.0,0.0,0.0,313.0,58.0,0.1853035143769968,316,318
5708,81,20,0.24691358024691357,0.0,0.0,,81.0,20.0,0.24691358024691357,80,20,0.25,0.0,0.0,,80.0,20.0,0.25,80,20,0.25,0.0,0.0,,80.0,20.0,0.25,108,108
5728,389,43,0.11053984575835475,0.0,0.0,,389.0,43.0,0.11053984575835475,250,39,0.156,0.0,0.0,,250.0,39.0,0.156,250,39,0.156,0.0,0.0,,250.0,39.0,0.156,748,754
5729,3,0,0.0,0.0,0.0,,3.0,0.0,0.0,3,0,0.0,0.0,0.0,,3.0,0.0,0.0,3,0,0.0,0.0,0.0,,3.0,0.0,0.0,3,3
5744,299,57,0.19063545150501673,0.0,0.0,,299.0,57.0,0.19063545150501673,195,56,0.28717948717948716,0.0,0.0,,195.0,56.0,0.28717948717948716,193,54,0.27979274611398963,0.0,0.0,,193.0,54.0,0.27979274611398963,259,261
5745,25,20,0.8,0.0,0.0,,25.0,20.0,0.8,25,20,0.8,0.0,0.0,,25.0,20.0,0.8,25,20,0.8,0.0,0.0,,25.0,20.0,0.8,25,25
5763,568,75,0.13204225352112675,4.0,1.0,0.25,564.0,74.0,0.13120567375886524,445,73,0.16404494382022472,4.0,1.0,0.25,441.0,72.0,0.16326530612244897,441,73,0.1655328798185941,4.0,1.0,0.25,437.0,72.0,0.16475972540045766,480,484
5764,42,33,0.7857142857142857,1.0,1.0,1.0,41.0,32.0,0.7804878048780488,41,32,0.7804878048780488,1.0,1.0,1.0,40.0,31.0,0.775,41,32,0.7804878048780488,1.0,1.0,1.0,40.0,31.0,0.775,41,41
5780,714,153,0.21428571428571427,0.0,0.0,,714.0,153.0,0.21428571428571427,536,141,0.2630597014925373,0.0,0.0,,536.0,141.0,0.2630597014925373,536,141,0.2630597014925373,0.0,0.0,,536.0,141.0,0.2630597014925373,1083,1089
5781,276,48,0.17391304347826086,1.0,0.0,0.0,275.0,48.0,0.17454545454545456,250,47,0.188,1.0,0.0,0.0,249.0,47.0,0.18875502008032127,250,47,0.188,1.0,0.0,0.0,249.0,47.0,0.18875502008032127,250,250
5801,84,10,0.11904761904761904,2.0,0.0,0.0,82.0,10.0,0.12195121951219512,69,10,0.14492753623188406,2.0,0.0,0.0,67.0,10.0,0.14925373134328357,69,10,0.14492753623188406,2.0,0.0,0.0,67.0,10.0,0.14925373134328357,70,70
5802,188,0,0.0,1.0,0.0,0.0,187.0,0.0,0.0,180,0,0.0,1.0,0.0,0.0,179.0,0.0,0.0,176,0,0.0,1.0,0.0,0.0,175.0,0.0,0.0,176,180
5847,963,199,0.2066458982346833,0.0,0.0,,963.0,199.0,0.2066458982346833,783,190,0.24265644955300128,0.0,0.0,,783.0,190.0,0.24265644955300128,780,189,0.2423076923076923,0.0,0.0,,780.0,189.0,0.2423076923076923,1336,1345
5848,285,50,0.17543859649122806,1.0,0.0,0.0,284.0,50.0,0.176056338028169,259,49,0.1891891891891892,1.0,0.0,0.0,258.0,49.0,0.18992248062015504,259,49,0.1891891891891892,1.0,0.0,0.0,258.0,49.0,0.18992248062015504,312,312
5851,3,2,0.6666666666666666,0.0,0.0,,3.0,2.0,0.6666666666666666,3,2,0.6666666666666666,0.0,0.0,,3.0,2.0,0.6666666666666666,3,2,0.6666666666666666,0.0,0.0,,3.0,2.0,0.6666666666666666,3,3
5863,7,1,0.14285714285714285,0.0,0.0,,7.0,1.0,0.14285714285714285,5,1,0.2,0.0,0.0,,5.0,1.0,0.2,5,1,0.2,0.0,0.0,,5.0,1.0,0.2,7,7
5864,1,0,0.0,0.0,0.0,,1.0,0.0,0.0,1,0,0.0,0.0,0.0,,1.0,0.0,0.0,1,0,0.0,0.0,0.0,,1.0,0.0,0.0,1,1
5887,6,0,0.0,0.0,0.0,,6.0,0.0,0.0,3,0,0.0,0.0,0.0,,3.0,0.0,0.0,3,0,0.0,0.0,0.0,,3.0,0.0,0.0,4,4
5915,74,0,0.0,1.0,0.0,0.0,73.0,0.0,0.0,73,0,0.0,1.0,0.0,0.0,72.0,0.0,0.0,72,0,0.0,1.0,0.0,0.0,71.0,0.0,0.0,72,73
5918,2,2,1.0,0.0,0.0,,2.0,2.0,1.0,2,2,1.0,0.0,0.0,,2.0,2.0,1.0,2,2,1.0,0.0,0.0,,2.0,2.0,1.0,2,2
5923,47,14,0.2978723404255319,0.0,0.0,,47.0,14.0,0.2978723404255319,35,14,0.4,0.0,0.0,,35.0,14.0,0.4,35,14,0.4,0.0,0.0,,35.0,14.0,0.4,82,82
5924,11,4,0.36363636363636365,0.0,0.0,,11.0,4.0,0.36363636363636365,11,4,0.36363636363636365,0.0,0.0,,11.0,4.0,0.36363636363636365,11,4,0.36363636363636365,0.0,0.0,,11.0,4.0,0.36363636363636365,11,11
5945,4,0,0.0,0.0,0.0,,4.0,0.0,0.0,4,0,0.0,0.0,0.0,,4.0,0.0,0.0,4,0,0.0,0.0,0.0,,4.0,0.0,0.0,4,4
5961,7,0,0.0,0.0,0.0,,7.0,0.0,0.0,6,0,0.0,0.0,0.0,,6.0,0.0,0.0,6,0,0.0,0.0,0.0,,6.0,0.0,0.0,11,11
5971,116,10,0.08620689655172414,0.0,0.0,,116.0,10.0,0.08620689655172414,116,10,0.08620689655172414,0.0,0.0,,116.0,10.0,0.08620689655172414,113,10,0.08849557522123894,0.0,0.0,,113.0,10.0,0.08849557522123894,113,116
5974,5,0,0.0,0.0,0.0,,5.0,0.0,0.0,3,0,0.0,0.0,0.0,,3.0,0.0,0.0,3,0,0.0,0.0,0.0,,3.0,0.0,0.0,5,5
5975,1,0,0.0,0.0,0.0,,1.0,0.0,0.0,1,0,0.0,0.0,0.0,,1.0,0.0,0.0,1,0,0.0,0.0,0.0,,1.0,0.0,0.0,1,1
5982,35,2,0.05714285714285714,0.0,0.0,,35.0,2.0,0.05714285714285714,31,2,0.06451612903225806,0.0,0.0,,31.0,2.0,0.06451612903225806,31,2,0.06451612903225806,0.0,0.0,,31.0,2.0,0.06451612903225806,59,59
6012,1,0,0.0,0.0,0.0,,1.0,0.0,0.0,1,0,0.0,0.0,0.0,,1.0,0.0,0.0,1,0,0.0,0.0,0.0,,1.0,0.0,0.0,22,22
6025,11,0,0.0,0.0,0.0,,11.0,0.0,0.0,10,0,0.0,0.0,0.0,,10.0,0.0,0.0,10,0,0.0,0.0,0.0,,10.0,0.0,0.0,10,10
6032,107,19,0.17757009345794392,0.0,0.0,,107.0,19.0,0.17757009345794392,107,19,0.17757009345794392,0.0,0.0,,107.0,19.0,0.17757009345794392,106,18,0.16981132075471697,0.0,0.0,,106.0,18.0,0.16981132075471697,111,113
6034,1156,277,0.23961937716262977,5.0,1.0,0.2,1151.0,276.0,0.23979148566463945,982,259,0.2637474541751528,5.0,1.0,0.2,977.0,258.0,0.2640736949846469,978,258,0.26380368098159507,5.0,1.0,0.2,973.0,257.0,0.2641315519013361,1080,1086
6035,574,89,0.15505226480836237,12.0,1.0,0.08333333333333333,562.0,88.0,0.15658362989323843,545,74,0.13577981651376148,12.0,1.0,0.08333333333333333,533.0,73.0,0.13696060037523453,536,74,0.13805970149253732,11.0,1.0,0.09090909090909091,525.0,73.0,0.13904761904761906,536,545
6072,75,23,0.30666666666666664,0.0,0.0,,75.0,23.0,0.30666666666666664,65,22,0.3384615384615385,0.0,0.0,,65.0,22.0,0.3384615384615385,65,22,0.3384615384615385,0.0,0.0,,65.0,22.0,0.3384615384615385,93,93
6073,7,0,0.0,0.0,0.0,,7.0,0.0,0.0,7,0,0.0,0.0,0.0,,7.0,0.0,0.0,7,0,0.0,0.0,0.0,,7.0,0.0,0.0,7,7
6076,3,2,0.6666666666666666,0.0,0.0,,3.0,2.0,0.6666666666666666,3,2,0.6666666666666666,0.0,0.0,,3.0,2.0,0.6666666666666666,3,2,0.6666666666666666,0.0,0.0,,3.0,2.0,0.6666666666666666,3,3
6086,22,0,0.0,0.0,0.0,,22.0,0.0,0.0,22,0,0.0,0.0,0.0,,22.0,0.0,0.0,22,0,0.0,0.0,0.0,,22.0,0.0,0.0,22,22
6090,16,4,0.25,0.0,0.0,,16.0,4.0,0.25,8,4,0.5,0.0,0.0,,8.0,4.0,0.5,8,4,0.5,0.0,0.0,,8.0,4.0,0.5,8,8
6092,14,4,0.2857142857142857,0.0,0.0,,14.0,4.0,0.2857142857142857,7,4,0.5714285714285714,0.0,0.0,,7.0,4.0,0.5714285714285714,7,4,0.5714285714285714,0.0,0.0,,7.0,4.0,0.5714285714285714,7,7
6094,22,6,0.2727272727272727,0.0,0.0,,22.0,6.0,0.2727272727272727,11,5,0.45454545454545453,0.0,0.0,,11.0,5.0,0.45454545454545453,11,5,0.45454545454545453,0.0,0.0,,11.0,5.0,0.45454545454545453,11,11
6097,3,0,0.0,0.0,0.0,,3.0,0.0,0.0,3,0,0.0,0.0,0.0,,3.0,0.0,0.0,3,0,0.0,0.0,0.0,,3.0,0.0,0.0,3,3
6113,3,0,0.0,0.0,0.0,,3.0,0.0,0.0,3,0,0.0,0.0,0.0,,3.0,0.0,0.0,3,0,0.0,0.0,0.0,,3.0,0.0,0.0,8,8
6114,1,0,0.0,0.0,0.0,,1.0,0.0,0.0,1,0,0.0,0.0,0.0,,1.0,0.0,0.0,1,0,0.0,0.0,0.0,,1.0,0.0,0.0,1,1
6122,163,22,0.13496932515337423,0.0,0.0,,163.0,22.0,0.13496932515337423,128,22,0.171875,0.0,0.0,,128.0,22.0,0.171875,127,21,0.16535433070866143,0.0,0.0,,127.0,21.0,0.16535433070866143,189,190
6123,133,3,0.022556390977443608,1.0,0.0,0.0,132.0,3.0,0.022727272727272728,117,3,0.02564102564102564,1.0,0.0,0.0,116.0,3.0,0.02586206896551724,117,3,0.02564102564102564,1.0,0.0,0.0,116.0,3.0,0.02586206896551724,117,117
6134,33,5,0.15151515151515152,0.0,0.0,,33.0,5.0,0.15151515151515152,33,5,0.15151515151515152,0.0,0.0,,33.0,5.0,0.15151515151515152,33,5,0.15151515151515152,0.0,0.0,,33.0,5.0,0.15151515151515152,33,33
6137,16,3,0.1875,0.0,0.0,,16.0,3.0,0.1875,11,3,0.2727272727272727,0.0,0.0,,11.0,3.0,0.2727272727272727,11,3,0.2727272727272727,0.0,0.0,,11.0,3.0,0.2727272727272727,41,42
6138,3,0,0.0,0.0,0.0,,3.0,0.0,0.0,3,0,0.0,0.0,0.0,,3.0,0.0,0.0,3,0,0.0,0.0,0.0,,3.0,0.0,0.0,3,3
6152,6,0,0.0,0.0,0.0,,6.0,0.0,0.0,3,0,0.0,0.0,0.0,,3.0,0.0,0.0,3,0,0.0,0.0,0.0,,3.0,0.0,0.0,3,3
6171,22,0,0.0,1.0,0.0,0.0,21.0,0.0,0.0,22,0,0.0,1.0,0.0,0.0,21.0,0.0,0.0,22,0,0.0,1.0,0.0,0.0,21.0,0.0,0.0,23,23
6180,616,90,0.1461038961038961,1.0,0.0,0.0,615.0,90.0,0.14634146341463414,447,81,0.18120805369127516,1.0,0.0,0.0,446.0,81.0,0.18161434977578475,447,81,0.18120805369127516,1.0,0.0,0.0,446.0,81.0,0.18161434977578475,970,977
6181,291,65,0.22336769759450173,1.0,1.0,1.0,290.0,64.0,0.2206896551724138,264,56,0.21212121212121213,1.0,1.0,1.0,263.0,55.0,0.20912547528517111,264,56,0.21212121212121213,1.0,1.0,1.0,263.0,55.0,0.20912547528517111,264,264
6187,10,0,0.0,0.0,0.0,,10.0,0.0,0.0,10,0,0.0,0.0,0.0,,10.0,0.0,0.0,10,0,0.0,0.0,0.0,,10.0,0.0,0.0,10,10
6188,3,0,0.0,0.0,0.0,,3.0,0.0,0.0,3,0,0.0,0.0,0.0,,3.0,0.0,0.0,3,0,0.0,0.0,0.0,,3.0,0.0,0.0,3,3
6196,2,0,0.0,0.0,0.0,,2.0,0.0,0.0,1,0,0.0,0.0,0.0,,1.0,0.0,0.0,1,0,0.0,0.0,0.0,,1.0,0.0,0.0,26,26
6197,1,0,0.0,0.0,0.0,,1.0,0.0,0.0,1,0,0.0,0.0,0.0,,1.0,0.0,0.0,1,0,0.0,0.0,0.0,,1.0,0.0,0.0,1,1
6213,1,0,0.0,0.0,0.0,,1.0,0.0,0.0,1,0,0.0,0.0,0.0,,1.0,0.0,0.0,1,0,0.0,0.0,0.0,,1.0,0.0,0.0,1,1
6220,762,164,0.2152230971128609,0.0,0.0,,762.0,164.0,0.2152230971128609,572,152,0.26573426573426573,0.0,0.0,,572.0,152.0,0.26573426573426573,568,151,0.2658450704225352,0.0,0.0,,568.0,151.0,0.2658450704225352,1119,1129
6221,291,50,0.1718213058419244,1.0,0.0,0.0,290.0,50.0,0.1724137931034483,264,49,0.1856060606060606,1.0,0.0,0.0,263.0,49.0,0.18631178707224336,262,48,0.183206106870229,1.0,0.0,0.0,261.0,48.0,0.1839080459770115,315,317
6224,9,4,0.4444444444444444,0.0,0.0,,9.0,4.0,0.4444444444444444,9,4,0.4444444444444444,0.0,0.0,,9.0,4.0,0.4444444444444444,9,4,0.4444444444444444,0.0,0.0,,9.0,4.0,0.4444444444444444,9,9
6226,4,1,0.25,0.0,0.0,,4.0,1.0,0.25,4,1,0.25,0.0,0.0,,4.0,1.0,0.25,4,1,0.25,0.0,0.0,,4.0,1.0,0.25,4,4
6233,257,98,0.38132295719844356,0.0,0.0,,257.0,98.0,0.38132295719844356,257,98,0.38132295719844356,0.0,0.0,,257.0,98.0,0.38132295719844356,256,98,0.3828125,0.0,0.0,,256.0,98.0,0.3828125,256,257
6249,582,117,0.20103092783505155,4.0,1.0,0.25,578.0,116.0,0.20069204152249134,462,115,0.24891774891774893,4.0,1.0,0.25,458.0,114.0,0.24890829694323144,461,115,0.24945770065075923,4.0,1.0,0.25,457.0,114.0,0.24945295404814005,512,513
6250,278,33,0.11870503597122302,2.0,1.0,0.5,276.0,32.0,0.11594202898550725,268,32,0.11940298507462686,2.0,1.0,0.5,266.0,31.0,0.11654135338345864,265,32,0.12075471698113208,2.0,1.0,0.5,263.0,31.0,0.11787072243346007,265,268
6256,1,0,0.0,0.0,0.0,,1.0,0.0,0.0,1,0,0.0,0.0,0.0,,1.0,0.0,0.0,1,0,0.0,0.0,0.0,,1.0,0.0,0.0,3,3
6263,38,38,1.0,1.0,1.0,1.0,37.0,37.0,1.0,37,37,1.0,1.0,1.0,1.0,36.0,36.0,1.0,37,37,1.0,1.0,1.0,1.0,36.0,36.0,1.0,37,37
6269,345,142,0.4115942028985507,1.0,1.0,1.0,344.0,141.0,0.40988372093023256,332,129,0.3885542168674699,1.0,1.0,1.0,331.0,128.0,0.3867069486404834,329,129,0.39209726443769,1.0,1.0,1.0,328.0,128.0,0.3902439024390244,970,984
6270,128,66,0.515625,1.0,1.0,1.0,127.0,65.0,0.5118110236220472,114,53,0.4649122807017544,1.0,1.0,1.0,113.0,52.0,0.46017699115044247,114,53,0.4649122807017544,1.0,1.0,1.0,113.0,52.0,0.46017699115044247,114,114
6272,156,8,0.05128205128205128,2.0,0.0,0.0,154.0,8.0,0.05194805194805195,153,8,0.05228758169934641,2.0,0.0,0.0,151.0,8.0,0.052980132450331126,152,8,0.05263157894736842,2.0,0.0,0.0,150.0,8.0,0.05333333333333334,152,153
6276,217,19,0.08755760368663594,2.0,0.0,0.0,215.0,19.0,0.08837209302325581,216,18,0.08333333333333333,2.0,0.0,0.0,214.0,18.0,0.08411214953271028,212,18,0.08490566037735849,2.0,0.0,0.0,210.0,18.0,0.08571428571428572,212,216
6280,430,29,0.06744186046511629,2.0,0.0,0.0,428.0,29.0,0.06775700934579439,382,29,0.07591623036649214,2.0,0.0,0.0,380.0,29.0,0.07631578947368421,377,29,0.07692307692307693,2.0,0.0,0.0,375.0,29.0,0.07733333333333334,377,382
6281,94,32,0.3404255319148936,1.0,1.0,1.0,93.0,31.0,0.3333333333333333,92,32,0.34782608695652173,1.0,1.0,1.0,91.0,31.0,0.34065934065934067,92,32,0.34782608695652173,1.0,1.0,1.0,91.0,31.0,0.34065934065934067,92,92
6287,488,151,0.3094262295081967,2.0,1.0,0.5,486.0,150.0,0.30864197530864196,473,137,0.28964059196617337,2.0,1.0,0.5,471.0,136.0,0.28874734607218683,469,137,0.2921108742004264,2.0,1.0,0.5,467.0,136.0,0.291220556745182,1110,1125
6288,137,70,0.5109489051094891,1.0,1.0,1.0,136.0,69.0,0.5073529411764706,123,57,0.4634146341463415,1.0,1.0,1.0,122.0,56.0,0.45901639344262296,123,57,0.4634146341463415,1.0,1.0,1.0,122.0,56.0,0.45901639344262296,123,123
6299,3,0,0.0,0.0,0.0,,3.0,0.0,0.0,3,0,0.0,0.0,0.0,,3.0,0.0,0.0,3,0,0.0,0.0,0.0,,3.0,0.0,0.0,6,6
6303,28,3,0.10714285714285714,0.0,0.0,,28.0,3.0,0.10714285714285714,24,3,0.125,0.0,0.0,,24.0,3.0,0.125,24,3,0.125,0.0,0.0,,24.0,3.0,0.125,30,30
6304,5,0,0.0,0.0,0.0,,5.0,0.0,0.0,5,0,0.0,0.0,0.0,,5.0,0.0,0.0,5,0,0.0,0.0,0.0,,5.0,0.0,0.0,5,5
6307,3,0,0.0,0.0,0.0,,3.0,0.0,0.0,3,0,0.0,0.0,0.0,,3.0,0.0,0.0,3,0,0.0,0.0,0.0,,3.0,0.0,0.0,3,3
6318,214,55,0.2570093457943925,2.0,0.0,0.0,212.0,55.0,0.25943396226415094,192,50,0.2604166666666667,2.0,0.0,0.0,190.0,50.0,0.2631578947368421,191,50,0.2617801047120419,2.0,0.0,0.0,189.0,50.0,0.26455026455026454,205,206
6319,21,0,0.0,0.0,0.0,,21.0,0.0,0.0,20,0,0.0,0.0,0.0,,20.0,0.0,0.0,20,0,0.0,0.0,0.0,,20.0,0.0,0.0,20,20
6330,1,0,0.0,0.0,0.0,,1.0,0.0,0.0,1,0,0.0,0.0,0.0,,1.0,0.0,0.0,1,0,0.0,0.0,0.0,,1.0,0.0,0.0,1,1
6332,35,3,0.08571428571428572,0.0,0.0,,35.0,3.0,0.08571428571428572,28,3,0.10714285714285714,0.0,0.0,,28.0,3.0,0.10714285714285714,28,3,0.10714285714285714,0.0,0.0,,28.0,3.0,0.10714285714285714,28,28
6349,89,32,0.3595505617977528,0.0,0.0,,89.0,32.0,0.3595505617977528,89,32,0.3595505617977528,0.0,0.0,,89.0,32.0,0.3595505617977528,89,32,0.3595505617977528,0.0,0.0,,89.0,32.0,0.3595505617977528,89,89
6356,31,4,0.12903225806451613,0.0,0.0,,31.0,4.0,0.12903225806451613,25,3,0.12,0.0,0.0,,25.0,3.0,0.12,25,3,0.12,0.0,0.0,,25.0,3.0,0.12,32,32
6357,4,0,0.0,0.0,0.0,,4.0,0.0,0.0,4,0,0.0,0.0,0.0,,4.0,0.0,0.0,4,0,0.0,0.0,0.0,,4.0,0.0,0.0,4,4
6360,3,0,0.0,0.0,0.0,,3.0,0.0,0.0,3,0,0.0,0.0,0.0,,3.0,0.0,0.0,3,0,0.0,0.0,0.0,,3.0,0.0,0.0,3,3
6364,28,5,0.17857142857142858,0.0,0.0,,28.0,5.0,0.17857142857142858,24,5,0.20833333333333334,0.0,0.0,,24.0,5.0,0.20833333333333334,24,5,0.20833333333333334,0.0,0.0,,24.0,5.0,0.20833333333333334,31,31
6365,5,0,0.0,0.0,0.0,,5.0,0.0,0.0,5,0,0.0,0.0,0.0,,5.0,0.0,0.0,5,0,0.0,0.0,0.0,,5.0,0.0,0.0,5,5
6368,3,0,0.0,0.0,0.0,,3.0,0.0,0.0,3,0,0.0,0.0,0.0,,3.0,0.0,0.0,3,0,0.0,0.0,0.0,,3.0,0.0,0.0,3,3
6391,731,290,0.3967168262653899,7.0,1.0,0.14285714285714285,724.0,289.0,0.39917127071823205,721,288,0.39944521497919555,7.0,1.0,0.14285714285714285,714.0,287.0,0.4019607843137255,694,287,0.41354466858789624,7.0,1.0,0.14285714285714285,687.0,286.0,0.4163027656477438,694,721
6400,36,3,0.08333333333333333,0.0,0.0,,36.0,3.0,0.08333333333333333,18,3,0.16666666666666666,0.0,0.0,,18.0,3.0,0.16666666666666666,18,3,0.16666666666666666,0.0,0.0,,18.0,3.0,0.16666666666666666,18,18
6401,4,0,0.0,0.0,0.0,,4.0,0.0,0.0,4,0,0.0,0.0,0.0,,4.0,0.0,0.0,4,0,0.0,0.0,0.0,,4.0,0.0,0.0,4,4
6407,317,78,0.24605678233438485,4.0,1.0,0.25,313.0,77.0,0.24600638977635783,198,73,0.3686868686868687,3.0,1.0,0.3333333333333333,195.0,72.0,0.36923076923076925,198,73,0.3686868686868687,3.0,1.0,0.3333333333333333,195.0,72.0,0.36923076923076925,213,213
6408,6,0,0.0,0.0,0.0,,6.0,0.0,0.0,3,0,0.0,0.0,0.0,,3.0,0.0,0.0,3,0,0.0,0.0,0.0,,3.0,0.0,0.0,3,3
6409,820,2,0.0024390243902439024,23.0,0.0,0.0,797.0,2.0,0.002509410288582183,787,1,0.0012706480304955528,20.0,0.0,0.0,767.0,1.0,0.001303780964797914,668,1,0.0014970059880239522,20.0,0.0,0.0,648.0,1.0,0.0015432098765432098,669,788
6411,73,0,0.0,2.0,0.0,0.0,71.0,0.0,0.0,69,0,0.0,1.0,0.0,0.0,68.0,0.0,0.0,69,0,0.0,1.0,0.0,0.0,68.0,0.0,0.0,69,69
6412,681,2,0.002936857562408223,12.0,0.0,0.0,669.0,2.0,0.0029895366218236174,658,2,0.00303951367781155,11.0,0.0,0.0,647.0,2.0,0.0030911901081916537,647,2,0.0030911901081916537,11.0,0.0,0.0,636.0,2.0,0.0031446540880503146,647,658
6413,29,9,0.3103448275862069,0.0,0.0,,29.0,9.0,0.3103448275862069,29,9,0.3103448275862069,0.0,0.0,,29.0,9.0,0.3103448275862069,29,9,0.3103448275862069,0.0,0.0,,29.0,9.0,0.3103448275862069,677,734
6415,84,43,0.5119047619047619,0.0,0.0,,84.0,43.0,0.5119047619047619,81,41,0.5061728395061729,0.0,0.0,,81.0,41.0,0.5061728395061729,74,37,0.5,0.0,0.0,,74.0,37.0,0.5,149,171
6417,2190,78,0.03561643835616438,18.0,0.0,0.0,2172.0,78.0,0.03591160220994475,1159,72,0.062122519413287315,8.0,0.0,0.0,1151.0,72.0,0.06255430060816682,1132,66,0.05830388692579505,8.0,0.0,0.0,1124.0,66.0,0.05871886120996441,1415,1451
6418,69160,28591,0.4134037015615963,647.0,334.0,0.5162287480680062,68513.0,28257.0,0.4124326770102024,53972,26532,0.49158823093455867,516.0,315.0,0.6104651162790697,53456.0,26217.0,0.49044073630649504,49778,25050,0.5032343605608903,498.0,304.0,0.6104417670682731,49280.0,24746.0,0.502150974025974,57392,62371
6419,240,87,0.3625,3.0,2.0,0.6666666666666666,237.0,85.0,0.35864978902953587,212,82,0.3867924528301887,3.0,2.0,0.6666666666666666,209.0,80.0,0.3827751196172249,210,82,0.3904761904761905,3.0,2.0,0.6666666666666666,207.0,80.0,0.3864734299516908,225,227
6421,420,0,0.0,19.0,0.0,0.0,401.0,0.0,0.0,414,0,0.0,17.0,0.0,0.0,397.0,0.0,0.0,399,0,0.0,17.0,0.0,0.0,382.0,0.0,0.0,420,435
6422,370,0,0.0,17.0,0.0,0.0,353.0,0.0,0.0,370,0,0.0,17.0,0.0,0.0,353.0,0.0,0.0,343,0,0.0,15.0,0.0,0.0,328.0,0.0,0.0,343,370
6424,17737,7837,0.4418447313525399,1358.0,619.0,0.45581737849779086,16379.0,7218.0,0.44068624458147626,14794,6042,0.40840881438420984,1063.0,437.0,0.41110065851364064,13731.0,5605.0,0.4082004224018644,13847,5782,0.41756337112732,1012.0,429.0,0.42391304347826086,12835.0,5353.0,0.4170627191273861,19161,20706
6425,662,201,0.30362537764350456,10.0,1.0,0.1,652.0,200.0,0.3067484662576687,588,191,0.32482993197278914,7.0,1.0,0.14285714285714285,581.0,190.0,0.3270223752151463,557,172,0.3087971274685817,7.0,1.0,0.14285714285714285,550.0,171.0,0.3109090909090909,557,588
6426,901,310,0.34406215316315203,38.0,17.0,0.4473684210526316,863.0,293.0,0.33951332560834296,894,307,0.3434004474272931,38.0,17.0,0.4473684210526316,856.0,290.0,0.338785046728972,860,303,0.35232558139534886,37.0,17.0,0.4594594594594595,823.0,286.0,0.34750911300121506,860,894
6427,269,0,0.0,12.0,0.0,0.0,257.0,0.0,0.0,264,0,0.0,12.0,0.0,0.0,252.0,0.0,0.0,264,0,0.0,12.0,0.0,0.0,252.0,0.0,0.0,264,264
6428,22,3,0.13636363636363635,0.0,0.0,,22.0,3.0,0.13636363636363635,22,3,0.13636363636363635,0.0,0.0,,22.0,3.0,0.13636363636363635,22,3,0.13636363636363635,0.0,0.0,,22.0,3.0,0.13636363636363635,102,103
6429,124,35,0.28225806451612906,0.0,0.0,,124.0,35.0,0.28225806451612906,122,35,0.28688524590163933,0.0,0.0,,122.0,35.0,0.28688524590163933,118,31,0.2627118644067797,0.0,0.0,,118.0,31.0,0.2627118644067797,216,221
6430,11,1,0.09090909090909091,0.0,0.0,,11.0,1.0,0.09090909090909091,11,1,0.09090909090909091,0.0,0.0,,11.0,1.0,0.09090909090909091,11,1,0.09090909090909091,0.0,0.0,,11.0,1.0,0.09090909090909091,11,11
6431,1154,220,0.19064124783362218,22.0,1.0,0.045454545454545456,1132.0,219.0,0.19346289752650175,1137,219,0.19261213720316622,22.0,1.0,0.045454545454545456,1115.0,218.0,0.19551569506726457,1126,216,0.19182948490230906,22.0,1.0,0.045454545454545456,1104.0,215.0,0.1947463768115942,1133,1144
6433,79535,17220,0.21650845539699504,2025.0,663.0,0.3274074074074074,77510.0,16557.0,0.2136111469487808,60113,10313,0.17156022823682066,1280.0,353.0,0.27578125,58833.0,9960.0,0.16929274386823723,39461,8544,0.21651757431387952,937.0,301.0,0.32123799359658484,38524.0,8243.0,0.21397051188869276,39481,60135
6434,7570,712,0.0940554821664465,86.0,2.0,0.023255813953488372,7484.0,710.0,0.0948690539818279,6260,645,0.10303514376996806,78.0,2.0,0.02564102564102564,6182.0,643.0,0.10401164671627305,5843,610,0.10439842546637002,71.0,2.0,0.028169014084507043,5772.0,608.0,0.10533610533610534,8460,9300
6435,629015,292367,0.4648013163438074,13546.0,6616.0,0.488409862690093,615469.0,285751.0,0.46428171037046545,288687,109909,0.3807202956835604,4218.0,1862.0,0.44144144144144143,284469.0,108047.0,0.3798199452312906,210747,87570,0.4155219291377813,3223.0,1579.0,0.4899162271175923,207524.0,85991.0,0.41436653110001737,210792,288742
6436,4541,2878,0.6337811054833737,45.0,28.0,0.6222222222222222,4496.0,2850.0,0.6338967971530249,4385,2792,0.6367160775370582,41.0,27.0,0.6585365853658537,4344.0,2765.0,0.6365101289134438,4135,2726,0.6592503022974607,40.0,27.0,0.675,4095.0,2699.0,0.6590964590964591,4136,4386
6437,156,59,0.3782051282051282,1.0,1.0,1.0,155.0,58.0,0.3741935483870968,150,58,0.38666666666666666,1.0,1.0,1.0,149.0,57.0,0.3825503355704698,137,57,0.41605839416058393,1.0,1.0,1.0,136.0,56.0,0.4117647058823529,137,150
6438,1,0,0.0,0.0,0.0,,1.0,0.0,0.0,1,0,0.0,0.0,0.0,,1.0,0.0,0.0,1,0,0.0,0.0,0.0,,1.0,0.0,0.0,1,1
6440,767,0,0.0,10.0,0.0,0.0,757.0,0.0,0.0,734,0,0.0,9.0,0.0,0.0,725.0,0.0,0.0,721,0,0.0,9.0,0.0,0.0,712.0,0.0,0.0,721,734
6441,193,38,0.19689119170984457,3.0,1.0,0.3333333333333333,190.0,37.0,0.19473684210526315,149,30,0.20134228187919462,3.0,1.0,0.3333333333333333,146.0,29.0,0.19863013698630136,148,30,0.20270270270270271,3.0,1.0,0.3333333333333333,145.0,29.0,0.2,148,149
6442,36,24,0.6666666666666666,0.0,0.0,,36.0,24.0,0.6666666666666666,36,24,0.6666666666666666,0.0,0.0,,36.0,24.0,0.6666666666666666,36,24,0.6666666666666666,0.0,0.0,,36.0,24.0,0.6666666666666666,36,36
6443,193,127,0.6580310880829016,3.0,2.0,0.6666666666666666,190.0,125.0,0.6578947368421053,149,94,0.6308724832214765,3.0,2.0,0.6666666666666666,146.0,92.0,0.6301369863013698,148,93,0.6283783783783784,3.0,2.0,0.6666666666666666,145.0,91.0,0.6275862068965518,148,149
6444,2703,938,0.3470218275989641,36.0,13.0,0.3611111111111111,2667.0,925.0,0.3468316460442445,2604,921,0.35368663594470046,32.0,12.0,0.375,2572.0,909.0,0.3534214618973561,2426,908,0.3742786479802143,31.0,12.0,0.3870967741935484,2395.0,896.0,0.37411273486430063,2427,2605
6445,1,0,0.0,0.0,0.0,,1.0,0.0,0.0,1,0,0.0,0.0,0.0,,1.0,0.0,0.0,1,0,0.0,0.0,0.0,,1.0,0.0,0.0,1,1
6446,230,0,0.0,2.0,0.0,0.0,228.0,0.0,0.0,223,0,0.0,2.0,0.0,0.0,221.0,0.0,0.0,220,0,0.0,2.0,0.0,0.0,218.0,0.0,0.0,220,223
6447,96,0,0.0,3.0,0.0,0.0,93.0,0.0,0.0,90,0,0.0,3.0,0.0,0.0,87.0,0.0,0.0,90,0,0.0,3.0,0.0,0.0,87.0,0.0,0.0,90,90
6448,2703,608,0.2249352571217166,36.0,11.0,0.3055555555555556,2667.0,597.0,0.22384701912260968,2604,594,0.22811059907834103,32.0,11.0,0.34375,2572.0,583.0,0.22667185069984447,2426,584,0.2407254740313273,31.0,11.0,0.3548387096774194,2395.0,573.0,0.23924843423799583,2427,2605
6449,230,0,0.0,2.0,0.0,0.0,228.0,0.0,0.0,223,0,0.0,2.0,0.0,0.0,221.0,0.0,0.0,220,0,0.0,2.0,0.0,0.0,218.0,0.0,0.0,220,223
6450,96,0,0.0,3.0,0.0,0.0,93.0,0.0,0.0,90,0,0.0,3.0,0.0,0.0,87.0,0.0,0.0,90,0,0.0,3.0,0.0,0.0,87.0,0.0,0.0,90,90
6451,1,0,0.0,0.0,0.0,,1.0,0.0,0.0,1,0,0.0,0.0,0.0,,1.0,0.0,0.0,1,0,0.0,0.0,0.0,,1.0,0.0,0.0,1,1
6452,117,0,0.0,2.0,0.0,0.0,115.0,0.0,0.0,117,0,0.0,2.0,0.0,0.0,115.0,0.0,0.0,117,0,0.0,2.0,0.0,0.0,115.0,0.0,0.0,117,117
6453,489,300,0.6134969325153374,8.0,1.0,0.125,481.0,299.0,0.6216216216216216,468,289,0.6175213675213675,8.0,1.0,0.125,460.0,288.0,0.6260869565217392,465,286,0.6150537634408603,8.0,1.0,0.125,457.0,285.0,0.6236323851203501,466,469
6455,9,0,0.0,0.0,0.0,,9.0,0.0,0.0,9,0,0.0,0.0,0.0,,9.0,0.0,0.0,9,0,0.0,0.0,0.0,,9.0,0.0,0.0,9,9
6456,22,0,0.0,2.0,0.0,0.0,20.0,0.0,0.0,13,0,0.0,1.0,0.0,0.0,12.0,0.0,0.0,13,0,0.0,1.0,0.0,0.0,12.0,0.0,0.0,13,13
6457,1061,198,0.18661639962299717,25.0,5.0,0.2,1036.0,193.0,0.18629343629343628,1019,195,0.19136408243375858,24.0,5.0,0.20833333333333334,995.0,190.0,0.19095477386934673,979,187,0.19101123595505617,24.0,5.0,0.20833333333333334,955.0,182.0,0.1905759162303665,979,1019
6458,13534,7610,0.5622875720407862,333.0,183.0,0.5495495495495496,13201.0,7427.0,0.5626088932656617,7150,3432,0.48,186.0,86.0,0.46236559139784944,6964.0,3346.0,0.4804709936817921,6256,3011,0.4812979539641944,173.0,79.0,0.45664739884393063,6083.0,2932.0,0.48199901364458325,6470,7370
6459,3926,2719,0.6925624044829343,85.0,64.0,0.7529411764705882,3841.0,2655.0,0.6912262431658422,1681,1037,0.6168947055324212,40.0,29.0,0.725,1641.0,1008.0,0.6142595978062158,1544,937,0.6068652849740933,36.0,26.0,0.7222222222222222,1508.0,911.0,0.6041114058355438,6163,7043
6460,9302,4,0.00043001505052676843,529.0,0.0,0.0,8773.0,4.0,0.0004559443747862761,9160,4,0.0004366812227074236,511.0,0.0,0.0,8649.0,4.0,0.00046248121170077463,8630,4,0.0004634994206257242,446.0,0.0,0.0,8184.0,4.0,0.0004887585532746823,25791,27772
6461,544,15,0.027573529411764705,1.0,0.0,0.0,543.0,15.0,0.027624309392265192,416,8,0.019230769230769232,1.0,0.0,0.0,415.0,8.0,0.01927710843373494,416,8,0.019230769230769232,1.0,0.0,0.0,415.0,8.0,0.01927710843373494,416,416
6462,47,0,0.0,0.0,0.0,,47.0,0.0,0.0,47,0,0.0,0.0,0.0,,47.0,0.0,0.0,47,0,0.0,0.0,0.0,,47.0,0.0,0.0,294,294
6463,77,11,0.14285714285714285,4.0,2.0,0.5,73.0,9.0,0.1232876712328767,77,11,0.14285714285714285,4.0,2.0,0.5,73.0,9.0,0.1232876712328767,75,11,0.14666666666666667,4.0,2.0,0.5,71.0,9.0,0.1267605633802817,215,222
6464,25290,59,0.002332937920126532,1350.0,14.0,0.01037037037037037,23940.0,45.0,0.0018796992481203006,24535,58,0.0023639698390055023,1209.0,14.0,0.011579818031430935,23326.0,44.0,0.0018863071250964588,21821,57,0.0026121625956647266,1047.0,14.0,0.013371537726838587,20774.0,43.0,0.00206989506113411,35227,40343
6465,891,16,0.017957351290684626,38.0,0.0,0.0,853.0,16.0,0.01875732708089097,885,16,0.01807909604519774,38.0,0.0,0.0,847.0,16.0,0.018890200708382526,851,16,0.01880141010575793,37.0,0.0,0.0,814.0,16.0,0.019656019656019656,879,913
6466,44,11,0.25,7.0,2.0,0.2857142857142857,37.0,9.0,0.24324324324324326,41,11,0.2682926829268293,6.0,2.0,0.3333333333333333,35.0,9.0,0.2571428571428571,40,11,0.275,6.0,2.0,0.3333333333333333,34.0,9.0,0.2647058823529412,40,41
6467,11984,3185,0.2657710280373832,106.0,34.0,0.32075471698113206,11878.0,3151.0,0.265280350227311,7077,2083,0.29433375724176913,74.0,19.0,0.25675675675675674,7003.0,2064.0,0.2947308296444381,6821,2005,0.29394516933001025,74.0,19.0,0.25675675675675674,6747.0,1986.0,0.2943530457981325,8669,9063
6468,77,12,0.15584415584415584,0.0,0.0,,77.0,12.0,0.15584415584415584,76,12,0.15789473684210525,0.0,0.0,,76.0,12.0,0.15789473684210525,74,12,0.16216216216216217,0.0,0.0,,74.0,12.0,0.16216216216216217,2860,2925
6471,30,0,0.0,0.0,0.0,,30.0,0.0,0.0,30,0,0.0,0.0,0.0,,30.0,0.0,0.0,29,0,0.0,0.0,0.0,,29.0,0.0,0.0,29,30
6473,141,0,0.0,2.0,0.0,0.0,139.0,0.0,0.0,138,0,0.0,1.0,0.0,0.0,137.0,0.0,0.0,135,0,0.0,1.0,0.0,0.0,134.0,0.0,0.0,432,448
6474,1270,0,0.0,15.0,0.0,0.0,1255.0,0.0,0.0,1230,0,0.0,14.0,0.0,0.0,1216.0,0.0,0.0,1203,0,0.0,14.0,0.0,0.0,1189.0,0.0,0.0,3508,3627
6475,1,0,0.0,0.0,0.0,,1.0,0.0,0.0,1,0,0.0,0.0,0.0,,1.0,0.0,0.0,1,0,0.0,0.0,0.0,,1.0,0.0,0.0,4,4
6477,558,28,0.05017921146953405,5.0,1.0,0.2,553.0,27.0,0.048824593128390596,555,28,0.05045045045045045,5.0,1.0,0.2,550.0,27.0,0.04909090909090909,525,27,0.05142857142857143,5.0,1.0,0.2,520.0,26.0,0.05,535,566
6478,1210,52,0.04297520661157025,16.0,2.0,0.125,1194.0,50.0,0.04187604690117253,1191,51,0.042821158690176324,16.0,2.0,0.125,1175.0,49.0,0.04170212765957447,1157,50,0.043215211754537596,16.0,2.0,0.125,1141.0,48.0,0.042068361086765996,1157,1191
6479,1210,23,0.019008264462809916,16.0,0.0,0.0,1194.0,23.0,0.019262981574539362,1191,23,0.019311502938706968,16.0,0.0,0.0,1175.0,23.0,0.01957446808510638,1157,22,0.01901469317199654,16.0,0.0,0.0,1141.0,22.0,0.019281332164767746,1157,1191
6480,54718,19285,0.3524434372601338,2814.0,825.0,0.2931769722814499,51904.0,18460.0,0.3556565967940814,15066,8810,0.5847603876277712,108.0,69.0,0.6388888888888888,14958.0,8741.0,0.5843695681240808,10672,6862,0.6429910044977512,77.0,56.0,0.7272727272727273,10595.0,6806.0,0.6423784804152902,10712,15114
6482,70231,0,0.0,804.0,0.0,0.0,69427.0,0.0,0.0,28867,0,0.0,362.0,0.0,0.0,28505.0,0.0,0.0,21832,0,0.0,282.0,0.0,0.0,21550.0,0.0,0.0,21832,28867
6484,3864,1344,0.34782608695652173,193.0,62.0,0.32124352331606215,3671.0,1282.0,0.34922364478343776,986,498,0.5050709939148073,30.0,14.0,0.4666666666666667,956.0,484.0,0.5062761506276151,974,494,0.5071868583162218,30.0,14.0,0.4666666666666667,944.0,480.0,0.5084745762711864,980,992
6485,12,3,0.25,1.0,0.0,0.0,11.0,3.0,0.2727272727272727,11,3,0.2727272727272727,1.0,0.0,0.0,10.0,3.0,0.3,11,3,0.2727272727272727,1.0,0.0,0.0,10.0,3.0,0.3,12,12
6486,106,26,0.24528301886792453,1.0,1.0,1.0,105.0,25.0,0.23809523809523808,106,26,0.24528301886792453,1.0,1.0,1.0,105.0,25.0,0.23809523809523808,106,26,0.24528301886792453,1.0,1.0,1.0,105.0,25.0,0.23809523809523808,106,106
6487,907,135,0.14884233737596472,3.0,0.0,0.0,904.0,135.0,0.14933628318584072,783,124,0.1583652618135377,3.0,0.0,0.0,780.0,124.0,0.15897435897435896,743,124,0.16689098250336473,3.0,0.0,0.0,740.0,124.0,0.16756756756756758,824,879
6488,143,0,0.0,2.0,0.0,0.0,141.0,0.0,0.0,138,0,0.0,2.0,0.0,0.0,136.0,0.0,0.0,137,0,0.0,2.0,0.0,0.0,135.0,0.0,0.0,138,139
6489,834,130,0.15587529976019185,2.0,0.0,0.0,832.0,130.0,0.15625,719,120,0.16689847009735745,2.0,0.0,0.0,717.0,120.0,0.16736401673640167,682,118,0.17302052785923755,2.0,0.0,0.0,680.0,118.0,0.17352941176470588,757,808
6492,9,0,0.0,0.0,0.0,,9.0,0.0,0.0,9,0,0.0,0.0,0.0,,9.0,0.0,0.0,9,0,0.0,0.0,0.0,,9.0,0.0,0.0,9,9
6493,1,0,0.0,0.0,0.0,,1.0,0.0,0.0,1,0,0.0,0.0,0.0,,1.0,0.0,0.0,1,0,0.0,0.0,0.0,,1.0,0.0,0.0,4,4
6494,140,51,0.36428571428571427,1.0,1.0,1.0,139.0,50.0,0.3597122302158273,109,37,0.3394495412844037,1.0,1.0,1.0,108.0,36.0,0.3333333333333333,106,36,0.33962264150943394,1.0,1.0,1.0,105.0,35.0,0.3333333333333333,133,136
6495,595,29,0.04873949579831933,5.0,0.0,0.0,590.0,29.0,0.04915254237288136,594,29,0.04882154882154882,5.0,0.0,0.0,589.0,29.0,0.04923599320882852,575,26,0.04521739130434783,5.0,0.0,0.0,570.0,26.0,0.0456140350877193,576,595
6496,637,8,0.012558869701726845,6.0,0.0,0.0,631.0,8.0,0.012678288431061807,635,8,0.012598425196850394,6.0,0.0,0.0,629.0,8.0,0.012718600953895072,616,8,0.012987012987012988,6.0,0.0,0.0,610.0,8.0,0.013114754098360656,617,636
6498,52117,32530,0.6241725348734578,457.0,301.0,0.6586433260393874,51660.0,32229.0,0.6238675958188153,49124,31049,0.6320535786988031,430.0,287.0,0.6674418604651163,48694.0,30762.0,0.6317410769293959,41351,26961,0.6520035791153781,386.0,259.0,0.6709844559585493,40965.0,26702.0,0.6518247284267057,62673,73331
6499,55552,0,0.0,790.0,0.0,0.0,54762.0,0.0,0.0,45481,0,0.0,652.0,0.0,0.0,44829.0,0.0,0.0,37859,0,0.0,569.0,0.0,0.0,37290.0,0.0,0.0,37859,45481
6500,9259,0,0.0,218.0,0.0,0.0,9041.0,0.0,0.0,9164,0,0.0,213.0,0.0,0.0,8951.0,0.0,0.0,8396,0,0.0,197.0,0.0,0.0,8199.0,0.0,0.0,8397,9165
6501,8421,271,0.03218145113406959,1014.0,38.0,0.03747534516765286,7407.0,233.0,0.03145673012015661,8006,252,0.031476392705470896,887.0,35.0,0.03945885005636979,7119.0,217.0,0.03048180924287119,6835,229,0.03350402340892465,747.0,31.0,0.041499330655957165,6088.0,198.0,0.03252299605781866,6879,8051
6502,48444,2217,0.04576418132276443,2396.0,372.0,0.15525876460767946,46048.0,1845.0,0.04006688672689367,46217,2094,0.04530800354847783,2151.0,327.0,0.15202231520223153,44066.0,1767.0,0.040098942495347886,40995,1934,0.047176484937187464,1880.0,299.0,0.15904255319148936,39115.0,1635.0,0.04179982104052154,40996,46218
6503,295,8,0.02711864406779661,0.0,0.0,,295.0,8.0,0.02711864406779661,266,8,0.03007518796992481,0.0,0.0,,266.0,8.0,0.03007518796992481,264,8,0.030303030303030304,0.0,0.0,,264.0,8.0,0.030303030303030304,264,266
6504,290,2,0.006896551724137931,0.0,0.0,,290.0,2.0,0.006896551724137931,265,2,0.007547169811320755,0.0,0.0,,265.0,2.0,0.007547169811320755,263,2,0.0076045627376425855,0.0,0.0,,263.0,2.0,0.0076045627376425855,263,265
6506,422693,3458,0.00818087832067245,6164.0,43.0,0.006975989617131733,416529.0,3415.0,0.008198708853405165,139609,2470,0.017692269123050806,1690.0,37.0,0.021893491124260357,137919.0,2433.0,0.01764078915885411,97420,2303,0.023639909669472388,1209.0,36.0,0.02977667493796526,96211.0,2267.0,0.023562794275082892,97420,139609
6507,448995,17055,0.037984832793238235,6686.0,280.0,0.04187855219862399,442309.0,16775.0,0.03792597482755268,155000,12376,0.07984516129032258,1807.0,183.0,0.10127282789153293,153193.0,12193.0,0.07959240957485003,111552,11278,0.10110083189902468,1321.0,168.0,0.1271763815291446,110231.0,11110.0,0.10078834447659914,111570,155024
6508,13731,4065,0.2960454446143762,389.0,126.0,0.32390745501285345,13342.0,3939.0,0.2952330984859841,8272,2744,0.3317214700193424,230.0,82.0,0.3565217391304348,8042.0,2662.0,0.3310121860233773,7316,2489,0.34021323127392017,200.0,75.0,0.375,7116.0,2414.0,0.3392355255761664,7968,9066
6509,2477,64,0.025837706903512312,30.0,0.0,0.0,2447.0,64.0,0.026154474867184307,2062,58,0.028128031037827354,25.0,0.0,0.0,2037.0,58.0,0.02847324496809033,1829,57,0.03116457080371788,22.0,0.0,0.0,1807.0,57.0,0.03154399557277255,1830,2063
6510,260,0,0.0,2.0,0.0,0.0,258.0,0.0,0.0,252,0,0.0,2.0,0.0,0.0,250.0,0.0,0.0,248,0,0.0,2.0,0.0,0.0,246.0,0.0,0.0,259,263
6511,78,0,0.0,0.0,0.0,,78.0,0.0,0.0,78,0,0.0,0.0,0.0,,78.0,0.0,0.0,77,0,0.0,0.0,0.0,,77.0,0.0,0.0,77,78
6512,359,10,0.027855153203342618,10.0,0.0,0.0,349.0,10.0,0.02865329512893983,265,5,0.018867924528301886,8.0,0.0,0.0,257.0,5.0,0.019455252918287938,264,5,0.01893939393939394,8.0,0.0,0.0,256.0,5.0,0.01953125,274,275
6513,9290,0,0.0,240.0,0.0,0.0,9050.0,0.0,0.0,9195,0,0.0,235.0,0.0,0.0,8960.0,0.0,0.0,8440,0,0.0,219.0,0.0,0.0,8221.0,0.0,0.0,8444,9199
6514,2266,0,0.0,206.0,0.0,0.0,2060.0,0.0,0.0,2219,0,0.0,201.0,0.0,0.0,2018.0,0.0,0.0,2074,0,0.0,187.0,0.0,0.0,1887.0,0.0,0.0,2075,2220
6515,30381,2369,0.0779763668082025,952.0,203.0,0.21323529411764705,29429.0,2166.0,0.07360086989024432,29932,2344,0.07831083789923828,921.0,201.0,0.2182410423452769,29011.0,2143.0,0.07386853262555583,26857,2158,0.08035149123133634,797.0,181.0,0.22710163111668757,26060.0,1977.0,0.07586339217191097,28362,31475
6516,6278,877,0.13969417011787194,737.0,192.0,0.26051560379918587,5541.0,685.0,0.12362389460386213,6098,835,0.13693014102984585,673.0,171.0,0.2540861812778603,5425.0,664.0,0.1223963133640553,5210,770,0.14779270633397312,576.0,155.0,0.2690972222222222,4634.0,615.0,0.13271471730686232,21218,23349
6517,124,0,0.0,0.0,0.0,,124.0,0.0,0.0,124,0,0.0,0.0,0.0,,124.0,0.0,0.0,124,0,0.0,0.0,0.0,,124.0,0.0,0.0,124,124
6518,32,0,0.0,0.0,0.0,,32.0,0.0,0.0,32,0,0.0,0.0,0.0,,32.0,0.0,0.0,32,0,0.0,0.0,0.0,,32.0,0.0,0.0,32,32
6520,62156,10856,0.17465731385546046,175.0,21.0,0.12,61981.0,10835.0,0.1748116358238815,8872,1359,0.1531785392245266,35.0,5.0,0.14285714285714285,8837.0,1354.0,0.15321941835464525,8659,1324,0.15290449243561613,35.0,5.0,0.14285714285714285,8624.0,1319.0,0.15294526901669758,8659,8872
6521,44492,20794,0.4673649195360964,2007.0,1439.0,0.7169905331340309,42485.0,19355.0,0.4555725550194186,3230,1913,0.5922600619195046,54.0,47.0,0.8703703703703703,3176.0,1866.0,0.5875314861460957,3087,1831,0.5931324910916748,54.0,47.0,0.8703703703703703,3033.0,1784.0,0.5881965051104517,4461,4614
6522,49132,17058,0.3471871692583245,1057.0,587.0,0.5553453169347209,48075.0,16471.0,0.3426105044201768,5030,2428,0.4827037773359841,42.0,34.0,0.8095238095238095,4988.0,2394.0,0.47995188452285487,4758,2296,0.48255569567044976,41.0,33.0,0.8048780487804879,4717.0,2263.0,0.47975408098367606,4783,5058
6523,1702,273,0.16039952996474735,19.0,1.0,0.05263157894736842,1683.0,272.0,0.16161616161616163,1336,207,0.15494011976047903,15.0,1.0,0.06666666666666667,1321.0,206.0,0.15594246782740348,1307,205,0.1568477429227238,15.0,1.0,0.06666666666666667,1292.0,204.0,0.15789473684210525,1359,1388
6524,677844,163388,0.24104071143212893,15287.0,3474.0,0.2272519133904625,662557.0,159914.0,0.24135885667195425,339300,71551,0.21087827880931329,6520.0,1474.0,0.22607361963190184,332780.0,70077.0,0.21058056373580142,249629,58497,0.23433575425932082,4822.0,1224.0,0.253836582330983,244807.0,57273.0,0.23395164353960468,252718,344660
6527,1,1,1.0,0.0,0.0,,1.0,1.0,1.0,1,1,1.0,0.0,0.0,,1.0,1.0,1.0,1,1,1.0,0.0,0.0,,1.0,1.0,1.0,1,1
6528,1623,695,0.4282193468884781,0.0,0.0,,1623.0,695.0,0.4282193468884781,1104,453,0.41032608695652173,0.0,0.0,,1104.0,453.0,0.41032608695652173,710,277,0.3901408450704225,0.0,0.0,,710.0,277.0,0.3901408450704225,1411,2009
6529,2197,85,0.03868912152935822,3.0,0.0,0.0,2194.0,85.0,0.038742023701002735,1886,59,0.03128313891834571,3.0,0.0,0.0,1883.0,59.0,0.031332979288369624,1207,44,0.03645401822700911,1.0,0.0,0.0,1206.0,44.0,0.03648424543946932,1490,2251
6530,751,19,0.02529960053262317,0.0,0.0,,751.0,19.0,0.02529960053262317,607,13,0.0214168039538715,0.0,0.0,,607.0,13.0,0.0214168039538715,440,12,0.02727272727272727,0.0,0.0,,440.0,12.0,0.02727272727272727,440,607
6531,82536,60128,0.7285063487447901,5134.0,3351.0,0.6527074405921309,77402.0,56777.0,0.7335340172088577,5872,4949,0.8428133514986376,270.0,235.0,0.8703703703703703,5602.0,4714.0,0.841485183862906,5657,4779,0.8447940604560721,266.0,233.0,0.8759398496240601,5391.0,4546.0,0.84325728065294,5911,6162
6535,43680,30474,0.6976648351648351,3996.0,2650.0,0.6631631631631631,39684.0,27824.0,0.7011389980848705,2990,2414,0.8073578595317725,85.0,73.0,0.8588235294117647,2905.0,2341.0,0.8058519793459552,2894,2347,0.8109882515549413,84.0,73.0,0.8690476190476191,2810.0,2274.0,0.8092526690391459,5715,5889
6536,168264,0,0.0,2782.0,0.0,0.0,165482.0,0.0,0.0,24712,0,0.0,399.0,0.0,0.0,24313.0,0.0,0.0,21606,0,0.0,361.0,0.0,0.0,21245.0,0.0,0.0,21606,24712
6537,149,0,0.0,0.0,0.0,,149.0,0.0,0.0,129,0,0.0,0.0,0.0,,129.0,0.0,0.0,128,0,0.0,0.0,0.0,,128.0,0.0,0.0,128,129
6542,305,0,0.0,1.0,0.0,0.0,304.0,0.0,0.0,300,0,0.0,1.0,0.0,0.0,299.0,0.0,0.0,300,0,0.0,1.0,0.0,0.0,299.0,0.0,0.0,300,300
6543,122816,49006,0.3990196717040125,7812.0,3230.0,0.4134664618535586,115004.0,45776.0,0.3980383291015965,22713,13487,0.5938009069695769,426.0,215.0,0.5046948356807511,22287.0,13272.0,0.5955041055323731,21790,13161,0.6039926571821936,406.0,205.0,0.5049261083743842,21384.0,12956.0,0.6058735503179947,28815,30532
6544,335,0,0.0,1.0,0.0,0.0,334.0,0.0,0.0,330,0,0.0,1.0,0.0,0.0,329.0,0.0,0.0,330,0,0.0,1.0,0.0,0.0,329.0,0.0,0.0,330,330
6545,125,0,0.0,0.0,0.0,,125.0,0.0,0.0,106,0,0.0,0.0,0.0,,106.0,0.0,0.0,106,0,0.0,0.0,0.0,,106.0,0.0,0.0,106,106
6546,9703,8619,0.8882819746470164,59.0,46.0,0.7796610169491526,9644.0,8573.0,0.888946495230195,2950,2497,0.8464406779661017,23.0,19.0,0.8260869565217391,2927.0,2478.0,0.8466006149641271,2637,2273,0.8619643534319302,17.0,16.0,0.9411764705882353,2620.0,2257.0,0.8614503816793894,2637,2950
6547,439,425,0.9681093394077449,146.0,141.0,0.9657534246575342,293.0,284.0,0.9692832764505119,113,107,0.9469026548672567,18.0,18.0,1.0,95.0,89.0,0.9368421052631579,113,107,0.9469026548672567,18.0,18.0,1.0,95.0,89.0,0.9368421052631579,113,113
6548,3701,2960,0.7997838422048095,18.0,7.0,0.3888888888888889,3683.0,2953.0,0.8017920173771382,1907,1351,0.708442579968537,12.0,6.0,0.5,1895.0,1345.0,0.7097625329815304,1812,1278,0.7052980132450332,12.0,6.0,0.5,1800.0,1272.0,0.7066666666666667,1812,1907
6549,5,2,0.4,0.0,0.0,,5.0,2.0,0.4,5,2,0.4,0.0,0.0,,5.0,2.0,0.4,5,2,0.4,0.0,0.0,,5.0,2.0,0.4,5,5
6550,132,0,0.0,72.0,0.0,0.0,60.0,0.0,0.0,113,0,0.0,60.0,0.0,0.0,53.0,0.0,0.0,108,0,0.0,56.0,0.0,0.0,52.0,0.0,0.0,1777,2187
6551,308,2,0.006493506493506494,1.0,0.0,0.0,307.0,2.0,0.006514657980456026,295,2,0.006779661016949152,1.0,0.0,0.0,294.0,2.0,0.006802721088435374,285,2,0.007017543859649123,1.0,0.0,0.0,284.0,2.0,0.007042253521126761,287,297
6552,25,0,0.0,1.0,0.0,0.0,24.0,0.0,0.0,23,0,0.0,1.0,0.0,0.0,22.0,0.0,0.0,23,0,0.0,1.0,0.0,0.0,22.0,0.0,0.0,23,23
6553,5014,2086,0.4160351017151974,22.0,10.0,0.45454545454545453,4992.0,2076.0,0.41586538461538464,4708,1911,0.4059048428207307,21.0,10.0,0.47619047619047616,4687.0,1901.0,0.40558992959248985,4130,1784,0.4319612590799031,21.0,10.0,0.47619047619047616,4109.0,1774.0,0.4317352153808713,4130,4708
6555,4627,1239,0.26777609682299547,88.0,24.0,0.2727272727272727,4539.0,1215.0,0.2676801057501652,4082,957,0.2344439000489956,80.0,19.0,0.2375,4002.0,938.0,0.23438280859570215,3911,917,0.23446688826387113,78.0,18.0,0.23076923076923078,3833.0,899.0,0.23454213409861727,8702,9035
6556,83,65,0.7831325301204819,0.0,0.0,,83.0,65.0,0.7831325301204819,80,63,0.7875,0.0,0.0,,80.0,63.0,0.7875,80,63,0.7875,0.0,0.0,,80.0,63.0,0.7875,91,91
6557,366,0,0.0,2.0,0.0,0.0,364.0,0.0,0.0,348,0,0.0,2.0,0.0,0.0,346.0,0.0,0.0,339,0,0.0,2.0,0.0,0.0,337.0,0.0,0.0,1677,1732
6558,545788,42369,0.07762904277851473,5558.0,333.0,0.05991363799928032,540230.0,42036.0,0.07781130259333988,187185,19322,0.10322408312631888,1494.0,185.0,0.12382864792503347,185691.0,19137.0,0.10305830654151252,142829,17371,0.12162095932898781,1221.0,178.0,0.1457821457821458,141608.0,17193.0,0.12141263205468618,142829,187185
6559,338297,131571,0.38892156891725316,14874.0,4750.0,0.31934919994621486,323423.0,126821.0,0.3921211540304802,142660,32041,0.22459694378241973,6753.0,1550.0,0.2295276173552495,135907.0,30491.0,0.22435194655168608,102433,25710,0.25099333222691905,5225.0,1382.0,0.2644976076555024,97208.0,24328.0,0.25026746769813185,102434,142665
6560,2621811,1080668,0.412183792042981,65028.0,29354.0,0.45140554837915975,2556783.0,1051314.0,0.41118624458939224,692861,229214,0.33082248820470483,11529.0,4746.0,0.4116575591985428,681332.0,224468.0,0.3294546564670381,473903,185378,0.3911728771499653,8139.0,3943.0,0.48445755006757585,465764.0,181435.0,0.3895427727346897,473916,692884
6561,556,2,0.0035971223021582736,5.0,0.0,0.0,551.0,2.0,0.003629764065335753,510,2,0.00392156862745098,5.0,0.0,0.0,505.0,2.0,0.0039603960396039604,475,2,0.004210526315789474,5.0,0.0,0.0,470.0,2.0,0.00425531914893617,575,618
6562,105,8,0.0761904761904762,9.0,0.0,0.0,96.0,8.0,0.08333333333333333,98,8,0.08163265306122448,5.0,0.0,0.0,93.0,8.0,0.08602150537634409,98,8,0.08163265306122448,5.0,0.0,0.0,93.0,8.0,0.08602150537634409,112,112
6564,3130,1322,0.42236421725239615,32.0,10.0,0.3125,3098.0,1312.0,0.4234990316333118,3028,1261,0.416446499339498,31.0,10.0,0.3225806451612903,2997.0,1251.0,0.4174174174174174,2606,1117,0.42862624712202607,30.0,9.0,0.3,2576.0,1108.0,0.4301242236024845,2610,3032
6565,206,52,0.2524271844660194,0.0,0.0,,206.0,52.0,0.2524271844660194,205,52,0.25365853658536586,0.0,0.0,,205.0,52.0,0.25365853658536586,151,46,0.304635761589404,0.0,0.0,,151.0,46.0,0.304635761589404,151,205
6566,1456,663,0.45535714285714285,13.0,6.0,0.46153846153846156,1443.0,657.0,0.4553014553014553,1418,643,0.4534555712270804,13.0,6.0,0.46153846153846156,1405.0,637.0,0.4533807829181495,1228,532,0.43322475570032576,12.0,6.0,0.5,1216.0,526.0,0.43256578947368424,1228,1418
6567,246,87,0.35365853658536583,0.0,0.0,,246.0,87.0,0.35365853658536583,245,87,0.3551020408163265,0.0,0.0,,245.0,87.0,0.3551020408163265,184,76,0.41304347826086957,0.0,0.0,,184.0,76.0,0.41304347826086957,184,245
6570,467,20,0.042826552462526764,1.0,0.0,0.0,466.0,20.0,0.04291845493562232,463,20,0.04319654427645788,1.0,0.0,0.0,462.0,20.0,0.04329004329004329,463,20,0.04319654427645788,1.0,0.0,0.0,462.0,20.0,0.04329004329004329,710,710
6571,21342,3293,0.15429669196888765,1962.0,296.0,0.15086646279306828,19380.0,2997.0,0.1546439628482972,19076,2804,0.1469909834346823,1753.0,263.0,0.1500285225328009,17323.0,2541.0,0.14668359983836518,16407,2488,0.15164259157676602,1470.0,239.0,0.16258503401360544,14937.0,2249.0,0.15056570931244562,16407,19076
6572,7036,1920,0.27288231949971575,832.0,353.0,0.42427884615384615,6204.0,1567.0,0.25257898130238554,6802,1811,0.2662452219935313,750.0,300.0,0.4,6052.0,1511.0,0.24966953073364176,5811,1661,0.28583720530029255,641.0,267.0,0.4165366614664587,5170.0,1394.0,0.26963249516441007,5811,6802
6574,73031,5626,0.07703577932658734,2904.0,275.0,0.0946969696969697,70127.0,5351.0,0.07630441912530124,61991,5441,0.08777080543949928,2334.0,271.0,0.11610968294772922,59657.0,5170.0,0.08666208491878573,44688,4586,0.10262262799856785,1545.0,220.0,0.1423948220064725,43143.0,4366.0,0.10119834040284635,44694,62001
6575,4481,749,0.1671501896898014,52.0,7.0,0.1346153846153846,4429.0,742.0,0.16753217430571235,3943,673,0.17068222165863556,49.0,7.0,0.14285714285714285,3894.0,666.0,0.17103235747303544,3901,663,0.16995642143040246,48.0,7.0,0.14583333333333334,3853.0,656.0,0.17025694264209706,4934,4998
6576,3087,482,0.1561386459345643,44.0,1.0,0.022727272727272728,3043.0,481.0,0.15806769635228393,2430,443,0.18230452674897119,28.0,1.0,0.03571428571428571,2402.0,442.0,0.18401332223147376,2403,437,0.18185601331668746,28.0,1.0,0.03571428571428571,2375.0,436.0,0.18357894736842106,2700,2734
6577,4437,948,0.213657876943881,52.0,9.0,0.17307692307692307,4385.0,939.0,0.21413911060433297,3909,849,0.21719109746738297,49.0,8.0,0.16326530612244897,3860.0,841.0,0.2178756476683938,3867,834,0.2156710628394104,48.0,8.0,0.16666666666666666,3819.0,826.0,0.21628698612202146,4900,4964
6578,3610,536,0.1484764542936288,67.0,5.0,0.07462686567164178,3543.0,531.0,0.14987298899237933,2658,478,0.17983446200150488,37.0,4.0,0.10810810810810811,2621.0,474.0,0.18084700495993897,2627,468,0.17814998096688237,37.0,4.0,0.10810810810810811,2590.0,464.0,0.17915057915057914,2684,2718
6579,3545,674,0.19012693935119887,60.0,6.0,0.1,3485.0,668.0,0.19167862266857963,2382,588,0.24685138539042822,36.0,6.0,0.16666666666666666,2346.0,582.0,0.24808184143222506,2357,582,0.24692405600339415,36.0,6.0,0.16666666666666666,2321.0,576.0,0.24816889271865575,2621,2650
6580,11,0,0.0,0.0,0.0,,11.0,0.0,0.0,11,0,0.0,0.0,0.0,,11.0,0.0,0.0,11,0,0.0,0.0,0.0,,11.0,0.0,0.0,40,40
6581,4476,0,0.0,67.0,0.0,0.0,4409.0,0.0,0.0,3788,0,0.0,59.0,0.0,0.0,3729.0,0.0,0.0,3616,0,0.0,58.0,0.0,0.0,3558.0,0.0,0.0,3616,3788
6582,10863,959,0.08828132191843874,25.0,4.0,0.16,10838.0,955.0,0.0881158885403211,9483,817,0.08615417062111146,9.0,3.0,0.3333333333333333,9474.0,814.0,0.0859193582436141,8260,792,0.09588377723970944,8.0,2.0,0.25,8252.0,790.0,0.09573436742607852,8260,9483
6584,10208,434,0.04251567398119122,137.0,9.0,0.06569343065693431,10071.0,425.0,0.042200377321020756,9565,413,0.04317825405122844,135.0,9.0,0.06666666666666667,9430.0,404.0,0.04284199363732768,9220,408,0.04425162689804772,131.0,9.0,0.06870229007633588,9089.0,399.0,0.04389921883595555,11681,12252
6589,8419,1443,0.17139802826939066,515.0,59.0,0.1145631067961165,7904.0,1384.0,0.17510121457489877,8071,1406,0.1742039400322141,499.0,59.0,0.11823647294589178,7572.0,1347.0,0.17789223454833597,7692,1377,0.17901716068642745,488.0,58.0,0.11885245901639344,7204.0,1319.0,0.18309272626318712,10730,11310
6590,335,1,0.0029850746268656717,0.0,0.0,,335.0,1.0,0.0029850746268656717,333,1,0.003003003003003003,0.0,0.0,,333.0,1.0,0.003003003003003003,333,1,0.003003003003003003,0.0,0.0,,333.0,1.0,0.003003003003003003,580,580
6592,60,13,0.21666666666666667,0.0,0.0,,60.0,13.0,0.21666666666666667,60,13,0.21666666666666667,0.0,0.0,,60.0,13.0,0.21666666666666667,59,12,0.2033898305084746,0.0,0.0,,59.0,12.0,0.2033898305084746,59,60
6593,60,6,0.1,0.0,0.0,,60.0,6.0,0.1,60,6,0.1,0.0,0.0,,60.0,6.0,0.1,59,6,0.1016949152542373,0.0,0.0,,59.0,6.0,0.1016949152542373,59,60
6595,135,8,0.05925925925925926,0.0,0.0,,135.0,8.0,0.05925925925925926,132,8,0.06060606060606061,0.0,0.0,,132.0,8.0,0.06060606060606061,131,8,0.061068702290076333,0.0,0.0,,131.0,8.0,0.061068702290076333,131,132
6596,443,7,0.01580135440180587,27.0,0.0,0.0,416.0,7.0,0.016826923076923076,437,7,0.016018306636155607,25.0,0.0,0.0,412.0,7.0,0.01699029126213592,421,7,0.0166270783847981,25.0,0.0,0.0,396.0,7.0,0.017676767676767676,423,439
6597,2232,104,0.04659498207885305,235.0,19.0,0.08085106382978724,1997.0,85.0,0.04256384576865298,2117,93,0.043930089749645726,224.0,18.0,0.08035714285714286,1893.0,75.0,0.039619651347068144,1992,91,0.04568273092369478,208.0,17.0,0.08173076923076923,1784.0,74.0,0.04147982062780269,2013,2138
6598,1,0,0.0,0.0,0.0,,1.0,0.0,0.0,1,0,0.0,0.0,0.0,,1.0,0.0,0.0,1,0,0.0,0.0,0.0,,1.0,0.0,0.0,1,1
6600,237,82,0.3459915611814346,3.0,1.0,0.3333333333333333,234.0,81.0,0.34615384615384615,233,81,0.34763948497854075,3.0,1.0,0.3333333333333333,230.0,80.0,0.34782608695652173,230,80,0.34782608695652173,3.0,1.0,0.3333333333333333,227.0,79.0,0.34801762114537443,318,322
6602,441,53,0.12018140589569161,5.0,0.0,0.0,436.0,53.0,0.12155963302752294,405,47,0.11604938271604938,5.0,0.0,0.0,400.0,47.0,0.1175,387,41,0.10594315245478036,5.0,0.0,0.0,382.0,41.0,0.10732984293193717,638,658
6603,254,0,0.0,0.0,0.0,,254.0,0.0,0.0,220,0,0.0,0.0,0.0,,220.0,0.0,0.0,199,0,0.0,0.0,0.0,,199.0,0.0,0.0,1304,1378
6604,770,202,0.2623376623376623,11.0,0.0,0.0,759.0,202.0,0.26613965744400525,681,167,0.24522760646108663,10.0,0.0,0.0,671.0,167.0,0.2488822652757079,664,163,0.24548192771084337,10.0,0.0,0.0,654.0,163.0,0.2492354740061162,715,734
6605,51,16,0.3137254901960784,0.0,0.0,,51.0,16.0,0.3137254901960784,50,15,0.3,0.0,0.0,,50.0,15.0,0.3,50,15,0.3,0.0,0.0,,50.0,15.0,0.3,110,110
6606,117,26,0.2222222222222222,2.0,0.0,0.0,115.0,26.0,0.22608695652173913,115,26,0.22608695652173913,2.0,0.0,0.0,113.0,26.0,0.23008849557522124,112,26,0.23214285714285715,2.0,0.0,0.0,110.0,26.0,0.23636363636363636,122,125
6607,70,2,0.02857142857142857,0.0,0.0,,70.0,2.0,0.02857142857142857,56,1,0.017857142857142856,0.0,0.0,,56.0,1.0,0.017857142857142856,48,1,0.020833333333333332,0.0,0.0,,48.0,1.0,0.020833333333333332,59,67
6608,1771,236,0.13325804630152457,30.0,2.0,0.06666666666666667,1741.0,234.0,0.1344055140723722,1670,214,0.1281437125748503,30.0,2.0,0.06666666666666667,1640.0,212.0,0.12926829268292683,1643,210,0.1278149726110773,30.0,2.0,0.06666666666666667,1613.0,208.0,0.12895226286422815,2049,2079
6609,984,205,0.20833333333333334,23.0,5.0,0.21739130434782608,961.0,200.0,0.2081165452653486,906,183,0.20198675496688742,23.0,5.0,0.21739130434782608,883.0,178.0,0.2015855039637599,896,178,0.19866071428571427,23.0,5.0,0.21739130434782608,873.0,173.0,0.1981672394043528,1325,1339
6610,615,178,0.2894308943089431,2.0,2.0,1.0,613.0,176.0,0.28711256117455136,559,165,0.295169946332737,2.0,2.0,1.0,557.0,163.0,0.2926391382405745,555,165,0.2972972972972973,2.0,2.0,1.0,553.0,163.0,0.29475587703435807,613,624
6611,193,38,0.19689119170984457,1.0,0.0,0.0,192.0,38.0,0.19791666666666666,156,35,0.22435897435897437,1.0,0.0,0.0,155.0,35.0,0.22580645161290322,155,35,0.22580645161290322,1.0,0.0,0.0,154.0,35.0,0.22727272727272727,155,156
6612,1,0,0.0,0.0,0.0,,1.0,0.0,0.0,1,0,0.0,0.0,0.0,,1.0,0.0,0.0,1,0,0.0,0.0,0.0,,1.0,0.0,0.0,1,1
6613,566,119,0.21024734982332155,5.0,1.0,0.2,561.0,118.0,0.2103386809269162,563,119,0.2113676731793961,5.0,1.0,0.2,558.0,118.0,0.2114695340501792,533,116,0.2176360225140713,5.0,1.0,0.2,528.0,115.0,0.2178030303030303,599,631
6614,220,0,0.0,1.0,0.0,0.0,219.0,0.0,0.0,202,0,0.0,1.0,0.0,0.0,201.0,0.0,0.0,186,0,0.0,1.0,0.0,0.0,185.0,0.0,0.0,186,202
6615,41,10,0.24390243902439024,2.0,0.0,0.0,39.0,10.0,0.2564102564102564,41,10,0.24390243902439024,2.0,0.0,0.0,39.0,10.0,0.2564102564102564,40,10,0.25,2.0,0.0,0.0,38.0,10.0,0.2631578947368421,40,41
6616,25028,10618,0.4242448457727345,660.0,355.0,0.5378787878787878,24368.0,10263.0,0.42116710439921207,11360,4481,0.39445422535211266,237.0,104.0,0.4388185654008439,11123.0,4377.0,0.3935089454283916,10175,4242,0.4169041769041769,214.0,99.0,0.46261682242990654,9961.0,4143.0,0.4159220961750828,10175,11360
6617,11,2,0.18181818181818182,0.0,0.0,,11.0,2.0,0.18181818181818182,11,2,0.18181818181818182,0.0,0.0,,11.0,2.0,0.18181818181818182,11,2,0.18181818181818182,0.0,0.0,,11.0,2.0,0.18181818181818182,11,11
6618,11,0,0.0,0.0,0.0,,11.0,0.0,0.0,11,0,0.0,0.0,0.0,,11.0,0.0,0.0,11,0,0.0,0.0,0.0,,11.0,0.0,0.0,11,11
6620,127,27,0.2125984251968504,2.0,0.0,0.0,125.0,27.0,0.216,109,24,0.22018348623853212,2.0,0.0,0.0,107.0,24.0,0.22429906542056074,108,24,0.2222222222222222,2.0,0.0,0.0,106.0,24.0,0.22641509433962265,108,109
6621,41,6,0.14634146341463414,2.0,0.0,0.0,39.0,6.0,0.15384615384615385,41,6,0.14634146341463414,2.0,0.0,0.0,39.0,6.0,0.15384615384615385,40,6,0.15,2.0,0.0,0.0,38.0,6.0,0.15789473684210525,40,41
6624,117,97,0.8290598290598291,0.0,0.0,,117.0,97.0,0.8290598290598291,108,89,0.8240740740740741,0.0,0.0,,108.0,89.0,0.8240740740740741,108,89,0.8240740740740741,0.0,0.0,,108.0,89.0,0.8240740740740741,108,108
6625,493,2,0.004056795131845842,5.0,0.0,0.0,488.0,2.0,0.004098360655737705,423,2,0.004728132387706856,3.0,0.0,0.0,420.0,2.0,0.004761904761904762,417,2,0.004796163069544364,3.0,0.0,0.0,414.0,2.0,0.004830917874396135,859,886
6626,12,0,0.0,0.0,0.0,,12.0,0.0,0.0,12,0,0.0,0.0,0.0,,12.0,0.0,0.0,12,0,0.0,0.0,0.0,,12.0,0.0,0.0,12,12
6627,483,49,0.10144927536231885,1.0,0.0,0.0,482.0,49.0,0.1016597510373444,453,43,0.09492273730684327,1.0,0.0,0.0,452.0,43.0,0.09513274336283185,442,43,0.09728506787330317,1.0,0.0,0.0,441.0,43.0,0.09750566893424037,442,453
6628,38,22,0.5789473684210527,1.0,0.0,0.0,37.0,22.0,0.5945945945945946,36,22,0.6111111111111112,1.0,0.0,0.0,35.0,22.0,0.6285714285714286,36,22,0.6111111111111112,1.0,0.0,0.0,35.0,22.0,0.6285714285714286,36,36
6632,29,0,0.0,1.0,0.0,0.0,28.0,0.0,0.0,24,0,0.0,1.0,0.0,0.0,23.0,0.0,0.0,24,0,0.0,1.0,0.0,0.0,23.0,0.0,0.0,24,24
6633,72,3,0.041666666666666664,3.0,1.0,0.3333333333333333,69.0,2.0,0.028985507246376812,69,3,0.043478260869565216,3.0,1.0,0.3333333333333333,66.0,2.0,0.030303030303030304,69,3,0.043478260869565216,3.0,1.0,0.3333333333333333,66.0,2.0,0.030303030303030304,69,69
6634,175,9,0.05142857142857143,5.0,0.0,0.0,170.0,9.0,0.052941176470588235,160,9,0.05625,5.0,0.0,0.0,155.0,9.0,0.05806451612903226,158,9,0.056962025316455694,5.0,0.0,0.0,153.0,9.0,0.058823529411764705,297,300
6635,83,0,0.0,0.0,0.0,,83.0,0.0,0.0,83,0,0.0,0.0,0.0,,83.0,0.0,0.0,80,0,0.0,0.0,0.0,,80.0,0.0,0.0,80,83
6636,120,0,0.0,2.0,0.0,0.0,118.0,0.0,0.0,118,0,0.0,2.0,0.0,0.0,116.0,0.0,0.0,116,0,0.0,2.0,0.0,0.0,114.0,0.0,0.0,116,118
6638,1610,223,0.13850931677018632,21.0,2.0,0.09523809523809523,1589.0,221.0,0.13908118313404658,1481,214,0.14449696151249156,20.0,2.0,0.1,1461.0,212.0,0.14510609171800137,1436,208,0.14484679665738162,20.0,2.0,0.1,1416.0,206.0,0.14548022598870056,1954,2017
6639,1268,88,0.0694006309148265,31.0,1.0,0.03225806451612903,1237.0,87.0,0.07033144704931285,1242,87,0.07004830917874397,30.0,1.0,0.03333333333333333,1212.0,86.0,0.07095709570957096,1215,86,0.07078189300411522,30.0,1.0,0.03333333333333333,1185.0,85.0,0.07172995780590717,2053,2092
6640,2308,1114,0.4826689774696707,33.0,24.0,0.7272727272727273,2275.0,1090.0,0.47912087912087914,2260,1086,0.48053097345132745,32.0,23.0,0.71875,2228.0,1063.0,0.47710951526032314,2227,1071,0.48091603053435117,32.0,23.0,0.71875,2195.0,1048.0,0.4774487471526196,2285,2318
6641,5,0,0.0,0.0,0.0,,5.0,0.0,0.0,2,0,0.0,0.0,0.0,,2.0,0.0,0.0,2,0,0.0,0.0,0.0,,2.0,0.0,0.0,2,2
6642,790,68,0.08607594936708861,2.0,0.0,0.0,788.0,68.0,0.08629441624365482,680,56,0.08235294117647059,2.0,0.0,0.0,678.0,56.0,0.08259587020648967,646,56,0.08668730650154799,2.0,0.0,0.0,644.0,56.0,0.08695652173913043,753,798
6644,69,0,0.0,1.0,0.0,0.0,68.0,0.0,0.0,69,0,0.0,1.0,0.0,0.0,68.0,0.0,0.0,68,0,0.0,1.0,0.0,0.0,67.0,0.0,0.0,68,69
6653,2582,683,0.26452362509682414,15.0,6.0,0.4,2567.0,677.0,0.26373198285936894,2537,677,0.2668506109578242,14.0,6.0,0.42857142857142855,2523.0,671.0,0.26595323028141105,2479,664,0.2678499394917305,14.0,6.0,0.42857142857142855,2465.0,658.0,0.2669371196754564,2479,2537
6656,1945,264,0.13573264781491,15.0,1.0,0.06666666666666667,1930.0,263.0,0.13626943005181347,1925,261,0.13558441558441559,15.0,1.0,0.06666666666666667,1910.0,260.0,0.13612565445026178,1902,256,0.13459516298633017,14.0,1.0,0.07142857142857142,1888.0,255.0,0.1350635593220339,2307,2340
6659,4254,226,0.05312646920545369,50.0,2.0,0.04,4204.0,224.0,0.0532825880114177,2669,125,0.04683402023229674,37.0,1.0,0.02702702702702703,2632.0,124.0,0.04711246200607903,2169,111,0.051175656984785614,32.0,1.0,0.03125,2137.0,110.0,0.05147402901263454,2758,3378
6660,1041,268,0.2574447646493756,2.0,0.0,0.0,1039.0,268.0,0.2579403272377286,643,113,0.17573872472783825,2.0,0.0,0.0,641.0,113.0,0.17628705148205928,539,97,0.17996289424860853,2.0,0.0,0.0,537.0,97.0,0.18063314711359404,539,643
6662,4,0,0.0,0.0,0.0,,4.0,0.0,0.0,3,0,0.0,0.0,0.0,,3.0,0.0,0.0,3,0,0.0,0.0,0.0,,3.0,0.0,0.0,3,3
6664,515,119,0.23106796116504855,2.0,1.0,0.5,513.0,118.0,0.2300194931773879,508,117,0.23031496062992127,2.0,1.0,0.5,506.0,116.0,0.22924901185770752,501,114,0.2275449101796407,2.0,1.0,0.5,499.0,113.0,0.22645290581162325,501,508
6665,3502,724,0.2067390062821245,91.0,16.0,0.17582417582417584,3411.0,708.0,0.2075637642919965,2680,542,0.20223880597014926,58.0,13.0,0.22413793103448276,2622.0,529.0,0.20175438596491227,2552,473,0.1853448275862069,56.0,11.0,0.19642857142857142,2496.0,462.0,0.18509615384615385,4421,4628
6666,80,62,0.775,1.0,0.0,0.0,79.0,62.0,0.7848101265822784,71,53,0.7464788732394366,1.0,0.0,0.0,70.0,53.0,0.7571428571428571,62,44,0.7096774193548387,1.0,0.0,0.0,61.0,44.0,0.7213114754098361,62,71
6667,312,66,0.21153846153846154,6.0,1.0,0.16666666666666666,306.0,65.0,0.21241830065359477,304,65,0.2138157894736842,6.0,1.0,0.16666666666666666,298.0,64.0,0.21476510067114093,300,63,0.21,6.0,1.0,0.16666666666666666,294.0,62.0,0.2108843537414966,400,404
6668,276,55,0.19927536231884058,6.0,0.0,0.0,270.0,55.0,0.2037037037037037,275,55,0.2,6.0,0.0,0.0,269.0,55.0,0.20446096654275092,274,55,0.20072992700729927,6.0,0.0,0.0,268.0,55.0,0.20522388059701493,282,283
6671,736,34,0.04619565217391304,9.0,0.0,0.0,727.0,34.0,0.04676753782668501,721,33,0.04576976421636616,9.0,0.0,0.0,712.0,33.0,0.046348314606741575,715,33,0.046153846153846156,9.0,0.0,0.0,706.0,33.0,0.046742209631728045,715,721
6672,721,11,0.015256588072122053,9.0,0.0,0.0,712.0,11.0,0.01544943820224719,706,11,0.015580736543909348,9.0,0.0,0.0,697.0,11.0,0.015781922525107604,700,11,0.015714285714285715,9.0,0.0,0.0,691.0,11.0,0.015918958031837915,700,706
6676,18,3,0.16666666666666666,0.0,0.0,,18.0,3.0,0.16666666666666666,18,3,0.16666666666666666,0.0,0.0,,18.0,3.0,0.16666666666666666,17,3,0.17647058823529413,0.0,0.0,,17.0,3.0,0.17647058823529413,17,18
6677,1035,30,0.028985507246376812,8.0,0.0,0.0,1027.0,30.0,0.029211295034079845,933,29,0.031082529474812434,8.0,0.0,0.0,925.0,29.0,0.03135135135135135,915,29,0.03169398907103825,8.0,0.0,0.0,907.0,29.0,0.03197353914002205,955,973
6678,30,4,0.13333333333333333,1.0,0.0,0.0,29.0,4.0,0.13793103448275862,30,4,0.13333333333333333,1.0,0.0,0.0,29.0,4.0,0.13793103448275862,30,4,0.13333333333333333,1.0,0.0,0.0,29.0,4.0,0.13793103448275862,39,39
6680,430767,23586,0.05475349783061376,6422.0,434.0,0.06758019308626596,424345.0,23152.0,0.0545593797499676,143642,10740,0.07476921791676529,1850.0,193.0,0.10432432432432433,141792.0,10547.0,0.0743836041525615,100856,9168,0.09090187990798762,1335.0,157.0,0.11760299625468165,99521.0,9011.0,0.09054370434380683,109191,153402
6681,484218,43983,0.09083305453328873,7822.0,812.0,0.10380976732293531,476396.0,43171.0,0.09061998841300095,163814,24228,0.1478994469337175,2162.0,404.0,0.1868640148011101,161652.0,23824.0,0.1473783188577933,118706,20940,0.17640220376392093,1636.0,352.0,0.21515892420537897,117070.0,20588.0,0.17586059622448108,118724,163838
6682,25718,7063,0.27463255307566686,671.0,232.0,0.34575260804769004,25047.0,6831.0,0.2727272727272727,12546,3906,0.3113342898134864,340.0,124.0,0.36470588235294116,12206.0,3782.0,0.3098476159265935,10798,3569,0.33052417114280425,286.0,113.0,0.3951048951048951,10512.0,3456.0,0.3287671232876712,11828,13867
6683,382,163,0.42670157068062825,0.0,0.0,,382.0,163.0,0.42670157068062825,317,128,0.4037854889589905,0.0,0.0,,317.0,128.0,0.4037854889589905,308,124,0.4025974025974026,0.0,0.0,,308.0,124.0,0.4025974025974026,309,318
6684,1282,166,0.1294851794071763,34.0,5.0,0.14705882352941177,1248.0,161.0,0.12900641025641027,1039,147,0.14148219441770934,26.0,3.0,0.11538461538461539,1013.0,144.0,0.14215202369200394,1007,142,0.141012909632572,24.0,3.0,0.125,983.0,139.0,0.14140386571719227,1233,1273
6685,9,1,0.1111111111111111,1.0,0.0,0.0,8.0,1.0,0.125,9,1,0.1111111111111111,1.0,0.0,0.0,8.0,1.0,0.125,9,1,0.1111111111111111,1.0,0.0,0.0,8.0,1.0,0.125,1471,1538
6686,945,90,0.09523809523809523,15.0,0.0,0.0,930.0,90.0,0.0967741935483871,593,56,0.09443507588532883,13.0,0.0,0.0,580.0,56.0,0.09655172413793103,585,54,0.09230769230769231,13.0,0.0,0.0,572.0,54.0,0.0944055944055944,1354,1451
6687,1287,42,0.03263403263403263,10.0,0.0,0.0,1277.0,42.0,0.03288958496476116,1249,42,0.03362690152121697,10.0,0.0,0.0,1239.0,42.0,0.03389830508474576,1234,42,0.03403565640194489,10.0,0.0,0.0,1224.0,42.0,0.03431372549019608,1234,1249
6688,1962,169,0.08613659531090724,36.0,2.0,0.05555555555555555,1926.0,167.0,0.08670820353063344,1736,143,0.08237327188940093,32.0,2.0,0.0625,1704.0,141.0,0.08274647887323944,1701,143,0.08406819517930629,32.0,2.0,0.0625,1669.0,141.0,0.08448172558418214,1988,2027
6691,141,9,0.06382978723404255,3.0,0.0,0.0,138.0,9.0,0.06521739130434782,94,9,0.09574468085106383,3.0,0.0,0.0,91.0,9.0,0.0989010989010989,93,9,0.0967741935483871,3.0,0.0,0.0,90.0,9.0,0.1,133,134
6692,248,24,0.0967741935483871,4.0,1.0,0.25,244.0,23.0,0.0942622950819672,243,24,0.09876543209876543,4.0,1.0,0.25,239.0,23.0,0.09623430962343096,242,24,0.09917355371900827,4.0,1.0,0.25,238.0,23.0,0.09663865546218488,264,265
6693,2,0,0.0,0.0,0.0,,2.0,0.0,0.0,2,0,0.0,0.0,0.0,,2.0,0.0,0.0,2,0,0.0,0.0,0.0,,2.0,0.0,0.0,2,2
6694,3330,175,0.052552552552552555,12.0,3.0,0.25,3318.0,172.0,0.05183845690174804,3251,174,0.05352199323285143,12.0,3.0,0.25,3239.0,171.0,0.052794072244519916,3156,174,0.055133079847908745,12.0,3.0,0.25,3144.0,171.0,0.05438931297709924,4755,4904
6695,32955,0,0.0,468.0,0.0,0.0,32487.0,0.0,0.0,30205,0,0.0,423.0,0.0,0.0,29782.0,0.0,0.0,24423,0,0.0,369.0,0.0,0.0,24054.0,0.0,0.0,24423,30205
6696,1470,0,0.0,21.0,0.0,0.0,1449.0,0.0,0.0,1396,0,0.0,20.0,0.0,0.0,1376.0,0.0,0.0,1366,0,0.0,20.0,0.0,0.0,1346.0,0.0,0.0,1366,1396
6697,22263,10040,0.45097246552576026,129.0,65.0,0.5038759689922481,22134.0,9975.0,0.4506641366223909,20240,9248,0.45691699604743086,112.0,55.0,0.49107142857142855,20128.0,9193.0,0.4567269475357711,18246,8550,0.4685958566261098,104.0,54.0,0.5192307692307693,18142.0,8496.0,0.4683055892404366,50536,58726
6698,54577,3682,0.06746431647030801,616.0,27.0,0.04383116883116883,53961.0,3655.0,0.06773410426048443,51238,3629,0.07082633982591045,580.0,27.0,0.04655172413793104,50658.0,3602.0,0.07110426783528762,41757,3411,0.081686902794741,502.0,26.0,0.05179282868525897,41255.0,3385.0,0.08205066052599685,41757,51238
6699,409,0,0.0,4.0,0.0,0.0,405.0,0.0,0.0,400,0,0.0,4.0,0.0,0.0,396.0,0.0,0.0,393,0,0.0,4.0,0.0,0.0,389.0,0.0,0.0,709,719
6702,115,111,0.9652173913043478,2.0,2.0,1.0,113.0,109.0,0.9646017699115044,114,110,0.9649122807017544,2.0,2.0,1.0,112.0,108.0,0.9642857142857143,112,108,0.9642857142857143,2.0,2.0,1.0,110.0,106.0,0.9636363636363636,112,114
6704,409,0,0.0,4.0,0.0,0.0,405.0,0.0,0.0,400,0,0.0,4.0,0.0,0.0,396.0,0.0,0.0,393,0,0.0,4.0,0.0,0.0,389.0,0.0,0.0,675,686
6713,101,87,0.8613861386138614,2.0,1.0,0.5,99.0,86.0,0.8686868686868687,101,87,0.8613861386138614,2.0,1.0,0.5,99.0,86.0,0.8686868686868687,100,86,0.86,2.0,1.0,0.5,98.0,85.0,0.8673469387755102,100,101
6715,530,101,0.19056603773584907,7.0,3.0,0.42857142857142855,523.0,98.0,0.18738049713193117,519,100,0.1926782273603083,7.0,3.0,0.42857142857142855,512.0,97.0,0.189453125,512,100,0.1953125,7.0,3.0,0.42857142857142855,505.0,97.0,0.19207920792079208,592,599
6718,652855,293384,0.44938615772261836,25775.0,12336.0,0.47860329776915617,627080.0,281048.0,0.4481852395228679,119975,40133,0.33451135653261094,3300.0,1291.0,0.39121212121212123,116675.0,38842.0,0.33290764945361045,85481,29441,0.344415718112797,2485.0,998.0,0.4016096579476861,82996.0,28443.0,0.3427032628078462,85510,120045
6720,190861,62781,0.32893571761648527,4261.0,1146.0,0.26895095048110773,186600.0,61635.0,0.3303054662379421,110052,35210,0.3199396648856904,2183.0,648.0,0.2968392120934494,107869.0,34562.0,0.32040716053731844,66127,22642,0.3424017421023183,1343.0,442.0,0.3291139240506329,64784.0,22200.0,0.34267720424796244,66127,110052
6721,2727565,1926076,0.706152190690231,66546.0,48598.0,0.7302918282090584,2661019.0,1877478.0,0.705548513558152,801501,461366,0.5756274789426339,13442.0,8502.0,0.632495164410058,788059.0,452864.0,0.5746574812291974,547066,331481,0.6059250620583256,9316.0,6303.0,0.6765779304422499,537750.0,325178.0,0.6047010692701069,547130,801608
6722,690,0,0.0,0.0,0.0,,690.0,0.0,0.0,500,0,0.0,0.0,0.0,,500.0,0.0,0.0,476,0,0.0,0.0,0.0,,476.0,0.0,0.0,476,500
6723,5464,1483,0.2714128843338214,115.0,40.0,0.34782608695652173,5349.0,1443.0,0.26977005047672464,4176,1080,0.25862068965517243,91.0,32.0,0.3516483516483517,4085.0,1048.0,0.2565483476132191,3858,1006,0.2607568688439606,82.0,30.0,0.36585365853658536,3776.0,976.0,0.2584745762711864,4070,4395
6724,851,605,0.7109283196239718,10.0,8.0,0.8,841.0,597.0,0.7098692033293698,782,547,0.6994884910485933,9.0,7.0,0.7777777777777778,773.0,540.0,0.6985769728331177,766,541,0.706266318537859,9.0,7.0,0.7777777777777778,757.0,534.0,0.7054161162483488,766,782
6725,5229,858,0.16408491107286288,73.0,9.0,0.1232876712328767,5156.0,849.0,0.16466252909231963,2921,434,0.1485792536802465,46.0,8.0,0.17391304347826086,2875.0,426.0,0.14817391304347827,2758,412,0.14938361131254532,45.0,8.0,0.17777777777777778,2713.0,404.0,0.1489126428308146,2758,2921
6726,167,0,0.0,0.0,0.0,,167.0,0.0,0.0,118,0,0.0,0.0,0.0,,118.0,0.0,0.0,116,0,0.0,0.0,0.0,,116.0,0.0,0.0,116,118
6728,17754,3655,0.20586909992114452,90.0,3.0,0.03333333333333333,17664.0,3652.0,0.2067481884057971,15584,3081,0.19770277207392198,12.0,2.0,0.16666666666666666,15572.0,3079.0,0.19772668892884665,13236,2798,0.21139317014203687,11.0,2.0,0.18181818181818182,13225.0,2796.0,0.21141776937618148,13236,15584
6731,194492,62302,0.3203319416736935,3421.0,1133.0,0.3311897106109325,191071.0,61169.0,0.3201375404954179,165736,53883,0.3251134334121736,2785.0,921.0,0.3307001795332136,162951.0,52962.0,0.3250179501813429,133634,46311,0.34655102743313826,2286.0,823.0,0.3600174978127734,131348.0,45488.0,0.3463166549928434,146054,185546
6732,24053,0,0.0,306.0,0.0,0.0,23747.0,0.0,0.0,23920,0,0.0,301.0,0.0,0.0,23619.0,0.0,0.0,20466,0,0.0,266.0,0.0,0.0,20200.0,0.0,0.0,60282,71716
6733,476,216,0.453781512605042,6.0,3.0,0.5,470.0,213.0,0.4531914893617021,329,162,0.49240121580547114,5.0,3.0,0.6,324.0,159.0,0.49074074074074076,313,156,0.4984025559105431,5.0,3.0,0.6,308.0,153.0,0.4967532467532468,423,439
6734,622,1,0.001607717041800643,7.0,0.0,0.0,615.0,1.0,0.0016260162601626016,609,1,0.0016420361247947454,7.0,0.0,0.0,602.0,1.0,0.0016611295681063123,592,1,0.0016891891891891893,6.0,0.0,0.0,586.0,1.0,0.0017064846416382253,597,614
6735,108,0,0.0,2.0,0.0,0.0,106.0,0.0,0.0,108,0,0.0,2.0,0.0,0.0,106.0,0.0,0.0,108,0,0.0,2.0,0.0,0.0,106.0,0.0,0.0,293,293
6736,70,1,0.014285714285714285,0.0,0.0,,70.0,1.0,0.014285714285714285,69,1,0.014492753623188406,0.0,0.0,,69.0,1.0,0.014492753623188406,69,1,0.014492753623188406,0.0,0.0,,69.0,1.0,0.014492753623188406,144,144
6737,183,0,0.0,2.0,0.0,0.0,181.0,0.0,0.0,182,0,0.0,2.0,0.0,0.0,180.0,0.0,0.0,182,0,0.0,2.0,0.0,0.0,180.0,0.0,0.0,182,182
6738,119,15,0.12605042016806722,0.0,0.0,,119.0,15.0,0.12605042016806722,90,15,0.16666666666666666,0.0,0.0,,90.0,15.0,0.16666666666666666,84,15,0.17857142857142858,0.0,0.0,,84.0,15.0,0.17857142857142858,248,255
6739,1,0,0.0,0.0,0.0,,1.0,0.0,0.0,1,0,0.0,0.0,0.0,,1.0,0.0,0.0,1,0,0.0,0.0,0.0,,1.0,0.0,0.0,1,1
6740,27,0,0.0,0.0,0.0,,27.0,0.0,0.0,27,0,0.0,0.0,0.0,,27.0,0.0,0.0,27,0,0.0,0.0,0.0,,27.0,0.0,0.0,49,49
6741,32170,9156,0.28461299347217905,1086.0,265.0,0.2440147329650092,31084.0,8891.0,0.2860313987903745,31567,8951,0.2835556118731587,1065.0,260.0,0.24413145539906103,30502.0,8691.0,0.2849321355976657,28646,8035,0.28049291349577604,942.0,227.0,0.24097664543524416,27704.0,7808.0,0.2818365578977765,39711,44035
6742,15,1,0.06666666666666667,0.0,0.0,,15.0,1.0,0.06666666666666667,15,1,0.06666666666666667,0.0,0.0,,15.0,1.0,0.06666666666666667,15,1,0.06666666666666667,0.0,0.0,,15.0,1.0,0.06666666666666667,417,444
6743,100,0,0.0,3.0,0.0,0.0,97.0,0.0,0.0,89,0,0.0,3.0,0.0,0.0,86.0,0.0,0.0,83,0,0.0,3.0,0.0,0.0,80.0,0.0,0.0,83,89
6744,658,19,0.028875379939209727,33.0,0.0,0.0,625.0,19.0,0.0304,616,11,0.017857142857142856,30.0,0.0,0.0,586.0,11.0,0.01877133105802048,599,8,0.01335559265442404,30.0,0.0,0.0,569.0,8.0,0.014059753954305799,1063,1092
6745,353,0,0.0,0.0,0.0,,353.0,0.0,0.0,352,0,0.0,0.0,0.0,,352.0,0.0,0.0,352,0,0.0,0.0,0.0,,352.0,0.0,0.0,1527,1527
6746,183,0,0.0,2.0,0.0,0.0,181.0,0.0,0.0,183,0,0.0,2.0,0.0,0.0,181.0,0.0,0.0,181,0,0.0,2.0,0.0,0.0,179.0,0.0,0.0,181,183
6747,1356,752,0.5545722713864307,2.0,1.0,0.5,1354.0,751.0,0.5546528803545052,967,588,0.6080661840744571,2.0,1.0,0.5,965.0,587.0,0.6082901554404145,790,494,0.6253164556962025,2.0,1.0,0.5,788.0,493.0,0.6256345177664975,790,967
6749,101,48,0.4752475247524752,2.0,2.0,1.0,99.0,46.0,0.46464646464646464,69,28,0.4057971014492754,1.0,1.0,1.0,68.0,27.0,0.39705882352941174,67,28,0.417910447761194,1.0,1.0,1.0,66.0,27.0,0.4090909090909091,68,70
6750,318,44,0.13836477987421383,4.0,0.0,0.0,314.0,44.0,0.14012738853503184,310,43,0.13870967741935483,4.0,0.0,0.0,306.0,43.0,0.14052287581699346,309,42,0.13592233009708737,4.0,0.0,0.0,305.0,42.0,0.1377049180327869,548,551
6751,319,13,0.04075235109717868,4.0,0.0,0.0,315.0,13.0,0.04126984126984127,303,9,0.0297029702970297,4.0,0.0,0.0,299.0,9.0,0.030100334448160536,300,8,0.02666666666666667,4.0,0.0,0.0,296.0,8.0,0.02702702702702703,569,573
6752,711,678,0.9535864978902954,21.0,20.0,0.9523809523809523,690.0,658.0,0.9536231884057971,665,636,0.956390977443609,20.0,19.0,0.95,645.0,617.0,0.9565891472868217,619,594,0.9596122778675282,19.0,18.0,0.9473684210526315,600.0,576.0,0.96,619,665
6754,48,0,0.0,1.0,0.0,0.0,47.0,0.0,0.0,48,0,0.0,1.0,0.0,0.0,47.0,0.0,0.0,48,0,0.0,1.0,0.0,0.0,47.0,0.0,0.0,48,48
6755,19,7,0.3684210526315789,3.0,0.0,0.0,16.0,7.0,0.4375,18,7,0.3888888888888889,3.0,0.0,0.0,15.0,7.0,0.4666666666666667,17,6,0.35294117647058826,3.0,0.0,0.0,14.0,6.0,0.42857142857142855,688,799
6756,229,165,0.7205240174672489,1.0,1.0,1.0,228.0,164.0,0.7192982456140351,229,165,0.7205240174672489,1.0,1.0,1.0,228.0,164.0,0.7192982456140351,225,162,0.72,1.0,1.0,1.0,224.0,161.0,0.71875,225,229
6757,5036,3737,0.7420571882446386,40.0,29.0,0.725,4996.0,3708.0,0.7421937550040032,3564,2355,0.6607744107744108,35.0,24.0,0.6857142857142857,3529.0,2331.0,0.6605270614905072,3458,2309,0.667727009832273,35.0,24.0,0.6857142857142857,3423.0,2285.0,0.6675430908559743,3458,3564
6759,7541,5036,0.6678159395305663,111.0,91.0,0.8198198198198198,7430.0,4945.0,0.6655450874831763,5697,3567,0.6261190100052659,92.0,73.0,0.7934782608695652,5605.0,3494.0,0.623371989295272,5500,3475,0.6318181818181818,87.0,71.0,0.8160919540229885,5413.0,3404.0,0.6288564566783669,5500,5697
6762,3165,247,0.07804107424960506,26.0,2.0,0.07692307692307693,3139.0,245.0,0.07805033450143357,3137,247,0.078737647433854,26.0,2.0,0.07692307692307693,3111.0,245.0,0.07875281260045001,2924,244,0.08344733242134063,24.0,2.0,0.08333333333333333,2900.0,242.0,0.08344827586206896,3385,3617
6763,1259,51,0.04050833995234313,19.0,0.0,0.0,1240.0,51.0,0.04112903225806452,1251,51,0.0407673860911271,19.0,0.0,0.0,1232.0,51.0,0.041396103896103896,1155,50,0.04329004329004329,17.0,0.0,0.0,1138.0,50.0,0.043936731107205626,1287,1389
6764,2167,2046,0.9441624365482234,21.0,21.0,1.0,2146.0,2025.0,0.9436160298229264,2080,1963,0.94375,21.0,21.0,1.0,2059.0,1942.0,0.9431762991743565,2032,1923,0.9463582677165354,21.0,21.0,1.0,2011.0,1902.0,0.9457981103928393,2032,2080
6765,47,0,0.0,0.0,0.0,,47.0,0.0,0.0,47,0,0.0,0.0,0.0,,47.0,0.0,0.0,46,0,0.0,0.0,0.0,,46.0,0.0,0.0,46,47
6766,4,0,0.0,0.0,0.0,,4.0,0.0,0.0,4,0,0.0,0.0,0.0,,4.0,0.0,0.0,4,0,0.0,0.0,0.0,,4.0,0.0,0.0,6,6
6767,145,61,0.4206896551724138,0.0,0.0,,145.0,61.0,0.4206896551724138,143,61,0.42657342657342656,0.0,0.0,,143.0,61.0,0.42657342657342656,140,60,0.42857142857142855,0.0,0.0,,140.0,60.0,0.42857142857142855,140,143
6768,565,0,0.0,1.0,0.0,0.0,564.0,0.0,0.0,546,0,0.0,1.0,0.0,0.0,545.0,0.0,0.0,529,0,0.0,1.0,0.0,0.0,528.0,0.0,0.0,1042,1083
6769,6006,2778,0.46253746253746253,0.0,0.0,,6006.0,2778.0,0.46253746253746253,242,172,0.7107438016528925,0.0,0.0,,242.0,172.0,0.7107438016528925,236,170,0.7203389830508474,0.0,0.0,,236.0,170.0,0.7203389830508474,265,271
6770,466,265,0.5686695278969958,12.0,4.0,0.3333333333333333,454.0,261.0,0.5748898678414097,455,257,0.5648351648351648,12.0,4.0,0.3333333333333333,443.0,253.0,0.5711060948081265,438,246,0.5616438356164384,12.0,4.0,0.3333333333333333,426.0,242.0,0.568075117370892,493,512
6780,55,1,0.01818181818181818,4.0,0.0,0.0,51.0,1.0,0.0196078431372549,51,1,0.0196078431372549,4.0,0.0,0.0,47.0,1.0,0.02127659574468085,51,1,0.0196078431372549,4.0,0.0,0.0,47.0,1.0,0.02127659574468085,51,51
6781,435,0,0.0,2.0,0.0,0.0,433.0,0.0,0.0,349,0,0.0,2.0,0.0,0.0,347.0,0.0,0.0,321,0,0.0,2.0,0.0,0.0,319.0,0.0,0.0,321,349
6784,3872,1262,0.3259297520661157,94.0,37.0,0.39361702127659576,3778.0,1225.0,0.32424563260984646,3751,1237,0.3297787256731538,90.0,37.0,0.4111111111111111,3661.0,1200.0,0.32777929527451516,3523,1191,0.33806414987226796,89.0,37.0,0.4157303370786517,3434.0,1154.0,0.3360512521840419,3524,3752
6785,1,0,0.0,0.0,0.0,,1.0,0.0,0.0,1,0,0.0,0.0,0.0,,1.0,0.0,0.0,1,0,0.0,0.0,0.0,,1.0,0.0,0.0,1,1
6786,230,0,0.0,2.0,0.0,0.0,228.0,0.0,0.0,223,0,0.0,2.0,0.0,0.0,221.0,0.0,0.0,220,0,0.0,2.0,0.0,0.0,218.0,0.0,0.0,220,223
6789,35,6,0.17142857142857143,1.0,0.0,0.0,34.0,6.0,0.17647058823529413,35,6,0.17142857142857143,1.0,0.0,0.0,34.0,6.0,0.17647058823529413,35,6,0.17142857142857143,1.0,0.0,0.0,34.0,6.0,0.17647058823529413,38,38
6791,3608,1500,0.4157427937915743,262.0,134.0,0.5114503816793893,3346.0,1366.0,0.4082486551105798,1290,393,0.30465116279069765,41.0,19.0,0.4634146341463415,1249.0,374.0,0.29943955164131303,1284,390,0.3037383177570093,41.0,19.0,0.4634146341463415,1243.0,371.0,0.29847144006436044,1362,1368
6792,160,1,0.00625,3.0,0.0,0.0,157.0,1.0,0.006369426751592357,157,1,0.006369426751592357,3.0,0.0,0.0,154.0,1.0,0.006493506493506494,156,1,0.00641025641025641,3.0,0.0,0.0,153.0,1.0,0.006535947712418301,171,172
6794,2143,178,0.08306112925804947,33.0,3.0,0.09090909090909091,2110.0,175.0,0.08293838862559241,1327,131,0.0987189148455162,16.0,1.0,0.0625,1311.0,130.0,0.09916094584286804,1312,131,0.09984756097560976,16.0,1.0,0.0625,1296.0,130.0,0.10030864197530864,1654,1674
6796,407,25,0.06142506142506143,1.0,0.0,0.0,406.0,25.0,0.06157635467980296,404,25,0.06188118811881188,1.0,0.0,0.0,403.0,25.0,0.062034739454094295,403,25,0.062034739454094295,1.0,0.0,0.0,402.0,25.0,0.06218905472636816,591,593
6797,46,11,0.2391304347826087,1.0,0.0,0.0,45.0,11.0,0.24444444444444444,45,11,0.24444444444444444,1.0,0.0,0.0,44.0,11.0,0.25,45,11,0.24444444444444444,1.0,0.0,0.0,44.0,11.0,0.25,72,73
6798,6550,1420,0.216793893129771,138.0,56.0,0.4057971014492754,6412.0,1364.0,0.21272613849033062,2778,603,0.21706263498920086,46.0,18.0,0.391304347826087,2732.0,585.0,0.21412884333821378,2411,555,0.23019493985897968,45.0,17.0,0.37777777777777777,2366.0,538.0,0.22738799661876585,2412,2779
6800,780297,70039,0.08975941212128202,15735.0,569.0,0.036161423578010804,764562.0,69470.0,0.09086248074060704,285734,25442,0.08904085618092351,4280.0,244.0,0.05700934579439252,281454.0,25198.0,0.08952795128155933,190125,16764,0.08817357001972387,3037.0,191.0,0.06289101086598617,187088.0,16573.0,0.08858398186949457,190734,286461
6801,731721,66529,0.09092126643898425,15299.0,648.0,0.04235570952349827,716422.0,65881.0,0.09195837090429942,263046,24677,0.09381248907035271,4108.0,287.0,0.06986368062317429,258938.0,24390.0,0.09419243216522874,174908,16090,0.09199121824044641,2887.0,220.0,0.07620367163145134,172021.0,15870.0,0.09225617802477605,252929,373427
6802,32672,0,0.0,204.0,0.0,0.0,32468.0,0.0,0.0,30524,0,0.0,173.0,0.0,0.0,30351.0,0.0,0.0,24347,0,0.0,144.0,0.0,0.0,24203.0,0.0,0.0,68554,95747
6803,50905,37971,0.7459188684805029,837.0,568.0,0.6786140979689367,50068.0,37403.0,0.7470440201326196,48522,36170,0.74543506038498,778.0,525.0,0.6748071979434447,47744.0,35645.0,0.7465859584450402,39124,29103,0.7438656579081894,694.0,458.0,0.659942363112392,38430.0,28645.0,0.7453812125943273,39124,48522
6804,528861,388221,0.7340700108346049,6380.0,4764.0,0.7467084639498432,522481.0,383457.0,0.7339156830583313,51944,39017,0.7511358385954104,655.0,475.0,0.7251908396946565,51289.0,38542.0,0.7514671761976253,38228,28646,0.7493460290886261,503.0,372.0,0.7395626242544732,37725.0,28274.0,0.7494764744864149,38231,51948
6808,776,10,0.01288659793814433,12.0,0.0,0.0,764.0,10.0,0.013089005235602094,760,10,0.013157894736842105,12.0,0.0,0.0,748.0,10.0,0.013368983957219251,729,10,0.013717421124828532,12.0,0.0,0.0,717.0,10.0,0.01394700139470014,729,760
6811,298,16,0.053691275167785234,2.0,0.0,0.0,296.0,16.0,0.05405405405405406,296,15,0.05067567567567568,2.0,0.0,0.0,294.0,15.0,0.05102040816326531,296,15,0.05067567567567568,2.0,0.0,0.0,294.0,15.0,0.05102040816326531,296,296
6813,201,29,0.14427860696517414,0.0,0.0,,201.0,29.0,0.14427860696517414,198,29,0.14646464646464646,0.0,0.0,,198.0,29.0,0.14646464646464646,198,29,0.14646464646464646,0.0,0.0,,198.0,29.0,0.14646464646464646,198,198
6814,1,0,0.0,0.0,0.0,,1.0,0.0,0.0,1,0,0.0,0.0,0.0,,1.0,0.0,0.0,1,0,0.0,0.0,0.0,,1.0,0.0,0.0,1,1
6816,3410,236,0.06920821114369502,11.0,3.0,0.2727272727272727,3399.0,233.0,0.06854957340394234,3047,217,0.07121759107318675,10.0,3.0,0.3,3037.0,214.0,0.07046427395456042,2127,182,0.08556652562294312,8.0,2.0,0.25,2119.0,180.0,0.08494572911750826,2127,3047
6817,972,278,0.28600823045267487,16.0,2.0,0.125,956.0,276.0,0.28870292887029286,916,255,0.27838427947598254,16.0,2.0,0.125,900.0,253.0,0.2811111111111111,895,251,0.28044692737430166,16.0,2.0,0.125,879.0,249.0,0.2832764505119454,2506,2740
6818,163,59,0.3619631901840491,1.0,0.0,0.0,162.0,59.0,0.36419753086419754,159,58,0.36477987421383645,1.0,0.0,0.0,158.0,58.0,0.3670886075949367,157,57,0.3630573248407643,1.0,0.0,0.0,156.0,57.0,0.36538461538461536,157,159
6819,70,13,0.18571428571428572,0.0,0.0,,70.0,13.0,0.18571428571428572,70,13,0.18571428571428572,0.0,0.0,,70.0,13.0,0.18571428571428572,69,13,0.18840579710144928,0.0,0.0,,69.0,13.0,0.18840579710144928,192,194
6820,276,55,0.19927536231884058,2.0,1.0,0.5,274.0,54.0,0.19708029197080293,274,55,0.20072992700729927,2.0,1.0,0.5,272.0,54.0,0.19852941176470587,273,55,0.20146520146520147,2.0,1.0,0.5,271.0,54.0,0.1992619926199262,519,521
6821,130,13,0.1,1.0,1.0,1.0,129.0,12.0,0.09302325581395349,118,12,0.1016949152542373,1.0,1.0,1.0,117.0,11.0,0.09401709401709402,113,12,0.10619469026548672,1.0,1.0,1.0,112.0,11.0,0.09821428571428571,195,216
6822,288,44,0.1527777777777778,1.0,0.0,0.0,287.0,44.0,0.15331010452961671,251,41,0.16334661354581673,1.0,0.0,0.0,250.0,41.0,0.164,238,38,0.15966386554621848,1.0,0.0,0.0,237.0,38.0,0.16033755274261605,368,400
6823,311,51,0.1639871382636656,1.0,0.0,0.0,310.0,51.0,0.16451612903225807,270,45,0.16666666666666666,1.0,0.0,0.0,269.0,45.0,0.16728624535315986,257,42,0.16342412451361868,1.0,0.0,0.0,256.0,42.0,0.1640625,391,424
6824,425,0,0.0,1.0,0.0,0.0,424.0,0.0,0.0,408,0,0.0,1.0,0.0,0.0,407.0,0.0,0.0,402,0,0.0,1.0,0.0,0.0,401.0,0.0,0.0,2949,3027
6826,38675,6994,0.18084033613445377,283.0,61.0,0.21554770318021202,38392.0,6933.0,0.18058449677016045,24374,4455,0.18277672930171493,140.0,31.0,0.22142857142857142,24234.0,4424.0,0.18255343731946852,18844,3959,0.21009339842920824,106.0,30.0,0.2830188679245283,18738.0,3929.0,0.20968086241861458,18887,24419
6828,1,0,0.0,0.0,0.0,,1.0,0.0,0.0,1,0,0.0,0.0,0.0,,1.0,0.0,0.0,1,0,0.0,0.0,0.0,,1.0,0.0,0.0,53,53
6830,251,73,0.2908366533864542,0.0,0.0,,251.0,73.0,0.2908366533864542,248,73,0.29435483870967744,0.0,0.0,,248.0,73.0,0.29435483870967744,247,73,0.29554655870445345,0.0,0.0,,247.0,73.0,0.29554655870445345,247,248
6833,2,0,0.0,0.0,0.0,,2.0,0.0,0.0,2,0,0.0,0.0,0.0,,2.0,0.0,0.0,2,0,0.0,0.0,0.0,,2.0,0.0,0.0,2013,2054
6834,181,19,0.10497237569060773,1.0,1.0,1.0,180.0,18.0,0.1,181,19,0.10497237569060773,1.0,1.0,1.0,180.0,18.0,0.1,179,19,0.10614525139664804,1.0,1.0,1.0,178.0,18.0,0.10112359550561797,179,181
6835,183,168,0.9180327868852459,0.0,0.0,,183.0,168.0,0.9180327868852459,131,117,0.8931297709923665,0.0,0.0,,131.0,117.0,0.8931297709923665,131,117,0.8931297709923665,0.0,0.0,,131.0,117.0,0.8931297709923665,131,131
6838,572,0,0.0,12.0,0.0,0.0,560.0,0.0,0.0,570,0,0.0,12.0,0.0,0.0,558.0,0.0,0.0,566,0,0.0,12.0,0.0,0.0,554.0,0.0,0.0,566,570
6840,19,0,0.0,4.0,0.0,0.0,15.0,0.0,0.0,18,0,0.0,4.0,0.0,0.0,14.0,0.0,0.0,16,0,0.0,2.0,0.0,0.0,14.0,0.0,0.0,16,18
6841,89,26,0.29213483146067415,0.0,0.0,,89.0,26.0,0.29213483146067415,89,26,0.29213483146067415,0.0,0.0,,89.0,26.0,0.29213483146067415,88,26,0.29545454545454547,0.0,0.0,,88.0,26.0,0.29545454545454547,88,89
6843,1560,266,0.17051282051282052,53.0,6.0,0.11320754716981132,1507.0,260.0,0.17252820172528202,1500,257,0.17133333333333334,52.0,6.0,0.11538461538461539,1448.0,251.0,0.17334254143646408,1440,252,0.175,50.0,6.0,0.12,1390.0,246.0,0.17697841726618704,1458,1520
6845,34,0,0.0,0.0,0.0,,34.0,0.0,0.0,34,0,0.0,0.0,0.0,,34.0,0.0,0.0,34,0,0.0,0.0,0.0,,34.0,0.0,0.0,34,34
6847,228,0,0.0,9.0,0.0,0.0,219.0,0.0,0.0,225,0,0.0,9.0,0.0,0.0,216.0,0.0,0.0,221,0,0.0,7.0,0.0,0.0,214.0,0.0,0.0,221,225
6848,738,21,0.028455284552845527,5.0,0.0,0.0,733.0,21.0,0.0286493860845839,667,21,0.031484257871064465,5.0,0.0,0.0,662.0,21.0,0.03172205438066465,647,21,0.03245749613601236,5.0,0.0,0.0,642.0,21.0,0.03271028037383177,690,710
6849,732,698,0.953551912568306,14.0,14.0,1.0,718.0,684.0,0.9526462395543176,726,692,0.953168044077135,14.0,14.0,1.0,712.0,678.0,0.952247191011236,683,652,0.9546120058565154,14.0,14.0,1.0,669.0,638.0,0.953662182361734,684,727
6851,4777,2229,0.4666108436257065,107.0,45.0,0.4205607476635514,4670.0,2184.0,0.46766595289079227,3581,1675,0.4677464395420274,72.0,34.0,0.4722222222222222,3509.0,1641.0,0.4676546024508407,3384,1598,0.4722222222222222,66.0,33.0,0.5,3318.0,1565.0,0.47166968053044,3384,3581
6856,126,0,0.0,1.0,0.0,0.0,125.0,0.0,0.0,100,0,0.0,1.0,0.0,0.0,99.0,0.0,0.0,100,0,0.0,1.0,0.0,0.0,99.0,0.0,0.0,100,100
6857,170,0,0.0,2.0,0.0,0.0,168.0,0.0,0.0,163,0,0.0,2.0,0.0,0.0,161.0,0.0,0.0,163,0,0.0,2.0,0.0,0.0,161.0,0.0,0.0,249,254
6859,525,0,0.0,15.0,0.0,0.0,510.0,0.0,0.0,522,0,0.0,15.0,0.0,0.0,507.0,0.0,0.0,519,0,0.0,15.0,0.0,0.0,504.0,0.0,0.0,559,562
6861,1454,979,0.6733149931224209,8.0,6.0,0.75,1446.0,973.0,0.6728907330567082,1107,724,0.6540198735320687,7.0,5.0,0.7142857142857143,1100.0,719.0,0.6536363636363637,1032,697,0.6753875968992248,7.0,5.0,0.7142857142857143,1025.0,692.0,0.6751219512195122,1032,1107
6863,2268,463,0.20414462081128748,41.0,11.0,0.2682926829268293,2227.0,452.0,0.20296362819937136,1516,312,0.20580474934036938,25.0,1.0,0.04,1491.0,311.0,0.20858484238765929,982,260,0.26476578411405294,22.0,1.0,0.045454545454545456,960.0,259.0,0.26979166666666665,982,1516
6864,206,98,0.47572815533980584,9.0,6.0,0.6666666666666666,197.0,92.0,0.467005076142132,204,97,0.47549019607843135,9.0,6.0,0.6666666666666666,195.0,91.0,0.4666666666666667,203,97,0.47783251231527096,9.0,6.0,0.6666666666666666,194.0,91.0,0.4690721649484536,245,246
6865,1003,289,0.288135593220339,21.0,0.0,0.0,982.0,289.0,0.29429735234215887,714,189,0.2647058823529412,15.0,0.0,0.0,699.0,189.0,0.2703862660944206,505,116,0.2297029702970297,13.0,0.0,0.0,492.0,116.0,0.23577235772357724,505,714
6866,19419,34,0.0017508625572892529,544.0,1.0,0.001838235294117647,18875.0,33.0,0.0017483443708609272,18313,34,0.0018566045978266805,509.0,1.0,0.0019646365422396855,17804.0,33.0,0.0018535160638058863,17968,33,0.0018365983971504898,505.0,1.0,0.0019801980198019802,17463.0,32.0,0.0018324457424268453,22549,23045
6867,7323,853,0.1164823159907142,176.0,21.0,0.11931818181818182,7147.0,832.0,0.11641248076115852,6730,749,0.1112927191679049,164.0,18.0,0.10975609756097561,6566.0,731.0,0.11133109960402071,6485,736,0.11349267540478027,162.0,18.0,0.1111111111111111,6323.0,718.0,0.11355369286730982,6485,6730
6868,1719,525,0.3054101221640489,32.0,7.0,0.21875,1687.0,518.0,0.3070539419087137,1706,525,0.30773739742086753,32.0,7.0,0.21875,1674.0,518.0,0.3094384707287933,1697,523,0.30819092516205066,32.0,7.0,0.21875,1665.0,516.0,0.3099099099099099,1697,1706
6870,36814,222,0.006030314554245668,956.0,12.0,0.012552301255230125,35858.0,210.0,0.00585643371074795,35338,205,0.005801120606712321,914.0,10.0,0.010940919037199124,34424.0,195.0,0.0056646525679758305,34035,203,0.0059644483619803144,905.0,10.0,0.011049723756906077,33130.0,193.0,0.005825535768185934,39207,40680
6871,7101,21,0.002957329953527672,258.0,0.0,0.0,6843.0,21.0,0.003068829460762823,6863,19,0.002768468599737724,249.0,0.0,0.0,6614.0,19.0,0.0028726942848503177,6687,18,0.0026917900403768506,245.0,0.0,0.0,6442.0,18.0,0.0027941633033219497,6687,6863
6873,1240,109,0.08790322580645162,93.0,13.0,0.13978494623655913,1147.0,96.0,0.08369659982563209,1212,108,0.0891089108910891,93.0,13.0,0.13978494623655913,1119.0,95.0,0.08489722966934764,1203,108,0.08977556109725686,93.0,13.0,0.13978494623655913,1110.0,95.0,0.08558558558558559,8223,8395
6874,1082,0,0.0,19.0,0.0,0.0,1063.0,0.0,0.0,1043,0,0.0,19.0,0.0,0.0,1024.0,0.0,0.0,1031,0,0.0,19.0,0.0,0.0,1012.0,0.0,0.0,1031,1043
6875,642,66,0.102803738317757,23.0,1.0,0.043478260869565216,619.0,65.0,0.1050080775444265,622,65,0.1045016077170418,23.0,1.0,0.043478260869565216,599.0,64.0,0.10684474123539232,596,63,0.10570469798657718,23.0,1.0,0.043478260869565216,573.0,62.0,0.1082024432809773,1346,1428
6876,2047,465,0.22716170004885197,31.0,8.0,0.25806451612903225,2016.0,457.0,0.22668650793650794,1922,443,0.23048907388137357,30.0,8.0,0.26666666666666666,1892.0,435.0,0.2299154334038055,1891,438,0.2316234796404019,30.0,8.0,0.26666666666666666,1861.0,430.0,0.231058570660935,1893,1924
6877,6184,2601,0.42060155239327296,58.0,17.0,0.29310344827586204,6126.0,2584.0,0.4218086842964414,6046,2570,0.42507442937479323,57.0,17.0,0.2982456140350877,5989.0,2553.0,0.4262815161128736,5900,2540,0.43050847457627117,57.0,17.0,0.2982456140350877,5843.0,2523.0,0.43179873352729764,5900,6046
6880,68005,606,0.00891110947724432,1400.0,19.0,0.013571428571428571,66605.0,587.0,0.008813152165753322,63993,575,0.008985357773506477,1336.0,17.0,0.012724550898203593,62657.0,558.0,0.008905629059801778,60873,559,0.00918305324199563,1313.0,17.0,0.012947448591012947,59560.0,542.0,0.009100067159167226,75945,80067
6881,9,1,0.1111111111111111,0.0,0.0,,9.0,1.0,0.1111111111111111,9,1,0.1111111111111111,0.0,0.0,,9.0,1.0,0.1111111111111111,9,1,0.1111111111111111,0.0,0.0,,9.0,1.0,0.1111111111111111,9,9
6882,977,314,0.32139201637666326,32.0,5.0,0.15625,945.0,309.0,0.326984126984127,959,307,0.32012513034410844,31.0,5.0,0.16129032258064516,928.0,302.0,0.3254310344827586,930,291,0.31290322580645163,31.0,5.0,0.16129032258064516,899.0,286.0,0.3181312569521691,1072,1101
6883,305,3,0.009836065573770493,17.0,0.0,0.0,288.0,3.0,0.010416666666666666,300,3,0.01,17.0,0.0,0.0,283.0,3.0,0.01060070671378092,292,3,0.010273972602739725,17.0,0.0,0.0,275.0,3.0,0.01090909090909091,294,302
6884,1676,193,0.11515513126491647,106.0,5.0,0.04716981132075472,1570.0,188.0,0.1197452229299363,1653,187,0.11312764670296431,105.0,4.0,0.0380952380952381,1548.0,183.0,0.1182170542635659,1613,182,0.11283323000619963,105.0,4.0,0.0380952380952381,1508.0,178.0,0.11803713527851459,1977,2030
6886,172,71,0.4127906976744186,13.0,3.0,0.23076923076923078,159.0,68.0,0.4276729559748428,169,69,0.40828402366863903,13.0,3.0,0.23076923076923078,156.0,66.0,0.4230769230769231,166,69,0.41566265060240964,13.0,3.0,0.23076923076923078,153.0,66.0,0.43137254901960786,166,169
6887,172,70,0.4069767441860465,13.0,3.0,0.23076923076923078,159.0,67.0,0.42138364779874216,169,68,0.40236686390532544,13.0,3.0,0.23076923076923078,156.0,65.0,0.4166666666666667,166,68,0.40963855421686746,13.0,3.0,0.23076923076923078,153.0,65.0,0.42483660130718953,166,169
6889,29552,1167,0.03948971304818625,849.0,121.0,0.1425206124852768,28703.0,1046.0,0.036442183743859526,27744,1109,0.039972606689734715,789.0,116.0,0.14702154626108999,26955.0,993.0,0.03683917640511964,26279,1084,0.04124966703451425,779.0,114.0,0.14634146341463414,25500.0,970.0,0.03803921568627451,51805,54836
6893,818,69,0.0843520782396088,74.0,11.0,0.14864864864864866,744.0,58.0,0.07795698924731183,785,68,0.08662420382165605,72.0,11.0,0.1527777777777778,713.0,57.0,0.07994389901823282,776,67,0.08634020618556701,71.0,11.0,0.15492957746478872,705.0,56.0,0.07943262411347518,1464,1486
6894,861,139,0.16144018583042974,118.0,25.0,0.211864406779661,743.0,114.0,0.15343203230148048,819,137,0.16727716727716727,112.0,25.0,0.22321428571428573,707.0,112.0,0.15841584158415842,739,129,0.17456021650879566,109.0,25.0,0.22935779816513763,630.0,104.0,0.16507936507936508,3751,4061
6895,2655,313,0.11789077212806026,327.0,19.0,0.0581039755351682,2328.0,294.0,0.12628865979381443,2574,309,0.12004662004662005,308.0,19.0,0.06168831168831169,2266.0,290.0,0.12797881729920565,2480,292,0.11774193548387096,307.0,19.0,0.06188925081433225,2173.0,273.0,0.12563276576161989,2485,2580
6896,1966,390,0.19837232960325535,256.0,78.0,0.3046875,1710.0,312.0,0.1824561403508772,1810,380,0.20994475138121546,235.0,74.0,0.3148936170212766,1575.0,306.0,0.19428571428571428,1645,360,0.2188449848024316,230.0,74.0,0.3217391304347826,1415.0,286.0,0.2021201413427562,1650,1816
6897,66,33,0.5,0.0,0.0,,66.0,33.0,0.5,66,33,0.5,0.0,0.0,,66.0,33.0,0.5,66,33,0.5,0.0,0.0,,66.0,33.0,0.5,70,70
6898,539,0,0.0,5.0,0.0,0.0,534.0,0.0,0.0,533,0,0.0,5.0,0.0,0.0,528.0,0.0,0.0,522,0,0.0,5.0,0.0,0.0,517.0,0.0,0.0,522,533
6899,534,175,0.32771535580524347,3.0,0.0,0.0,531.0,175.0,0.3295668549905838,530,173,0.3264150943396226,3.0,0.0,0.0,527.0,173.0,0.32827324478178366,524,168,0.32061068702290074,3.0,0.0,0.0,521.0,168.0,0.32245681381957775,524,530
6900,173,6,0.03468208092485549,2.0,0.0,0.0,171.0,6.0,0.03508771929824561,170,6,0.03529411764705882,2.0,0.0,0.0,168.0,6.0,0.03571428571428571,170,6,0.03529411764705882,2.0,0.0,0.0,168.0,6.0,0.03571428571428571,170,170
6901,53,22,0.41509433962264153,0.0,0.0,,53.0,22.0,0.41509433962264153,53,22,0.41509433962264153,0.0,0.0,,53.0,22.0,0.41509433962264153,53,22,0.41509433962264153,0.0,0.0,,53.0,22.0,0.41509433962264153,53,53
6903,575,39,0.06782608695652174,3.0,0.0,0.0,572.0,39.0,0.06818181818181818,571,39,0.06830122591943957,3.0,0.0,0.0,568.0,39.0,0.06866197183098592,565,39,0.06902654867256637,3.0,0.0,0.0,562.0,39.0,0.0693950177935943,565,571
6906,459,0,0.0,4.0,0.0,0.0,455.0,0.0,0.0,454,0,0.0,4.0,0.0,0.0,450.0,0.0,0.0,449,0,0.0,4.0,0.0,0.0,445.0,0.0,0.0,449,454
6907,118,40,0.3389830508474576,2.0,2.0,1.0,116.0,38.0,0.3275862068965517,115,38,0.33043478260869563,2.0,2.0,1.0,113.0,36.0,0.3185840707964602,115,38,0.33043478260869563,2.0,2.0,1.0,113.0,36.0,0.3185840707964602,115,115
6908,747,58,0.07764390896921017,3.0,0.0,0.0,744.0,58.0,0.07795698924731183,740,58,0.07837837837837838,3.0,0.0,0.0,737.0,58.0,0.07869742198100407,729,58,0.07956104252400549,3.0,0.0,0.0,726.0,58.0,0.07988980716253444,733,744
6910,314,40,0.12738853503184713,1.0,0.0,0.0,313.0,40.0,0.12779552715654952,272,34,0.125,1.0,0.0,0.0,271.0,34.0,0.12546125461254612,258,34,0.13178294573643412,1.0,0.0,0.0,257.0,34.0,0.13229571984435798,391,424
6911,3,0,0.0,0.0,0.0,,3.0,0.0,0.0,3,0,0.0,0.0,0.0,,3.0,0.0,0.0,2,0,0.0,0.0,0.0,,2.0,0.0,0.0,2,3
6916,1253,63,0.05027932960893855,7.0,0.0,0.0,1246.0,63.0,0.05056179775280899,1199,61,0.05087572977481234,7.0,0.0,0.0,1192.0,61.0,0.051174496644295304,1189,60,0.050462573591253154,7.0,0.0,0.0,1182.0,60.0,0.050761421319796954,1189,1199
6917,1253,186,0.1484437350359138,7.0,1.0,0.14285714285714285,1246.0,185.0,0.14847512038523275,1199,181,0.15095913261050875,7.0,1.0,0.14285714285714285,1192.0,180.0,0.15100671140939598,1189,179,0.1505466778805719,7.0,1.0,0.14285714285714285,1182.0,178.0,0.1505922165820643,1189,1199
6918,162,0,0.0,3.0,0.0,0.0,159.0,0.0,0.0,161,0,0.0,3.0,0.0,0.0,158.0,0.0,0.0,161,0,0.0,3.0,0.0,0.0,158.0,0.0,0.0,161,161
6919,11416,243,0.02128591450595655,231.0,6.0,0.025974025974025976,11185.0,237.0,0.021189092534644613,11184,230,0.020565092989985694,223.0,4.0,0.017937219730941704,10961.0,226.0,0.020618556701030927,10829,225,0.020777541785945146,221.0,4.0,0.01809954751131222,10608.0,221.0,0.020833333333333332,11540,12083
6920,248,92,0.3709677419354839,6.0,3.0,0.5,242.0,89.0,0.3677685950413223,241,88,0.3651452282157676,6.0,3.0,0.5,235.0,85.0,0.3617021276595745,233,87,0.37339055793991416,6.0,3.0,0.5,227.0,84.0,0.3700440528634361,233,241
6922,514,76,0.14785992217898833,29.0,3.0,0.10344827586206896,485.0,73.0,0.15051546391752577,500,72,0.144,27.0,2.0,0.07407407407407407,473.0,70.0,0.14799154334038056,496,72,0.14516129032258066,27.0,2.0,0.07407407407407407,469.0,70.0,0.14925373134328357,496,500
6923,4487,1862,0.41497659906396256,161.0,53.0,0.32919254658385094,4326.0,1809.0,0.41816920943134533,4294,1822,0.424312994876572,151.0,52.0,0.3443708609271523,4143.0,1770.0,0.4272266473569877,3861,1628,0.42165242165242167,147.0,52.0,0.35374149659863946,3714.0,1576.0,0.4243403338718363,3861,4294
6924,2446,655,0.26778413736713,117.0,11.0,0.09401709401709402,2329.0,644.0,0.2765135251180764,2358,637,0.27014418999151824,110.0,11.0,0.1,2248.0,626.0,0.27846975088967973,2212,589,0.2662748643761302,108.0,11.0,0.10185185185185185,2104.0,578.0,0.2747148288973384,4871,6127
6925,381,179,0.46981627296587924,16.0,5.0,0.3125,365.0,174.0,0.4767123287671233,373,175,0.4691689008042895,16.0,5.0,0.3125,357.0,170.0,0.47619047619047616,350,162,0.46285714285714286,16.0,5.0,0.3125,334.0,157.0,0.47005988023952094,398,421
6927,6419,25,0.0038946876460507866,82.0,2.0,0.024390243902439025,6337.0,23.0,0.0036294776708221555,6400,25,0.00390625,82.0,2.0,0.024390243902439025,6318.0,23.0,0.0036403925292814183,6280,25,0.003980891719745223,82.0,2.0,0.024390243902439025,6198.0,23.0,0.0037108744756373024,6280,6400
6929,24,0,0.0,1.0,0.0,0.0,23.0,0.0,0.0,24,0,0.0,1.0,0.0,0.0,23.0,0.0,0.0,24,0,0.0,1.0,0.0,0.0,23.0,0.0,0.0,28,28
6930,1538,121,0.07867360208062418,24.0,3.0,0.125,1514.0,118.0,0.07793923381770146,1528,120,0.07853403141361257,24.0,3.0,0.125,1504.0,117.0,0.07779255319148937,1523,120,0.07879185817465528,23.0,3.0,0.13043478260869565,1500.0,117.0,0.078,1841,1846
6932,517,309,0.597678916827853,2.0,1.0,0.5,515.0,308.0,0.5980582524271845,509,306,0.6011787819253438,1.0,1.0,1.0,508.0,305.0,0.6003937007874016,506,303,0.5988142292490118,1.0,1.0,1.0,505.0,302.0,0.598019801980198,640,650
6933,1401,442,0.31548893647394716,29.0,8.0,0.27586206896551724,1372.0,434.0,0.3163265306122449,1337,425,0.31787584143605085,26.0,8.0,0.3076923076923077,1311.0,417.0,0.3180778032036613,1303,419,0.3215656178050652,24.0,8.0,0.3333333333333333,1279.0,411.0,0.32134480062548865,1411,1450
6935,12611,2822,0.22377289667750377,360.0,58.0,0.16111111111111112,12251.0,2764.0,0.22561423557260632,8318,1953,0.2347920173118538,237.0,43.0,0.18143459915611815,8081.0,1910.0,0.23635688652394507,6341,1680,0.26494243810124585,154.0,38.0,0.24675324675324675,6187.0,1642.0,0.2653951834491676,6815,8839
6937,134,0,0.0,1.0,0.0,0.0,133.0,0.0,0.0,129,0,0.0,1.0,0.0,0.0,128.0,0.0,0.0,129,0,0.0,1.0,0.0,0.0,128.0,0.0,0.0,129,129
6938,45,4,0.08888888888888889,1.0,0.0,0.0,44.0,4.0,0.09090909090909091,45,4,0.08888888888888889,1.0,0.0,0.0,44.0,4.0,0.09090909090909091,45,4,0.08888888888888889,1.0,0.0,0.0,44.0,4.0,0.09090909090909091,45,45
6940,155,0,0.0,2.0,0.0,0.0,153.0,0.0,0.0,146,0,0.0,1.0,0.0,0.0,145.0,0.0,0.0,145,0,0.0,1.0,0.0,0.0,144.0,0.0,0.0,1811,1845
6946,116,15,0.12931034482758622,21.0,5.0,0.23809523809523808,95.0,10.0,0.10526315789473684,116,15,0.12931034482758622,21.0,5.0,0.23809523809523808,95.0,10.0,0.10526315789473684,104,15,0.14423076923076922,20.0,5.0,0.25,84.0,10.0,0.11904761904761904,104,116
6947,116,2,0.017241379310344827,21.0,0.0,0.0,95.0,2.0,0.021052631578947368,116,2,0.017241379310344827,21.0,0.0,0.0,95.0,2.0,0.021052631578947368,104,2,0.019230769230769232,20.0,0.0,0.0,84.0,2.0,0.023809523809523808,104,116
6948,33457,0,0.0,411.0,0.0,0.0,33046.0,0.0,0.0,17670,0,0.0,233.0,0.0,0.0,17437.0,0.0,0.0,14431,0,0.0,194.0,0.0,0.0,14237.0,0.0,0.0,14431,17670
6949,10892,10763,0.9881564450973191,224.0,223.0,0.9955357142857143,10668.0,10540.0,0.9880014998125234,7579,7477,0.9865417601266658,144.0,143.0,0.9930555555555556,7435.0,7334.0,0.9864156018829858,6322,6232,0.9857639987345777,118.0,117.0,0.9915254237288136,6204.0,6115.0,0.9856544165054804,8210,9856
6950,1800,755,0.41944444444444445,27.0,18.0,0.6666666666666666,1773.0,737.0,0.41567963902989286,1393,591,0.42426417803302224,15.0,8.0,0.5333333333333333,1378.0,583.0,0.4230769230769231,1346,571,0.42421991084695393,14.0,7.0,0.5,1332.0,564.0,0.42342342342342343,2122,2213
6951,111,19,0.17117117117117117,2.0,1.0,0.5,109.0,18.0,0.1651376146788991,111,19,0.17117117117117117,2.0,1.0,0.5,109.0,18.0,0.1651376146788991,109,19,0.1743119266055046,2.0,1.0,0.5,107.0,18.0,0.16822429906542055,109,111
6952,2122,661,0.3114985862393968,55.0,14.0,0.2545454545454545,2067.0,647.0,0.3130140299951621,2020,607,0.3004950495049505,50.0,14.0,0.28,1970.0,593.0,0.30101522842639594,1976,596,0.3016194331983806,49.0,14.0,0.2857142857142857,1927.0,582.0,0.3020238713025428,2446,2502
6953,2145,714,0.3328671328671329,56.0,17.0,0.30357142857142855,2089.0,697.0,0.33365246529439924,2043,667,0.32648066568771417,51.0,17.0,0.3333333333333333,1992.0,650.0,0.32630522088353414,1998,653,0.32682682682682684,50.0,17.0,0.34,1948.0,636.0,0.3264887063655031,2469,2526
6954,2142,486,0.226890756302521,55.0,11.0,0.2,2087.0,475.0,0.2275994250119789,2040,473,0.23186274509803922,50.0,11.0,0.22,1990.0,462.0,0.2321608040201005,1995,468,0.23458646616541354,49.0,11.0,0.22448979591836735,1946.0,457.0,0.23484069886947584,2467,2524
6955,2990,669,0.22374581939799332,89.0,21.0,0.23595505617977527,2901.0,648.0,0.2233712512926577,2866,615,0.2145847871598046,84.0,21.0,0.25,2782.0,594.0,0.2135154565061107,2811,599,0.21309142653859836,83.0,21.0,0.25301204819277107,2728.0,578.0,0.2118768328445748,3307,3374
6956,436,96,0.22018348623853212,5.0,2.0,0.4,431.0,94.0,0.21809744779582366,435,95,0.21839080459770116,5.0,2.0,0.4,430.0,93.0,0.21627906976744185,433,95,0.21939953810623555,5.0,2.0,0.4,428.0,93.0,0.21728971962616822,433,435
6957,1133,363,0.32038834951456313,13.0,4.0,0.3076923076923077,1120.0,359.0,0.3205357142857143,998,317,0.31763527054108215,13.0,4.0,0.3076923076923077,985.0,313.0,0.3177664974619289,989,315,0.3185035389282103,13.0,4.0,0.3076923076923077,976.0,311.0,0.31864754098360654,1064,1073
6958,14,0,0.0,0.0,0.0,,14.0,0.0,0.0,13,0,0.0,0.0,0.0,,13.0,0.0,0.0,13,0,0.0,0.0,0.0,,13.0,0.0,0.0,13,13
6959,1557,3,0.0019267822736030828,12.0,0.0,0.0,1545.0,3.0,0.001941747572815534,1515,3,0.0019801980198019802,12.0,0.0,0.0,1503.0,3.0,0.001996007984031936,1359,3,0.002207505518763797,12.0,0.0,0.0,1347.0,3.0,0.0022271714922048997,1393,1549
6960,796,0,0.0,7.0,0.0,0.0,789.0,0.0,0.0,772,0,0.0,7.0,0.0,0.0,765.0,0.0,0.0,760,0,0.0,7.0,0.0,0.0,753.0,0.0,0.0,767,779
6961,7135,5562,0.7795374912403644,67.0,55.0,0.8208955223880597,7068.0,5507.0,0.7791454442558008,6326,4896,0.7739487828011382,52.0,41.0,0.7884615384615384,6274.0,4855.0,0.7738284985655084,5354,4259,0.7954800149420994,49.0,39.0,0.7959183673469388,5305.0,4220.0,0.7954759660697456,5819,6843
6962,4494,2154,0.47930574098798395,85.0,32.0,0.3764705882352941,4409.0,2122.0,0.4812882739850306,4047,1817,0.448974549048678,82.0,30.0,0.36585365853658536,3965.0,1787.0,0.45069356872635563,3529,1539,0.4361008784358175,80.0,29.0,0.3625,3449.0,1510.0,0.43780806030733543,3550,4071
6963,615,516,0.8390243902439024,5.0,4.0,0.8,610.0,512.0,0.839344262295082,587,500,0.8517887563884157,5.0,4.0,0.8,582.0,496.0,0.852233676975945,553,474,0.8571428571428571,5.0,4.0,0.8,548.0,470.0,0.8576642335766423,554,588
6964,3608,1727,0.47865853658536583,29.0,14.0,0.4827586206896552,3579.0,1713.0,0.4786253143336127,3022,1476,0.4884182660489742,21.0,11.0,0.5238095238095238,3001.0,1465.0,0.48817060979673443,2538,1274,0.5019700551615445,20.0,11.0,0.55,2518.0,1263.0,0.5015885623510723,2554,3047
6965,3041,2153,0.7079907925024663,35.0,30.0,0.8571428571428571,3006.0,2123.0,0.7062541583499667,2545,1814,0.712770137524558,22.0,18.0,0.8181818181818182,2523.0,1796.0,0.711850971066191,2268,1667,0.7350088183421517,21.0,18.0,0.8571428571428571,2247.0,1649.0,0.7338673787271918,2292,2569
6966,4317,2508,0.580958999305073,38.0,23.0,0.6052631578947368,4279.0,2485.0,0.5807431642907221,3492,1967,0.5632875143184422,28.0,16.0,0.5714285714285714,3464.0,1951.0,0.5632217090069284,2794,1653,0.5916249105225483,26.0,16.0,0.6153846153846154,2768.0,1637.0,0.5914017341040463,2804,3515
6969,113,0,0.0,0.0,0.0,,113.0,0.0,0.0,113,0,0.0,0.0,0.0,,113.0,0.0,0.0,106,0,0.0,0.0,0.0,,106.0,0.0,0.0,106,113
6971,22635,369,0.016302186878727636,521.0,0.0,0.0,22114.0,369.0,0.016686262096409513,21687,357,0.016461474616129478,498.0,0.0,0.0,21189.0,357.0,0.01684836471754212,20745,356,0.01716076162930827,472.0,0.0,0.0,20273.0,356.0,0.017560301879346915,20745,21687
6972,155178,0,0.0,778.0,0.0,0.0,154400.0,0.0,0.0,13889,0,0.0,171.0,0.0,0.0,13718.0,0.0,0.0,12070,0,0.0,154.0,0.0,0.0,11916.0,0.0,0.0,12070,13889
6974,656,374,0.5701219512195121,12.0,1.0,0.08333333333333333,644.0,373.0,0.5791925465838509,637,364,0.5714285714285714,12.0,1.0,0.08333333333333333,625.0,363.0,0.5808,634,361,0.5694006309148265,12.0,1.0,0.08333333333333333,622.0,360.0,0.5787781350482315,708,711
6975,1441,421,0.2921582234559334,32.0,1.0,0.03125,1409.0,420.0,0.298083747338538,1404,405,0.28846153846153844,32.0,1.0,0.03125,1372.0,404.0,0.2944606413994169,1385,396,0.28592057761732853,32.0,1.0,0.03125,1353.0,395.0,0.29194382852919437,1416,1441
6976,638895,135776,0.21251692375116413,11938.0,2932.0,0.24560227843859944,626957.0,132844.0,0.21188693961467853,289083,35751,0.12367036456657776,4954.0,679.0,0.13706096083972547,284129.0,35072.0,0.12343688958184487,221808,26298,0.11856199956719325,3833.0,521.0,0.13592486303156795,217975.0,25777.0,0.11825668081201973,221820,289118
6977,197,49,0.24873096446700507,1.0,0.0,0.0,196.0,49.0,0.25,185,46,0.24864864864864866,1.0,0.0,0.0,184.0,46.0,0.25,185,46,0.24864864864864866,1.0,0.0,0.0,184.0,46.0,0.25,267,267
6978,74,28,0.3783783783783784,0.0,0.0,,74.0,28.0,0.3783783783783784,73,27,0.3698630136986301,0.0,0.0,,73.0,27.0,0.3698630136986301,64,26,0.40625,0.0,0.0,,64.0,26.0,0.40625,64,73
6979,3451,1754,0.5082584758041148,34.0,21.0,0.6176470588235294,3417.0,1733.0,0.5071700321919813,2793,1518,0.5435016111707841,24.0,15.0,0.625,2769.0,1503.0,0.542795232936078,2629,1429,0.5435526816279954,24.0,15.0,0.625,2605.0,1414.0,0.5428023032629559,2801,2978
6980,203,23,0.11330049261083744,0.0,0.0,,203.0,23.0,0.11330049261083744,202,23,0.11386138613861387,0.0,0.0,,202.0,23.0,0.11386138613861387,196,22,0.11224489795918367,0.0,0.0,,196.0,22.0,0.11224489795918367,201,209
6981,1657,589,0.35546167773083887,8.0,3.0,0.375,1649.0,586.0,0.3553668890236507,1221,455,0.3726453726453726,7.0,3.0,0.42857142857142855,1214.0,452.0,0.3723228995057661,1157,431,0.37251512532411407,7.0,3.0,0.42857142857142855,1150.0,428.0,0.37217391304347824,1333,1408
6982,14203,6925,0.4875730479476167,434.0,232.0,0.5345622119815668,13769.0,6693.0,0.4860919456750672,7798,3668,0.4703770197486535,206.0,108.0,0.5242718446601942,7592.0,3560.0,0.46891464699683877,7174,3427,0.47769724003345415,200.0,105.0,0.525,6974.0,3322.0,0.47634069400630913,7176,7801
6983,59355,20943,0.35284306292645945,874.0,422.0,0.482837528604119,58481.0,20521.0,0.3509002924026607,18329,9508,0.5187407932784113,345.0,197.0,0.5710144927536231,17984.0,9311.0,0.5177379893238434,17503,9231,0.5273953036622293,337.0,193.0,0.5727002967359051,17166.0,9038.0,0.5265058837236397,18929,19880
6985,171,118,0.6900584795321637,3.0,3.0,1.0,168.0,115.0,0.6845238095238095,166,113,0.6807228915662651,3.0,3.0,1.0,163.0,110.0,0.6748466257668712,166,113,0.6807228915662651,3.0,3.0,1.0,163.0,110.0,0.6748466257668712,361,361
6986,481,112,0.23284823284823286,1.0,0.0,0.0,480.0,112.0,0.23333333333333334,275,93,0.3381818181818182,1.0,0.0,0.0,274.0,93.0,0.33941605839416056,261,89,0.34099616858237547,1.0,0.0,0.0,260.0,89.0,0.3423076923076923,393,426
6987,600,8,0.013333333333333334,29.0,0.0,0.0,571.0,8.0,0.014010507880910683,565,8,0.01415929203539823,27.0,0.0,0.0,538.0,8.0,0.01486988847583643,559,8,0.014311270125223614,26.0,0.0,0.0,533.0,8.0,0.0150093808630394,955,976
6988,20,0,0.0,0.0,0.0,,20.0,0.0,0.0,18,0,0.0,0.0,0.0,,18.0,0.0,0.0,17,0,0.0,0.0,0.0,,17.0,0.0,0.0,17,18
6989,520,17,0.032692307692307694,5.0,0.0,0.0,515.0,17.0,0.03300970873786408,513,16,0.031189083820662766,5.0,0.0,0.0,508.0,16.0,0.031496062992125984,513,16,0.031189083820662766,5.0,0.0,0.0,508.0,16.0,0.031496062992125984,733,739
6990,32,0,0.0,0.0,0.0,,32.0,0.0,0.0,32,0,0.0,0.0,0.0,,32.0,0.0,0.0,32,0,0.0,0.0,0.0,,32.0,0.0,0.0,32,32
6991,1358,249,0.18335787923416788,15.0,0.0,0.0,1343.0,249.0,0.18540580789277736,1214,238,0.19604612850082373,11.0,0.0,0.0,1203.0,238.0,0.19783873649210307,1200,235,0.19583333333333333,11.0,0.0,0.0,1189.0,235.0,0.19764507989907484,1445,1459
6996,31,0,0.0,0.0,0.0,,31.0,0.0,0.0,26,0,0.0,0.0,0.0,,26.0,0.0,0.0,26,0,0.0,0.0,0.0,,26.0,0.0,0.0,26,26
6997,198235,97727,0.49298559790148055,3186.0,1428.0,0.448210922787194,195049.0,96299.0,0.4937169634297023,176909,85668,0.4842489641567133,2808.0,1214.0,0.4323361823361823,174101.0,84454.0,0.48508624304283143,134727,69950,0.5191980820473996,2269.0,1032.0,0.45482591449977966,132458.0,68918.0,0.5203007745851516,243746,314589
6999,27357,3763,0.13755163212340535,324.0,43.0,0.13271604938271606,27033.0,3720.0,0.1376095882809899,24233,3367,0.1389427639995048,281.0,36.0,0.12811387900355872,23952.0,3331.0,0.1390698062792251,22878,3205,0.14009091703820264,270.0,34.0,0.1259259259259259,22608.0,3171.0,0.14026008492569003,27389,29157
7000,60926,22356,0.366936939894298,3091.0,1135.0,0.3671950824975736,57835.0,21221.0,0.3669231434252615,15025,7964,0.5300499168053244,441.0,228.0,0.5170068027210885,14584.0,7736.0,0.5304443225452551,14106,7645,0.541967956897774,423.0,225.0,0.5319148936170213,13683.0,7420.0,0.5422787400423884,14126,15046
7001,142892,57084,0.39949052431206783,6925.0,2767.0,0.3995667870036101,135967.0,54317.0,0.39948664014062235,31546,13089,0.41491789767323906,1157.0,498.0,0.43042350907519444,30389.0,12591.0,0.4143275527328968,27590,12100,0.4385646973541138,1042.0,477.0,0.45777351247600767,26548.0,11623.0,0.43781075787253276,27653,31621
7002,1318,514,0.3899848254931715,16.0,10.0,0.625,1302.0,504.0,0.3870967741935484,1231,467,0.3793663688058489,16.0,10.0,0.625,1215.0,457.0,0.37613168724279833,1078,436,0.4044526901669759,16.0,10.0,0.625,1062.0,426.0,0.4011299435028249,1220,1409
7005,191,80,0.418848167539267,3.0,0.0,0.0,188.0,80.0,0.425531914893617,189,80,0.42328042328042326,3.0,0.0,0.0,186.0,80.0,0.43010752688172044,188,80,0.425531914893617,3.0,0.0,0.0,185.0,80.0,0.43243243243243246,193,194
7006,5069,26,0.0051292168080489245,117.0,0.0,0.0,4952.0,26.0,0.005250403877221325,4938,25,0.005062778452814905,113.0,0.0,0.0,4825.0,25.0,0.0051813471502590676,4848,25,0.005156765676567657,112.0,0.0,0.0,4736.0,25.0,0.005278716216216216,4848,4938
7008,7,5,0.7142857142857143,0.0,0.0,,7.0,5.0,0.7142857142857143,7,5,0.7142857142857143,0.0,0.0,,7.0,5.0,0.7142857142857143,6,4,0.6666666666666666,0.0,0.0,,6.0,4.0,0.6666666666666666,12,14
7009,319,84,0.26332288401253917,1.0,0.0,0.0,318.0,84.0,0.2641509433962264,275,74,0.2690909090909091,1.0,0.0,0.0,274.0,74.0,0.27007299270072993,261,69,0.26436781609195403,1.0,0.0,0.0,260.0,69.0,0.2653846153846154,393,426
7010,3233,709,0.2193009588617383,57.0,8.0,0.14035087719298245,3176.0,701.0,0.22071788413098237,2944,673,0.22860054347826086,51.0,8.0,0.1568627450980392,2893.0,665.0,0.22986519184237816,2594,622,0.23978411719352352,42.0,7.0,0.16666666666666666,2552.0,615.0,0.24098746081504702,3285,3796
7011,928,373,0.4019396551724138,14.0,8.0,0.5714285714285714,914.0,365.0,0.3993435448577681,309,200,0.6472491909385113,6.0,6.0,1.0,303.0,194.0,0.6402640264026402,301,195,0.6478405315614618,6.0,6.0,1.0,295.0,189.0,0.6406779661016949,306,314
7014,206,79,0.38349514563106796,1.0,1.0,1.0,205.0,78.0,0.3804878048780488,204,79,0.3872549019607843,1.0,1.0,1.0,203.0,78.0,0.3842364532019704,200,78,0.39,1.0,1.0,1.0,199.0,77.0,0.3869346733668342,412,417
7016,55,12,0.21818181818181817,0.0,0.0,,55.0,12.0,0.21818181818181817,55,12,0.21818181818181817,0.0,0.0,,55.0,12.0,0.21818181818181817,51,11,0.21568627450980393,0.0,0.0,,51.0,11.0,0.21568627450980393,51,55
7018,931,605,0.6498388829215896,32.0,22.0,0.6875,899.0,583.0,0.6484983314794216,562,397,0.7064056939501779,23.0,19.0,0.8260869565217391,539.0,378.0,0.7012987012987013,453,330,0.7284768211920529,23.0,19.0,0.8260869565217391,430.0,311.0,0.7232558139534884,453,562
7019,431,1,0.002320185614849188,5.0,0.0,0.0,426.0,1.0,0.002347417840375587,429,1,0.002331002331002331,5.0,0.0,0.0,424.0,1.0,0.0023584905660377358,425,1,0.002352941176470588,5.0,0.0,0.0,420.0,1.0,0.002380952380952381,931,937
7021,22,0,0.0,0.0,0.0,,22.0,0.0,0.0,19,0,0.0,0.0,0.0,,19.0,0.0,0.0,18,0,0.0,0.0,0.0,,18.0,0.0,0.0,18,19
7022,66,0,0.0,0.0,0.0,,66.0,0.0,0.0,65,0,0.0,0.0,0.0,,65.0,0.0,0.0,55,0,0.0,0.0,0.0,,55.0,0.0,0.0,55,65
7023,106,11,0.10377358490566038,3.0,1.0,0.3333333333333333,103.0,10.0,0.0970873786407767,106,11,0.10377358490566038,3.0,1.0,0.3333333333333333,103.0,10.0,0.0970873786407767,106,11,0.10377358490566038,3.0,1.0,0.3333333333333333,103.0,10.0,0.0970873786407767,106,106
7025,1,0,0.0,0.0,0.0,,1.0,0.0,0.0,1,0,0.0,0.0,0.0,,1.0,0.0,0.0,1,0,0.0,0.0,0.0,,1.0,0.0,0.0,1,1
7026,282,66,0.23404255319148937,6.0,0.0,0.0,276.0,66.0,0.2391304347826087,277,64,0.23104693140794225,6.0,0.0,0.0,271.0,64.0,0.23616236162361623,269,63,0.2342007434944238,6.0,0.0,0.0,263.0,63.0,0.23954372623574144,321,329
7028,134,1,0.007462686567164179,2.0,0.0,0.0,132.0,1.0,0.007575757575757576,133,1,0.007518796992481203,2.0,0.0,0.0,131.0,1.0,0.007633587786259542,131,1,0.007633587786259542,2.0,0.0,0.0,129.0,1.0,0.007751937984496124,131,133
7029,282,74,0.2624113475177305,6.0,0.0,0.0,276.0,74.0,0.26811594202898553,277,72,0.259927797833935,6.0,0.0,0.0,271.0,72.0,0.2656826568265683,269,71,0.26394052044609667,6.0,0.0,0.0,263.0,71.0,0.26996197718631176,321,329
7030,262,14,0.05343511450381679,10.0,0.0,0.0,252.0,14.0,0.05555555555555555,261,14,0.05363984674329502,10.0,0.0,0.0,251.0,14.0,0.055776892430278883,260,13,0.05,10.0,0.0,0.0,250.0,13.0,0.052,260,261
7031,145,0,0.0,2.0,0.0,0.0,143.0,0.0,0.0,141,0,0.0,2.0,0.0,0.0,139.0,0.0,0.0,140,0,0.0,2.0,0.0,0.0,138.0,0.0,0.0,140,141
7032,1557,130,0.08349389852280026,32.0,0.0,0.0,1525.0,130.0,0.08524590163934426,1517,127,0.08371786420566908,31.0,0.0,0.0,1486.0,127.0,0.08546433378196501,1482,123,0.08299595141700405,30.0,0.0,0.0,1452.0,123.0,0.08471074380165289,1482,1517
7034,23852,1014,0.042512158309575714,1400.0,34.0,0.024285714285714285,22452.0,980.0,0.04364867272403349,6305,366,0.058049167327517845,250.0,14.0,0.056,6055.0,352.0,0.05813377374071016,5779,342,0.05917978889081156,233.0,14.0,0.060085836909871244,5546.0,328.0,0.05914172376487559,5780,6306
7035,28822,2090,0.07251405176601207,738.0,107.0,0.14498644986449866,28084.0,1983.0,0.07060959977211223,13423,1243,0.09260224986962676,173.0,30.0,0.17341040462427745,13250.0,1213.0,0.09154716981132076,12020,1169,0.09725457570715475,168.0,29.0,0.17261904761904762,11852.0,1140.0,0.0961862976712791,12042,13452
7038,859359,559685,0.651281943867464,15981.0,9612.0,0.6014642387835555,843378.0,550073.0,0.6522259295357479,333701,196618,0.5892041078690204,5055.0,3370.0,0.6666666666666666,328646.0,193248.0,0.5880126336544489,237928,150548,0.6327460408190713,3534.0,2560.0,0.7243916242218449,234394.0,147988.0,0.6313642840687048,315510,451525
7039,749016,520118,0.6944017217255706,11583.0,7074.0,0.6107226107226107,737433.0,513044.0,0.6957160853935205,290178,189702,0.6537435642950189,3909.0,2494.0,0.6380148375543617,286269.0,187208.0,0.6539583398831169,199491,141541,0.7095107047435724,2786.0,1941.0,0.6966977745872218,196705.0,139600.0,0.7096921786431458,199510,290204
7040,17808,4328,0.24303683737646,262.0,55.0,0.2099236641221374,17546.0,4273.0,0.2435312891827197,14034,3525,0.25117571611799916,201.0,42.0,0.208955223880597,13833.0,3483.0,0.2517891997397528,12955,3305,0.2551138556541876,192.0,40.0,0.20833333333333334,12763.0,3265.0,0.25581759774347723,15157,16562
7041,4575,251,0.054863387978142074,59.0,1.0,0.01694915254237288,4516.0,250.0,0.05535872453498671,3930,220,0.05597964376590331,53.0,1.0,0.018867924528301886,3877.0,219.0,0.05648697446479237,3631,185,0.0509501514734233,46.0,1.0,0.021739130434782608,3585.0,184.0,0.051324965132496514,3836,4145
7042,11547,5667,0.4907768251493895,317.0,162.0,0.5110410094637224,11230.0,5505.0,0.4902048085485307,6615,3255,0.49206349206349204,139.0,75.0,0.539568345323741,6476.0,3180.0,0.49104385423100677,6236,3146,0.5044900577293137,134.0,74.0,0.5522388059701493,6102.0,3072.0,0.5034414945919371,7262,7691
7043,4802,342,0.07122032486463974,71.0,5.0,0.07042253521126761,4731.0,337.0,0.07123229761149863,2765,208,0.07522603978300181,45.0,3.0,0.06666666666666667,2720.0,205.0,0.07536764705882353,2623,204,0.07777354174609226,45.0,3.0,0.06666666666666667,2578.0,201.0,0.07796741660201707,3497,3742
7044,314,83,0.2643312101910828,1.0,0.0,0.0,313.0,83.0,0.26517571884984026,272,69,0.2536764705882353,1.0,0.0,0.0,271.0,69.0,0.25461254612546125,258,67,0.2596899224806202,1.0,0.0,0.0,257.0,67.0,0.2607003891050584,391,424
7045,24294,0,0.0,286.0,0.0,0.0,24008.0,0.0,0.0,12772,0,0.0,164.0,0.0,0.0,12608.0,0.0,0.0,9891,0,0.0,127.0,0.0,0.0,9764.0,0.0,0.0,9891,12772
7046,2167,206,0.09506229810798339,10.0,1.0,0.1,2157.0,205.0,0.09503940658321743,1979,197,0.09954522486104093,10.0,1.0,0.1,1969.0,196.0,0.09954291518537328,1805,193,0.10692520775623268,10.0,1.0,0.1,1795.0,192.0,0.10696378830083565,1806,1980
7047,2013,0,0.0,33.0,0.0,0.0,1980.0,0.0,0.0,1735,0,0.0,29.0,0.0,0.0,1706.0,0.0,0.0,1621,0,0.0,24.0,0.0,0.0,1597.0,0.0,0.0,1630,1745
7048,1405,25,0.017793594306049824,23.0,1.0,0.043478260869565216,1382.0,24.0,0.017366136034732273,862,20,0.02320185614849188,16.0,1.0,0.0625,846.0,19.0,0.022458628841607566,843,20,0.02372479240806643,16.0,1.0,0.0625,827.0,19.0,0.022974607013301087,852,872
7049,14,2,0.14285714285714285,0.0,0.0,,14.0,2.0,0.14285714285714285,14,2,0.14285714285714285,0.0,0.0,,14.0,2.0,0.14285714285714285,11,2,0.18181818181818182,0.0,0.0,,11.0,2.0,0.18181818181818182,22,25
7050,1521466,158203,0.10398063446702062,43059.0,4366.0,0.10139575930699737,1478407.0,153837.0,0.10405591964864885,301349,61745,0.20489532070788355,6464.0,1435.0,0.2219987623762376,294885.0,60310.0,0.20452040626006748,230629,53858,0.23352657298084803,5184.0,1279.0,0.24672067901234568,225445.0,52579.0,0.2332231808201557,230664,301399
7051,165,12,0.07272727272727272,0.0,0.0,,165.0,12.0,0.07272727272727272,165,12,0.07272727272727272,0.0,0.0,,165.0,12.0,0.07272727272727272,165,12,0.07272727272727272,0.0,0.0,,165.0,12.0,0.07272727272727272,165,165
7052,366,5,0.01366120218579235,1.0,0.0,0.0,365.0,5.0,0.0136986301369863,349,5,0.014326647564469915,1.0,0.0,0.0,348.0,5.0,0.014367816091954023,348,5,0.014367816091954023,1.0,0.0,0.0,347.0,5.0,0.01440922190201729,348,349
7058,6658,599,0.0899669570441574,58.0,0.0,0.0,6600.0,599.0,0.09075757575757576,5627,557,0.09898702683490315,53.0,0.0,0.0,5574.0,557.0,0.09992823824901327,5298,532,0.1004152510381276,47.0,0.0,0.0,5251.0,532.0,0.10131403542182442,5305,5639
7059,292,116,0.3972602739726027,1.0,1.0,1.0,291.0,115.0,0.3951890034364261,151,58,0.3841059602649007,1.0,1.0,1.0,150.0,57.0,0.38,131,53,0.40458015267175573,1.0,1.0,1.0,130.0,52.0,0.4,8021,9385
7060,816,147,0.1801470588235294,13.0,3.0,0.23076923076923078,803.0,144.0,0.1793275217932752,737,132,0.1791044776119403,11.0,2.0,0.18181818181818182,726.0,130.0,0.1790633608815427,724,128,0.17679558011049723,11.0,2.0,0.18181818181818182,713.0,126.0,0.1767180925666199,935,949
7061,530,126,0.23773584905660378,8.0,3.0,0.375,522.0,123.0,0.23563218390804597,335,100,0.29850746268656714,4.0,2.0,0.5,331.0,98.0,0.29607250755287007,331,99,0.2990936555891239,4.0,2.0,0.5,327.0,97.0,0.2966360856269113,619,632
7062,109,24,0.22018348623853212,2.0,1.0,0.5,107.0,23.0,0.21495327102803738,108,24,0.2222222222222222,2.0,1.0,0.5,106.0,23.0,0.2169811320754717,107,24,0.22429906542056074,2.0,1.0,0.5,105.0,23.0,0.21904761904761905,180,181
7063,155,58,0.3741935483870968,0.0,0.0,,155.0,58.0,0.3741935483870968,100,57,0.57,0.0,0.0,,100.0,57.0,0.57,98,56,0.5714285714285714,0.0,0.0,,98.0,56.0,0.5714285714285714,270,276
7064,365,135,0.3698630136986301,14.0,3.0,0.21428571428571427,351.0,132.0,0.37606837606837606,266,110,0.41353383458646614,6.0,1.0,0.16666666666666666,260.0,109.0,0.41923076923076924,263,109,0.4144486692015209,6.0,1.0,0.16666666666666666,257.0,108.0,0.42023346303501946,269,272
7065,55798,1305,0.023387935051435535,3910.0,544.0,0.1391304347826087,51888.0,761.0,0.014666204131976565,51069,1258,0.02463333920773855,3589.0,518.0,0.14432989690721648,47480.0,740.0,0.015585509688289806,45209,1181,0.02612311707845783,3115.0,482.0,0.15473515248796146,42094.0,699.0,0.01660569202261605,46699,52597
7066,42503,438,0.010305154930240219,2265.0,95.0,0.04194260485651214,40238.0,343.0,0.008524280530841493,41715,429,0.010284070478245236,2162.0,89.0,0.04116558741905643,39553.0,340.0,0.008596060981467904,36675,405,0.011042944785276074,1917.0,86.0,0.044861763171622326,34758.0,319.0,0.009177743253351746,50032,57448
7067,5021,123,0.024497112129057957,526.0,12.0,0.022813688212927757,4495.0,111.0,0.024694104560622914,4935,121,0.024518743667679838,512.0,12.0,0.0234375,4423.0,109.0,0.024643906850553923,4394,114,0.02594446973145198,397.0,10.0,0.02518891687657431,3997.0,104.0,0.026019514635976983,6234,6833
7068,2001,0,0.0,61.0,0.0,0.0,1940.0,0.0,0.0,1955,0,0.0,61.0,0.0,0.0,1894.0,0.0,0.0,1823,0,0.0,59.0,0.0,0.0,1764.0,0.0,0.0,1823,1955
7069,912,6,0.006578947368421052,49.0,0.0,0.0,863.0,6.0,0.006952491309385863,853,3,0.0035169988276670576,47.0,0.0,0.0,806.0,3.0,0.0037220843672456576,836,3,0.0035885167464114833,46.0,0.0,0.0,790.0,3.0,0.0037974683544303796,1305,1337
7070,1328,0,0.0,64.0,0.0,0.0,1264.0,0.0,0.0,1308,0,0.0,63.0,0.0,0.0,1245.0,0.0,0.0,1193,0,0.0,58.0,0.0,0.0,1135.0,0.0,0.0,1214,1329
7071,374,115,0.3074866310160428,1.0,0.0,0.0,373.0,115.0,0.30831099195710454,289,88,0.3044982698961938,1.0,0.0,0.0,288.0,88.0,0.3055555555555556,276,86,0.3115942028985507,1.0,0.0,0.0,275.0,86.0,0.31272727272727274,409,442
7072,2976,442,0.1485215053763441,12.0,4.0,0.3333333333333333,2964.0,438.0,0.14777327935222673,756,173,0.22883597883597884,4.0,2.0,0.5,752.0,171.0,0.22739361702127658,563,137,0.2433392539964476,3.0,1.0,0.3333333333333333,560.0,136.0,0.24285714285714285,904,1211
7073,2793,1293,0.46294307196562834,44.0,17.0,0.38636363636363635,2749.0,1276.0,0.46416878865041833,2662,1230,0.46205860255447034,42.0,16.0,0.38095238095238093,2620.0,1214.0,0.4633587786259542,2597,1201,0.46245668078552177,41.0,16.0,0.3902439024390244,2556.0,1185.0,0.4636150234741784,2603,2668
7074,7,4,0.5714285714285714,0.0,0.0,,7.0,4.0,0.5714285714285714,7,4,0.5714285714285714,0.0,0.0,,7.0,4.0,0.5714285714285714,7,4,0.5714285714285714,0.0,0.0,,7.0,4.0,0.5714285714285714,7,7
7076,4,3,0.75,0.0,0.0,,4.0,3.0,0.75,4,3,0.75,0.0,0.0,,4.0,3.0,0.75,4,3,0.75,0.0,0.0,,4.0,3.0,0.75,174,183
7078,2016,697,0.345734126984127,8.0,3.0,0.375,2008.0,694.0,0.3456175298804781,2003,690,0.3444832750873689,8.0,3.0,0.375,1995.0,687.0,0.3443609022556391,1897,654,0.3447548761201898,8.0,3.0,0.375,1889.0,651.0,0.3446267866596083,1950,2065
7079,22938,0,0.0,272.0,0.0,0.0,22666.0,0.0,0.0,14100,0,0.0,161.0,0.0,0.0,13939.0,0.0,0.0,11342,0,0.0,129.0,0.0,0.0,11213.0,0.0,0.0,11342,14100
7080,2810,28,0.0099644128113879,54.0,0.0,0.0,2756.0,28.0,0.010159651669085631,2746,27,0.009832483612527313,54.0,0.0,0.0,2692.0,27.0,0.010029717682020803,2727,26,0.009534286762009535,54.0,0.0,0.0,2673.0,26.0,0.009726898615787506,4164,4197
7081,74,20,0.2702702702702703,1.0,0.0,0.0,73.0,20.0,0.273972602739726,71,20,0.28169014084507044,1.0,0.0,0.0,70.0,20.0,0.2857142857142857,70,19,0.2714285714285714,1.0,0.0,0.0,69.0,19.0,0.2753623188405797,104,105
7082,1095,105,0.0958904109589041,23.0,1.0,0.043478260869565216,1072.0,104.0,0.09701492537313433,1075,103,0.09581395348837209,23.0,1.0,0.043478260869565216,1052.0,102.0,0.09695817490494296,1061,103,0.09707822808671066,23.0,1.0,0.043478260869565216,1038.0,102.0,0.09826589595375723,1110,1125
7084,513510,65132,0.12683686783120096,8061.0,1042.0,0.12926435926063765,505449.0,64090.0,0.12679815372075126,166326,21749,0.13076127604824261,2203.0,373.0,0.1693145710394916,164123.0,21376.0,0.13024378057919975,120881,19227,0.1590572546554049,1673.0,336.0,0.200836820083682,119208.0,18891.0,0.15847090799275215,120881,166326
7085,55674,26304,0.4724647052484104,1243.0,568.0,0.4569589702333065,54431.0,25736.0,0.47281879811137034,21597,12510,0.5792471176552298,522.0,285.0,0.5459770114942529,21075.0,12225.0,0.5800711743772242,17804,10669,0.5992473601437879,429.0,245.0,0.5710955710955711,17375.0,10424.0,0.5999424460431655,19565,23996
7086,8594,1745,0.20304863858505934,113.0,13.0,0.11504424778761062,8481.0,1732.0,0.20422120033014976,7101,1338,0.1884241656104774,90.0,12.0,0.13333333333333333,7011.0,1326.0,0.1891313649978605,6613,1267,0.19159231816119765,81.0,11.0,0.13580246913580246,6532.0,1256.0,0.19228413962033067,6624,7115
7087,12,8,0.6666666666666666,0.0,0.0,,12.0,8.0,0.6666666666666666,12,8,0.6666666666666666,0.0,0.0,,12.0,8.0,0.6666666666666666,12,8,0.6666666666666666,0.0,0.0,,12.0,8.0,0.6666666666666666,12,12
7088,4366,119,0.027256069628950986,69.0,3.0,0.043478260869565216,4297.0,116.0,0.026995578310449152,2535,87,0.03431952662721893,43.0,2.0,0.046511627906976744,2492.0,85.0,0.03410914927768861,2423,86,0.03549319026000825,43.0,2.0,0.046511627906976744,2380.0,84.0,0.03529411764705882,2477,2597
7089,964,0,0.0,25.0,0.0,0.0,939.0,0.0,0.0,865,0,0.0,23.0,0.0,0.0,842.0,0.0,0.0,806,0,0.0,23.0,0.0,0.0,783.0,0.0,0.0,806,865
7090,2198,487,0.22156505914467697,235.0,70.0,0.2978723404255319,1963.0,417.0,0.21242995415180846,2083,463,0.22227556409025445,224.0,68.0,0.30357142857142855,1859.0,395.0,0.21247982786444325,1958,444,0.22676200204290092,208.0,65.0,0.3125,1750.0,379.0,0.21657142857142858,1979,2104
7091,37,0,0.0,8.0,0.0,0.0,29.0,0.0,0.0,37,0,0.0,8.0,0.0,0.0,29.0,0.0,0.0,36,0,0.0,8.0,0.0,0.0,28.0,0.0,0.0,36,37
7092,842,0,0.0,0.0,0.0,,842.0,0.0,0.0,540,0,0.0,0.0,0.0,,540.0,0.0,0.0,470,0,0.0,0.0,0.0,,470.0,0.0,0.0,3674,4060
7093,695,306,0.44028776978417267,3.0,1.0,0.3333333333333333,692.0,305.0,0.4407514450867052,694,305,0.43948126801152737,3.0,1.0,0.3333333333333333,691.0,304.0,0.4399421128798842,694,305,0.43948126801152737,3.0,1.0,0.3333333333333333,691.0,304.0,0.4399421128798842,835,835
7094,945,327,0.346031746031746,5.0,4.0,0.8,940.0,323.0,0.34361702127659577,943,325,0.344644750795334,5.0,4.0,0.8,938.0,321.0,0.3422174840085288,942,324,0.34394904458598724,5.0,4.0,0.8,937.0,320.0,0.3415154749199573,1083,1084
7095,59,17,0.288135593220339,0.0,0.0,,59.0,17.0,0.288135593220339,59,17,0.288135593220339,0.0,0.0,,59.0,17.0,0.288135593220339,58,16,0.27586206896551724,0.0,0.0,,58.0,16.0,0.27586206896551724,68,69
7096,55,0,0.0,1.0,0.0,0.0,54.0,0.0,0.0,55,0,0.0,1.0,0.0,0.0,54.0,0.0,0.0,55,0,0.0,1.0,0.0,0.0,54.0,0.0,0.0,55,55
7097,220,13,0.05909090909090909,0.0,0.0,,220.0,13.0,0.05909090909090909,206,13,0.06310679611650485,0.0,0.0,,206.0,13.0,0.06310679611650485,205,13,0.06341463414634146,0.0,0.0,,205.0,13.0,0.06341463414634146,205,206
7098,433,41,0.09468822170900693,2.0,0.0,0.0,431.0,41.0,0.0951276102088167,432,41,0.09490740740740741,2.0,0.0,0.0,430.0,41.0,0.09534883720930233,425,41,0.09647058823529411,2.0,0.0,0.0,423.0,41.0,0.09692671394799054,425,432
7099,7,0,0.0,0.0,0.0,,7.0,0.0,0.0,7,0,0.0,0.0,0.0,,7.0,0.0,0.0,7,0,0.0,0.0,0.0,,7.0,0.0,0.0,7,7
7101,185,82,0.44324324324324327,7.0,2.0,0.2857142857142857,178.0,80.0,0.449438202247191,95,45,0.47368421052631576,1.0,1.0,1.0,94.0,44.0,0.46808510638297873,70,40,0.5714285714285714,1.0,1.0,1.0,69.0,39.0,0.5652173913043478,186,259
7102,5,0,0.0,0.0,0.0,,5.0,0.0,0.0,5,0,0.0,0.0,0.0,,5.0,0.0,0.0,5,0,0.0,0.0,0.0,,5.0,0.0,0.0,8,8
7104,385,100,0.2597402597402597,3.0,2.0,0.6666666666666666,382.0,98.0,0.25654450261780104,360,100,0.2777777777777778,3.0,2.0,0.6666666666666666,357.0,98.0,0.27450980392156865,355,100,0.28169014084507044,3.0,2.0,0.6666666666666666,352.0,98.0,0.2784090909090909,355,360
7105,887,63,0.07102593010146561,14.0,3.0,0.21428571428571427,873.0,60.0,0.06872852233676977,883,62,0.07021517553793885,14.0,3.0,0.21428571428571427,869.0,59.0,0.06789413118527042,874,59,0.06750572082379863,14.0,3.0,0.21428571428571427,860.0,56.0,0.06511627906976744,874,883
7108,83,6,0.07228915662650602,2.0,0.0,0.0,81.0,6.0,0.07407407407407407,83,6,0.07228915662650602,2.0,0.0,0.0,81.0,6.0,0.07407407407407407,83,6,0.07228915662650602,2.0,0.0,0.0,81.0,6.0,0.07407407407407407,83,83
7109,3814,333,0.08730991085474567,59.0,3.0,0.05084745762711865,3755.0,330.0,0.08788282290279627,3684,315,0.08550488599348534,57.0,3.0,0.05263157894736842,3627.0,312.0,0.08602150537634409,3635,304,0.08363136176066024,57.0,3.0,0.05263157894736842,3578.0,301.0,0.08412520961430967,3640,3689
7111,847,21,0.024793388429752067,13.0,0.0,0.0,834.0,21.0,0.025179856115107913,685,18,0.026277372262773723,11.0,0.0,0.0,674.0,18.0,0.026706231454005934,680,18,0.026470588235294117,11.0,0.0,0.0,669.0,18.0,0.026905829596412557,680,685
7113,1362,31,0.02276064610866373,10.0,1.0,0.1,1352.0,30.0,0.022189349112426034,1319,31,0.02350265352539803,10.0,1.0,0.1,1309.0,30.0,0.02291825821237586,1276,31,0.024294670846394983,8.0,1.0,0.125,1268.0,30.0,0.02365930599369085,1278,1321
7116,7534,197,0.026148128484204936,57.0,0.0,0.0,7477.0,197.0,0.026347465561053898,7510,196,0.026098535286284953,57.0,0.0,0.0,7453.0,196.0,0.026298134979203004,6979,186,0.026651382719587332,53.0,0.0,0.0,6926.0,186.0,0.026855327750505344,6979,7510
7118,260,0,0.0,2.0,0.0,0.0,258.0,0.0,0.0,189,0,0.0,2.0,0.0,0.0,187.0,0.0,0.0,189,0,0.0,2.0,0.0,0.0,187.0,0.0,0.0,189,189
7121,966,64,0.06625258799171843,11.0,1.0,0.09090909090909091,955.0,63.0,0.06596858638743455,914,54,0.05908096280087528,11.0,1.0,0.09090909090909091,903.0,53.0,0.058693244739756366,892,50,0.05605381165919283,11.0,1.0,0.09090909090909091,881.0,49.0,0.05561861520998865,1598,1629
7123,755,24,0.031788079470198675,10.0,0.0,0.0,745.0,24.0,0.032214765100671144,728,24,0.03296703296703297,10.0,0.0,0.0,718.0,24.0,0.033426183844011144,720,24,0.03333333333333333,10.0,0.0,0.0,710.0,24.0,0.03380281690140845,740,748
7124,174,15,0.08620689655172414,0.0,0.0,,174.0,15.0,0.08620689655172414,159,15,0.09433962264150944,0.0,0.0,,159.0,15.0,0.09433962264150944,149,15,0.10067114093959731,0.0,0.0,,149.0,15.0,0.10067114093959731,846,865
7125,706,30,0.042492917847025496,6.0,1.0,0.16666666666666666,700.0,29.0,0.041428571428571426,698,28,0.04011461318051576,6.0,1.0,0.16666666666666666,692.0,27.0,0.03901734104046243,680,26,0.03823529411764706,6.0,1.0,0.16666666666666666,674.0,25.0,0.037091988130563795,2476,2523
7127,3086,422,0.13674659753726506,443.0,67.0,0.15124153498871332,2643.0,355.0,0.1343170639424896,689,131,0.19013062409288825,35.0,14.0,0.4,654.0,117.0,0.17889908256880735,668,130,0.19461077844311378,33.0,14.0,0.42424242424242425,635.0,116.0,0.1826771653543307,1905,2112
7128,191171,44009,0.2302075105533789,2806.0,517.0,0.184248039914469,188365.0,43492.0,0.23089215087728612,85562,20690,0.2418129543488932,1319.0,253.0,0.19181197877179681,84243.0,20437.0,0.24259582398537563,73047,19508,0.2670609333716648,1171.0,249.0,0.2126387702818104,71876.0,19259.0,0.267947576381546,73049,85564
7129,9029,352,0.03898549119503821,133.0,6.0,0.045112781954887216,8896.0,346.0,0.03889388489208633,6975,310,0.044444444444444446,106.0,5.0,0.04716981132075472,6869.0,305.0,0.04440238753821517,6724,296,0.044021415823914334,106.0,5.0,0.04716981132075472,6618.0,291.0,0.04397098821396192,6735,6987
7130,1924,282,0.14656964656964658,63.0,4.0,0.06349206349206349,1861.0,278.0,0.1493820526598603,1417,208,0.14678899082568808,25.0,4.0,0.16,1392.0,204.0,0.14655172413793102,1383,203,0.1467823571945047,24.0,3.0,0.125,1359.0,200.0,0.14716703458425312,1400,1434
7131,612,31,0.05065359477124183,11.0,0.0,0.0,601.0,31.0,0.051580698835274545,476,27,0.05672268907563025,8.0,0.0,0.0,468.0,27.0,0.057692307692307696,475,26,0.05473684210526316,8.0,0.0,0.0,467.0,26.0,0.055674518201284794,1243,1332
7133,226093,81563,0.360749779957805,3746.0,1224.0,0.32674853176721835,222347.0,80339.0,0.36132261735035776,132351,46714,0.3529553989014061,1687.0,658.0,0.3900414937759336,130664.0,46056.0,0.3524765811547174,90485,37240,0.41155992705973365,1272.0,560.0,0.44025157232704404,89213.0,36680.0,0.41115084124511003,90485,132351
7134,60789,34851,0.5733109608646301,1125.0,609.0,0.5413333333333333,59664.0,34242.0,0.5739139179404666,34532,20890,0.6049461369164832,626.0,348.0,0.5559105431309904,33906.0,20542.0,0.6058514717159205,29836,18672,0.6258211556508916,553.0,329.0,0.5949367088607594,29283.0,18343.0,0.6264043984564424,29836,34532
7135,4687,1186,0.2530403243012588,64.0,21.0,0.328125,4623.0,1165.0,0.25200086523902226,4004,990,0.24725274725274726,57.0,17.0,0.2982456140350877,3947.0,973.0,0.24651634152520902,3648,900,0.24671052631578946,53.0,15.0,0.2830188679245283,3595.0,885.0,0.24617524339360222,9785,10923
7136,4736,1926,0.4066722972972973,78.0,37.0,0.47435897435897434,4658.0,1889.0,0.40553885787891797,3923,1643,0.41881213357124647,51.0,29.0,0.5686274509803921,3872.0,1614.0,0.4168388429752066,3622,1552,0.42849254555494204,50.0,29.0,0.58,3572.0,1523.0,0.4263717805151176,3626,3928
7137,9071,6346,0.699592106713703,253.0,190.0,0.7509881422924901,8818.0,6156.0,0.698117486958494,3514,2210,0.6289129197495731,98.0,61.0,0.6224489795918368,3416.0,2149.0,0.6290983606557377,3402,2152,0.6325690770135215,94.0,58.0,0.6170212765957447,3308.0,2094.0,0.6330108827085853,3475,3589
7138,241,0,0.0,6.0,0.0,0.0,235.0,0.0,0.0,195,0,0.0,5.0,0.0,0.0,190.0,0.0,0.0,191,0,0.0,5.0,0.0,0.0,186.0,0.0,0.0,191,195
7139,438513,176166,0.40173495426589406,6190.0,2009.0,0.32455573505654284,432323.0,174157.0,0.40284000619906873,143032,61615,0.4307777280608535,1697.0,773.0,0.45550972304066,141335.0,60842.0,0.4304807726323982,100536,49971,0.4970458343280019,1215.0,640.0,0.5267489711934157,99321.0,49331.0,0.49668247399844945,100536,143032
7143,1034,119,0.11508704061895551,14.0,2.0,0.14285714285714285,1020.0,117.0,0.11470588235294117,1004,119,0.11852589641434264,13.0,2.0,0.15384615384615385,991.0,117.0,0.11806256306760847,920,116,0.12608695652173912,12.0,2.0,0.16666666666666666,908.0,114.0,0.12555066079295155,931,1016
7144,2774,0,0.0,4.0,0.0,0.0,2770.0,0.0,0.0,2695,0,0.0,4.0,0.0,0.0,2691.0,0.0,0.0,2492,0,0.0,4.0,0.0,0.0,2488.0,0.0,0.0,3694,3966
7145,6725,351,0.05219330855018588,27.0,2.0,0.07407407407407407,6698.0,349.0,0.05210510600179158,6135,348,0.05672371638141809,22.0,2.0,0.09090909090909091,6113.0,346.0,0.05660068706036316,5400,335,0.062037037037037036,22.0,2.0,0.09090909090909091,5378.0,333.0,0.06191892896987728,75968,102195
7147,657,15,0.0228310502283105,28.0,0.0,0.0,629.0,15.0,0.02384737678855326,492,13,0.026422764227642278,23.0,0.0,0.0,469.0,13.0,0.02771855010660981,483,13,0.026915113871635612,22.0,0.0,0.0,461.0,13.0,0.028199566160520606,483,492
7149,292,36,0.1232876712328767,10.0,0.0,0.0,282.0,36.0,0.1276595744680851,291,36,0.12371134020618557,10.0,0.0,0.0,281.0,36.0,0.12811387900355872,270,35,0.12962962962962962,10.0,0.0,0.0,260.0,35.0,0.1346153846153846,270,291
7150,63,1,0.015873015873015872,6.0,0.0,0.0,57.0,1.0,0.017543859649122806,62,1,0.016129032258064516,6.0,0.0,0.0,56.0,1.0,0.017857142857142856,61,1,0.01639344262295082,6.0,0.0,0.0,55.0,1.0,0.01818181818181818,61,62
7151,349,109,0.3123209169054441,13.0,3.0,0.23076923076923078,336.0,106.0,0.31547619047619047,312,101,0.32371794871794873,10.0,2.0,0.2,302.0,99.0,0.32781456953642385,309,99,0.32038834951456313,10.0,2.0,0.2,299.0,97.0,0.32441471571906355,313,316
7152,97,28,0.28865979381443296,2.0,1.0,0.5,95.0,27.0,0.28421052631578947,96,28,0.2916666666666667,2.0,1.0,0.5,94.0,27.0,0.2872340425531915,95,27,0.28421052631578947,2.0,1.0,0.5,93.0,26.0,0.27956989247311825,133,134
7153,130,68,0.5230769230769231,3.0,1.0,0.3333333333333333,127.0,67.0,0.5275590551181102,123,64,0.5203252032520326,3.0,1.0,0.3333333333333333,120.0,63.0,0.525,122,63,0.5163934426229508,3.0,1.0,0.3333333333333333,119.0,62.0,0.5210084033613446,395,403
7155,308,101,0.32792207792207795,4.0,1.0,0.25,304.0,100.0,0.32894736842105265,306,101,0.3300653594771242,4.0,1.0,0.25,302.0,100.0,0.33112582781456956,305,101,0.33114754098360655,4.0,1.0,0.25,301.0,100.0,0.33222591362126247,343,344
7156,555,58,0.1045045045045045,5.0,2.0,0.4,550.0,56.0,0.10181818181818182,552,58,0.10507246376811594,5.0,2.0,0.4,547.0,56.0,0.10237659963436929,522,56,0.10727969348659004,5.0,2.0,0.4,517.0,54.0,0.10444874274661509,532,563
7157,771859,2265,0.0029344737834241744,8003.0,62.0,0.007747094839435212,763856.0,2203.0,0.0028840514442512724,274523,1885,0.006866455633954167,2228.0,46.0,0.02064631956912029,272295.0,1839.0,0.006753704621825594,204748,1625,0.007936585461152246,1658.0,39.0,0.023522316043425813,203090.0,1586.0,0.007809345610320547,216493,291099
7158,4253,2161,0.5081119209969434,82.0,33.0,0.4024390243902439,4171.0,2128.0,0.5101894030208584,3406,1845,0.5416911332941867,49.0,23.0,0.46938775510204084,3357.0,1822.0,0.5427464998510575,3092,1747,0.565006468305304,46.0,23.0,0.5,3046.0,1724.0,0.5659881812212738,4893,5471
7159,6464,2246,0.3474628712871287,234.0,65.0,0.2777777777777778,6230.0,2181.0,0.35008025682182986,2861,877,0.30653617616218104,63.0,17.0,0.2698412698412698,2798.0,860.0,0.3073624017155111,2656,847,0.3189006024096386,59.0,17.0,0.288135593220339,2597.0,830.0,0.3195995379283789,3427,3658
7160,65195,34237,0.5251476340210138,333.0,165.0,0.4954954954954955,64862.0,34072.0,0.5252998674108107,34571,19419,0.5617135749616731,149.0,84.0,0.5637583892617449,34422.0,19335.0,0.5617047237232002,29131,16665,0.5720709896673647,141.0,78.0,0.5531914893617021,28990.0,16587.0,0.5721628147637117,29132,34572
7161,748163,7423,0.009921634723983944,10394.0,89.0,0.00856263228785838,737769.0,7334.0,0.009940780921941691,296114,4458,0.015055012596499997,3992.0,38.0,0.009519038076152305,292122.0,4420.0,0.01513066458534448,208594,3771,0.01807818058045773,2841.0,36.0,0.012671594508975714,205753.0,3735.0,0.018152833737539672,219290,311643
7164,683,0,0.0,14.0,0.0,0.0,669.0,0.0,0.0,658,0,0.0,13.0,0.0,0.0,645.0,0.0,0.0,648,0,0.0,13.0,0.0,0.0,635.0,0.0,0.0,648,658
7169,5339,0,0.0,424.0,0.0,0.0,4915.0,0.0,0.0,5263,0,0.0,402.0,0.0,0.0,4861.0,0.0,0.0,5041,0,0.0,385.0,0.0,0.0,4656.0,0.0,0.0,5051,5273
7170,48,0,0.0,0.0,0.0,,48.0,0.0,0.0,48,0,0.0,0.0,0.0,,48.0,0.0,0.0,48,0,0.0,0.0,0.0,,48.0,0.0,0.0,48,48
7171,14090,3108,0.2205819730305181,862.0,401.0,0.4651972157772622,13228.0,2707.0,0.20464166918657392,11941,2564,0.21472238505987773,686.0,317.0,0.4620991253644315,11255.0,2247.0,0.1996446023989338,10558,2450,0.23205152491002085,629.0,303.0,0.48171701112877585,9929.0,2147.0,0.21623527041998186,25463,29284
7173,483,29,0.060041407867494824,1.0,0.0,0.0,482.0,29.0,0.06016597510373444,478,29,0.060669456066945605,1.0,0.0,0.0,477.0,29.0,0.06079664570230608,478,29,0.060669456066945605,1.0,0.0,0.0,477.0,29.0,0.06079664570230608,725,725
7174,20182,0,0.0,894.0,0.0,0.0,19288.0,0.0,0.0,19760,0,0.0,815.0,0.0,0.0,18945.0,0.0,0.0,17633,0,0.0,719.0,0.0,0.0,16914.0,0.0,0.0,17633,19760
7176,303,66,0.21782178217821782,1.0,0.0,0.0,302.0,66.0,0.2185430463576159,262,58,0.22137404580152673,1.0,0.0,0.0,261.0,58.0,0.2222222222222222,249,57,0.2289156626506024,1.0,0.0,0.0,248.0,57.0,0.22983870967741934,380,412
7177,751087,137303,0.1828057202427948,6913.0,1167.0,0.16881238246781427,744174.0,136136.0,0.1829357112718262,310415,52561,0.1693249359728106,2815.0,493.0,0.17513321492007106,307600.0,52068.0,0.16927178153446035,217178,43459,0.20010774572010057,2020.0,452.0,0.22376237623762377,215158.0,43007.0,0.1998856654179719,217178,310415
7178,59,4,0.06779661016949153,0.0,0.0,,59.0,4.0,0.06779661016949153,59,4,0.06779661016949153,0.0,0.0,,59.0,4.0,0.06779661016949153,57,4,0.07017543859649122,0.0,0.0,,57.0,4.0,0.07017543859649122,57,59
7179,2570,0,0.0,126.0,0.0,0.0,2444.0,0.0,0.0,635,0,0.0,30.0,0.0,0.0,605.0,0.0,0.0,599,0,0.0,30.0,0.0,0.0,569.0,0.0,0.0,604,640
7180,61,1,0.01639344262295082,6.0,0.0,0.0,55.0,1.0,0.01818181818181818,60,1,0.016666666666666666,6.0,0.0,0.0,54.0,1.0,0.018518518518518517,59,1,0.01694915254237288,6.0,0.0,0.0,53.0,1.0,0.018867924528301886,60,61
7181,228,92,0.40350877192982454,3.0,0.0,0.0,225.0,92.0,0.4088888888888889,218,90,0.41284403669724773,2.0,0.0,0.0,216.0,90.0,0.4166666666666667,186,83,0.44623655913978494,2.0,0.0,0.0,184.0,83.0,0.45108695652173914,234,271
7183,2136,198,0.09269662921348315,245.0,18.0,0.07346938775510205,1891.0,180.0,0.09518773135906927,2040,193,0.0946078431372549,231.0,18.0,0.07792207792207792,1809.0,175.0,0.09673852957435047,1919,183,0.09536216779572694,215.0,17.0,0.07906976744186046,1704.0,166.0,0.09741784037558686,1940,2061
7184,13089,1025,0.07831003132401253,819.0,141.0,0.17216117216117216,12270.0,884.0,0.07204563977180115,12202,1001,0.08203573184723816,655.0,138.0,0.21068702290076335,11547.0,863.0,0.07473802719321036,10807,957,0.08855371518460257,608.0,134.0,0.22039473684210525,10199.0,823.0,0.08069418570448084,12320,14136
7187,5420,1140,0.21033210332103322,166.0,51.0,0.3072289156626506,5254.0,1089.0,0.20727065093262276,3407,783,0.22982095685353685,110.0,31.0,0.2818181818181818,3297.0,752.0,0.2280861389141644,2788,671,0.24067431850789095,80.0,23.0,0.2875,2708.0,648.0,0.23929098966026588,2936,3561
7189,100,14,0.14,3.0,0.0,0.0,97.0,14.0,0.14432989690721648,100,14,0.14,3.0,0.0,0.0,97.0,14.0,0.14432989690721648,100,14,0.14,3.0,0.0,0.0,97.0,14.0,0.14432989690721648,1562,1576
7199,176,0,0.0,0.0,0.0,,176.0,0.0,0.0,164,0,0.0,0.0,0.0,,164.0,0.0,0.0,162,0,0.0,0.0,0.0,,162.0,0.0,0.0,166,168
7200,385886,182370,0.47260071627371814,9048.0,4378.0,0.4838638373121132,376838.0,177992.0,0.4723302851623244,141661,52756,0.3724101905252681,2364.0,860.0,0.3637901861252115,139297.0,51896.0,0.37255648003905323,119665,46973,0.3925375005222914,2081.0,800.0,0.38443056222969724,117584.0,46173.0,0.392680977003674,194806,245853
7201,49,0,0.0,1.0,0.0,0.0,48.0,0.0,0.0,49,0,0.0,1.0,0.0,0.0,48.0,0.0,0.0,46,0,0.0,1.0,0.0,0.0,45.0,0.0,0.0,9760,10921
7204,4,3,0.75,0.0,0.0,,4.0,3.0,0.75,4,3,0.75,0.0,0.0,,4.0,3.0,0.75,4,3,0.75,0.0,0.0,,4.0,3.0,0.75,4,4
7205,3752,1507,0.40165245202558636,34.0,22.0,0.6470588235294118,3718.0,1485.0,0.3994082840236686,3666,1483,0.4045280960174577,31.0,21.0,0.6774193548387096,3635.0,1462.0,0.4022008253094911,3409,1410,0.4136110296274567,31.0,21.0,0.6774193548387096,3378.0,1389.0,0.411190053285968,3409,3666
7206,44536,8951,0.20098347404347044,646.0,138.0,0.21362229102167182,43890.0,8813.0,0.20079744816586922,38499,8493,0.22060313254889738,563.0,137.0,0.2433392539964476,37936.0,8356.0,0.22026571067060313,33923,7900,0.23288034666745275,525.0,131.0,0.24952380952380954,33398.0,7769.0,0.2326187196838134,33923,38499
7207,29,7,0.2413793103448276,4.0,3.0,0.75,25.0,4.0,0.16,25,5,0.2,2.0,1.0,0.5,23.0,4.0,0.17391304347826086,25,5,0.2,2.0,1.0,0.5,23.0,4.0,0.17391304347826086,25,25
7208,8,8,1.0,0.0,0.0,,8.0,8.0,1.0,8,8,1.0,0.0,0.0,,8.0,8.0,1.0,8,8,1.0,0.0,0.0,,8.0,8.0,1.0,40,40
7211,414,66,0.15942028985507245,3.0,0.0,0.0,411.0,66.0,0.16058394160583941,397,65,0.163727959697733,3.0,0.0,0.0,394.0,65.0,0.1649746192893401,388,65,0.16752577319587628,3.0,0.0,0.0,385.0,65.0,0.16883116883116883,389,398
7212,8,2,0.25,0.0,0.0,,8.0,2.0,0.25,8,2,0.25,0.0,0.0,,8.0,2.0,0.25,8,2,0.25,0.0,0.0,,8.0,2.0,0.25,2206,2388
7214,138817,72007,0.518718888896893,2605.0,1242.0,0.4767754318618042,136212.0,70765.0,0.5195210407306258,119516,62874,0.526071823019512,2114.0,1019.0,0.48202459791863767,117402.0,61855.0,0.5268649597110782,95221,52540,0.5517690425431365,1716.0,868.0,0.5058275058275058,93505.0,51672.0,0.552612159777552,108189,140063
7215,55552,0,0.0,790.0,0.0,0.0,54762.0,0.0,0.0,45481,0,0.0,652.0,0.0,0.0,44829.0,0.0,0.0,37859,0,0.0,569.0,0.0,0.0,37290.0,0.0,0.0,37859,45481
7216,639,0,0.0,21.0,0.0,0.0,618.0,0.0,0.0,462,0,0.0,15.0,0.0,0.0,447.0,0.0,0.0,328,0,0.0,13.0,0.0,0.0,315.0,0.0,0.0,328,462
7217,711161,301559,0.42403759486248543,17056.0,7222.0,0.42342870544090055,694105.0,294337.0,0.42405255688980775,188689,86010,0.45582943361828193,4155.0,1996.0,0.4803850782190132,184534.0,84014.0,0.4552765344055838,122298,66650,0.5449802940358796,2573.0,1496.0,0.5814224640497474,119725.0,65154.0,0.5441971183963249,124538,191101
7218,409267,0,0.0,5615.0,0.0,0.0,403652.0,0.0,0.0,132847,0,0.0,1253.0,0.0,0.0,131594.0,0.0,0.0,94477,0,0.0,974.0,0.0,0.0,93503.0,0.0,0.0,94477,132847
7219,3057,1890,0.6182531894013739,50.0,32.0,0.64,3007.0,1858.0,0.6178915862986365,2497,1623,0.6499799759711654,43.0,28.0,0.6511627906976745,2454.0,1595.0,0.649959250203749,2319,1566,0.6752910737386805,37.0,26.0,0.7027027027027027,2282.0,1540.0,0.6748466257668712,2319,2497
7220,6080,765,0.12582236842105263,83.0,9.0,0.10843373493975904,5997.0,756.0,0.12606303151575787,3703,466,0.12584391034296516,55.0,8.0,0.14545454545454545,3648.0,458.0,0.12554824561403508,3524,450,0.12769580022701477,54.0,8.0,0.14814814814814814,3470.0,442.0,0.12737752161383284,3524,3703
7224,754251,271735,0.36027131551698305,19607.0,6597.0,0.33646146784311726,734644.0,265138.0,0.3609067793380195,365894,135072,0.36915609438799213,8995.0,3067.0,0.34096720400222347,356899.0,132005.0,0.3698665448768419,282840,114064,0.4032810069297129,7163.0,2730.0,0.3811252268602541,275677.0,111334.0,0.40385668735512936,310348,404980
7225,96155,12074,0.1255680931828818,1387.0,184.0,0.13266041816870944,94768.0,11890.0,0.12546429174404863,78086,10612,0.13590144199984633,1112.0,152.0,0.1366906474820144,76974.0,10460.0,0.13589004079299505,61497,9370,0.15236515602387107,912.0,143.0,0.15679824561403508,60585.0,9227.0,0.15229842370223654,61497,78086
7232,1,0,0.0,0.0,0.0,,1.0,0.0,0.0,1,0,0.0,0.0,0.0,,1.0,0.0,0.0,1,0,0.0,0.0,0.0,,1.0,0.0,0.0,6,6
7235,3804,1,0.0002628811777076761,168.0,0.0,0.0,3636.0,1.0,0.000275027502750275,3735,1,0.0002677376171352075,161.0,0.0,0.0,3574.0,1.0,0.0002797985450475658,3634,1,0.000275178866263071,161.0,0.0,0.0,3473.0,1.0,0.00028793550244745177,4655,4786
7236,1,0,0.0,0.0,0.0,,1.0,0.0,0.0,1,0,0.0,0.0,0.0,,1.0,0.0,0.0,1,0,0.0,0.0,0.0,,1.0,0.0,0.0,29,29
7238,2,0,0.0,0.0,0.0,,2.0,0.0,0.0,1,0,0.0,0.0,0.0,,1.0,0.0,0.0,1,0,0.0,0.0,0.0,,1.0,0.0,0.0,1,1
7323,18,0,0.0,0.0,0.0,,18.0,0.0,0.0,18,0,0.0,0.0,0.0,,18.0,0.0,0.0,18,0,0.0,0.0,0.0,,18.0,0.0,0.0,18,18
7335,52,2,0.038461538461538464,2.0,0.0,0.0,50.0,2.0,0.04,52,2,0.038461538461538464,2.0,0.0,0.0,50.0,2.0,0.04,52,2,0.038461538461538464,2.0,0.0,0.0,50.0,2.0,0.04,52,52
7337,21,0,0.0,2.0,0.0,0.0,19.0,0.0,0.0,11,0,0.0,1.0,0.0,0.0,10.0,0.0,0.0,11,0,0.0,1.0,0.0,0.0,10.0,0.0,0.0,11,11
7340,58,11,0.1896551724137931,0.0,0.0,,58.0,11.0,0.1896551724137931,58,11,0.1896551724137931,0.0,0.0,,58.0,11.0,0.1896551724137931,54,10,0.18518518518518517,0.0,0.0,,54.0,10.0,0.18518518518518517,54,58
7341,990,88,0.08888888888888889,9.0,0.0,0.0,981.0,88.0,0.08970438328236494,989,88,0.08897876643073811,9.0,0.0,0.0,980.0,88.0,0.08979591836734693,954,83,0.0870020964360587,9.0,0.0,0.0,945.0,83.0,0.08783068783068783,954,989
7346,54,11,0.2037037037037037,0.0,0.0,,54.0,11.0,0.2037037037037037,53,11,0.20754716981132076,0.0,0.0,,53.0,11.0,0.20754716981132076,50,10,0.2,0.0,0.0,,50.0,10.0,0.2,50,53
7349,46,0,0.0,1.0,0.0,0.0,45.0,0.0,0.0,46,0,0.0,1.0,0.0,0.0,45.0,0.0,0.0,46,0,0.0,1.0,0.0,0.0,45.0,0.0,0.0,46,46
7356,14,0,0.0,1.0,0.0,0.0,13.0,0.0,0.0,14,0,0.0,1.0,0.0,0.0,13.0,0.0,0.0,14,0,0.0,1.0,0.0,0.0,13.0,0.0,0.0,14,14
7361,143,56,0.3916083916083916,0.0,0.0,,143.0,56.0,0.3916083916083916,58,36,0.6206896551724138,0.0,0.0,,58.0,36.0,0.6206896551724138,54,32,0.5925925925925926,0.0,0.0,,54.0,32.0,0.5925925925925926,54,58
7362,10,0,0.0,0.0,0.0,,10.0,0.0,0.0,9,0,0.0,0.0,0.0,,9.0,0.0,0.0,8,0,0.0,0.0,0.0,,8.0,0.0,0.0,8,9
7363,990,144,0.14545454545454545,9.0,0.0,0.0,981.0,144.0,0.14678899082568808,989,144,0.14560161779575329,9.0,0.0,0.0,980.0,144.0,0.1469387755102041,954,139,0.14570230607966456,9.0,0.0,0.0,945.0,139.0,0.14708994708994708,954,989
7369,262,0,0.0,13.0,0.0,0.0,249.0,0.0,0.0,261,0,0.0,13.0,0.0,0.0,248.0,0.0,0.0,260,0,0.0,13.0,0.0,0.0,247.0,0.0,0.0,260,261
7370,11,0,0.0,1.0,0.0,0.0,10.0,0.0,0.0,11,0,0.0,1.0,0.0,0.0,10.0,0.0,0.0,11,0,0.0,1.0,0.0,0.0,10.0,0.0,0.0,11,11
7380,47,0,0.0,1.0,0.0,0.0,46.0,0.0,0.0,47,0,0.0,1.0,0.0,0.0,46.0,0.0,0.0,47,0,0.0,1.0,0.0,0.0,46.0,0.0,0.0,47,47
7383,2828,439,0.15523338048090524,66.0,11.0,0.16666666666666666,2762.0,428.0,0.1549601737871108,2790,436,0.15627240143369175,65.0,11.0,0.16923076923076924,2725.0,425.0,0.1559633027522936,2708,417,0.15398818316100443,65.0,11.0,0.16923076923076924,2643.0,406.0,0.15361331819901627,2708,2790
7387,10,0,0.0,0.0,0.0,,10.0,0.0,0.0,10,0,0.0,0.0,0.0,,10.0,0.0,0.0,10,0,0.0,0.0,0.0,,10.0,0.0,0.0,693,702
7388,422,49,0.11611374407582939,16.0,0.0,0.0,406.0,49.0,0.1206896551724138,405,49,0.12098765432098765,16.0,0.0,0.0,389.0,49.0,0.12596401028277635,403,49,0.12158808933002481,16.0,0.0,0.0,387.0,49.0,0.12661498708010335,403,405
7391,5,0,0.0,0.0,0.0,,5.0,0.0,0.0,5,0,0.0,0.0,0.0,,5.0,0.0,0.0,5,0,0.0,0.0,0.0,,5.0,0.0,0.0,2789,2859
7399,20,0,0.0,0.0,0.0,,20.0,0.0,0.0,20,0,0.0,0.0,0.0,,20.0,0.0,0.0,20,0,0.0,0.0,0.0,,20.0,0.0,0.0,20,20
7400,1,0,0.0,0.0,0.0,,1.0,0.0,0.0,1,0,0.0,0.0,0.0,,1.0,0.0,0.0,1,0,0.0,0.0,0.0,,1.0,0.0,0.0,1,1
7402,67,9,0.13432835820895522,2.0,1.0,0.5,65.0,8.0,0.12307692307692308,63,9,0.14285714285714285,2.0,1.0,0.5,61.0,8.0,0.13114754098360656,63,9,0.14285714285714285,2.0,1.0,0.5,61.0,8.0,0.13114754098360656,63,63
7407,177,0,0.0,5.0,0.0,0.0,172.0,0.0,0.0,173,0,0.0,5.0,0.0,0.0,168.0,0.0,0.0,173,0,0.0,5.0,0.0,0.0,168.0,0.0,0.0,486,488
7409,508,9,0.017716535433070866,14.0,0.0,0.0,494.0,9.0,0.018218623481781375,504,8,0.015873015873015872,14.0,0.0,0.0,490.0,8.0,0.0163265306122449,501,8,0.015968063872255488,14.0,0.0,0.0,487.0,8.0,0.01642710472279261,501,504
7411,69,0,0.0,1.0,0.0,0.0,68.0,0.0,0.0,63,0,0.0,1.0,0.0,0.0,62.0,0.0,0.0,63,0,0.0,1.0,0.0,0.0,62.0,0.0,0.0,63,63
7413,2,1,0.5,0.0,0.0,,2.0,1.0,0.5,2,1,0.5,0.0,0.0,,2.0,1.0,0.5,2,1,0.5,0.0,0.0,,2.0,1.0,0.5,3,3
7422,20,0,0.0,0.0,0.0,,20.0,0.0,0.0,20,0,0.0,0.0,0.0,,20.0,0.0,0.0,19,0,0.0,0.0,0.0,,19.0,0.0,0.0,19,20
7423,64,19,0.296875,0.0,0.0,,64.0,19.0,0.296875,64,19,0.296875,0.0,0.0,,64.0,19.0,0.296875,61,17,0.2786885245901639,0.0,0.0,,61.0,17.0,0.2786885245901639,61,64
7429,74,4,0.05405405405405406,0.0,0.0,,74.0,4.0,0.05405405405405406,74,4,0.05405405405405406,0.0,0.0,,74.0,4.0,0.05405405405405406,70,4,0.05714285714285714,0.0,0.0,,70.0,4.0,0.05714285714285714,70,74
7430,8,0,0.0,0.0,0.0,,8.0,0.0,0.0,8,0,0.0,0.0,0.0,,8.0,0.0,0.0,8,0,0.0,0.0,0.0,,8.0,0.0,0.0,8,8
7434,53,0,0.0,2.0,0.0,0.0,51.0,0.0,0.0,53,0,0.0,2.0,0.0,0.0,51.0,0.0,0.0,53,0,0.0,2.0,0.0,0.0,51.0,0.0,0.0,53,53
7440,11,0,0.0,0.0,0.0,,11.0,0.0,0.0,11,0,0.0,0.0,0.0,,11.0,0.0,0.0,11,0,0.0,0.0,0.0,,11.0,0.0,0.0,11,11
7442,9,1,0.1111111111111111,0.0,0.0,,9.0,1.0,0.1111111111111111,9,1,0.1111111111111111,0.0,0.0,,9.0,1.0,0.1111111111111111,9,1,0.1111111111111111,0.0,0.0,,9.0,1.0,0.1111111111111111,9,9
7444,88,3,0.03409090909090909,0.0,0.0,,88.0,3.0,0.03409090909090909,88,3,0.03409090909090909,0.0,0.0,,88.0,3.0,0.03409090909090909,84,3,0.03571428571428571,0.0,0.0,,84.0,3.0,0.03571428571428571,254,282
7445,88,3,0.03409090909090909,0.0,0.0,,88.0,3.0,0.03409090909090909,88,3,0.03409090909090909,0.0,0.0,,88.0,3.0,0.03409090909090909,84,3,0.03571428571428571,0.0,0.0,,84.0,3.0,0.03571428571428571,84,88
7447,68,3,0.04411764705882353,0.0,0.0,,68.0,3.0,0.04411764705882353,68,3,0.04411764705882353,0.0,0.0,,68.0,3.0,0.04411764705882353,65,3,0.046153846153846156,0.0,0.0,,65.0,3.0,0.046153846153846156,185,205
7450,74,3,0.04054054054054054,0.0,0.0,,74.0,3.0,0.04054054054054054,74,3,0.04054054054054054,0.0,0.0,,74.0,3.0,0.04054054054054054,70,3,0.04285714285714286,0.0,0.0,,70.0,3.0,0.04285714285714286,70,74
7452,68,2,0.029411764705882353,0.0,0.0,,68.0,2.0,0.029411764705882353,68,2,0.029411764705882353,0.0,0.0,,68.0,2.0,0.029411764705882353,65,2,0.03076923076923077,0.0,0.0,,65.0,2.0,0.03076923076923077,185,205
7455,16,1,0.0625,0.0,0.0,,16.0,1.0,0.0625,16,1,0.0625,0.0,0.0,,16.0,1.0,0.0625,16,1,0.0625,0.0,0.0,,16.0,1.0,0.0625,16,16
7456,88,4,0.045454545454545456,0.0,0.0,,88.0,4.0,0.045454545454545456,88,4,0.045454545454545456,0.0,0.0,,88.0,4.0,0.045454545454545456,84,4,0.047619047619047616,0.0,0.0,,84.0,4.0,0.047619047619047616,254,282
7457,68,3,0.04411764705882353,0.0,0.0,,68.0,3.0,0.04411764705882353,68,3,0.04411764705882353,0.0,0.0,,68.0,3.0,0.04411764705882353,65,3,0.046153846153846156,0.0,0.0,,65.0,3.0,0.046153846153846156,185,205
7459,77,3,0.03896103896103896,0.0,0.0,,77.0,3.0,0.03896103896103896,77,3,0.03896103896103896,0.0,0.0,,77.0,3.0,0.03896103896103896,74,3,0.04054054054054054,0.0,0.0,,74.0,3.0,0.04054054054054054,194,214
7466,78,3,0.038461538461538464,0.0,0.0,,78.0,3.0,0.038461538461538464,78,3,0.038461538461538464,0.0,0.0,,78.0,3.0,0.038461538461538464,74,3,0.04054054054054054,0.0,0.0,,74.0,3.0,0.04054054054054054,244,272
7467,9,1,0.1111111111111111,0.0,0.0,,9.0,1.0,0.1111111111111111,9,1,0.1111111111111111,0.0,0.0,,9.0,1.0,0.1111111111111111,9,1,0.1111111111111111,0.0,0.0,,9.0,1.0,0.1111111111111111,9,9
7470,68,2,0.029411764705882353,0.0,0.0,,68.0,2.0,0.029411764705882353,68,2,0.029411764705882353,0.0,0.0,,68.0,2.0,0.029411764705882353,65,2,0.03076923076923077,0.0,0.0,,65.0,2.0,0.03076923076923077,185,205
7480,88,3,0.03409090909090909,0.0,0.0,,88.0,3.0,0.03409090909090909,88,3,0.03409090909090909,0.0,0.0,,88.0,3.0,0.03409090909090909,84,3,0.03571428571428571,0.0,0.0,,84.0,3.0,0.03571428571428571,254,282
7483,5,3,0.6,0.0,0.0,,5.0,3.0,0.6,5,3,0.6,0.0,0.0,,5.0,3.0,0.6,5,3,0.6,0.0,0.0,,5.0,3.0,0.6,5,5
7506,801,5,0.006242197253433208,12.0,0.0,0.0,789.0,5.0,0.0063371356147021544,800,5,0.00625,12.0,0.0,0.0,788.0,5.0,0.006345177664974619,706,5,0.007082152974504249,10.0,0.0,0.0,696.0,5.0,0.007183908045977011,706,800
7510,18,0,0.0,0.0,0.0,,18.0,0.0,0.0,18,0,0.0,0.0,0.0,,18.0,0.0,0.0,18,0,0.0,0.0,0.0,,18.0,0.0,0.0,18,18
7511,1,0,0.0,0.0,0.0,,1.0,0.0,0.0,1,0,0.0,0.0,0.0,,1.0,0.0,0.0,1,0,0.0,0.0,0.0,,1.0,0.0,0.0,1,1
7512,100,28,0.28,0.0,0.0,,100.0,28.0,0.28,100,28,0.28,0.0,0.0,,100.0,28.0,0.28,100,28,0.28,0.0,0.0,,100.0,28.0,0.28,100,100
7522,17,3,0.17647058823529413,0.0,0.0,,17.0,3.0,0.17647058823529413,17,3,0.17647058823529413,0.0,0.0,,17.0,3.0,0.17647058823529413,17,3,0.17647058823529413,0.0,0.0,,17.0,3.0,0.17647058823529413,17,17
7523,395,5,0.012658227848101266,7.0,0.0,0.0,388.0,5.0,0.01288659793814433,382,4,0.010471204188481676,7.0,0.0,0.0,375.0,4.0,0.010666666666666666,376,4,0.010638297872340425,7.0,0.0,0.0,369.0,4.0,0.01084010840108401,376,382
7525,604,438,0.7251655629139073,8.0,4.0,0.5,596.0,434.0,0.7281879194630873,568,421,0.7411971830985915,7.0,4.0,0.5714285714285714,561.0,417.0,0.7433155080213903,537,396,0.7374301675977654,7.0,4.0,0.5714285714285714,530.0,392.0,0.7396226415094339,571,603
7529,3749,65,0.017337956788476928,23.0,2.0,0.08695652173913043,3726.0,63.0,0.016908212560386472,3617,56,0.015482444014376555,23.0,2.0,0.08695652173913043,3594.0,54.0,0.015025041736227046,3532,56,0.015855039637599093,23.0,2.0,0.08695652173913043,3509.0,54.0,0.015388999715018524,26338,28488
7536,169,109,0.6449704142011834,3.0,2.0,0.6666666666666666,166.0,107.0,0.6445783132530121,165,107,0.6484848484848484,3.0,2.0,0.6666666666666666,162.0,105.0,0.6481481481481481,147,94,0.6394557823129252,3.0,2.0,0.6666666666666666,144.0,92.0,0.6388888888888888,147,165
7541,6,5,0.8333333333333334,0.0,0.0,,6.0,5.0,0.8333333333333334,5,4,0.8,0.0,0.0,,5.0,4.0,0.8,5,4,0.8,0.0,0.0,,5.0,4.0,0.8,5,5
7605,1,0,0.0,0.0,0.0,,1.0,0.0,0.0,1,0,0.0,0.0,0.0,,1.0,0.0,0.0,1,0,0.0,0.0,0.0,,1.0,0.0,0.0,1,1
7637,7,0,0.0,0.0,0.0,,7.0,0.0,0.0,7,0,0.0,0.0,0.0,,7.0,0.0,0.0,7,0,0.0,0.0,0.0,,7.0,0.0,0.0,39,39
7653,1,0,0.0,0.0,0.0,,1.0,0.0,0.0,1,0,0.0,0.0,0.0,,1.0,0.0,0.0,1,0,0.0,0.0,0.0,,1.0,0.0,0.0,90,90
7657,5,0,0.0,0.0,0.0,,5.0,0.0,0.0,5,0,0.0,0.0,0.0,,5.0,0.0,0.0,5,0,0.0,0.0,0.0,,5.0,0.0,0.0,5,5
7675,11,0,0.0,0.0,0.0,,11.0,0.0,0.0,10,0,0.0,0.0,0.0,,10.0,0.0,0.0,10,0,0.0,0.0,0.0,,10.0,0.0,0.0,10,10
7682,9,0,0.0,0.0,0.0,,9.0,0.0,0.0,9,0,0.0,0.0,0.0,,9.0,0.0,0.0,9,0,0.0,0.0,0.0,,9.0,0.0,0.0,9,9
7684,559,555,0.9928443649373881,22.0,22.0,1.0,537.0,533.0,0.9925512104283054,50,50,1.0,3.0,3.0,1.0,47.0,47.0,1.0,50,50,1.0,3.0,3.0,1.0,47.0,47.0,1.0,302,302
7691,3,0,0.0,0.0,0.0,,3.0,0.0,0.0,3,0,0.0,0.0,0.0,,3.0,0.0,0.0,3,0,0.0,0.0,0.0,,3.0,0.0,0.0,3,3
7707,205,191,0.9317073170731708,6.0,6.0,1.0,199.0,185.0,0.9296482412060302,141,129,0.9148936170212766,3.0,3.0,1.0,138.0,126.0,0.9130434782608695,138,126,0.9130434782608695,3.0,3.0,1.0,135.0,123.0,0.9111111111111111,138,141
7709,56144,16280,0.28996865203761757,2924.0,1822.0,0.6231190150478796,53220.0,14458.0,0.27166478767380686,50065,15092,0.3014481174473185,2619.0,1707.0,0.6517754868270332,47446.0,13385.0,0.2821101884247355,40373,12698,0.3145171277834196,2202.0,1469.0,0.6671207992733879,38171.0,11229.0,0.29417620706819314,40381,50076
7711,9,0,0.0,0.0,0.0,,9.0,0.0,0.0,9,0,0.0,0.0,0.0,,9.0,0.0,0.0,9,0,0.0,0.0,0.0,,9.0,0.0,0.0,9,9
7712,23,14,0.6086956521739131,0.0,0.0,,23.0,14.0,0.6086956521739131,14,9,0.6428571428571429,0.0,0.0,,14.0,9.0,0.6428571428571429,14,9,0.6428571428571429,0.0,0.0,,14.0,9.0,0.6428571428571429,14,14
7717,229,167,0.7292576419213974,0.0,0.0,,229.0,167.0,0.7292576419213974,176,132,0.75,0.0,0.0,,176.0,132.0,0.75,168,128,0.7619047619047619,0.0,0.0,,168.0,128.0,0.7619047619047619,222,231
7718,80270,26359,0.32837922013205434,4731.0,2142.0,0.4527584020291693,75539.0,24217.0,0.3205893644342657,10841,4479,0.41315376810257354,253.0,140.0,0.5533596837944664,10588.0,4339.0,0.4098035511900264,10502,4403,0.41925347552847075,248.0,138.0,0.5564516129032258,10254.0,4265.0,0.4159352447825239,10505,10844
7719,5216,174,0.033358895705521474,26.0,0.0,0.0,5190.0,174.0,0.03352601156069364,5102,172,0.03371226969815758,26.0,0.0,0.0,5076.0,172.0,0.0338849487785658,5027,172,0.03421523771633181,26.0,0.0,0.0,5001.0,172.0,0.03439312137572485,5027,5102
7720,21740,15348,0.7059797608095676,3221.0,2604.0,0.8084445824278175,18519.0,12744.0,0.6881581078891948,2801,2039,0.7279543020349875,100.0,68.0,0.68,2701.0,1971.0,0.7297297297297297,2678,1969,0.7352501867064973,98.0,66.0,0.673469387755102,2580.0,1903.0,0.7375968992248062,2680,2804
7721,2265,954,0.42119205298013246,2.0,2.0,1.0,2263.0,952.0,0.4206805125939019,518,274,0.528957528957529,2.0,2.0,1.0,516.0,272.0,0.5271317829457365,511,270,0.5283757338551859,2.0,2.0,1.0,509.0,268.0,0.5265225933202358,511,518
7722,296,16,0.05405405405405406,2.0,0.0,0.0,294.0,16.0,0.05442176870748299,277,1,0.0036101083032490976,2.0,0.0,0.0,275.0,1.0,0.0036363636363636364,275,1,0.0036363636363636364,2.0,0.0,0.0,273.0,1.0,0.003663003663003663,275,277
7723,30,15,0.5,0.0,0.0,,30.0,15.0,0.5,30,15,0.5,0.0,0.0,,30.0,15.0,0.5,29,14,0.4827586206896552,0.0,0.0,,29.0,14.0,0.4827586206896552,44,45
7724,5235,2362,0.4511938872970392,59.0,22.0,0.3728813559322034,5176.0,2340.0,0.4520865533230294,1999,975,0.48774387193596797,18.0,10.0,0.5555555555555556,1981.0,965.0,0.4871277132761232,1927,961,0.4987026466009341,18.0,10.0,0.5555555555555556,1909.0,951.0,0.49816657936092196,3403,3724
7725,144706,1698,0.011734136801514795,3413.0,62.0,0.018165836507471434,141293.0,1636.0,0.011578776018627958,119853,1319,0.01100514797293351,2691.0,45.0,0.016722408026755852,117162.0,1274.0,0.010873832812686708,90966,1280,0.014071191434162215,1967.0,43.0,0.021860701576004067,88999.0,1237.0,0.013899032573399701,91041,120000
7726,377,0,0.0,1.0,0.0,0.0,376.0,0.0,0.0,374,0,0.0,1.0,0.0,0.0,373.0,0.0,0.0,374,0,0.0,1.0,0.0,0.0,373.0,0.0,0.0,621,621
7727,29692,495,0.016671157214064394,907.0,24.0,0.026460859977949284,28785.0,471.0,0.016362688900468995,29248,491,0.016787472647702407,876.0,24.0,0.0273972602739726,28372.0,467.0,0.016459890032426337,26237,433,0.01650341121317224,757.0,20.0,0.026420079260237782,25480.0,413.0,0.01620879120879121,43433,47895
7728,7256,187,0.02577177508269019,430.0,19.0,0.044186046511627906,6826.0,168.0,0.024611778493993555,5944,155,0.02607671601615074,353.0,15.0,0.042492917847025496,5591.0,140.0,0.025040243248077267,5285,135,0.02554399243140965,320.0,13.0,0.040625,4965.0,122.0,0.024572004028197383,6733,7579
7729,3652,1051,0.28778751369112815,123.0,24.0,0.1951219512195122,3529.0,1027.0,0.2910172853499575,1001,416,0.4155844155844156,20.0,9.0,0.45,981.0,407.0,0.4148827726809378,815,368,0.45153374233128835,20.0,9.0,0.45,795.0,359.0,0.45157232704402517,837,1026
7732,307,95,0.30944625407166126,0.0,0.0,,307.0,95.0,0.30944625407166126,221,81,0.3665158371040724,0.0,0.0,,221.0,81.0,0.3665158371040724,206,76,0.36893203883495146,0.0,0.0,,206.0,76.0,0.36893203883495146,347,380
7733,14,6,0.42857142857142855,0.0,0.0,,14.0,6.0,0.42857142857142855,11,6,0.5454545454545454,0.0,0.0,,11.0,6.0,0.5454545454545454,5,4,0.8,0.0,0.0,,5.0,4.0,0.8,5,11
7735,64,0,0.0,2.0,0.0,0.0,62.0,0.0,0.0,60,0,0.0,1.0,0.0,0.0,59.0,0.0,0.0,55,0,0.0,1.0,0.0,0.0,54.0,0.0,0.0,59,65
7737,1,0,0.0,0.0,0.0,,1.0,0.0,0.0,1,0,0.0,0.0,0.0,,1.0,0.0,0.0,1,0,0.0,0.0,0.0,,1.0,0.0,0.0,1,1
7738,473,4,0.008456659619450317,3.0,0.0,0.0,470.0,4.0,0.00851063829787234,460,4,0.008695652173913044,3.0,0.0,0.0,457.0,4.0,0.0087527352297593,459,4,0.008714596949891068,3.0,0.0,0.0,456.0,4.0,0.008771929824561403,632,634
7739,510,37,0.07254901960784314,3.0,0.0,0.0,507.0,37.0,0.07297830374753451,465,34,0.07311827956989247,3.0,0.0,0.0,462.0,34.0,0.0735930735930736,464,34,0.07327586206896551,3.0,0.0,0.0,461.0,34.0,0.0737527114967462,464,465
7741,125,5,0.04,1.0,0.0,0.0,124.0,5.0,0.04032258064516129,122,5,0.040983606557377046,1.0,0.0,0.0,121.0,5.0,0.04132231404958678,122,5,0.040983606557377046,1.0,0.0,0.0,121.0,5.0,0.04132231404958678,122,122
7742,10,1,0.1,1.0,0.0,0.0,9.0,1.0,0.1111111111111111,10,1,0.1,1.0,0.0,0.0,9.0,1.0,0.1111111111111111,10,1,0.1,1.0,0.0,0.0,9.0,1.0,0.1111111111111111,183,184
7743,381,23,0.06036745406824147,2.0,0.0,0.0,379.0,23.0,0.06068601583113457,339,22,0.06489675516224189,2.0,0.0,0.0,337.0,22.0,0.06528189910979229,338,22,0.0650887573964497,2.0,0.0,0.0,336.0,22.0,0.06547619047619048,338,339
7745,4,0,0.0,0.0,0.0,,4.0,0.0,0.0,4,0,0.0,0.0,0.0,,4.0,0.0,0.0,4,0,0.0,0.0,0.0,,4.0,0.0,0.0,4,4
7746,212056,9197,0.04337061908175199,849.0,115.0,0.1354534746760895,211207.0,9082.0,0.043000468734464295,99703,6452,0.06471219521980281,486.0,75.0,0.15432098765432098,99217.0,6377.0,0.06427325962284688,68273,5977,0.08754558903226752,359.0,60.0,0.1671309192200557,67914.0,5917.0,0.08712489324734222,69624,101092
7747,957,0,0.0,3.0,0.0,0.0,954.0,0.0,0.0,410,0,0.0,3.0,0.0,0.0,407.0,0.0,0.0,365,0,0.0,2.0,0.0,0.0,363.0,0.0,0.0,365,410
7752,432201,99950,0.23125814146658616,9912.0,3119.0,0.3146690879741727,422289.0,96831.0,0.22930031329255557,131569,27063,0.20569435049289728,1926.0,618.0,0.32087227414330216,129643.0,26445.0,0.2039832462994531,90973,21352,0.23470700097831224,1384.0,510.0,0.3684971098265896,89589.0,20842.0,0.23264016787775285,90973,131570
7755,2942,0,0.0,50.0,0.0,0.0,2892.0,0.0,0.0,2421,0,0.0,43.0,0.0,0.0,2378.0,0.0,0.0,2254,0,0.0,37.0,0.0,0.0,2217.0,0.0,0.0,2257,2425
7756,2912,0,0.0,43.0,0.0,0.0,2869.0,0.0,0.0,1490,0,0.0,24.0,0.0,0.0,1466.0,0.0,0.0,1443,0,0.0,24.0,0.0,0.0,1419.0,0.0,0.0,1469,1519
7758,12209,6381,0.522647227455156,188.0,81.0,0.4308510638297872,12021.0,6300.0,0.5240828550037434,5746,3200,0.556909154194222,100.0,50.0,0.5,5646.0,3150.0,0.5579171094580234,5258,2998,0.5701787751996957,94.0,49.0,0.5212765957446809,5164.0,2949.0,0.5710689388071263,5258,5746
7760,29,17,0.5862068965517241,0.0,0.0,,29.0,17.0,0.5862068965517241,29,17,0.5862068965517241,0.0,0.0,,29.0,17.0,0.5862068965517241,25,13,0.52,0.0,0.0,,25.0,13.0,0.52,25,29
7761,948,125,0.13185654008438819,16.0,7.0,0.4375,932.0,118.0,0.12660944206008584,877,103,0.11744583808437856,15.0,6.0,0.4,862.0,97.0,0.11252900232018562,844,102,0.12085308056872038,14.0,6.0,0.42857142857142855,830.0,96.0,0.11566265060240964,844,877
7762,305,63,0.20655737704918034,1.0,0.0,0.0,304.0,63.0,0.20723684210526316,267,57,0.21348314606741572,1.0,0.0,0.0,266.0,57.0,0.21428571428571427,254,57,0.22440944881889763,1.0,0.0,0.0,253.0,57.0,0.22529644268774704,385,417
7765,20929,0,0.0,349.0,0.0,0.0,20580.0,0.0,0.0,14587,0,0.0,253.0,0.0,0.0,14334.0,0.0,0.0,12804,0,0.0,226.0,0.0,0.0,12578.0,0.0,0.0,14572,16509
7766,2066,0,0.0,41.0,0.0,0.0,2025.0,0.0,0.0,2034,0,0.0,41.0,0.0,0.0,1993.0,0.0,0.0,1901,0,0.0,39.0,0.0,0.0,1862.0,0.0,0.0,1901,2034
7768,14489,0,0.0,663.0,0.0,0.0,13826.0,0.0,0.0,14191,0,0.0,614.0,0.0,0.0,13577.0,0.0,0.0,12709,0,0.0,533.0,0.0,0.0,12176.0,0.0,0.0,28715,31440
7772,2422,2075,0.856729975227085,14.0,9.0,0.6428571428571429,2408.0,2066.0,0.8579734219269103,2082,1778,0.8539865513928915,13.0,9.0,0.6923076923076923,2069.0,1769.0,0.8550024166263895,1913,1636,0.8552012545739676,13.0,9.0,0.6923076923076923,1900.0,1627.0,0.8563157894736843,1921,2092
7774,150,32,0.21333333333333335,0.0,0.0,,150.0,32.0,0.21333333333333335,146,32,0.2191780821917808,0.0,0.0,,146.0,32.0,0.2191780821917808,142,32,0.22535211267605634,0.0,0.0,,142.0,32.0,0.22535211267605634,142,146
7775,23,3,0.13043478260869565,0.0,0.0,,23.0,3.0,0.13043478260869565,20,3,0.15,0.0,0.0,,20.0,3.0,0.15,20,3,0.15,0.0,0.0,,20.0,3.0,0.15,20,20
7779,176,1,0.005681818181818182,2.0,0.0,0.0,174.0,1.0,0.005747126436781609,135,1,0.007407407407407408,1.0,0.0,0.0,134.0,1.0,0.007462686567164179,133,1,0.007518796992481203,1.0,0.0,0.0,132.0,1.0,0.007575757575757576,133,135
7780,11,0,0.0,0.0,0.0,,11.0,0.0,0.0,10,0,0.0,0.0,0.0,,10.0,0.0,0.0,10,0,0.0,0.0,0.0,,10.0,0.0,0.0,52,52
7782,542,0,0.0,8.0,0.0,0.0,534.0,0.0,0.0,516,0,0.0,7.0,0.0,0.0,509.0,0.0,0.0,506,0,0.0,7.0,0.0,0.0,499.0,0.0,0.0,535,545
7783,14,0,0.0,0.0,0.0,,14.0,0.0,0.0,10,0,0.0,0.0,0.0,,10.0,0.0,0.0,10,0,0.0,0.0,0.0,,10.0,0.0,0.0,10,10
7784,71,17,0.23943661971830985,0.0,0.0,,71.0,17.0,0.23943661971830985,68,15,0.22058823529411764,0.0,0.0,,68.0,15.0,0.22058823529411764,66,14,0.21212121212121213,0.0,0.0,,66.0,14.0,0.21212121212121213,66,68
7786,188,22,0.11702127659574468,2.0,0.0,0.0,186.0,22.0,0.11827956989247312,183,20,0.1092896174863388,2.0,0.0,0.0,181.0,20.0,0.11049723756906077,180,18,0.1,2.0,0.0,0.0,178.0,18.0,0.10112359550561797,180,183
7787,41807,4022,0.0962039849785921,396.0,6.0,0.015151515151515152,41411.0,4016.0,0.09697906353384367,39504,3572,0.0904212231672742,313.0,4.0,0.012779552715654952,39191.0,3568.0,0.09104131050496288,33702,3295,0.09776867841671118,277.0,3.0,0.010830324909747292,33425.0,3292.0,0.09848915482423336,33702,39504
7789,1496,361,0.24131016042780748,28.0,5.0,0.17857142857142858,1468.0,356.0,0.24250681198910082,1035,266,0.2570048309178744,14.0,3.0,0.21428571428571427,1021.0,263.0,0.257590597453477,1020,261,0.25588235294117645,14.0,3.0,0.21428571428571427,1006.0,258.0,0.25646123260437376,1039,1054
7790,3,0,0.0,0.0,0.0,,3.0,0.0,0.0,3,0,0.0,0.0,0.0,,3.0,0.0,0.0,3,0,0.0,0.0,0.0,,3.0,0.0,0.0,3,3
7791,22,2,0.09090909090909091,0.0,0.0,,22.0,2.0,0.09090909090909091,20,2,0.1,0.0,0.0,,20.0,2.0,0.1,20,2,0.1,0.0,0.0,,20.0,2.0,0.1,20,20
7792,9,0,0.0,0.0,0.0,,9.0,0.0,0.0,9,0,0.0,0.0,0.0,,9.0,0.0,0.0,9,0,0.0,0.0,0.0,,9.0,0.0,0.0,9,9
7793,12338,1591,0.12895120765115903,126.0,7.0,0.05555555555555555,12212.0,1584.0,0.12970848345889288,11265,1445,0.12827341322680869,118.0,7.0,0.059322033898305086,11147.0,1438.0,0.1290033192787297,10176,1311,0.12883254716981132,114.0,7.0,0.06140350877192982,10062.0,1304.0,0.12959650168952494,10298,11404
7794,70,5,0.07142857142857142,1.0,0.0,0.0,69.0,5.0,0.07246376811594203,70,5,0.07142857142857142,1.0,0.0,0.0,69.0,5.0,0.07246376811594203,70,5,0.07142857142857142,1.0,0.0,0.0,69.0,5.0,0.07246376811594203,70,70
7795,2817,277,0.09833155839545615,41.0,2.0,0.04878048780487805,2776.0,275.0,0.09906340057636888,2727,264,0.0968096809680968,40.0,2.0,0.05,2687.0,262.0,0.09750651283959806,2686,255,0.0949367088607595,40.0,2.0,0.05,2646.0,253.0,0.09561602418745276,2715,2757
7796,2089,0,0.0,92.0,0.0,0.0,1997.0,0.0,0.0,476,0,0.0,5.0,0.0,0.0,471.0,0.0,0.0,473,0,0.0,5.0,0.0,0.0,468.0,0.0,0.0,473,476
7797,570786,296669,0.519755214738974,10807.0,5572.0,0.5155917460904968,559979.0,291097.0,0.5198355652622688,245174,89488,0.3649979198446817,4175.0,1580.0,0.3784431137724551,240999.0,87908.0,0.36476499902489223,187961,69932,0.3720559052143796,3179.0,1272.0,0.4001258257313621,184782.0,68660.0,0.3715729887110216,188069,245297
7798,23,16,0.6956521739130435,0.0,0.0,,23.0,16.0,0.6956521739130435,10,3,0.3,0.0,0.0,,10.0,3.0,0.3,10,3,0.3,0.0,0.0,,10.0,3.0,0.3,10,10
7800,202,80,0.39603960396039606,1.0,0.0,0.0,201.0,80.0,0.39800995024875624,198,79,0.398989898989899,1.0,0.0,0.0,197.0,79.0,0.4010152284263959,195,77,0.39487179487179486,1.0,0.0,0.0,194.0,77.0,0.39690721649484534,195,198
7802,133,9,0.06766917293233082,1.0,0.0,0.0,132.0,9.0,0.06818181818181818,115,8,0.06956521739130435,1.0,0.0,0.0,114.0,8.0,0.07017543859649122,114,8,0.07017543859649122,1.0,0.0,0.0,113.0,8.0,0.07079646017699115,150,152
7804,419,10,0.02386634844868735,7.0,0.0,0.0,412.0,10.0,0.024271844660194174,393,9,0.022900763358778626,7.0,0.0,0.0,386.0,9.0,0.023316062176165803,381,9,0.023622047244094488,7.0,0.0,0.0,374.0,9.0,0.02406417112299465,545,557
7806,13648,7573,0.5548798358733881,467.0,385.0,0.8244111349036403,13181.0,7188.0,0.5453303998179198,8361,4160,0.49754814017462023,203.0,171.0,0.8423645320197044,8158.0,3989.0,0.4889678842853641,5796,2855,0.49258109040717735,122.0,105.0,0.860655737704918,5674.0,2750.0,0.4846669016566796,7445,10110
7807,157,137,0.8726114649681529,0.0,0.0,,157.0,137.0,0.8726114649681529,157,137,0.8726114649681529,0.0,0.0,,157.0,137.0,0.8726114649681529,100,84,0.84,0.0,0.0,,100.0,84.0,0.84,100,157
7811,781,89,0.11395646606914213,24.0,4.0,0.16666666666666666,757.0,85.0,0.11228533685601057,399,45,0.11278195488721804,10.0,1.0,0.1,389.0,44.0,0.11311053984575835,392,45,0.11479591836734694,10.0,1.0,0.1,382.0,44.0,0.11518324607329843,1357,1384
7812,413,50,0.12106537530266344,3.0,1.0,0.3333333333333333,410.0,49.0,0.11951219512195121,411,50,0.12165450121654502,3.0,1.0,0.3333333333333333,408.0,49.0,0.12009803921568628,411,50,0.12165450121654502,3.0,1.0,0.3333333333333333,408.0,49.0,0.12009803921568628,452,452
7813,419,28,0.06682577565632458,4.0,1.0,0.25,415.0,27.0,0.06506024096385542,402,26,0.06467661691542288,4.0,1.0,0.25,398.0,25.0,0.06281407035175879,398,25,0.06281407035175879,4.0,1.0,0.25,394.0,24.0,0.06091370558375635,631,641
7815,490,21,0.04285714285714286,1.0,0.0,0.0,489.0,21.0,0.04294478527607362,481,21,0.04365904365904366,1.0,0.0,0.0,480.0,21.0,0.04375,476,21,0.04411764705882353,1.0,0.0,0.0,475.0,21.0,0.04421052631578947,478,483
7816,370,0,0.0,1.0,0.0,0.0,369.0,0.0,0.0,362,0,0.0,1.0,0.0,0.0,361.0,0.0,0.0,360,0,0.0,1.0,0.0,0.0,359.0,0.0,0.0,360,362
7818,32,0,0.0,0.0,0.0,,32.0,0.0,0.0,29,0,0.0,0.0,0.0,,29.0,0.0,0.0,29,0,0.0,0.0,0.0,,29.0,0.0,0.0,29,29
7820,163,0,0.0,2.0,0.0,0.0,161.0,0.0,0.0,162,0,0.0,2.0,0.0,0.0,160.0,0.0,0.0,161,0,0.0,2.0,0.0,0.0,159.0,0.0,0.0,174,175
7821,469,2,0.0042643923240938165,4.0,0.0,0.0,465.0,2.0,0.004301075268817204,452,2,0.004424778761061947,4.0,0.0,0.0,448.0,2.0,0.004464285714285714,448,2,0.004464285714285714,4.0,0.0,0.0,444.0,2.0,0.0045045045045045045,619,624
7822,305,51,0.16721311475409836,1.0,0.0,0.0,304.0,51.0,0.16776315789473684,263,46,0.17490494296577946,1.0,0.0,0.0,262.0,46.0,0.17557251908396945,249,45,0.18072289156626506,1.0,0.0,0.0,248.0,45.0,0.1814516129032258,382,415
7823,1492,583,0.39075067024128685,13.0,1.0,0.07692307692307693,1479.0,582.0,0.3935091277890467,1256,532,0.42356687898089174,8.0,1.0,0.125,1248.0,531.0,0.4254807692307692,1174,498,0.424190800681431,8.0,1.0,0.125,1166.0,497.0,0.4262435677530017,1296,1385
7824,4093,1253,0.3061324212069387,18.0,7.0,0.3888888888888889,4075.0,1246.0,0.30576687116564416,1425,469,0.3291228070175439,4.0,2.0,0.5,1421.0,467.0,0.3286418015482055,806,346,0.4292803970223325,3.0,2.0,0.6666666666666666,803.0,344.0,0.42839352428393523,833,1473
7826,626,69,0.11022364217252396,6.0,0.0,0.0,620.0,69.0,0.11129032258064517,623,69,0.11075441412520064,6.0,0.0,0.0,617.0,69.0,0.11183144246353323,622,69,0.11093247588424437,6.0,0.0,0.0,616.0,69.0,0.11201298701298701,667,669
7828,541,34,0.06284658040665435,9.0,2.0,0.2222222222222222,532.0,32.0,0.06015037593984962,522,31,0.05938697318007663,9.0,2.0,0.2222222222222222,513.0,29.0,0.056530214424951264,517,29,0.05609284332688588,9.0,2.0,0.2222222222222222,508.0,27.0,0.0531496062992126,615,620
7830,676,73,0.10798816568047337,7.0,0.0,0.0,669.0,73.0,0.10911808669656203,673,73,0.10846953937592868,7.0,0.0,0.0,666.0,73.0,0.10960960960960961,671,73,0.10879284649776454,7.0,0.0,0.0,664.0,73.0,0.10993975903614457,716,719
7831,491,6,0.012219959266802444,8.0,0.0,0.0,483.0,6.0,0.012422360248447204,472,6,0.012711864406779662,8.0,0.0,0.0,464.0,6.0,0.01293103448275862,468,6,0.01282051282051282,8.0,0.0,0.0,460.0,6.0,0.013043478260869565,565,569
7834,1169,88,0.07527801539777587,27.0,1.0,0.037037037037037035,1142.0,87.0,0.07618213660245184,854,70,0.08196721311475409,15.0,1.0,0.06666666666666667,839.0,69.0,0.08224076281287247,847,68,0.08028335301062574,15.0,1.0,0.06666666666666667,832.0,67.0,0.08052884615384616,1181,1194
7835,503,9,0.017892644135188866,7.0,0.0,0.0,496.0,9.0,0.018145161290322582,482,8,0.016597510373443983,7.0,0.0,0.0,475.0,8.0,0.016842105263157894,478,8,0.016736401673640166,7.0,0.0,0.0,471.0,8.0,0.016985138004246284,1001,1028
7837,153,44,0.2875816993464052,1.0,0.0,0.0,152.0,44.0,0.2894736842105263,151,43,0.2847682119205298,1.0,0.0,0.0,150.0,43.0,0.2866666666666667,150,43,0.2866666666666667,1.0,0.0,0.0,149.0,43.0,0.28859060402684567,2426,2450
7838,822,258,0.31386861313868614,15.0,5.0,0.3333333333333333,807.0,253.0,0.3135068153655514,690,133,0.1927536231884058,13.0,3.0,0.23076923076923078,677.0,130.0,0.19202363367799113,685,133,0.19416058394160585,13.0,3.0,0.23076923076923078,672.0,130.0,0.19345238095238096,1118,1125
7839,1731,0,0.0,44.0,0.0,0.0,1687.0,0.0,0.0,1707,0,0.0,44.0,0.0,0.0,1663.0,0.0,0.0,1688,0,0.0,44.0,0.0,0.0,1644.0,0.0,0.0,1736,1757
7841,19217,1004,0.05224540771192174,225.0,16.0,0.07111111111111111,18992.0,988.0,0.052021903959561924,12359,833,0.06740027510316368,167.0,12.0,0.0718562874251497,12192.0,821.0,0.06733923884514435,11523,751,0.06517399982643408,154.0,12.0,0.07792207792207792,11369.0,739.0,0.06500131937725394,14709,15819
7842,45,20,0.4444444444444444,4.0,4.0,1.0,41.0,16.0,0.3902439024390244,41,16,0.3902439024390244,2.0,2.0,1.0,39.0,14.0,0.358974358974359,41,16,0.3902439024390244,2.0,2.0,1.0,39.0,14.0,0.358974358974359,69,69
7846,16,0,0.0,0.0,0.0,,16.0,0.0,0.0,16,0,0.0,0.0,0.0,,16.0,0.0,0.0,15,0,0.0,0.0,0.0,,15.0,0.0,0.0,20,21
7854,24330,1737,0.07139334155363748,357.0,60.0,0.16806722689075632,23973.0,1677.0,0.06995369791014892,15003,1363,0.0908484969672732,256.0,40.0,0.15625,14747.0,1323.0,0.08971316199905066,13761,1272,0.09243514279485503,239.0,39.0,0.16317991631799164,13522.0,1233.0,0.09118473598580092,17753,19293
7855,19514,6810,0.348980219329712,405.0,144.0,0.35555555555555557,19109.0,6666.0,0.3488408603275943,5540,2317,0.41823104693140795,47.0,37.0,0.7872340425531915,5493.0,2280.0,0.4150737302020754,2833,1619,0.5714789975291211,26.0,23.0,0.8846153846153846,2807.0,1596.0,0.5685785536159601,2907,5696
7856,295,62,0.21016949152542372,1.0,0.0,0.0,294.0,62.0,0.2108843537414966,254,58,0.2283464566929134,1.0,0.0,0.0,253.0,58.0,0.22924901185770752,241,57,0.23651452282157676,1.0,0.0,0.0,240.0,57.0,0.2375,374,407
7857,287,181,0.6306620209059234,12.0,9.0,0.75,275.0,172.0,0.6254545454545455,282,176,0.624113475177305,10.0,7.0,0.7,272.0,169.0,0.6213235294117647,273,170,0.6227106227106227,10.0,7.0,0.7,263.0,163.0,0.6197718631178707,321,336
7860,52,12,0.23076923076923078,0.0,0.0,,52.0,12.0,0.23076923076923078,52,12,0.23076923076923078,0.0,0.0,,52.0,12.0,0.23076923076923078,49,12,0.24489795918367346,0.0,0.0,,49.0,12.0,0.24489795918367346,488,521
7865,1278,271,0.21205007824726135,95.0,21.0,0.22105263157894736,1183.0,250.0,0.21132713440405748,1262,262,0.2076069730586371,93.0,19.0,0.20430107526881722,1169.0,243.0,0.20786997433704021,1191,256,0.21494542401343408,92.0,19.0,0.20652173913043478,1099.0,237.0,0.2156505914467698,1191,1262
7866,5,1,0.2,0.0,0.0,,5.0,1.0,0.2,5,1,0.2,0.0,0.0,,5.0,1.0,0.2,5,1,0.2,0.0,0.0,,5.0,1.0,0.2,25,25
7868,313,92,0.2939297124600639,1.0,0.0,0.0,312.0,92.0,0.2948717948717949,271,76,0.28044280442804426,1.0,0.0,0.0,270.0,76.0,0.2814814814814815,257,75,0.2918287937743191,1.0,0.0,0.0,256.0,75.0,0.29296875,390,423
7869,1106,480,0.43399638336347196,4.0,3.0,0.75,1102.0,477.0,0.43284936479128855,1024,464,0.453125,4.0,3.0,0.75,1020.0,461.0,0.4519607843137255,901,403,0.44728079911209767,4.0,3.0,0.75,897.0,400.0,0.4459308807134894,1534,1757
7871,154,18,0.11688311688311688,0.0,0.0,,154.0,18.0,0.11688311688311688,144,18,0.125,0.0,0.0,,144.0,18.0,0.125,140,18,0.12857142857142856,0.0,0.0,,140.0,18.0,0.12857142857142856,517,580
7872,1880,1113,0.5920212765957447,7.0,4.0,0.5714285714285714,1873.0,1109.0,0.5920982381206621,1445,970,0.671280276816609,5.0,4.0,0.8,1440.0,966.0,0.6708333333333333,1245,841,0.6755020080321286,5.0,4.0,0.8,1240.0,837.0,0.675,1674,2002
7874,151,66,0.4370860927152318,1.0,0.0,0.0,150.0,66.0,0.44,150,66,0.44,1.0,0.0,0.0,149.0,66.0,0.4429530201342282,149,66,0.4429530201342282,1.0,0.0,0.0,148.0,66.0,0.44594594594594594,361,366
7876,68205,16092,0.23593578183417638,1941.0,476.0,0.2452344152498712,66264.0,15616.0,0.23566340697814803,43811,9929,0.22663258085868845,1049.0,255.0,0.2430886558627264,42762.0,9674.0,0.22622889481315187,39067,8928,0.22853047328947707,978.0,243.0,0.24846625766871167,38089.0,8685.0,0.22801858804379216,39252,44086
7877,25468,5828,0.22883618658708968,592.0,140.0,0.23648648648648649,24876.0,5688.0,0.22865412445730826,22623,4784,0.2114662069575211,534.0,121.0,0.22659176029962547,22089.0,4663.0,0.21110054778396486,19470,4272,0.2194144838212635,475.0,105.0,0.22105263157894736,18995.0,4167.0,0.21937351934719662,19515,22705
7878,3243,511,0.15757015109466543,0.0,0.0,,3243.0,511.0,0.15757015109466543,2926,398,0.13602187286397813,0.0,0.0,,2926.0,398.0,0.13602187286397813,2475,372,0.1503030303030303,0.0,0.0,,2475.0,372.0,0.1503030303030303,2491,2942
7882,2098,156,0.07435653002859867,35.0,1.0,0.02857142857142857,2063.0,155.0,0.07513330101793504,1531,119,0.07772697583278902,21.0,1.0,0.047619047619047616,1510.0,118.0,0.0781456953642384,1511,116,0.07677035076108538,21.0,1.0,0.047619047619047616,1490.0,115.0,0.07718120805369127,2718,2762
7883,676,15,0.022189349112426034,4.0,0.0,0.0,672.0,15.0,0.022321428571428572,672,15,0.022321428571428572,4.0,0.0,0.0,668.0,15.0,0.02245508982035928,660,13,0.019696969696969695,4.0,0.0,0.0,656.0,13.0,0.019817073170731708,660,672
7884,192,37,0.19270833333333334,6.0,3.0,0.5,186.0,34.0,0.1827956989247312,191,37,0.193717277486911,6.0,3.0,0.5,185.0,34.0,0.1837837837837838,191,37,0.193717277486911,6.0,3.0,0.5,185.0,34.0,0.1837837837837838,732,743
7886,285,114,0.4,1.0,0.0,0.0,284.0,114.0,0.4014084507042254,270,107,0.3962962962962963,1.0,0.0,0.0,269.0,107.0,0.39776951672862454,262,104,0.3969465648854962,1.0,0.0,0.0,261.0,104.0,0.39846743295019155,435,469
7887,52,0,0.0,0.0,0.0,,52.0,0.0,0.0,52,0,0.0,0.0,0.0,,52.0,0.0,0.0,52,0,0.0,0.0,0.0,,52.0,0.0,0.0,158,159
7889,35330,20706,0.5860741579394283,703.0,358.0,0.5092460881934566,34627.0,20348.0,0.5876339272821787,28782,16144,0.5609061218817316,559.0,286.0,0.5116279069767442,28223.0,15858.0,0.5618821528540552,26935,15304,0.5681826619639874,539.0,278.0,0.5157699443413729,26396.0,15026.0,0.5692529171086528,27044,28904
7890,125,0,0.0,2.0,0.0,0.0,123.0,0.0,0.0,122,0,0.0,2.0,0.0,0.0,120.0,0.0,0.0,122,0,0.0,2.0,0.0,0.0,120.0,0.0,0.0,122,122
7891,9573,0,0.0,249.0,0.0,0.0,9324.0,0.0,0.0,9472,0,0.0,244.0,0.0,0.0,9228.0,0.0,0.0,8702,0,0.0,228.0,0.0,0.0,8474.0,0.0,0.0,8702,9472
7892,1213,100,0.08244023083264633,46.0,5.0,0.10869565217391304,1167.0,95.0,0.08140531276778064,1205,100,0.08298755186721991,46.0,5.0,0.10869565217391304,1159.0,95.0,0.08196721311475409,1152,99,0.0859375,44.0,5.0,0.11363636363636363,1108.0,94.0,0.08483754512635379,1152,1205
7893,4797,483,0.10068792995622264,92.0,12.0,0.13043478260869565,4705.0,471.0,0.10010626992561106,4725,477,0.10095238095238095,88.0,12.0,0.13636363636363635,4637.0,465.0,0.10028035367694631,4243,427,0.10063634221069997,79.0,12.0,0.1518987341772152,4164.0,415.0,0.09966378482228626,5713,6233
7895,5573,2244,0.4026556612237574,176.0,57.0,0.32386363636363635,5397.0,2187.0,0.40522512506948305,3635,1554,0.42751031636863823,98.0,30.0,0.30612244897959184,3537.0,1524.0,0.4308736217133164,3476,1497,0.4306674338319908,98.0,30.0,0.30612244897959184,3378.0,1467.0,0.4342806394316163,3492,3652
7896,496,0,0.0,10.0,0.0,0.0,486.0,0.0,0.0,485,0,0.0,10.0,0.0,0.0,475.0,0.0,0.0,482,0,0.0,10.0,0.0,0.0,472.0,0.0,0.0,482,485
7897,624,0,0.0,11.0,0.0,0.0,613.0,0.0,0.0,612,0,0.0,11.0,0.0,0.0,601.0,0.0,0.0,609,0,0.0,11.0,0.0,0.0,598.0,0.0,0.0,610,613
7898,108,0,0.0,2.0,0.0,0.0,106.0,0.0,0.0,108,0,0.0,2.0,0.0,0.0,106.0,0.0,0.0,108,0,0.0,2.0,0.0,0.0,106.0,0.0,0.0,183,183
7899,283,0,0.0,4.0,0.0,0.0,279.0,0.0,0.0,228,0,0.0,3.0,0.0,0.0,225.0,0.0,0.0,228,0,0.0,3.0,0.0,0.0,225.0,0.0,0.0,228,228
7900,35163,4330,0.12314080141057361,740.0,59.0,0.07972972972972973,34423.0,4271.0,0.12407402027714029,29340,3541,0.12068847989093388,669.0,57.0,0.08520179372197309,28671.0,3484.0,0.12151651494541522,23595,3156,0.13375715193897011,508.0,53.0,0.10433070866141732,23087.0,3103.0,0.1344046433057565,23606,29362
7901,661,537,0.8124054462934948,32.0,26.0,0.8125,629.0,511.0,0.8124006359300477,233,137,0.5879828326180258,8.0,7.0,0.875,225.0,130.0,0.5777777777777777,212,125,0.589622641509434,8.0,7.0,0.875,204.0,118.0,0.5784313725490197,337,376
7902,223,83,0.3721973094170404,1.0,0.0,0.0,222.0,83.0,0.3738738738738739,220,82,0.37272727272727274,1.0,0.0,0.0,219.0,82.0,0.3744292237442922,203,68,0.33497536945812806,1.0,0.0,0.0,202.0,68.0,0.33663366336633666,306,327
7904,6,5,0.8333333333333334,0.0,0.0,,6.0,5.0,0.8333333333333334,6,5,0.8333333333333334,0.0,0.0,,6.0,5.0,0.8333333333333334,6,5,0.8333333333333334,0.0,0.0,,6.0,5.0,0.8333333333333334,1448,1500
7906,334,68,0.20359281437125748,1.0,0.0,0.0,333.0,68.0,0.2042042042042042,286,53,0.1853146853146853,1.0,0.0,0.0,285.0,53.0,0.18596491228070175,269,51,0.1895910780669145,1.0,0.0,0.0,268.0,51.0,0.19029850746268656,452,489
7907,2,0,0.0,0.0,0.0,,2.0,0.0,0.0,2,0,0.0,0.0,0.0,,2.0,0.0,0.0,2,0,0.0,0.0,0.0,,2.0,0.0,0.0,4,4
7908,13,0,0.0,0.0,0.0,,13.0,0.0,0.0,13,0,0.0,0.0,0.0,,13.0,0.0,0.0,13,0,0.0,0.0,0.0,,13.0,0.0,0.0,13,13
7909,14,0,0.0,0.0,0.0,,14.0,0.0,0.0,13,0,0.0,0.0,0.0,,13.0,0.0,0.0,13,0,0.0,0.0,0.0,,13.0,0.0,0.0,13,13
7914,26,4,0.15384615384615385,0.0,0.0,,26.0,4.0,0.15384615384615385,24,4,0.16666666666666666,0.0,0.0,,24.0,4.0,0.16666666666666666,24,4,0.16666666666666666,0.0,0.0,,24.0,4.0,0.16666666666666666,24,24
7915,17,14,0.8235294117647058,0.0,0.0,,17.0,14.0,0.8235294117647058,16,13,0.8125,0.0,0.0,,16.0,13.0,0.8125,16,13,0.8125,0.0,0.0,,16.0,13.0,0.8125,16,16
7918,115408,1841,0.015952100374324138,2359.0,60.0,0.02543450614667232,113049.0,1781.0,0.01575423046643491,97116,1782,0.018349190658593847,2069.0,60.0,0.028999516674722087,95047.0,1722.0,0.018117352467726493,76431,1688,0.022085279533173713,1606.0,55.0,0.03424657534246575,74825.0,1633.0,0.02182425659873037,132082,174172
7919,183,95,0.5191256830601093,8.0,3.0,0.375,175.0,92.0,0.5257142857142857,179,93,0.5195530726256983,8.0,3.0,0.375,171.0,90.0,0.5263157894736842,175,92,0.5257142857142857,8.0,3.0,0.375,167.0,89.0,0.5329341317365269,58960,73302
7920,316,74,0.23417721518987342,1.0,0.0,0.0,315.0,74.0,0.23492063492063492,273,66,0.24175824175824176,1.0,0.0,0.0,272.0,66.0,0.2426470588235294,259,63,0.24324324324324326,1.0,0.0,0.0,258.0,63.0,0.2441860465116279,391,424
7921,33001,12059,0.3654131692979001,1568.0,850.0,0.5420918367346939,31433.0,11209.0,0.35659975185314796,9567,3790,0.3961534441308665,324.0,196.0,0.6049382716049383,9243.0,3594.0,0.38883479389808506,8988,3648,0.40587449933244324,313.0,188.0,0.6006389776357828,8675.0,3460.0,0.3988472622478386,9003,9585
7922,60,21,0.35,0.0,0.0,,60.0,21.0,0.35,46,21,0.45652173913043476,0.0,0.0,,46.0,21.0,0.45652173913043476,46,21,0.45652173913043476,0.0,0.0,,46.0,21.0,0.45652173913043476,89,96
7923,2678,1382,0.5160567587752054,4.0,2.0,0.5,2674.0,1380.0,0.5160807778608826,2620,1364,0.5206106870229008,2.0,1.0,0.5,2618.0,1363.0,0.5206264323911383,2327,1259,0.5410399656209712,1.0,1.0,1.0,2326.0,1258.0,0.5408426483233018,2327,2620
7926,53,30,0.5660377358490566,1.0,0.0,0.0,52.0,30.0,0.5769230769230769,50,29,0.58,1.0,0.0,0.0,49.0,29.0,0.5918367346938775,48,28,0.5833333333333334,1.0,0.0,0.0,47.0,28.0,0.5957446808510638,49,51
7927,1126,276,0.24511545293072823,2.0,0.0,0.0,1124.0,276.0,0.24555160142348753,839,216,0.25744934445768775,1.0,0.0,0.0,838.0,216.0,0.2577565632458234,711,199,0.279887482419128,1.0,0.0,0.0,710.0,199.0,0.2802816901408451,711,839
7928,113,0,0.0,0.0,0.0,,113.0,0.0,0.0,110,0,0.0,0.0,0.0,,110.0,0.0,0.0,109,0,0.0,0.0,0.0,,109.0,0.0,0.0,137,138
7929,652,164,0.25153374233128833,3.0,2.0,0.6666666666666666,649.0,162.0,0.24961479198767333,511,132,0.2583170254403131,2.0,1.0,0.5,509.0,131.0,0.25736738703339884,473,125,0.2642706131078224,2.0,1.0,0.5,471.0,124.0,0.2632696390658174,479,517
7930,381,0,0.0,0.0,0.0,,381.0,0.0,0.0,379,0,0.0,0.0,0.0,,379.0,0.0,0.0,364,0,0.0,0.0,0.0,,364.0,0.0,0.0,998,1104
7931,3624,0,0.0,56.0,0.0,0.0,3568.0,0.0,0.0,3013,0,0.0,53.0,0.0,0.0,2960.0,0.0,0.0,2774,0,0.0,49.0,0.0,0.0,2725.0,0.0,0.0,2774,3013
7959,2,0,0.0,0.0,0.0,,2.0,0.0,0.0,2,0,0.0,0.0,0.0,,2.0,0.0,0.0,2,0,0.0,0.0,0.0,,2.0,0.0,0.0,10,10
7975,2,0,0.0,0.0,0.0,,2.0,0.0,0.0,2,0,0.0,0.0,0.0,,2.0,0.0,0.0,2,0,0.0,0.0,0.0,,2.0,0.0,0.0,2,2
7978,6,0,0.0,0.0,0.0,,6.0,0.0,0.0,6,0,0.0,0.0,0.0,,6.0,0.0,0.0,6,0,0.0,0.0,0.0,,6.0,0.0,0.0,6,6
7985,8,1,0.125,0.0,0.0,,8.0,1.0,0.125,8,1,0.125,0.0,0.0,,8.0,1.0,0.125,8,1,0.125,0.0,0.0,,8.0,1.0,0.125,11,11
7992,6,1,0.16666666666666666,0.0,0.0,,6.0,1.0,0.16666666666666666,6,1,0.16666666666666666,0.0,0.0,,6.0,1.0,0.16666666666666666,6,1,0.16666666666666666,0.0,0.0,,6.0,1.0,0.16666666666666666,6,6
8001,289,1,0.0034602076124567475,0.0,0.0,,289.0,1.0,0.0034602076124567475,286,1,0.0034965034965034965,0.0,0.0,,286.0,1.0,0.0034965034965034965,275,1,0.0036363636363636364,0.0,0.0,,275.0,1.0,0.0036363636363636364,275,286
8003,46,0,0.0,2.0,0.0,0.0,44.0,0.0,0.0,23,0,0.0,1.0,0.0,0.0,22.0,0.0,0.0,22,0,0.0,1.0,0.0,0.0,21.0,0.0,0.0,22,23
8012,190,16,0.08421052631578947,8.0,0.0,0.0,182.0,16.0,0.08791208791208792,184,14,0.07608695652173914,8.0,0.0,0.0,176.0,14.0,0.07954545454545454,183,14,0.07650273224043716,8.0,0.0,0.0,175.0,14.0,0.08,247,249
8049,58,7,0.1206896551724138,0.0,0.0,,58.0,7.0,0.1206896551724138,55,7,0.12727272727272726,0.0,0.0,,55.0,7.0,0.12727272727272726,55,7,0.12727272727272726,0.0,0.0,,55.0,7.0,0.12727272727272726,119,120
8081,55,7,0.12727272727272726,0.0,0.0,,55.0,7.0,0.12727272727272726,52,7,0.1346153846153846,0.0,0.0,,52.0,7.0,0.1346153846153846,52,7,0.1346153846153846,0.0,0.0,,52.0,7.0,0.1346153846153846,114,115
8090,190,21,0.11052631578947368,8.0,0.0,0.0,182.0,21.0,0.11538461538461539,184,21,0.11413043478260869,8.0,0.0,0.0,176.0,21.0,0.11931818181818182,183,21,0.11475409836065574,8.0,0.0,0.0,175.0,21.0,0.12,247,249
8103,58,10,0.1724137931034483,0.0,0.0,,58.0,10.0,0.1724137931034483,55,8,0.14545454545454545,0.0,0.0,,55.0,8.0,0.14545454545454545,55,8,0.14545454545454545,0.0,0.0,,55.0,8.0,0.14545454545454545,119,120
8123,9,0,0.0,0.0,0.0,,9.0,0.0,0.0,3,0,0.0,0.0,0.0,,3.0,0.0,0.0,3,0,0.0,0.0,0.0,,3.0,0.0,0.0,7,7
8128,37,0,0.0,1.0,0.0,0.0,36.0,0.0,0.0,37,0,0.0,1.0,0.0,0.0,36.0,0.0,0.0,37,0,0.0,1.0,0.0,0.0,36.0,0.0,0.0,37,37
8129,17340,3957,0.2282006920415225,253.0,70.0,0.2766798418972332,17087.0,3887.0,0.22748288172294728,16507,3783,0.22917550130247774,237.0,67.0,0.28270042194092826,16270.0,3716.0,0.2283958205285802,16170,3737,0.23110698824984538,233.0,67.0,0.2875536480686695,15937.0,3670.0,0.23028173432892013,18561,19033
8130,23518,2839,0.12071604728293223,233.0,34.0,0.1459227467811159,23285.0,2805.0,0.1204638179085248,11678,2800,0.23976708340469258,119.0,34.0,0.2857142857142857,11559.0,2766.0,0.23929405657928887,11514,2786,0.24196630189334722,119.0,34.0,0.2857142857142857,11395.0,2752.0,0.24150943396226415,15727,16117
8131,1624,200,0.12315270935960591,17.0,13.0,0.7647058823529411,1607.0,187.0,0.11636589919103921,1606,187,0.11643835616438356,14.0,10.0,0.7142857142857143,1592.0,177.0,0.11118090452261306,1514,176,0.11624834874504623,13.0,9.0,0.6923076923076923,1501.0,167.0,0.11125916055962691,1712,1815
8141,14,0,0.0,0.0,0.0,,14.0,0.0,0.0,14,0,0.0,0.0,0.0,,14.0,0.0,0.0,14,0,0.0,0.0,0.0,,14.0,0.0,0.0,14,14
8142,16,0,0.0,0.0,0.0,,16.0,0.0,0.0,16,0,0.0,0.0,0.0,,16.0,0.0,0.0,16,0,0.0,0.0,0.0,,16.0,0.0,0.0,16,16
8150,55,0,0.0,1.0,0.0,0.0,54.0,0.0,0.0,52,0,0.0,1.0,0.0,0.0,51.0,0.0,0.0,52,0,0.0,1.0,0.0,0.0,51.0,0.0,0.0,52,52
8154,20,5,0.25,0.0,0.0,,20.0,5.0,0.25,20,5,0.25,0.0,0.0,,20.0,5.0,0.25,20,5,0.25,0.0,0.0,,20.0,5.0,0.25,20,20
8157,139,0,0.0,3.0,0.0,0.0,136.0,0.0,0.0,85,0,0.0,2.0,0.0,0.0,83.0,0.0,0.0,85,0,0.0,2.0,0.0,0.0,83.0,0.0,0.0,85,85
8161,2,2,1.0,0.0,0.0,,2.0,2.0,1.0,2,2,1.0,0.0,0.0,,2.0,2.0,1.0,2,2,1.0,0.0,0.0,,2.0,2.0,1.0,5,5
8163,274,0,0.0,5.0,0.0,0.0,269.0,0.0,0.0,137,0,0.0,2.0,0.0,0.0,135.0,0.0,0.0,137,0,0.0,2.0,0.0,0.0,135.0,0.0,0.0,138,138
8167,1,0,0.0,0.0,0.0,,1.0,0.0,0.0,1,0,0.0,0.0,0.0,,1.0,0.0,0.0,1,0,0.0,0.0,0.0,,1.0,0.0,0.0,4,4
8169,107,6,0.056074766355140186,2.0,0.0,0.0,105.0,6.0,0.05714285714285714,101,6,0.0594059405940594,2.0,0.0,0.0,99.0,6.0,0.06060606060606061,101,6,0.0594059405940594,2.0,0.0,0.0,99.0,6.0,0.06060606060606061,101,101
8173,18,0,0.0,0.0,0.0,,18.0,0.0,0.0,18,0,0.0,0.0,0.0,,18.0,0.0,0.0,18,0,0.0,0.0,0.0,,18.0,0.0,0.0,18,18
8187,213,12,0.056338028169014086,0.0,0.0,,213.0,12.0,0.056338028169014086,210,12,0.05714285714285714,0.0,0.0,,210.0,12.0,0.05714285714285714,208,12,0.057692307692307696,0.0,0.0,,208.0,12.0,0.057692307692307696,637,642
8188,3,0,0.0,0.0,0.0,,3.0,0.0,0.0,3,0,0.0,0.0,0.0,,3.0,0.0,0.0,3,0,0.0,0.0,0.0,,3.0,0.0,0.0,3,3
8189,13,8,0.6153846153846154,1.0,0.0,0.0,12.0,8.0,0.6666666666666666,13,8,0.6153846153846154,1.0,0.0,0.0,12.0,8.0,0.6666666666666666,13,8,0.6153846153846154,1.0,0.0,0.0,12.0,8.0,0.6666666666666666,15,15
8190,8,0,0.0,0.0,0.0,,8.0,0.0,0.0,8,0,0.0,0.0,0.0,,8.0,0.0,0.0,8,0,0.0,0.0,0.0,,8.0,0.0,0.0,8,8
8191,1,0,0.0,0.0,0.0,,1.0,0.0,0.0,1,0,0.0,0.0,0.0,,1.0,0.0,0.0,1,0,0.0,0.0,0.0,,1.0,0.0,0.0,2,2
8192,17,8,0.47058823529411764,1.0,0.0,0.0,16.0,8.0,0.5,17,8,0.47058823529411764,1.0,0.0,0.0,16.0,8.0,0.5,17,8,0.47058823529411764,1.0,0.0,0.0,16.0,8.0,0.5,26,26
8193,15,0,0.0,0.0,0.0,,15.0,0.0,0.0,15,0,0.0,0.0,0.0,,15.0,0.0,0.0,15,0,0.0,0.0,0.0,,15.0,0.0,0.0,15,15
8201,8,0,0.0,0.0,0.0,,8.0,0.0,0.0,8,0,0.0,0.0,0.0,,8.0,0.0,0.0,8,0,0.0,0.0,0.0,,8.0,0.0,0.0,8,8
8202,4,1,0.25,0.0,0.0,,4.0,1.0,0.25,4,1,0.25,0.0,0.0,,4.0,1.0,0.25,4,1,0.25,0.0,0.0,,4.0,1.0,0.25,4,4
8203,20,0,0.0,0.0,0.0,,20.0,0.0,0.0,15,0,0.0,0.0,0.0,,15.0,0.0,0.0,15,0,0.0,0.0,0.0,,15.0,0.0,0.0,15,15
8205,1,0,0.0,0.0,0.0,,1.0,0.0,0.0,1,0,0.0,0.0,0.0,,1.0,0.0,0.0,1,0,0.0,0.0,0.0,,1.0,0.0,0.0,1,1
8208,1,0,0.0,0.0,0.0,,1.0,0.0,0.0,1,0,0.0,0.0,0.0,,1.0,0.0,0.0,1,0,0.0,0.0,0.0,,1.0,0.0,0.0,1,1
8211,32,3,0.09375,1.0,0.0,0.0,31.0,3.0,0.0967741935483871,32,3,0.09375,1.0,0.0,0.0,31.0,3.0,0.0967741935483871,32,3,0.09375,1.0,0.0,0.0,31.0,3.0,0.0967741935483871,95,96
8212,197,39,0.19796954314720813,0.0,0.0,,197.0,39.0,0.19796954314720813,189,36,0.19047619047619047,0.0,0.0,,189.0,36.0,0.19047619047619047,184,35,0.19021739130434784,0.0,0.0,,184.0,35.0,0.19021739130434784,308,346
8225,85,0,0.0,2.0,0.0,0.0,83.0,0.0,0.0,85,0,0.0,2.0,0.0,0.0,83.0,0.0,0.0,85,0,0.0,2.0,0.0,0.0,83.0,0.0,0.0,85,85
8226,88,3,0.03409090909090909,0.0,0.0,,88.0,3.0,0.03409090909090909,88,3,0.03409090909090909,0.0,0.0,,88.0,3.0,0.03409090909090909,84,3,0.03571428571428571,0.0,0.0,,84.0,3.0,0.03571428571428571,84,88
8232,1055,0,0.0,18.0,0.0,0.0,1037.0,0.0,0.0,1048,0,0.0,18.0,0.0,0.0,1030.0,0.0,0.0,1029,0,0.0,18.0,0.0,0.0,1011.0,0.0,0.0,1029,1048
8235,27,2,0.07407407407407407,1.0,0.0,0.0,26.0,2.0,0.07692307692307693,26,2,0.07692307692307693,1.0,0.0,0.0,25.0,2.0,0.08,26,2,0.07692307692307693,1.0,0.0,0.0,25.0,2.0,0.08,26,26
8236,7,2,0.2857142857142857,0.0,0.0,,7.0,2.0,0.2857142857142857,7,2,0.2857142857142857,0.0,0.0,,7.0,2.0,0.2857142857142857,7,2,0.2857142857142857,0.0,0.0,,7.0,2.0,0.2857142857142857,7,7
8242,1665,138,0.08288288288288288,16.0,1.0,0.0625,1649.0,137.0,0.08308065494238932,1466,118,0.08049113233287858,15.0,1.0,0.06666666666666667,1451.0,117.0,0.08063404548587182,1420,116,0.08169014084507042,15.0,1.0,0.06666666666666667,1405.0,115.0,0.08185053380782918,1421,1467
8245,3,1,0.3333333333333333,0.0,0.0,,3.0,1.0,0.3333333333333333,3,1,0.3333333333333333,0.0,0.0,,3.0,1.0,0.3333333333333333,3,1,0.3333333333333333,0.0,0.0,,3.0,1.0,0.3333333333333333,3,3
8251,18,10,0.5555555555555556,0.0,0.0,,18.0,10.0,0.5555555555555556,18,10,0.5555555555555556,0.0,0.0,,18.0,10.0,0.5555555555555556,18,10,0.5555555555555556,0.0,0.0,,18.0,10.0,0.5555555555555556,37,37
8266,1372,0,0.0,20.0,0.0,0.0,1352.0,0.0,0.0,1234,0,0.0,18.0,0.0,0.0,1216.0,0.0,0.0,1163,0,0.0,18.0,0.0,0.0,1145.0,0.0,0.0,1483,1572
8270,1179,3,0.002544529262086514,20.0,0.0,0.0,1159.0,3.0,0.0025884383088869713,1041,3,0.002881844380403458,18.0,0.0,0.0,1023.0,3.0,0.002932551319648094,978,3,0.003067484662576687,18.0,0.0,0.0,960.0,3.0,0.003125,1286,1366
8272,4,0,0.0,0.0,0.0,,4.0,0.0,0.0,2,0,0.0,0.0,0.0,,2.0,0.0,0.0,2,0,0.0,0.0,0.0,,2.0,0.0,0.0,2,2
8319,1,0,0.0,0.0,0.0,,1.0,0.0,0.0,1,0,0.0,0.0,0.0,,1.0,0.0,0.0,1,0,0.0,0.0,0.0,,1.0,0.0,0.0,1,1
8341,1377,305,0.2214960058097313,53.0,12.0,0.22641509433962265,1324.0,293.0,0.2212990936555891,1283,266,0.2073265783320343,51.0,12.0,0.23529411764705882,1232.0,254.0,0.20616883116883117,1224,249,0.2034313725490196,46.0,11.0,0.2391304347826087,1178.0,238.0,0.20203735144312393,2597,2735
8357,2032,12,0.005905511811023622,18.0,0.0,0.0,2014.0,12.0,0.005958291956305859,2015,12,0.005955334987593052,18.0,0.0,0.0,1997.0,12.0,0.006009013520280421,1934,11,0.005687693898655636,18.0,0.0,0.0,1916.0,11.0,0.005741127348643006,1942,2024
8361,187,0,0.0,0.0,0.0,,187.0,0.0,0.0,60,0,0.0,0.0,0.0,,60.0,0.0,0.0,59,0,0.0,0.0,0.0,,59.0,0.0,0.0,59,60
8363,874,157,0.17963386727688788,28.0,9.0,0.32142857142857145,846.0,148.0,0.17494089834515367,507,113,0.22287968441814596,16.0,5.0,0.3125,491.0,108.0,0.219959266802444,495,111,0.22424242424242424,16.0,5.0,0.3125,479.0,106.0,0.22129436325678498,495,507
8366,226,8,0.035398230088495575,10.0,0.0,0.0,216.0,8.0,0.037037037037037035,221,8,0.03619909502262444,10.0,0.0,0.0,211.0,8.0,0.037914691943127965,218,8,0.03669724770642202,10.0,0.0,0.0,208.0,8.0,0.038461538461538464,5417,5761
8368,31936,214,0.006700901803607214,1173.0,15.0,0.01278772378516624,30763.0,199.0,0.006468809934011637,30451,213,0.006994844175889133,1096.0,15.0,0.013686131386861315,29355.0,198.0,0.006745017884517118,27712,205,0.007397517321016166,948.0,14.0,0.014767932489451477,26764.0,191.0,0.007136451950381109,27715,30454
8369,315,20,0.06349206349206349,3.0,0.0,0.0,312.0,20.0,0.0641025641025641,311,20,0.06430868167202572,2.0,0.0,0.0,309.0,20.0,0.06472491909385113,283,18,0.0636042402826855,2.0,0.0,0.0,281.0,18.0,0.06405693950177936,12292,13037
8374,1181,262,0.2218458933107536,3.0,0.0,0.0,1178.0,262.0,0.22241086587436332,1098,246,0.22404371584699453,3.0,0.0,0.0,1095.0,246.0,0.22465753424657534,1045,234,0.22392344497607655,3.0,0.0,0.0,1042.0,234.0,0.22456813819577734,1045,1098
8378,1613,70,0.04339739615623062,11.0,0.0,0.0,1602.0,70.0,0.04369538077403246,1316,58,0.044072948328267476,9.0,0.0,0.0,1307.0,58.0,0.04437643458301454,1244,57,0.04581993569131833,8.0,0.0,0.0,1236.0,57.0,0.04611650485436893,2051,2216
8392,6874,233,0.03389583939482106,84.0,1.0,0.011904761904761904,6790.0,232.0,0.03416789396170839,5020,196,0.03904382470119522,64.0,1.0,0.015625,4956.0,195.0,0.03934624697336562,4796,182,0.03794829024186822,64.0,1.0,0.015625,4732.0,181.0,0.0382502113271344,4797,5022
8396,831,17,0.02045728038507822,22.0,0.0,0.0,809.0,17.0,0.021013597033374538,776,16,0.020618556701030927,21.0,0.0,0.0,755.0,16.0,0.02119205298013245,764,16,0.020942408376963352,21.0,0.0,0.0,743.0,16.0,0.021534320323014805,764,776
8400,1869,19,0.010165864098448368,17.0,0.0,0.0,1852.0,19.0,0.010259179265658747,1619,16,0.009882643607164917,16.0,0.0,0.0,1603.0,16.0,0.009981285090455396,1507,16,0.010617120106171201,16.0,0.0,0.0,1491.0,16.0,0.010731052984574111,1507,1619
8423,29740,15122,0.5084734364492266,767.0,433.0,0.5645371577574967,28973.0,14689.0,0.5069892658682221,21021,10852,0.516245659102802,435.0,249.0,0.5724137931034483,20586.0,10603.0,0.5150587778101623,16997,8686,0.511031358475025,324.0,174.0,0.5370370370370371,16673.0,8512.0,0.5105260001199544,17000,21041
8427,24998,2570,0.10280822465797264,352.0,55.0,0.15625,24646.0,2515.0,0.10204495658524709,23433,2553,0.10894891819229292,326.0,55.0,0.1687116564417178,23107.0,2498.0,0.10810576881464491,21140,2254,0.10662251655629139,288.0,50.0,0.1736111111111111,20852.0,2204.0,0.10569729522347976,21174,23485
8543,1,0,0.0,0.0,0.0,,1.0,0.0,0.0,1,0,0.0,0.0,0.0,,1.0,0.0,0.0,1,0,0.0,0.0,0.0,,1.0,0.0,0.0,1,1
8568,60,0,0.0,1.0,0.0,0.0,59.0,0.0,0.0,60,0,0.0,1.0,0.0,0.0,59.0,0.0,0.0,60,0,0.0,1.0,0.0,0.0,59.0,0.0,0.0,60,60
8576,68,3,0.04411764705882353,4.0,0.0,0.0,64.0,3.0,0.046875,68,3,0.04411764705882353,4.0,0.0,0.0,64.0,3.0,0.046875,67,3,0.04477611940298507,4.0,0.0,0.0,63.0,3.0,0.047619047619047616,69,70
8586,1,0,0.0,0.0,0.0,,1.0,0.0,0.0,1,0,0.0,0.0,0.0,,1.0,0.0,0.0,1,0,0.0,0.0,0.0,,1.0,0.0,0.0,1,1
8593,95,12,0.12631578947368421,1.0,0.0,0.0,94.0,12.0,0.1276595744680851,95,12,0.12631578947368421,1.0,0.0,0.0,94.0,12.0,0.1276595744680851,94,12,0.1276595744680851,1.0,0.0,0.0,93.0,12.0,0.12903225806451613,94,95
8595,36,2,0.05555555555555555,2.0,0.0,0.0,34.0,2.0,0.058823529411764705,35,2,0.05714285714285714,2.0,0.0,0.0,33.0,2.0,0.06060606060606061,35,2,0.05714285714285714,2.0,0.0,0.0,33.0,2.0,0.06060606060606061,35,35
8597,1,0,0.0,0.0,0.0,,1.0,0.0,0.0,1,0,0.0,0.0,0.0,,1.0,0.0,0.0,1,0,0.0,0.0,0.0,,1.0,0.0,0.0,1,1
8604,150,2,0.013333333333333334,3.0,0.0,0.0,147.0,2.0,0.013605442176870748,146,2,0.0136986301369863,3.0,0.0,0.0,143.0,2.0,0.013986013986013986,144,2,0.013888888888888888,2.0,0.0,0.0,142.0,2.0,0.014084507042253521,144,146
8606,25,0,0.0,1.0,0.0,0.0,24.0,0.0,0.0,25,0,0.0,1.0,0.0,0.0,24.0,0.0,0.0,25,0,0.0,1.0,0.0,0.0,24.0,0.0,0.0,25,25
8685,7,0,0.0,0.0,0.0,,7.0,0.0,0.0,7,0,0.0,0.0,0.0,,7.0,0.0,0.0,7,0,0.0,0.0,0.0,,7.0,0.0,0.0,30,30
8689,7,1,0.14285714285714285,0.0,0.0,,7.0,1.0,0.14285714285714285,7,1,0.14285714285714285,0.0,0.0,,7.0,1.0,0.14285714285714285,7,1,0.14285714285714285,0.0,0.0,,7.0,1.0,0.14285714285714285,7,7
8693,7,0,0.0,0.0,0.0,,7.0,0.0,0.0,7,0,0.0,0.0,0.0,,7.0,0.0,0.0,7,0,0.0,0.0,0.0,,7.0,0.0,0.0,7,7
8705,10,0,0.0,0.0,0.0,,10.0,0.0,0.0,10,0,0.0,0.0,0.0,,10.0,0.0,0.0,10,0,0.0,0.0,0.0,,10.0,0.0,0.0,10,10
8707,12834,0,0.0,132.0,0.0,0.0,12702.0,0.0,0.0,6680,0,0.0,68.0,0.0,0.0,6612.0,0.0,0.0,6036,0,0.0,66.0,0.0,0.0,5970.0,0.0,0.0,6036,6680
8708,2681,132,0.04923535994032078,40.0,1.0,0.025,2641.0,131.0,0.049602423324498296,2668,132,0.049475262368815595,40.0,1.0,0.025,2628.0,131.0,0.04984779299847793,2494,131,0.05252606255012029,38.0,1.0,0.02631578947368421,2456.0,130.0,0.052931596091205214,2494,2668
8732,7,1,0.14285714285714285,0.0,0.0,,7.0,1.0,0.14285714285714285,7,1,0.14285714285714285,0.0,0.0,,7.0,1.0,0.14285714285714285,7,1,0.14285714285714285,0.0,0.0,,7.0,1.0,0.14285714285714285,28,28
8735,7,2,0.2857142857142857,0.0,0.0,,7.0,2.0,0.2857142857142857,7,2,0.2857142857142857,0.0,0.0,,7.0,2.0,0.2857142857142857,7,2,0.2857142857142857,0.0,0.0,,7.0,2.0,0.2857142857142857,29,29
8738,7,0,0.0,0.0,0.0,,7.0,0.0,0.0,7,0,0.0,0.0,0.0,,7.0,0.0,0.0,7,0,0.0,0.0,0.0,,7.0,0.0,0.0,28,28
8758,1011,50,0.04945598417408507,8.0,0.0,0.0,1003.0,50.0,0.049850448654037885,1010,50,0.04950495049504951,8.0,0.0,0.0,1002.0,50.0,0.0499001996007984,976,50,0.05122950819672131,6.0,0.0,0.0,970.0,50.0,0.05154639175257732,978,1012
8759,352,20,0.056818181818181816,2.0,1.0,0.5,350.0,19.0,0.054285714285714284,309,17,0.05501618122977346,2.0,1.0,0.5,307.0,16.0,0.05211726384364821,300,17,0.056666666666666664,2.0,1.0,0.5,298.0,16.0,0.053691275167785234,300,309
8765,317,29,0.0914826498422713,2.0,1.0,0.5,315.0,28.0,0.08888888888888889,316,29,0.09177215189873418,2.0,1.0,0.5,314.0,28.0,0.08917197452229299,308,29,0.09415584415584416,2.0,1.0,0.5,306.0,28.0,0.0915032679738562,313,321
8781,1,0,0.0,0.0,0.0,,1.0,0.0,0.0,1,0,0.0,0.0,0.0,,1.0,0.0,0.0,1,0,0.0,0.0,0.0,,1.0,0.0,0.0,1,1
8787,1,0,0.0,0.0,0.0,,1.0,0.0,0.0,1,0,0.0,0.0,0.0,,1.0,0.0,0.0,1,0,0.0,0.0,0.0,,1.0,0.0,0.0,41,41
8792,56,0,0.0,2.0,0.0,0.0,54.0,0.0,0.0,52,0,0.0,2.0,0.0,0.0,50.0,0.0,0.0,51,0,0.0,1.0,0.0,0.0,50.0,0.0,0.0,51,52
8793,23,0,0.0,1.0,0.0,0.0,22.0,0.0,0.0,23,0,0.0,1.0,0.0,0.0,22.0,0.0,0.0,23,0,0.0,1.0,0.0,0.0,22.0,0.0,0.0,23,23
8794,4,0,0.0,0.0,0.0,,4.0,0.0,0.0,4,0,0.0,0.0,0.0,,4.0,0.0,0.0,4,0,0.0,0.0,0.0,,4.0,0.0,0.0,42,42
8799,56,0,0.0,2.0,0.0,0.0,54.0,0.0,0.0,52,0,0.0,2.0,0.0,0.0,50.0,0.0,0.0,51,0,0.0,1.0,0.0,0.0,50.0,0.0,0.0,51,52
8800,23,0,0.0,1.0,0.0,0.0,22.0,0.0,0.0,23,0,0.0,1.0,0.0,0.0,22.0,0.0,0.0,23,0,0.0,1.0,0.0,0.0,22.0,0.0,0.0,23,23
8820,27,0,0.0,0.0,0.0,,27.0,0.0,0.0,26,0,0.0,0.0,0.0,,26.0,0.0,0.0,26,0,0.0,0.0,0.0,,26.0,0.0,0.0,26,26
8831,8,0,0.0,0.0,0.0,,8.0,0.0,0.0,8,0,0.0,0.0,0.0,,8.0,0.0,0.0,8,0,0.0,0.0,0.0,,8.0,0.0,0.0,213,227
8839,2,0,0.0,0.0,0.0,,2.0,0.0,0.0,2,0,0.0,0.0,0.0,,2.0,0.0,0.0,2,0,0.0,0.0,0.0,,2.0,0.0,0.0,11,11
8840,67,11,0.16417910447761194,3.0,0.0,0.0,64.0,11.0,0.171875,63,10,0.15873015873015872,3.0,0.0,0.0,60.0,10.0,0.16666666666666666,63,10,0.15873015873015872,3.0,0.0,0.0,60.0,10.0,0.16666666666666666,63,63
8856,118,14,0.11864406779661017,0.0,0.0,,118.0,14.0,0.11864406779661017,118,14,0.11864406779661017,0.0,0.0,,118.0,14.0,0.11864406779661017,117,14,0.11965811965811966,0.0,0.0,,117.0,14.0,0.11965811965811966,117,118
8860,2,1,0.5,0.0,0.0,,2.0,1.0,0.5,2,1,0.5,0.0,0.0,,2.0,1.0,0.5,2,1,0.5,0.0,0.0,,2.0,1.0,0.5,6,6
8861,218,21,0.0963302752293578,2.0,0.0,0.0,216.0,21.0,0.09722222222222222,212,19,0.08962264150943396,2.0,0.0,0.0,210.0,19.0,0.09047619047619047,212,19,0.08962264150943396,2.0,0.0,0.0,210.0,19.0,0.09047619047619047,1991,2045
8863,109,12,0.11009174311926606,1.0,0.0,0.0,108.0,12.0,0.1111111111111111,92,12,0.13043478260869565,1.0,0.0,0.0,91.0,12.0,0.13186813186813187,92,12,0.13043478260869565,1.0,0.0,0.0,91.0,12.0,0.13186813186813187,233,235
8869,8,0,0.0,0.0,0.0,,8.0,0.0,0.0,8,0,0.0,0.0,0.0,,8.0,0.0,0.0,8,0,0.0,0.0,0.0,,8.0,0.0,0.0,8,8
8873,8,0,0.0,0.0,0.0,,8.0,0.0,0.0,8,0,0.0,0.0,0.0,,8.0,0.0,0.0,8,0,0.0,0.0,0.0,,8.0,0.0,0.0,8,8
8876,97,6,0.061855670103092786,0.0,0.0,,97.0,6.0,0.061855670103092786,93,6,0.06451612903225806,0.0,0.0,,93.0,6.0,0.06451612903225806,88,6,0.06818181818181818,0.0,0.0,,88.0,6.0,0.06818181818181818,88,93
8881,60,27,0.45,0.0,0.0,,60.0,27.0,0.45,45,27,0.6,0.0,0.0,,45.0,27.0,0.6,45,27,0.6,0.0,0.0,,45.0,27.0,0.6,45,45
8882,113,0,0.0,0.0,0.0,,113.0,0.0,0.0,112,0,0.0,0.0,0.0,,112.0,0.0,0.0,109,0,0.0,0.0,0.0,,109.0,0.0,0.0,136,140
8884,101,0,0.0,0.0,0.0,,101.0,0.0,0.0,96,0,0.0,0.0,0.0,,96.0,0.0,0.0,91,0,0.0,0.0,0.0,,91.0,0.0,0.0,91,96
8889,129,5,0.03875968992248062,0.0,0.0,,129.0,5.0,0.03875968992248062,110,5,0.045454545454545456,0.0,0.0,,110.0,5.0,0.045454545454545456,105,5,0.047619047619047616,0.0,0.0,,105.0,5.0,0.047619047619047616,105,110
8894,15,0,0.0,0.0,0.0,,15.0,0.0,0.0,14,0,0.0,0.0,0.0,,14.0,0.0,0.0,14,0,0.0,0.0,0.0,,14.0,0.0,0.0,14,14
8895,5,0,0.0,0.0,0.0,,5.0,0.0,0.0,5,0,0.0,0.0,0.0,,5.0,0.0,0.0,5,0,0.0,0.0,0.0,,5.0,0.0,0.0,5,5
8898,5,0,0.0,0.0,0.0,,5.0,0.0,0.0,5,0,0.0,0.0,0.0,,5.0,0.0,0.0,5,0,0.0,0.0,0.0,,5.0,0.0,0.0,5,5
8903,15,9,0.6,0.0,0.0,,15.0,9.0,0.6,14,8,0.5714285714285714,0.0,0.0,,14.0,8.0,0.5714285714285714,12,6,0.5,0.0,0.0,,12.0,6.0,0.5,12,14
8906,4,0,0.0,0.0,0.0,,4.0,0.0,0.0,4,0,0.0,0.0,0.0,,4.0,0.0,0.0,4,0,0.0,0.0,0.0,,4.0,0.0,0.0,4,4
8909,18,1,0.05555555555555555,0.0,0.0,,18.0,1.0,0.05555555555555555,17,1,0.058823529411764705,0.0,0.0,,17.0,1.0,0.058823529411764705,17,1,0.058823529411764705,0.0,0.0,,17.0,1.0,0.058823529411764705,17,17
8913,20,3,0.15,0.0,0.0,,20.0,3.0,0.15,18,2,0.1111111111111111,0.0,0.0,,18.0,2.0,0.1111111111111111,18,2,0.1111111111111111,0.0,0.0,,18.0,2.0,0.1111111111111111,18,18
8915,10,4,0.4,0.0,0.0,,10.0,4.0,0.4,9,3,0.3333333333333333,0.0,0.0,,9.0,3.0,0.3333333333333333,8,3,0.375,0.0,0.0,,8.0,3.0,0.375,8,9
8917,507,0,0.0,14.0,0.0,0.0,493.0,0.0,0.0,482,0,0.0,12.0,0.0,0.0,470.0,0.0,0.0,477,0,0.0,12.0,0.0,0.0,465.0,0.0,0.0,652,658
8919,23,6,0.2608695652173913,0.0,0.0,,23.0,6.0,0.2608695652173913,23,6,0.2608695652173913,0.0,0.0,,23.0,6.0,0.2608695652173913,23,6,0.2608695652173913,0.0,0.0,,23.0,6.0,0.2608695652173913,23,23
8920,14,3,0.21428571428571427,1.0,0.0,0.0,13.0,3.0,0.23076923076923078,14,3,0.21428571428571427,1.0,0.0,0.0,13.0,3.0,0.23076923076923078,14,3,0.21428571428571427,1.0,0.0,0.0,13.0,3.0,0.23076923076923078,15,15
8922,40,14,0.35,1.0,0.0,0.0,39.0,14.0,0.358974358974359,36,14,0.3888888888888889,1.0,0.0,0.0,35.0,14.0,0.4,34,13,0.38235294117647056,1.0,0.0,0.0,33.0,13.0,0.3939393939393939,53,55
8923,386523,17865,0.04621975923813072,6468.0,336.0,0.05194805194805195,380055.0,17529.0,0.04612227177645341,335735,16662,0.04962842718215259,5463.0,312.0,0.057111477210323995,330272.0,16350.0,0.049504650712140295,250231,15569,0.062218510096670676,4223.0,299.0,0.07080274686242008,246008.0,15270.0,0.06207115215765341,250231,335735
8924,67277,22835,0.3394176315828589,842.0,305.0,0.36223277909738716,66435.0,22530.0,0.3391284714382479,14874,7330,0.4928062390748958,239.0,119.0,0.497907949790795,14635.0,7211.0,0.4927229244960711,13228,6353,0.4802691260961597,224.0,107.0,0.47767857142857145,13004.0,6246.0,0.48031374961550294,13228,14874
8925,350,231,0.66,60.0,44.0,0.7333333333333333,290.0,187.0,0.6448275862068965,79,63,0.7974683544303798,9.0,9.0,1.0,70.0,54.0,0.7714285714285715,77,62,0.8051948051948052,9.0,9.0,1.0,68.0,53.0,0.7794117647058824,83,85
8926,63901,8951,0.14007605514780677,121.0,39.0,0.32231404958677684,63780.0,8912.0,0.13973032298526183,61882,8802,0.14223845383148573,119.0,39.0,0.3277310924369748,61763.0,8763.0,0.14188106147693602,54407,8342,0.15332585880493318,113.0,38.0,0.336283185840708,54294.0,8304.0,0.15294507680406674,54408,61883
8927,138999,11748,0.08451859365894719,2208.0,193.0,0.08740942028985507,136791.0,11555.0,0.08447193163292907,116729,10217,0.08752752101020311,1730.0,157.0,0.0907514450867052,114999.0,10060.0,0.08747902155670918,90512,8667,0.09575525897118614,1401.0,130.0,0.092790863668808,89111.0,8537.0,0.09580186508960735,90512,116729
8928,1791819,270693,0.15107162051524178,33266.0,6186.0,0.18595563037335416,1758553.0,264507.0,0.1504117305534721,854765,122976,0.14387112247225844,11823.0,2157.0,0.1824410048211114,842942.0,120819.0,0.14333014608359768,600825,99538,0.16566887196771107,8848.0,1828.0,0.2066003616636528,591977.0,97710.0,0.16505708836660885,601807,855884
8929,512272,80312,0.15677608770340756,10498.0,2228.0,0.21223090112402362,501774.0,78084.0,0.15561587487594017,250189,35855,0.14331165638777085,3790.0,735.0,0.19393139841688653,246399.0,35120.0,0.14253304599450484,174286,29369,0.16851037949118117,2686.0,622.0,0.2315711094564408,171600.0,28747.0,0.16752331002331003,174286,250192
8930,19942,3469,0.17395446795707553,1.0,0.0,0.0,19941.0,3469.0,0.17396319141467328,1419,703,0.49541930937279777,1.0,0.0,0.0,1418.0,703.0,0.49576868829337095,1370,677,0.49416058394160584,1.0,0.0,0.0,1369.0,677.0,0.49452154857560265,2719,2777
8931,7864,5003,0.6361902339776195,94.0,68.0,0.723404255319149,7770.0,4935.0,0.6351351351351351,7142,4389,0.614533744049286,87.0,63.0,0.7241379310344828,7055.0,4326.0,0.6131821403260099,6698,4136,0.61749776052553,79.0,55.0,0.6962025316455697,6619.0,4081.0,0.6165583925064209,8044,8497
8932,242297,105807,0.4366830790311064,3898.0,1581.0,0.4055926115956901,238399.0,104226.0,0.4371914311721106,151940,74594,0.49094379360273793,2203.0,1014.0,0.460281434407626,149737.0,73580.0,0.49139491241309763,112641,61430,0.5453609254179207,1766.0,883.0,0.5,110875.0,60547.0,0.5460834272829763,112641,151940
8934,178630,56502,0.3163074511560208,2756.0,722.0,0.26197387518142234,175874.0,55780.0,0.31715887510376745,151806,49946,0.32901202851007205,2199.0,598.0,0.2719417917235107,149607.0,49348.0,0.3298508759616863,112571,39416,0.35014346501319166,1763.0,505.0,0.2864435621100397,110808.0,38911.0,0.3511569561764494,114117,153619
8935,292541,11799,0.04033280805083732,4234.0,181.0,0.04274917335852622,288307.0,11618.0,0.04029732195194706,245479,10666,0.04344974519205309,3324.0,160.0,0.048134777376654635,242155.0,10506.0,0.04338543494868989,187306,9871,0.0526998601219395,2686.0,155.0,0.0577066269545793,184620.0,9716.0,0.052627017657891885,187306,245479
8936,228947,3973,0.017353361258282483,3380.0,58.0,0.017159763313609466,225567.0,3915.0,0.017356262219207597,190034,3538,0.01861772103939295,2629.0,53.0,0.020159756561430202,187405.0,3485.0,0.0185960886849337,151404,3423,0.022608385511611317,2171.0,52.0,0.023952095808383235,149233.0,3371.0,0.022588837589541187,151404,190034
8937,353,154,0.43626062322946174,64.0,41.0,0.640625,289.0,113.0,0.39100346020761245,78,35,0.44871794871794873,9.0,5.0,0.5555555555555556,69.0,30.0,0.43478260869565216,76,35,0.4605263157894737,9.0,5.0,0.5555555555555556,67.0,30.0,0.44776119402985076,1430,1441
8938,50027,15312,0.30607471965138827,574.0,193.0,0.3362369337979094,49453.0,15119.0,0.3057246274240188,48921,15001,0.3066372314547945,565.0,189.0,0.3345132743362832,48356.0,14812.0,0.30631152287203245,38795,13396,0.3453022296687718,457.0,172.0,0.37636761487964987,38338.0,13224.0,0.34493192133131617,38795,48921
8939,350,140,0.4,64.0,15.0,0.234375,286.0,125.0,0.4370629370629371,78,35,0.44871794871794873,9.0,5.0,0.5555555555555556,69.0,30.0,0.43478260869565216,76,34,0.4473684210526316,9.0,5.0,0.5555555555555556,67.0,29.0,0.43283582089552236,1430,1441
8940,163999,7520,0.04585393813376911,2055.0,121.0,0.05888077858880779,161944.0,7399.0,0.04568863310774095,142608,7203,0.050509087849209024,1689.0,113.0,0.06690349319123742,140919.0,7090.0,0.05031259092102555,113540,7034,0.0619517350713405,1380.0,108.0,0.0782608695652174,112160.0,6926.0,0.061751069900142654,113540,142608
8941,2,0,0.0,0.0,0.0,,2.0,0.0,0.0,2,0,0.0,0.0,0.0,,2.0,0.0,0.0,2,0,0.0,0.0,0.0,,2.0,0.0,0.0,33,34
8966,36,2,0.05555555555555555,2.0,0.0,0.0,34.0,2.0,0.058823529411764705,35,2,0.05714285714285714,2.0,0.0,0.0,33.0,2.0,0.06060606060606061,34,2,0.058823529411764705,2.0,0.0,0.0,32.0,2.0,0.0625,34,35
8969,36,0,0.0,2.0,0.0,0.0,34.0,0.0,0.0,35,0,0.0,2.0,0.0,0.0,33.0,0.0,0.0,34,0,0.0,2.0,0.0,0.0,32.0,0.0,0.0,34,35
8998,47,0,0.0,2.0,0.0,0.0,45.0,0.0,0.0,46,0,0.0,2.0,0.0,0.0,44.0,0.0,0.0,46,0,0.0,2.0,0.0,0.0,44.0,0.0,0.0,71,71
8999,4,0,0.0,0.0,0.0,,4.0,0.0,0.0,4,0,0.0,0.0,0.0,,4.0,0.0,0.0,4,0,0.0,0.0,0.0,,4.0,0.0,0.0,4,4
9006,4528,4479,0.989178445229682,209.0,207.0,0.9904306220095693,4319.0,4272.0,0.9891178513544802,4392,4343,0.9888433515482696,190.0,188.0,0.9894736842105263,4202.0,4155.0,0.9888148500713946,4129,4083,0.9888592879631872,166.0,164.0,0.9879518072289156,3963.0,3919.0,0.9888973000252335,14071,15168
9014,334,300,0.8982035928143712,64.0,62.0,0.96875,270.0,238.0,0.8814814814814815,315,282,0.8952380952380953,57.0,55.0,0.9649122807017544,258.0,227.0,0.8798449612403101,298,266,0.8926174496644296,53.0,51.0,0.9622641509433962,245.0,215.0,0.8775510204081632,298,315
9024,334,298,0.8922155688622755,64.0,62.0,0.96875,270.0,236.0,0.8740740740740741,315,280,0.8888888888888888,57.0,55.0,0.9649122807017544,258.0,225.0,0.872093023255814,298,264,0.8859060402684564,53.0,51.0,0.9622641509433962,245.0,213.0,0.8693877551020408,299,316
9027,298,298,1.0,62.0,62.0,1.0,236.0,236.0,1.0,280,280,1.0,55.0,55.0,1.0,225.0,225.0,1.0,264,264,1.0,51.0,51.0,1.0,213.0,213.0,1.0,264,280
9033,2,2,1.0,0.0,0.0,,2.0,2.0,1.0,2,2,1.0,0.0,0.0,,2.0,2.0,1.0,2,2,1.0,0.0,0.0,,2.0,2.0,1.0,2,2
9035,5,0,0.0,0.0,0.0,,5.0,0.0,0.0,5,0,0.0,0.0,0.0,,5.0,0.0,0.0,5,0,0.0,0.0,0.0,,5.0,0.0,0.0,10,10
9048,35,6,0.17142857142857143,0.0,0.0,,35.0,6.0,0.17142857142857143,22,6,0.2727272727272727,0.0,0.0,,22.0,6.0,0.2727272727272727,22,6,0.2727272727272727,0.0,0.0,,22.0,6.0,0.2727272727272727,22,22
9049,33,9,0.2727272727272727,0.0,0.0,,33.0,9.0,0.2727272727272727,22,8,0.36363636363636365,0.0,0.0,,22.0,8.0,0.36363636363636365,22,8,0.36363636363636365,0.0,0.0,,22.0,8.0,0.36363636363636365,22,22
9056,66,44,0.6666666666666666,0.0,0.0,,66.0,44.0,0.6666666666666666,62,41,0.6612903225806451,0.0,0.0,,62.0,41.0,0.6612903225806451,58,39,0.6724137931034483,0.0,0.0,,58.0,39.0,0.6724137931034483,94,99
9078,37,6,0.16216216216216217,2.0,0.0,0.0,35.0,6.0,0.17142857142857143,34,6,0.17647058823529413,2.0,0.0,0.0,32.0,6.0,0.1875,34,6,0.17647058823529413,2.0,0.0,0.0,32.0,6.0,0.1875,34,34
9080,3,2,0.6666666666666666,0.0,0.0,,3.0,2.0,0.6666666666666666,3,2,0.6666666666666666,0.0,0.0,,3.0,2.0,0.6666666666666666,3,2,0.6666666666666666,0.0,0.0,,3.0,2.0,0.6666666666666666,3,3
9085,3,0,0.0,1.0,0.0,0.0,2.0,0.0,0.0,3,0,0.0,1.0,0.0,0.0,2.0,0.0,0.0,3,0,0.0,1.0,0.0,0.0,2.0,0.0,0.0,3,3
9088,6,6,1.0,1.0,1.0,1.0,5.0,5.0,1.0,6,6,1.0,1.0,1.0,1.0,5.0,5.0,1.0,6,6,1.0,1.0,1.0,1.0,5.0,5.0,1.0,7,7
9095,1,0,0.0,0.0,0.0,,1.0,0.0,0.0,1,0,0.0,0.0,0.0,,1.0,0.0,0.0,1,0,0.0,0.0,0.0,,1.0,0.0,0.0,1,1
9100,1,0,0.0,0.0,0.0,,1.0,0.0,0.0,1,0,0.0,0.0,0.0,,1.0,0.0,0.0,1,0,0.0,0.0,0.0,,1.0,0.0,0.0,1,1
9106,10,0,0.0,0.0,0.0,,10.0,0.0,0.0,6,0,0.0,0.0,0.0,,6.0,0.0,0.0,6,0,0.0,0.0,0.0,,6.0,0.0,0.0,6,6
9108,134,8,0.05970149253731343,3.0,0.0,0.0,131.0,8.0,0.061068702290076333,133,8,0.06015037593984962,3.0,0.0,0.0,130.0,8.0,0.06153846153846154,124,5,0.04032258064516129,3.0,0.0,0.0,121.0,5.0,0.04132231404958678,159,169
9109,2,0,0.0,0.0,0.0,,2.0,0.0,0.0,2,0,0.0,0.0,0.0,,2.0,0.0,0.0,2,0,0.0,0.0,0.0,,2.0,0.0,0.0,2,2
9110,21422,39,0.0018205583045467276,1009.0,0.0,0.0,20413.0,39.0,0.0019105472003135256,19852,38,0.0019141648196655248,816.0,0.0,0.0,19036.0,38.0,0.0019962176927926035,17709,38,0.002145801569823254,720.0,0.0,0.0,16989.0,38.0,0.0022367414209194182,17769,19916
9113,134,0,0.0,8.0,0.0,0.0,126.0,0.0,0.0,133,0,0.0,8.0,0.0,0.0,125.0,0.0,0.0,111,0,0.0,5.0,0.0,0.0,106.0,0.0,0.0,111,133
9117,357,0,0.0,3.0,0.0,0.0,354.0,0.0,0.0,355,0,0.0,3.0,0.0,0.0,352.0,0.0,0.0,340,0,0.0,3.0,0.0,0.0,337.0,0.0,0.0,340,355
9122,30,0,0.0,0.0,0.0,,30.0,0.0,0.0,26,0,0.0,0.0,0.0,,26.0,0.0,0.0,26,0,0.0,0.0,0.0,,26.0,0.0,0.0,26,26
9169,4,0,0.0,0.0,0.0,,4.0,0.0,0.0,3,0,0.0,0.0,0.0,,3.0,0.0,0.0,3,0,0.0,0.0,0.0,,3.0,0.0,0.0,3,3
9173,1,0,0.0,0.0,0.0,,1.0,0.0,0.0,1,0,0.0,0.0,0.0,,1.0,0.0,0.0,1,0,0.0,0.0,0.0,,1.0,0.0,0.0,248,248
9174,395,0,0.0,26.0,0.0,0.0,369.0,0.0,0.0,393,0,0.0,26.0,0.0,0.0,367.0,0.0,0.0,391,0,0.0,26.0,0.0,0.0,365.0,0.0,0.0,391,393
9176,160,0,0.0,13.0,0.0,0.0,147.0,0.0,0.0,159,0,0.0,13.0,0.0,0.0,146.0,0.0,0.0,151,0,0.0,13.0,0.0,0.0,138.0,0.0,0.0,162,170
9179,8360,0,0.0,157.0,0.0,0.0,8203.0,0.0,0.0,8326,0,0.0,154.0,0.0,0.0,8172.0,0.0,0.0,8226,0,0.0,153.0,0.0,0.0,8073.0,0.0,0.0,8226,8326
9193,4,0,0.0,0.0,0.0,,4.0,0.0,0.0,3,0,0.0,0.0,0.0,,3.0,0.0,0.0,3,0,0.0,0.0,0.0,,3.0,0.0,0.0,3,3
9197,1,0,0.0,0.0,0.0,,1.0,0.0,0.0,1,0,0.0,0.0,0.0,,1.0,0.0,0.0,1,0,0.0,0.0,0.0,,1.0,0.0,0.0,248,248
9198,357,0,0.0,3.0,0.0,0.0,354.0,0.0,0.0,355,0,0.0,3.0,0.0,0.0,352.0,0.0,0.0,340,0,0.0,3.0,0.0,0.0,337.0,0.0,0.0,340,355
9199,3,0,0.0,0.0,0.0,,3.0,0.0,0.0,3,0,0.0,0.0,0.0,,3.0,0.0,0.0,3,0,0.0,0.0,0.0,,3.0,0.0,0.0,77,83
9203,2106,0,0.0,203.0,0.0,0.0,1903.0,0.0,0.0,2064,0,0.0,198.0,0.0,0.0,1866.0,0.0,0.0,1922,0,0.0,184.0,0.0,0.0,1738.0,0.0,0.0,1967,2111
9207,8360,0,0.0,157.0,0.0,0.0,8203.0,0.0,0.0,8326,0,0.0,154.0,0.0,0.0,8172.0,0.0,0.0,8226,0,0.0,153.0,0.0,0.0,8073.0,0.0,0.0,8226,8326
9274,66,1,0.015151515151515152,0.0,0.0,,66.0,1.0,0.015151515151515152,20,1,0.05,0.0,0.0,,20.0,1.0,0.05,20,1,0.05,0.0,0.0,,20.0,1.0,0.05,20,20
9279,3,1,0.3333333333333333,1.0,1.0,1.0,2.0,0.0,0.0,3,1,0.3333333333333333,1.0,1.0,1.0,2.0,0.0,0.0,3,1,0.3333333333333333,1.0,1.0,1.0,2.0,0.0,0.0,3,3
9310,10,0,0.0,0.0,0.0,,10.0,0.0,0.0,6,0,0.0,0.0,0.0,,6.0,0.0,0.0,6,0,0.0,0.0,0.0,,6.0,0.0,0.0,6,6
9314,357,0,0.0,3.0,0.0,0.0,354.0,0.0,0.0,355,0,0.0,3.0,0.0,0.0,352.0,0.0,0.0,340,0,0.0,3.0,0.0,0.0,337.0,0.0,0.0,381,397
9319,3607,0,0.0,185.0,0.0,0.0,3422.0,0.0,0.0,3562,0,0.0,181.0,0.0,0.0,3381.0,0.0,0.0,3261,0,0.0,165.0,0.0,0.0,3096.0,0.0,0.0,3261,3562
9335,17,5,0.29411764705882354,2.0,0.0,0.0,15.0,5.0,0.3333333333333333,16,4,0.25,2.0,0.0,0.0,14.0,4.0,0.2857142857142857,16,4,0.25,2.0,0.0,0.0,14.0,4.0,0.2857142857142857,16,16
9355,21,0,0.0,5.0,0.0,0.0,16.0,0.0,0.0,20,0,0.0,4.0,0.0,0.0,16.0,0.0,0.0,17,0,0.0,4.0,0.0,0.0,13.0,0.0,0.0,40,43
9425,1,1,1.0,0.0,0.0,,1.0,1.0,1.0,1,1,1.0,0.0,0.0,,1.0,1.0,1.0,1,1,1.0,0.0,0.0,,1.0,1.0,1.0,1,1
9464,51,0,0.0,2.0,0.0,0.0,49.0,0.0,0.0,50,0,0.0,2.0,0.0,0.0,48.0,0.0,0.0,50,0,0.0,2.0,0.0,0.0,48.0,0.0,0.0,76,76
9507,4,0,0.0,0.0,0.0,,4.0,0.0,0.0,4,0,0.0,0.0,0.0,,4.0,0.0,0.0,4,0,0.0,0.0,0.0,,4.0,0.0,0.0,4,4
9515,2,0,0.0,0.0,0.0,,2.0,0.0,0.0,2,0,0.0,0.0,0.0,,2.0,0.0,0.0,2,0,0.0,0.0,0.0,,2.0,0.0,0.0,5,5
9535,7,4,0.5714285714285714,1.0,1.0,1.0,6.0,3.0,0.5,7,4,0.5714285714285714,1.0,1.0,1.0,6.0,3.0,0.5,7,4,0.5714285714285714,1.0,1.0,1.0,6.0,3.0,0.5,9,9
9537,1,0,0.0,0.0,0.0,,1.0,0.0,0.0,1,0,0.0,0.0,0.0,,1.0,0.0,0.0,1,0,0.0,0.0,0.0,,1.0,0.0,0.0,1,1
9543,45,9,0.2,0.0,0.0,,45.0,9.0,0.2,41,8,0.1951219512195122,0.0,0.0,,41.0,8.0,0.1951219512195122,39,8,0.20512820512820512,0.0,0.0,,39.0,8.0,0.20512820512820512,79,89
9550,18,0,0.0,0.0,0.0,,18.0,0.0,0.0,16,0,0.0,0.0,0.0,,16.0,0.0,0.0,15,0,0.0,0.0,0.0,,15.0,0.0,0.0,15,16
9553,10,0,0.0,0.0,0.0,,10.0,0.0,0.0,6,0,0.0,0.0,0.0,,6.0,0.0,0.0,6,0,0.0,0.0,0.0,,6.0,0.0,0.0,6,6
9560,34,7,0.20588235294117646,2.0,0.0,0.0,32.0,7.0,0.21875,34,7,0.20588235294117646,2.0,0.0,0.0,32.0,7.0,0.21875,33,7,0.21212121212121213,2.0,0.0,0.0,31.0,7.0,0.22580645161290322,33,34
9561,2923,60,0.020526855969893943,130.0,4.0,0.03076923076923077,2793.0,56.0,0.020050125313283207,2879,60,0.02084056964223689,127.0,4.0,0.031496062992125984,2752.0,56.0,0.020348837209302327,2582,58,0.022463206816421378,117.0,4.0,0.03418803418803419,2465.0,54.0,0.021906693711967545,2593,2890
9572,3,0,0.0,0.0,0.0,,3.0,0.0,0.0,3,0,0.0,0.0,0.0,,3.0,0.0,0.0,3,0,0.0,0.0,0.0,,3.0,0.0,0.0,3,3
9573,3,0,0.0,0.0,0.0,,3.0,0.0,0.0,3,0,0.0,0.0,0.0,,3.0,0.0,0.0,3,0,0.0,0.0,0.0,,3.0,0.0,0.0,28,28
9595,714,211,0.29551820728291317,7.0,3.0,0.42857142857142855,707.0,208.0,0.2942008486562942,178,91,0.5112359550561798,2.0,2.0,1.0,176.0,89.0,0.5056818181818182,125,72,0.576,2.0,2.0,1.0,123.0,70.0,0.5691056910569106,140,207
9596,1243,562,0.45213193885760256,8.0,2.0,0.25,1235.0,560.0,0.4534412955465587,438,256,0.5844748858447488,4.0,2.0,0.5,434.0,254.0,0.5852534562211982,245,177,0.7224489795918367,1.0,1.0,1.0,244.0,176.0,0.7213114754098361,245,438
9623,1,1,1.0,0.0,0.0,,1.0,1.0,1.0,1,1,1.0,0.0,0.0,,1.0,1.0,1.0,1,1,1.0,0.0,0.0,,1.0,1.0,1.0,1,1
9626,2,0,0.0,0.0,0.0,,2.0,0.0,0.0,1,0,0.0,0.0,0.0,,1.0,0.0,0.0,1,0,0.0,0.0,0.0,,1.0,0.0,0.0,48,48
9671,2,0,0.0,0.0,0.0,,2.0,0.0,0.0,2,0,0.0,0.0,0.0,,2.0,0.0,0.0,2,0,0.0,0.0,0.0,,2.0,0.0,0.0,8,8
9679,2,2,1.0,0.0,0.0,,2.0,2.0,1.0,2,2,1.0,0.0,0.0,,2.0,2.0,1.0,2,2,1.0,0.0,0.0,,2.0,2.0,1.0,2,2
9696,9,0,0.0,0.0,0.0,,9.0,0.0,0.0,7,0,0.0,0.0,0.0,,7.0,0.0,0.0,7,0,0.0,0.0,0.0,,7.0,0.0,0.0,7,7
9709,17,0,0.0,0.0,0.0,,17.0,0.0,0.0,17,0,0.0,0.0,0.0,,17.0,0.0,0.0,17,0,0.0,0.0,0.0,,17.0,0.0,0.0,17,17
9712,4100,675,0.16463414634146342,47.0,3.0,0.06382978723404255,4053.0,672.0,0.16580310880829016,2294,508,0.22144725370531823,27.0,3.0,0.1111111111111111,2267.0,505.0,0.2227613586237318,1777,482,0.27124366910523356,22.0,2.0,0.09090909090909091,1755.0,480.0,0.27350427350427353,1946,2535
9763,5,3,0.6,0.0,0.0,,5.0,3.0,0.6,4,2,0.5,0.0,0.0,,4.0,2.0,0.5,4,2,0.5,0.0,0.0,,4.0,2.0,0.5,4,4
9783,9,0,0.0,0.0,0.0,,9.0,0.0,0.0,7,0,0.0,0.0,0.0,,7.0,0.0,0.0,7,0,0.0,0.0,0.0,,7.0,0.0,0.0,7,7
9822,1,0,0.0,0.0,0.0,,1.0,0.0,0.0,1,0,0.0,0.0,0.0,,1.0,0.0,0.0,1,0,0.0,0.0,0.0,,1.0,0.0,0.0,1,1
9826,5732,337,0.05879274249825541,118.0,5.0,0.0423728813559322,5614.0,332.0,0.05913786961168507,2829,335,0.1184164015553199,56.0,5.0,0.08928571428571429,2773.0,330.0,0.11900468806346917,2518,312,0.12390786338363781,50.0,5.0,0.1,2468.0,307.0,0.12439222042139383,2518,2829
9837,34,13,0.38235294117647056,0.0,0.0,,34.0,13.0,0.38235294117647056,34,13,0.38235294117647056,0.0,0.0,,34.0,13.0,0.38235294117647056,33,13,0.3939393939393939,0.0,0.0,,33.0,13.0,0.3939393939393939,35,36
9854,45,28,0.6222222222222222,0.0,0.0,,45.0,28.0,0.6222222222222222,40,23,0.575,0.0,0.0,,40.0,23.0,0.575,37,23,0.6216216216216216,0.0,0.0,,37.0,23.0,0.6216216216216216,48,55
9865,3,0,0.0,0.0,0.0,,3.0,0.0,0.0,3,0,0.0,0.0,0.0,,3.0,0.0,0.0,3,0,0.0,0.0,0.0,,3.0,0.0,0.0,3,3
9867,2,1,0.5,0.0,0.0,,2.0,1.0,0.5,2,1,0.5,0.0,0.0,,2.0,1.0,0.5,2,1,0.5,0.0,0.0,,2.0,1.0,0.5,3,3
9875,32,7,0.21875,1.0,0.0,0.0,31.0,7.0,0.22580645161290322,20,7,0.35,1.0,0.0,0.0,19.0,7.0,0.3684210526315789,19,7,0.3684210526315789,1.0,0.0,0.0,18.0,7.0,0.3888888888888889,21,22
9924,1,0,0.0,0.0,0.0,,1.0,0.0,0.0,1,0,0.0,0.0,0.0,,1.0,0.0,0.0,1,0,0.0,0.0,0.0,,1.0,0.0,0.0,1,1
9940,5,0,0.0,0.0,0.0,,5.0,0.0,0.0,5,0,0.0,0.0,0.0,,5.0,0.0,0.0,5,0,0.0,0.0,0.0,,5.0,0.0,0.0,5,5
9954,77,13,0.16883116883116883,0.0,0.0,,77.0,13.0,0.16883116883116883,49,6,0.12244897959183673,0.0,0.0,,49.0,6.0,0.12244897959183673,45,6,0.13333333333333333,0.0,0.0,,45.0,6.0,0.13333333333333333,58,64
9963,22,9,0.4090909090909091,0.0,0.0,,22.0,9.0,0.4090909090909091,22,9,0.4090909090909091,0.0,0.0,,22.0,9.0,0.4090909090909091,21,9,0.42857142857142855,0.0,0.0,,21.0,9.0,0.42857142857142855,76,79
9982,3,3,1.0,0.0,0.0,,3.0,3.0,1.0,2,2,1.0,0.0,0.0,,2.0,2.0,1.0,2,2,1.0,0.0,0.0,,2.0,2.0,1.0,2,2
9985,186,0,0.0,0.0,0.0,,186.0,0.0,0.0,169,0,0.0,0.0,0.0,,169.0,0.0,0.0,167,0,0.0,0.0,0.0,,167.0,0.0,0.0,167,169
9986,72,26,0.3611111111111111,3.0,2.0,0.6666666666666666,69.0,24.0,0.34782608695652173,55,23,0.41818181818181815,1.0,1.0,1.0,54.0,22.0,0.4074074074074074,55,23,0.41818181818181815,1.0,1.0,1.0,54.0,22.0,0.4074074074074074,55,55
9987,107,23,0.21495327102803738,3.0,0.0,0.0,104.0,23.0,0.22115384615384615,79,17,0.21518987341772153,1.0,0.0,0.0,78.0,17.0,0.21794871794871795,79,17,0.21518987341772153,1.0,0.0,0.0,78.0,17.0,0.21794871794871795,79,79
9992,25,0,0.0,0.0,0.0,,25.0,0.0,0.0,23,0,0.0,0.0,0.0,,23.0,0.0,0.0,23,0,0.0,0.0,0.0,,23.0,0.0,0.0,28,28
9993,51,0,0.0,2.0,0.0,0.0,49.0,0.0,0.0,50,0,0.0,2.0,0.0,0.0,48.0,0.0,0.0,50,0,0.0,2.0,0.0,0.0,48.0,0.0,0.0,75,75
9996,4,0,0.0,0.0,0.0,,4.0,0.0,0.0,4,0,0.0,0.0,0.0,,4.0,0.0,0.0,4,0,0.0,0.0,0.0,,4.0,0.0,0.0,4,4
9997,72,0,0.0,2.0,0.0,0.0,70.0,0.0,0.0,69,0,0.0,2.0,0.0,0.0,67.0,0.0,0.0,69,0,0.0,2.0,0.0,0.0,67.0,0.0,0.0,94,94
10060,36,0,0.0,2.0,0.0,0.0,34.0,0.0,0.0,35,0,0.0,2.0,0.0,0.0,33.0,0.0,0.0,34,0,0.0,2.0,0.0,0.0,32.0,0.0,0.0,34,35
10066,2,0,0.0,1.0,0.0,0.0,1.0,0.0,0.0,2,0,0.0,1.0,0.0,0.0,1.0,0.0,0.0,2,0,0.0,1.0,0.0,0.0,1.0,0.0,0.0,2,2
10089,7,3,0.42857142857142855,0.0,0.0,,7.0,3.0,0.42857142857142855,7,3,0.42857142857142855,0.0,0.0,,7.0,3.0,0.42857142857142855,7,3,0.42857142857142855,0.0,0.0,,7.0,3.0,0.42857142857142855,7,7
10114,2,0,0.0,0.0,0.0,,2.0,0.0,0.0,1,0,0.0,0.0,0.0,,1.0,0.0,0.0,1,0,0.0,0.0,0.0,,1.0,0.0,0.0,49,49
10117,7,3,0.42857142857142855,0.0,0.0,,7.0,3.0,0.42857142857142855,6,2,0.3333333333333333,0.0,0.0,,6.0,2.0,0.3333333333333333,6,2,0.3333333333333333,0.0,0.0,,6.0,2.0,0.3333333333333333,6,6
10118,3,0,0.0,0.0,0.0,,3.0,0.0,0.0,2,0,0.0,0.0,0.0,,2.0,0.0,0.0,2,0,0.0,0.0,0.0,,2.0,0.0,0.0,2,2
10120,6,0,0.0,0.0,0.0,,6.0,0.0,0.0,4,0,0.0,0.0,0.0,,4.0,0.0,0.0,4,0,0.0,0.0,0.0,,4.0,0.0,0.0,4,4
10132,4,2,0.5,0.0,0.0,,4.0,2.0,0.5,4,2,0.5,0.0,0.0,,4.0,2.0,0.5,4,2,0.5,0.0,0.0,,4.0,2.0,0.5,4,4
10139,75,0,0.0,0.0,0.0,,75.0,0.0,0.0,67,0,0.0,0.0,0.0,,67.0,0.0,0.0,58,0,0.0,0.0,0.0,,58.0,0.0,0.0,63,72
10170,53,18,0.33962264150943394,0.0,0.0,,53.0,18.0,0.33962264150943394,49,16,0.32653061224489793,0.0,0.0,,49.0,16.0,0.32653061224489793,46,15,0.32608695652173914,0.0,0.0,,46.0,15.0,0.32608695652173914,115,138
10175,9,0,0.0,0.0,0.0,,9.0,0.0,0.0,9,0,0.0,0.0,0.0,,9.0,0.0,0.0,9,0,0.0,0.0,0.0,,9.0,0.0,0.0,180,221
10178,57,9,0.15789473684210525,0.0,0.0,,57.0,9.0,0.15789473684210525,48,2,0.041666666666666664,0.0,0.0,,48.0,2.0,0.041666666666666664,33,2,0.06060606060606061,0.0,0.0,,33.0,2.0,0.06060606060606061,38,54
10236,1,1,1.0,0.0,0.0,,1.0,1.0,1.0,1,1,1.0,0.0,0.0,,1.0,1.0,1.0,1,1,1.0,0.0,0.0,,1.0,1.0,1.0,10,10
10239,5,0,0.0,0.0,0.0,,5.0,0.0,0.0,5,0,0.0,0.0,0.0,,5.0,0.0,0.0,5,0,0.0,0.0,0.0,,5.0,0.0,0.0,10,10
10243,36,1,0.027777777777777776,2.0,0.0,0.0,34.0,1.0,0.029411764705882353,35,1,0.02857142857142857,2.0,0.0,0.0,33.0,1.0,0.030303030303030304,34,1,0.029411764705882353,2.0,0.0,0.0,32.0,1.0,0.03125,34,35
10334,4,0,0.0,0.0,0.0,,4.0,0.0,0.0,3,0,0.0,0.0,0.0,,3.0,0.0,0.0,3,0,0.0,0.0,0.0,,3.0,0.0,0.0,3,3
10339,1,0,0.0,0.0,0.0,,1.0,0.0,0.0,1,0,0.0,0.0,0.0,,1.0,0.0,0.0,1,0,0.0,0.0,0.0,,1.0,0.0,0.0,1,1
10341,1114,1,0.0008976660682226212,35.0,1.0,0.02857142857142857,1079.0,0.0,0.0,1086,1,0.0009208103130755065,30.0,1.0,0.03333333333333333,1056.0,0.0,0.0,996,1,0.001004016064257028,23.0,1.0,0.043478260869565216,973.0,0.0,0.0,1030,1120
10345,286,0,0.0,97.0,0.0,0.0,189.0,0.0,0.0,281,0,0.0,94.0,0.0,0.0,187.0,0.0,0.0,266,0,0.0,92.0,0.0,0.0,174.0,0.0,0.0,266,281
10349,20185,0,0.0,895.0,0.0,0.0,19290.0,0.0,0.0,19761,0,0.0,816.0,0.0,0.0,18945.0,0.0,0.0,17633,0,0.0,719.0,0.0,0.0,16914.0,0.0,0.0,33648,37019
10357,134,2,0.014925373134328358,3.0,0.0,0.0,131.0,2.0,0.015267175572519083,133,2,0.015037593984962405,3.0,0.0,0.0,130.0,2.0,0.015384615384615385,124,2,0.016129032258064516,3.0,0.0,0.0,121.0,2.0,0.01652892561983471,125,134
10359,274,1,0.0036496350364963502,13.0,0.0,0.0,261.0,1.0,0.0038314176245210726,255,1,0.00392156862745098,12.0,0.0,0.0,243.0,1.0,0.00411522633744856,240,1,0.004166666666666667,11.0,0.0,0.0,229.0,1.0,0.004366812227074236,240,255
10375,150,0,0.0,0.0,0.0,,150.0,0.0,0.0,47,0,0.0,0.0,0.0,,47.0,0.0,0.0,38,0,0.0,0.0,0.0,,38.0,0.0,0.0,38,47
10417,17,0,0.0,2.0,0.0,0.0,15.0,0.0,0.0,17,0,0.0,2.0,0.0,0.0,15.0,0.0,0.0,16,0,0.0,2.0,0.0,0.0,14.0,0.0,0.0,16,17
10425,17,0,0.0,2.0,0.0,0.0,15.0,0.0,0.0,17,0,0.0,2.0,0.0,0.0,15.0,0.0,0.0,16,0,0.0,2.0,0.0,0.0,14.0,0.0,0.0,16,17
10437,17,0,0.0,2.0,0.0,0.0,15.0,0.0,0.0,17,0,0.0,2.0,0.0,0.0,15.0,0.0,0.0,16,0,0.0,2.0,0.0,0.0,14.0,0.0,0.0,16,17
10564,9,0,0.0,0.0,0.0,,9.0,0.0,0.0,7,0,0.0,0.0,0.0,,7.0,0.0,0.0,7,0,0.0,0.0,0.0,,7.0,0.0,0.0,7,7
10576,9,0,0.0,0.0,0.0,,9.0,0.0,0.0,7,0,0.0,0.0,0.0,,7.0,0.0,0.0,7,0,0.0,0.0,0.0,,7.0,0.0,0.0,7,7
10596,171,31,0.18128654970760233,1.0,1.0,1.0,170.0,30.0,0.17647058823529413,166,31,0.18674698795180722,1.0,1.0,1.0,165.0,30.0,0.18181818181818182,160,31,0.19375,1.0,1.0,1.0,159.0,30.0,0.18867924528301888,160,166
10598,10,0,0.0,0.0,0.0,,10.0,0.0,0.0,9,0,0.0,0.0,0.0,,9.0,0.0,0.0,8,0,0.0,0.0,0.0,,8.0,0.0,0.0,8,9
10630,5,0,0.0,0.0,0.0,,5.0,0.0,0.0,5,0,0.0,0.0,0.0,,5.0,0.0,0.0,5,0,0.0,0.0,0.0,,5.0,0.0,0.0,5,5
10635,2,0,0.0,0.0,0.0,,2.0,0.0,0.0,2,0,0.0,0.0,0.0,,2.0,0.0,0.0,2,0,0.0,0.0,0.0,,2.0,0.0,0.0,2,2
10650,116,64,0.5517241379310345,2.0,2.0,1.0,114.0,62.0,0.543859649122807,83,48,0.5783132530120482,2.0,2.0,1.0,81.0,46.0,0.5679012345679012,79,48,0.6075949367088608,2.0,2.0,1.0,77.0,46.0,0.5974025974025974,114,118
10667,10,0,0.0,0.0,0.0,,10.0,0.0,0.0,6,0,0.0,0.0,0.0,,6.0,0.0,0.0,6,0,0.0,0.0,0.0,,6.0,0.0,0.0,6,6
10671,357,0,0.0,3.0,0.0,0.0,354.0,0.0,0.0,355,0,0.0,3.0,0.0,0.0,352.0,0.0,0.0,340,0,0.0,3.0,0.0,0.0,337.0,0.0,0.0,345,360
10673,28,0,0.0,0.0,0.0,,28.0,0.0,0.0,25,0,0.0,0.0,0.0,,25.0,0.0,0.0,25,0,0.0,0.0,0.0,,25.0,0.0,0.0,25,25
10674,4764,0,0.0,404.0,0.0,0.0,4360.0,0.0,0.0,4690,0,0.0,382.0,0.0,0.0,4308.0,0.0,0.0,4474,0,0.0,365.0,0.0,0.0,4109.0,0.0,0.0,4649,4887
10711,29,0,0.0,0.0,0.0,,29.0,0.0,0.0,29,0,0.0,0.0,0.0,,29.0,0.0,0.0,29,0,0.0,0.0,0.0,,29.0,0.0,0.0,29,29
10716,333,1,0.003003003003003003,6.0,0.0,0.0,327.0,1.0,0.0030581039755351682,331,1,0.0030211480362537764,6.0,0.0,0.0,325.0,1.0,0.003076923076923077,318,1,0.0031446540880503146,6.0,0.0,0.0,312.0,1.0,0.003205128205128205,462,480
10718,5,0,0.0,0.0,0.0,,5.0,0.0,0.0,5,0,0.0,0.0,0.0,,5.0,0.0,0.0,5,0,0.0,0.0,0.0,,5.0,0.0,0.0,5,5
10792,3,0,0.0,1.0,0.0,0.0,2.0,0.0,0.0,3,0,0.0,1.0,0.0,0.0,2.0,0.0,0.0,3,0,0.0,1.0,0.0,0.0,2.0,0.0,0.0,3,3
10797,56,0,0.0,0.0,0.0,,56.0,0.0,0.0,24,0,0.0,0.0,0.0,,24.0,0.0,0.0,20,0,0.0,0.0,0.0,,20.0,0.0,0.0,20,24
10822,10,0,0.0,0.0,0.0,,10.0,0.0,0.0,6,0,0.0,0.0,0.0,,6.0,0.0,0.0,6,0,0.0,0.0,0.0,,6.0,0.0,0.0,6,6
10823,357,0,0.0,3.0,0.0,0.0,354.0,0.0,0.0,355,0,0.0,3.0,0.0,0.0,352.0,0.0,0.0,340,0,0.0,3.0,0.0,0.0,337.0,0.0,0.0,363,378
10826,1,0,0.0,0.0,0.0,,1.0,0.0,0.0,1,0,0.0,0.0,0.0,,1.0,0.0,0.0,1,0,0.0,0.0,0.0,,1.0,0.0,0.0,1,1
10829,27,2,0.07407407407407407,2.0,0.0,0.0,25.0,2.0,0.08,27,2,0.07407407407407407,2.0,0.0,0.0,25.0,2.0,0.08,23,2,0.08695652173913043,2.0,0.0,0.0,21.0,2.0,0.09523809523809523,27,31
10855,1,0,0.0,1.0,0.0,0.0,0.0,0.0,,1,0,0.0,1.0,0.0,0.0,0.0,0.0,,1,0,0.0,1.0,0.0,0.0,0.0,0.0,,1,1
10862,105,76,0.7238095238095238,3.0,3.0,1.0,102.0,73.0,0.7156862745098039,96,73,0.7604166666666666,2.0,2.0,1.0,94.0,71.0,0.7553191489361702,82,68,0.8292682926829268,2.0,2.0,1.0,80.0,66.0,0.825,82,96
10866,3,0,0.0,1.0,0.0,0.0,2.0,0.0,0.0,3,0,0.0,1.0,0.0,0.0,2.0,0.0,0.0,3,0,0.0,1.0,0.0,0.0,2.0,0.0,0.0,3,3
10928,55,8,0.14545454545454545,2.0,0.0,0.0,53.0,8.0,0.1509433962264151,48,5,0.10416666666666667,2.0,0.0,0.0,46.0,5.0,0.10869565217391304,46,4,0.08695652173913043,2.0,0.0,0.0,44.0,4.0,0.09090909090909091,46,48
10948,11,4,0.36363636363636365,0.0,0.0,,11.0,4.0,0.36363636363636365,9,4,0.4444444444444444,0.0,0.0,,9.0,4.0,0.4444444444444444,9,4,0.4444444444444444,0.0,0.0,,9.0,4.0,0.4444444444444444,10,12
10957,156,67,0.42948717948717946,25.0,13.0,0.52,131.0,54.0,0.4122137404580153,20,17,0.85,1.0,1.0,1.0,19.0,16.0,0.8421052631578947,20,17,0.85,1.0,1.0,1.0,19.0,16.0,0.8421052631578947,22,22
10986,4,0,0.0,0.0,0.0,,4.0,0.0,0.0,3,0,0.0,0.0,0.0,,3.0,0.0,0.0,3,0,0.0,0.0,0.0,,3.0,0.0,0.0,3,3
10989,242,0,0.0,1.0,0.0,0.0,241.0,0.0,0.0,242,0,0.0,1.0,0.0,0.0,241.0,0.0,0.0,235,0,0.0,1.0,0.0,0.0,234.0,0.0,0.0,253,260
10993,33,0,0.0,6.0,0.0,0.0,27.0,0.0,0.0,33,0,0.0,6.0,0.0,0.0,27.0,0.0,0.0,32,0,0.0,6.0,0.0,0.0,26.0,0.0,0.0,33,34
11044,11,11,1.0,0.0,0.0,,11.0,11.0,1.0,5,5,1.0,0.0,0.0,,5.0,5.0,1.0,4,4,1.0,0.0,0.0,,4.0,4.0,1.0,5,6
11066,4,0,0.0,0.0,0.0,,4.0,0.0,0.0,4,0,0.0,0.0,0.0,,4.0,0.0,0.0,4,0,0.0,0.0,0.0,,4.0,0.0,0.0,4,4
11070,7,1,0.14285714285714285,0.0,0.0,,7.0,1.0,0.14285714285714285,7,1,0.14285714285714285,0.0,0.0,,7.0,1.0,0.14285714285714285,7,1,0.14285714285714285,0.0,0.0,,7.0,1.0,0.14285714285714285,7,7
11083,8,0,0.0,0.0,0.0,,8.0,0.0,0.0,8,0,0.0,0.0,0.0,,8.0,0.0,0.0,7,0,0.0,0.0,0.0,,7.0,0.0,0.0,7,8
11098,3,0,0.0,1.0,0.0,0.0,2.0,0.0,0.0,3,0,0.0,1.0,0.0,0.0,2.0,0.0,0.0,3,0,0.0,1.0,0.0,0.0,2.0,0.0,0.0,3,3
11131,9,0,0.0,0.0,0.0,,9.0,0.0,0.0,7,0,0.0,0.0,0.0,,7.0,0.0,0.0,7,0,0.0,0.0,0.0,,7.0,0.0,0.0,7,7
11207,41,1,0.024390243902439025,2.0,0.0,0.0,39.0,1.0,0.02564102564102564,40,1,0.025,2.0,0.0,0.0,38.0,1.0,0.02631578947368421,39,1,0.02564102564102564,2.0,0.0,0.0,37.0,1.0,0.02702702702702703,44,45
11216,9,0,0.0,0.0,0.0,,9.0,0.0,0.0,7,0,0.0,0.0,0.0,,7.0,0.0,0.0,7,0,0.0,0.0,0.0,,7.0,0.0,0.0,7,7
11225,9,0,0.0,0.0,0.0,,9.0,0.0,0.0,8,0,0.0,0.0,0.0,,8.0,0.0,0.0,4,0,0.0,0.0,0.0,,4.0,0.0,0.0,4,8
11233,134,20,0.14925373134328357,3.0,2.0,0.6666666666666666,131.0,18.0,0.13740458015267176,133,20,0.15037593984962405,3.0,2.0,0.6666666666666666,130.0,18.0,0.13846153846153847,124,20,0.16129032258064516,3.0,2.0,0.6666666666666666,121.0,18.0,0.1487603305785124,124,133
11235,20183,0,0.0,893.0,0.0,0.0,19290.0,0.0,0.0,19761,0,0.0,815.0,0.0,0.0,18946.0,0.0,0.0,17634,0,0.0,719.0,0.0,0.0,16915.0,0.0,0.0,17634,19761
11287,2,0,0.0,0.0,0.0,,2.0,0.0,0.0,2,0,0.0,0.0,0.0,,2.0,0.0,0.0,2,0,0.0,0.0,0.0,,2.0,0.0,0.0,2,2
11308,446,284,0.6367713004484304,21.0,15.0,0.7142857142857143,425.0,269.0,0.6329411764705882,343,236,0.6880466472303207,11.0,8.0,0.7272727272727273,332.0,228.0,0.6867469879518072,331,225,0.6797583081570997,11.0,8.0,0.7272727272727273,320.0,217.0,0.678125,331,343
11310,1224,926,0.7565359477124183,92.0,78.0,0.8478260869565217,1132.0,848.0,0.7491166077738516,146,142,0.9726027397260274,8.0,8.0,1.0,138.0,134.0,0.9710144927536232,126,122,0.9682539682539683,7.0,7.0,1.0,119.0,115.0,0.9663865546218487,131,152
11319,90,0,0.0,3.0,0.0,0.0,87.0,0.0,0.0,50,0,0.0,2.0,0.0,0.0,48.0,0.0,0.0,50,0,0.0,2.0,0.0,0.0,48.0,0.0,0.0,75,75
11323,4,0,0.0,0.0,0.0,,4.0,0.0,0.0,4,0,0.0,0.0,0.0,,4.0,0.0,0.0,4,0,0.0,0.0,0.0,,4.0,0.0,0.0,29,29
11327,6,0,0.0,0.0,0.0,,6.0,0.0,0.0,6,0,0.0,0.0,0.0,,6.0,0.0,0.0,6,0,0.0,0.0,0.0,,6.0,0.0,0.0,6,6
11331,7,0,0.0,0.0,0.0,,7.0,0.0,0.0,7,0,0.0,0.0,0.0,,7.0,0.0,0.0,7,0,0.0,0.0,0.0,,7.0,0.0,0.0,7,7
11342,2,2,1.0,0.0,0.0,,2.0,2.0,1.0,2,2,1.0,0.0,0.0,,2.0,2.0,1.0,2,2,1.0,0.0,0.0,,2.0,2.0,1.0,2,2
11381,8,8,1.0,0.0,0.0,,8.0,8.0,1.0,4,4,1.0,0.0,0.0,,4.0,4.0,1.0,4,4,1.0,0.0,0.0,,4.0,4.0,1.0,33,33
11382,8360,0,0.0,157.0,0.0,0.0,8203.0,0.0,0.0,8326,0,0.0,154.0,0.0,0.0,8172.0,0.0,0.0,8226,0,0.0,153.0,0.0,0.0,8073.0,0.0,0.0,8226,8326
11402,1,0,0.0,0.0,0.0,,1.0,0.0,0.0,1,0,0.0,0.0,0.0,,1.0,0.0,0.0,1,0,0.0,0.0,0.0,,1.0,0.0,0.0,1,1
11425,84,39,0.4642857142857143,1.0,0.0,0.0,83.0,39.0,0.46987951807228917,58,35,0.603448275862069,1.0,0.0,0.0,57.0,35.0,0.6140350877192983,55,35,0.6363636363636364,1.0,0.0,0.0,54.0,35.0,0.6481481481481481,81,84
11469,364,62,0.17032967032967034,5.0,0.0,0.0,359.0,62.0,0.17270194986072424,254,39,0.15354330708661418,5.0,0.0,0.0,249.0,39.0,0.1566265060240964,231,35,0.15151515151515152,5.0,0.0,0.0,226.0,35.0,0.15486725663716813,329,364
11478,9,0,0.0,0.0,0.0,,9.0,0.0,0.0,7,0,0.0,0.0,0.0,,7.0,0.0,0.0,7,0,0.0,0.0,0.0,,7.0,0.0,0.0,7,7
11493,72,32,0.4444444444444444,0.0,0.0,,72.0,32.0,0.4444444444444444,71,31,0.43661971830985913,0.0,0.0,,71.0,31.0,0.43661971830985913,66,27,0.4090909090909091,0.0,0.0,,66.0,27.0,0.4090909090909091,131,157
11551,10,8,0.8,0.0,0.0,,10.0,8.0,0.8,10,8,0.8,0.0,0.0,,10.0,8.0,0.8,10,8,0.8,0.0,0.0,,10.0,8.0,0.8,10,10
11553,6,0,0.0,0.0,0.0,,6.0,0.0,0.0,6,0,0.0,0.0,0.0,,6.0,0.0,0.0,6,0,0.0,0.0,0.0,,6.0,0.0,0.0,6,6
11563,26,14,0.5384615384615384,0.0,0.0,,26.0,14.0,0.5384615384615384,26,14,0.5384615384615384,0.0,0.0,,26.0,14.0,0.5384615384615384,26,14,0.5384615384615384,0.0,0.0,,26.0,14.0,0.5384615384615384,26,26
11567,13,5,0.38461538461538464,0.0,0.0,,13.0,5.0,0.38461538461538464,12,5,0.4166666666666667,0.0,0.0,,12.0,5.0,0.4166666666666667,12,5,0.4166666666666667,0.0,0.0,,12.0,5.0,0.4166666666666667,33,34
11578,6,0,0.0,0.0,0.0,,6.0,0.0,0.0,6,0,0.0,0.0,0.0,,6.0,0.0,0.0,6,0,0.0,0.0,0.0,,6.0,0.0,0.0,6,6
11587,22,0,0.0,1.0,0.0,0.0,21.0,0.0,0.0,22,0,0.0,1.0,0.0,0.0,21.0,0.0,0.0,21,0,0.0,1.0,0.0,0.0,20.0,0.0,0.0,21,22
11644,6,0,0.0,0.0,0.0,,6.0,0.0,0.0,6,0,0.0,0.0,0.0,,6.0,0.0,0.0,5,0,0.0,0.0,0.0,,5.0,0.0,0.0,5,6
11652,6,4,0.6666666666666666,0.0,0.0,,6.0,4.0,0.6666666666666666,6,4,0.6666666666666666,0.0,0.0,,6.0,4.0,0.6666666666666666,5,4,0.8,0.0,0.0,,5.0,4.0,0.8,5,6
11674,15,0,0.0,0.0,0.0,,15.0,0.0,0.0,15,0,0.0,0.0,0.0,,15.0,0.0,0.0,15,0,0.0,0.0,0.0,,15.0,0.0,0.0,21,21
11675,1,0,0.0,0.0,0.0,,1.0,0.0,0.0,1,0,0.0,0.0,0.0,,1.0,0.0,0.0,1,0,0.0,0.0,0.0,,1.0,0.0,0.0,1,1
11693,30,6,0.2,0.0,0.0,,30.0,6.0,0.2,26,5,0.19230769230769232,0.0,0.0,,26.0,5.0,0.19230769230769232,25,5,0.2,0.0,0.0,,25.0,5.0,0.2,25,26
11701,2,1,0.5,0.0,0.0,,2.0,1.0,0.5,2,1,0.5,0.0,0.0,,2.0,1.0,0.5,2,1,0.5,0.0,0.0,,2.0,1.0,0.5,2,2
11718,26,17,0.6538461538461539,0.0,0.0,,26.0,17.0,0.6538461538461539,24,17,0.7083333333333334,0.0,0.0,,24.0,17.0,0.7083333333333334,24,17,0.7083333333333334,0.0,0.0,,24.0,17.0,0.7083333333333334,24,24
11719,2561,10,0.003904724716907458,162.0,0.0,0.0,2399.0,10.0,0.004168403501458941,2543,10,0.003932363350373574,159.0,0.0,0.0,2384.0,10.0,0.0041946308724832215,2499,10,0.004001600640256103,158.0,0.0,0.0,2341.0,10.0,0.004271678769756515,38473,41257
11724,1,0,0.0,0.0,0.0,,1.0,0.0,0.0,1,0,0.0,0.0,0.0,,1.0,0.0,0.0,1,0,0.0,0.0,0.0,,1.0,0.0,0.0,1,1
11726,50,6,0.12,0.0,0.0,,50.0,6.0,0.12,50,6,0.12,0.0,0.0,,50.0,6.0,0.12,49,6,0.12244897959183673,0.0,0.0,,49.0,6.0,0.12244897959183673,49,50
11727,50,6,0.12,0.0,0.0,,50.0,6.0,0.12,50,6,0.12,0.0,0.0,,50.0,6.0,0.12,49,6,0.12244897959183673,0.0,0.0,,49.0,6.0,0.12244897959183673,49,50
11732,170,6,0.03529411764705882,4.0,0.0,0.0,166.0,6.0,0.03614457831325301,169,6,0.03550295857988166,4.0,0.0,0.0,165.0,6.0,0.03636363636363636,169,6,0.03550295857988166,4.0,0.0,0.0,165.0,6.0,0.03636363636363636,169,169
11733,176,39,0.2215909090909091,1.0,0.0,0.0,175.0,39.0,0.22285714285714286,175,39,0.22285714285714286,1.0,0.0,0.0,174.0,39.0,0.22413793103448276,175,39,0.22285714285714286,1.0,0.0,0.0,174.0,39.0,0.22413793103448276,175,175
11736,15,3,0.2,0.0,0.0,,15.0,3.0,0.2,15,3,0.2,0.0,0.0,,15.0,3.0,0.2,15,3,0.2,0.0,0.0,,15.0,3.0,0.2,15,15
11738,655,17,0.025954198473282442,16.0,0.0,0.0,639.0,17.0,0.026604068857589983,648,17,0.026234567901234566,16.0,0.0,0.0,632.0,17.0,0.02689873417721519,648,17,0.026234567901234566,16.0,0.0,0.0,632.0,17.0,0.02689873417721519,648,648
11739,294,21,0.07142857142857142,5.0,0.0,0.0,289.0,21.0,0.0726643598615917,291,20,0.06872852233676977,5.0,0.0,0.0,286.0,20.0,0.06993006993006994,291,20,0.06872852233676977,5.0,0.0,0.0,286.0,20.0,0.06993006993006994,291,291
11744,169,6,0.03550295857988166,3.0,0.0,0.0,166.0,6.0,0.03614457831325301,168,6,0.03571428571428571,3.0,0.0,0.0,165.0,6.0,0.03636363636363636,168,6,0.03571428571428571,3.0,0.0,0.0,165.0,6.0,0.03636363636363636,168,168
11746,188,46,0.24468085106382978,1.0,0.0,0.0,187.0,46.0,0.24598930481283424,186,45,0.24193548387096775,1.0,0.0,0.0,185.0,45.0,0.24324324324324326,186,45,0.24193548387096775,1.0,0.0,0.0,185.0,45.0,0.24324324324324326,186,186
11748,10,2,0.2,0.0,0.0,,10.0,2.0,0.2,9,1,0.1111111111111111,0.0,0.0,,9.0,1.0,0.1111111111111111,9,1,0.1111111111111111,0.0,0.0,,9.0,1.0,0.1111111111111111,9,9
11751,666,12,0.018018018018018018,18.0,0.0,0.0,648.0,12.0,0.018518518518518517,659,11,0.01669195751138088,18.0,0.0,0.0,641.0,11.0,0.0171606864274571,659,11,0.01669195751138088,18.0,0.0,0.0,641.0,11.0,0.0171606864274571,659,659
11752,304,10,0.03289473684210526,6.0,0.0,0.0,298.0,10.0,0.03355704697986577,301,10,0.03322259136212625,6.0,0.0,0.0,295.0,10.0,0.03389830508474576,301,10,0.03322259136212625,6.0,0.0,0.0,295.0,10.0,0.03389830508474576,301,301
11758,6,0,0.0,0.0,0.0,,6.0,0.0,0.0,6,0,0.0,0.0,0.0,,6.0,0.0,0.0,6,0,0.0,0.0,0.0,,6.0,0.0,0.0,6,6
11760,1,0,0.0,0.0,0.0,,1.0,0.0,0.0,1,0,0.0,0.0,0.0,,1.0,0.0,0.0,1,0,0.0,0.0,0.0,,1.0,0.0,0.0,1,1
11761,155,8,0.05161290322580645,4.0,0.0,0.0,151.0,8.0,0.052980132450331126,86,6,0.06976744186046512,2.0,0.0,0.0,84.0,6.0,0.07142857142857142,85,6,0.07058823529411765,2.0,0.0,0.0,83.0,6.0,0.07228915662650602,85,86
11779,273,0,0.0,2.0,0.0,0.0,271.0,0.0,0.0,194,0,0.0,2.0,0.0,0.0,192.0,0.0,0.0,193,0,0.0,2.0,0.0,0.0,191.0,0.0,0.0,193,194
11783,15,0,0.0,0.0,0.0,,15.0,0.0,0.0,15,0,0.0,0.0,0.0,,15.0,0.0,0.0,15,0,0.0,0.0,0.0,,15.0,0.0,0.0,15,15
11939,182,39,0.21428571428571427,0.0,0.0,,182.0,39.0,0.21428571428571427,181,39,0.2154696132596685,0.0,0.0,,181.0,39.0,0.2154696132596685,176,38,0.2159090909090909,0.0,0.0,,176.0,38.0,0.2159090909090909,177,182
11952,104,70,0.6730769230769231,0.0,0.0,,104.0,70.0,0.6730769230769231,103,70,0.6796116504854369,0.0,0.0,,103.0,70.0,0.6796116504854369,100,69,0.69,0.0,0.0,,100.0,69.0,0.69,100,103
11953,26,6,0.23076923076923078,0.0,0.0,,26.0,6.0,0.23076923076923078,26,6,0.23076923076923078,0.0,0.0,,26.0,6.0,0.23076923076923078,26,6,0.23076923076923078,0.0,0.0,,26.0,6.0,0.23076923076923078,26,26
11956,14,6,0.42857142857142855,0.0,0.0,,14.0,6.0,0.42857142857142855,14,6,0.42857142857142855,0.0,0.0,,14.0,6.0,0.42857142857142855,14,6,0.42857142857142855,0.0,0.0,,14.0,6.0,0.42857142857142855,14,14
11957,103,47,0.4563106796116505,0.0,0.0,,103.0,47.0,0.4563106796116505,102,47,0.46078431372549017,0.0,0.0,,102.0,47.0,0.46078431372549017,99,46,0.46464646464646464,0.0,0.0,,99.0,46.0,0.46464646464646464,99,102
11958,46,6,0.13043478260869565,0.0,0.0,,46.0,6.0,0.13043478260869565,26,6,0.23076923076923078,0.0,0.0,,26.0,6.0,0.23076923076923078,26,6,0.23076923076923078,0.0,0.0,,26.0,6.0,0.23076923076923078,26,26
11967,4346,4115,0.94684767602393,27.0,26.0,0.9629629629629629,4319.0,4089.0,0.9467469321602223,1517,1464,0.9650626235992089,9.0,9.0,1.0,1508.0,1455.0,0.9648541114058355,1443,1394,0.966042966042966,8.0,8.0,1.0,1435.0,1386.0,0.9658536585365853,1443,1517
11968,3127,2587,0.8273105212663895,24.0,18.0,0.75,3103.0,2569.0,0.8279084756687077,1198,1055,0.8806343906510852,12.0,9.0,0.75,1186.0,1046.0,0.8819561551433389,1146,1011,0.8821989528795812,12.0,9.0,0.75,1134.0,1002.0,0.8835978835978836,1146,1198
11975,4817,3089,0.6412705003113971,35.0,18.0,0.5142857142857142,4782.0,3071.0,0.6421999163529903,1802,1356,0.7524972253052165,28.0,15.0,0.5357142857142857,1774.0,1341.0,0.7559188275084555,1668,1267,0.7595923261390888,28.0,15.0,0.5357142857142857,1640.0,1252.0,0.7634146341463415,1668,1802
11978,61460,7894,0.12844126260982752,2322.0,192.0,0.082687338501292,59138.0,7702.0,0.13023774899387872,52205,3904,0.07478210899339144,2145.0,106.0,0.04941724941724942,50060.0,3798.0,0.07586895725129844,36075,3546,0.0982952182952183,1376.0,103.0,0.07485465116279069,34699.0,3443.0,0.09922476152050491,36087,52219
11980,6104,4189,0.6862712975098296,209.0,139.0,0.6650717703349283,5895.0,4050.0,0.6870229007633588,5044,3520,0.6978588421887391,170.0,119.0,0.7,4874.0,3401.0,0.6977841608535084,4286,3007,0.7015865608959403,150.0,106.0,0.7066666666666667,4136.0,2901.0,0.7014023210831721,4315,5082
11981,22,6,0.2727272727272727,0.0,0.0,,22.0,6.0,0.2727272727272727,22,6,0.2727272727272727,0.0,0.0,,22.0,6.0,0.2727272727272727,22,6,0.2727272727272727,0.0,0.0,,22.0,6.0,0.2727272727272727,29,30
11982,24,2,0.08333333333333333,0.0,0.0,,24.0,2.0,0.08333333333333333,24,2,0.08333333333333333,0.0,0.0,,24.0,2.0,0.08333333333333333,24,2,0.08333333333333333,0.0,0.0,,24.0,2.0,0.08333333333333333,32,33
11986,18,12,0.6666666666666666,1.0,0.0,0.0,17.0,12.0,0.7058823529411765,18,12,0.6666666666666666,1.0,0.0,0.0,17.0,12.0,0.7058823529411765,18,12,0.6666666666666666,1.0,0.0,0.0,17.0,12.0,0.7058823529411765,18,18
11987,2,0,0.0,0.0,0.0,,2.0,0.0,0.0,2,0,0.0,0.0,0.0,,2.0,0.0,0.0,1,0,0.0,0.0,0.0,,1.0,0.0,0.0,1,2
11990,1,0,0.0,0.0,0.0,,1.0,0.0,0.0,1,0,0.0,0.0,0.0,,1.0,0.0,0.0,1,0,0.0,0.0,0.0,,1.0,0.0,0.0,1,1
11991,90,51,0.5666666666666667,1.0,1.0,1.0,89.0,50.0,0.5617977528089888,86,49,0.5697674418604651,1.0,1.0,1.0,85.0,48.0,0.5647058823529412,86,49,0.5697674418604651,1.0,1.0,1.0,85.0,48.0,0.5647058823529412,86,86
11992,1,0,0.0,0.0,0.0,,1.0,0.0,0.0,1,0,0.0,0.0,0.0,,1.0,0.0,0.0,1,0,0.0,0.0,0.0,,1.0,0.0,0.0,6,6
12000,3,0,0.0,0.0,0.0,,3.0,0.0,0.0,3,0,0.0,0.0,0.0,,3.0,0.0,0.0,3,0,0.0,0.0,0.0,,3.0,0.0,0.0,3,3
12018,122,26,0.21311475409836064,1.0,0.0,0.0,121.0,26.0,0.21487603305785125,109,25,0.22935779816513763,1.0,0.0,0.0,108.0,25.0,0.23148148148148148,105,22,0.20952380952380953,1.0,0.0,0.0,104.0,22.0,0.21153846153846154,112,119
12021,15,3,0.2,0.0,0.0,,15.0,3.0,0.2,15,3,0.2,0.0,0.0,,15.0,3.0,0.2,15,3,0.2,0.0,0.0,,15.0,3.0,0.2,15,15
12058,133,0,0.0,0.0,0.0,,133.0,0.0,0.0,132,0,0.0,0.0,0.0,,132.0,0.0,0.0,130,0,0.0,0.0,0.0,,130.0,0.0,0.0,130,132
12069,1,0,0.0,0.0,0.0,,1.0,0.0,0.0,1,0,0.0,0.0,0.0,,1.0,0.0,0.0,1,0,0.0,0.0,0.0,,1.0,0.0,0.0,1,1
12072,18,0,0.0,1.0,0.0,0.0,17.0,0.0,0.0,18,0,0.0,1.0,0.0,0.0,17.0,0.0,0.0,18,0,0.0,1.0,0.0,0.0,17.0,0.0,0.0,82,83
12075,47,0,0.0,1.0,0.0,0.0,46.0,0.0,0.0,46,0,0.0,1.0,0.0,0.0,45.0,0.0,0.0,42,0,0.0,1.0,0.0,0.0,41.0,0.0,0.0,42,46
12078,116,1,0.008620689655172414,6.0,1.0,0.16666666666666666,110.0,0.0,0.0,116,1,0.008620689655172414,6.0,1.0,0.16666666666666666,110.0,0.0,0.0,116,1,0.008620689655172414,6.0,1.0,0.16666666666666666,110.0,0.0,0.0,116,116
12079,380,0,0.0,6.0,0.0,0.0,374.0,0.0,0.0,380,0,0.0,6.0,0.0,0.0,374.0,0.0,0.0,380,0,0.0,6.0,0.0,0.0,374.0,0.0,0.0,380,380
12080,51,0,0.0,1.0,0.0,0.0,50.0,0.0,0.0,46,0,0.0,1.0,0.0,0.0,45.0,0.0,0.0,42,0,0.0,1.0,0.0,0.0,41.0,0.0,0.0,42,46
12088,206,11,0.05339805825242718,10.0,0.0,0.0,196.0,11.0,0.05612244897959184,205,11,0.05365853658536585,10.0,0.0,0.0,195.0,11.0,0.05641025641025641,204,11,0.05392156862745098,10.0,0.0,0.0,194.0,11.0,0.05670103092783505,244,247
12089,205,39,0.1902439024390244,10.0,0.0,0.0,195.0,39.0,0.2,204,39,0.19117647058823528,10.0,0.0,0.0,194.0,39.0,0.20103092783505155,203,39,0.1921182266009852,10.0,0.0,0.0,193.0,39.0,0.20207253886010362,243,246
12101,67,56,0.835820895522388,1.0,1.0,1.0,66.0,55.0,0.8333333333333334,55,45,0.8181818181818182,1.0,1.0,1.0,54.0,44.0,0.8148148148148148,52,42,0.8076923076923077,1.0,1.0,1.0,51.0,41.0,0.803921568627451,52,55
12110,16,4,0.25,0.0,0.0,,16.0,4.0,0.25,16,4,0.25,0.0,0.0,,16.0,4.0,0.25,16,4,0.25,0.0,0.0,,16.0,4.0,0.25,16,16
12111,4,2,0.5,0.0,0.0,,4.0,2.0,0.5,4,2,0.5,0.0,0.0,,4.0,2.0,0.5,4,2,0.5,0.0,0.0,,4.0,2.0,0.5,9,9
12129,70,9,0.12857142857142856,1.0,0.0,0.0,69.0,9.0,0.13043478260869565,65,9,0.13846153846153847,1.0,0.0,0.0,64.0,9.0,0.140625,63,9,0.14285714285714285,1.0,0.0,0.0,62.0,9.0,0.14516129032258066,105,119
12131,3,1,0.3333333333333333,0.0,0.0,,3.0,1.0,0.3333333333333333,3,1,0.3333333333333333,0.0,0.0,,3.0,1.0,0.3333333333333333,3,1,0.3333333333333333,0.0,0.0,,3.0,1.0,0.3333333333333333,7,7
12151,29,4,0.13793103448275862,0.0,0.0,,29.0,4.0,0.13793103448275862,29,4,0.13793103448275862,0.0,0.0,,29.0,4.0,0.13793103448275862,29,4,0.13793103448275862,0.0,0.0,,29.0,4.0,0.13793103448275862,418,439
12234,7573,4813,0.6355473392314802,302.0,191.0,0.6324503311258278,7271.0,4622.0,0.6356759730435979,6330,4033,0.6371248025276461,248.0,160.0,0.6451612903225806,6082.0,3873.0,0.6367971062150608,5314,3440,0.64734663153933,223.0,146.0,0.6547085201793722,5091.0,3294.0,0.6470241602828521,5684,6773
12238,48880,1356,0.02774140752864157,1325.0,47.0,0.03547169811320755,47555.0,1309.0,0.027526022500262853,48088,1321,0.027470470803526867,1294.0,45.0,0.0347758887171561,46794.0,1276.0,0.027268453220498354,46807,1293,0.027624073322366313,1280.0,45.0,0.03515625,45527.0,1248.0,0.027412304786170842,62724,64263
12239,16896,223,0.013198390151515152,406.0,3.0,0.007389162561576354,16490.0,220.0,0.013341419041843541,16628,222,0.013350974260283859,398.0,3.0,0.007537688442211055,16230.0,219.0,0.013493530499075786,16326,222,0.013597941933112825,394.0,3.0,0.007614213197969543,15932.0,219.0,0.013745920160682903,16326,16628
12246,9045,133,0.014704256495301271,100.0,2.0,0.02,8945.0,131.0,0.014645053102291783,8956,129,0.014403751674854847,100.0,2.0,0.02,8856.0,127.0,0.014340560072267389,8877,129,0.014531936465021968,100.0,2.0,0.02,8777.0,127.0,0.014469636550074057,8877,8956
12249,48,1,0.020833333333333332,0.0,0.0,,48.0,1.0,0.020833333333333332,48,1,0.020833333333333332,0.0,0.0,,48.0,1.0,0.020833333333333332,48,1,0.020833333333333332,0.0,0.0,,48.0,1.0,0.020833333333333332,48,48
12256,14,0,0.0,0.0,0.0,,14.0,0.0,0.0,14,0,0.0,0.0,0.0,,14.0,0.0,0.0,14,0,0.0,0.0,0.0,,14.0,0.0,0.0,14,14
12257,14,0,0.0,0.0,0.0,,14.0,0.0,0.0,14,0,0.0,0.0,0.0,,14.0,0.0,0.0,14,0,0.0,0.0,0.0,,14.0,0.0,0.0,14,14
12268,2,0,0.0,0.0,0.0,,2.0,0.0,0.0,2,0,0.0,0.0,0.0,,2.0,0.0,0.0,2,0,0.0,0.0,0.0,,2.0,0.0,0.0,2,2
12280,13,0,0.0,0.0,0.0,,13.0,0.0,0.0,7,0,0.0,0.0,0.0,,7.0,0.0,0.0,7,0,0.0,0.0,0.0,,7.0,0.0,0.0,7,7
12282,5,0,0.0,0.0,0.0,,5.0,0.0,0.0,5,0,0.0,0.0,0.0,,5.0,0.0,0.0,5,0,0.0,0.0,0.0,,5.0,0.0,0.0,5,5
12285,3325,91,0.02736842105263158,70.0,2.0,0.02857142857142857,3255.0,89.0,0.027342549923195084,3053,86,0.028169014084507043,62.0,1.0,0.016129032258064516,2991.0,85.0,0.02841858910063524,2925,86,0.029401709401709403,58.0,1.0,0.017241379310344827,2867.0,85.0,0.029647715381932335,11900,13352
12288,79,0,0.0,3.0,0.0,0.0,76.0,0.0,0.0,78,0,0.0,3.0,0.0,0.0,75.0,0.0,0.0,78,0,0.0,3.0,0.0,0.0,75.0,0.0,0.0,79,79
12289,10,0,0.0,1.0,0.0,0.0,9.0,0.0,0.0,10,0,0.0,1.0,0.0,0.0,9.0,0.0,0.0,10,0,0.0,1.0,0.0,0.0,9.0,0.0,0.0,12,12
12304,4,0,0.0,0.0,0.0,,4.0,0.0,0.0,4,0,0.0,0.0,0.0,,4.0,0.0,0.0,4,0,0.0,0.0,0.0,,4.0,0.0,0.0,4,4
12321,8,0,0.0,0.0,0.0,,8.0,0.0,0.0,8,0,0.0,0.0,0.0,,8.0,0.0,0.0,8,0,0.0,0.0,0.0,,8.0,0.0,0.0,331,333
12335,885,18,0.020338983050847456,8.0,0.0,0.0,877.0,18.0,0.020524515393386546,881,18,0.02043132803632236,8.0,0.0,0.0,873.0,18.0,0.020618556701030927,862,18,0.02088167053364269,8.0,0.0,0.0,854.0,18.0,0.02107728337236534,874,894
12336,289,0,0.0,0.0,0.0,,289.0,0.0,0.0,286,0,0.0,0.0,0.0,,286.0,0.0,0.0,275,0,0.0,0.0,0.0,,275.0,0.0,0.0,660,692
12361,12933,2337,0.18070053351890514,154.0,20.0,0.12987012987012986,12779.0,2317.0,0.18131309179121996,11688,2264,0.19370294318959616,145.0,20.0,0.13793103448275862,11543.0,2244.0,0.19440353460972018,10940,2156,0.19707495429616087,139.0,20.0,0.14388489208633093,10801.0,2136.0,0.1977594667160448,14104,15078
12371,990,3,0.0030303030303030303,8.0,0.0,0.0,982.0,3.0,0.003054989816700611,983,3,0.003051881993896236,8.0,0.0,0.0,975.0,3.0,0.003076923076923077,960,3,0.003125,8.0,0.0,0.0,952.0,3.0,0.0031512605042016808,960,983
12373,302,0,0.0,0.0,0.0,,302.0,0.0,0.0,299,0,0.0,0.0,0.0,,299.0,0.0,0.0,288,0,0.0,0.0,0.0,,288.0,0.0,0.0,596,624
12377,126,15,0.11904761904761904,2.0,0.0,0.0,124.0,15.0,0.12096774193548387,117,13,0.1111111111111111,2.0,0.0,0.0,115.0,13.0,0.11304347826086956,113,13,0.11504424778761062,2.0,0.0,0.0,111.0,13.0,0.11711711711711711,113,117
12379,294,1,0.003401360544217687,0.0,0.0,,294.0,1.0,0.003401360544217687,230,1,0.004347826086956522,0.0,0.0,,230.0,1.0,0.004347826086956522,229,1,0.004366812227074236,0.0,0.0,,229.0,1.0,0.004366812227074236,229,230
12381,17,0,0.0,0.0,0.0,,17.0,0.0,0.0,17,0,0.0,0.0,0.0,,17.0,0.0,0.0,17,0,0.0,0.0,0.0,,17.0,0.0,0.0,17,17
12383,86,5,0.05813953488372093,2.0,0.0,0.0,84.0,5.0,0.05952380952380952,78,3,0.038461538461538464,2.0,0.0,0.0,76.0,3.0,0.039473684210526314,76,3,0.039473684210526314,2.0,0.0,0.0,74.0,3.0,0.04054054054054054,76,78
12384,17,0,0.0,0.0,0.0,,17.0,0.0,0.0,17,0,0.0,0.0,0.0,,17.0,0.0,0.0,17,0,0.0,0.0,0.0,,17.0,0.0,0.0,366,437
12391,61,0,0.0,0.0,0.0,,61.0,0.0,0.0,60,0,0.0,0.0,0.0,,60.0,0.0,0.0,59,0,0.0,0.0,0.0,,59.0,0.0,0.0,59,60
12406,1157,1,0.000864304235090752,20.0,0.0,0.0,1137.0,1.0,0.0008795074758135445,1019,1,0.0009813542688910696,18.0,0.0,0.0,1001.0,1.0,0.000999000999000999,958,1,0.0010438413361169101,18.0,0.0,0.0,940.0,1.0,0.0010638297872340426,958,1019
12416,4,0,0.0,0.0,0.0,,4.0,0.0,0.0,2,0,0.0,0.0,0.0,,2.0,0.0,0.0,2,0,0.0,0.0,0.0,,2.0,0.0,0.0,2,2
12419,72,1,0.013888888888888888,1.0,0.0,0.0,71.0,1.0,0.014084507042253521,70,1,0.014285714285714285,1.0,0.0,0.0,69.0,1.0,0.014492753623188406,70,1,0.014285714285714285,1.0,0.0,0.0,69.0,1.0,0.014492753623188406,70,70
12425,5,0,0.0,0.0,0.0,,5.0,0.0,0.0,4,0,0.0,0.0,0.0,,4.0,0.0,0.0,4,0,0.0,0.0,0.0,,4.0,0.0,0.0,4,4
12429,307,59,0.19218241042345277,3.0,0.0,0.0,304.0,59.0,0.19407894736842105,218,27,0.12385321100917432,3.0,0.0,0.0,215.0,27.0,0.12558139534883722,196,19,0.09693877551020408,3.0,0.0,0.0,193.0,19.0,0.09844559585492228,459,541
12431,29,0,0.0,0.0,0.0,,29.0,0.0,0.0,28,0,0.0,0.0,0.0,,28.0,0.0,0.0,28,0,0.0,0.0,0.0,,28.0,0.0,0.0,28,28
12436,330,35,0.10606060606060606,0.0,0.0,,330.0,35.0,0.10606060606060606,295,35,0.11864406779661017,0.0,0.0,,295.0,35.0,0.11864406779661017,284,34,0.11971830985915492,0.0,0.0,,284.0,34.0,0.11971830985915492,284,295
12438,233,4,0.017167381974248927,8.0,0.0,0.0,225.0,4.0,0.017777777777777778,203,2,0.009852216748768473,7.0,0.0,0.0,196.0,2.0,0.01020408163265306,198,2,0.010101010101010102,7.0,0.0,0.0,191.0,2.0,0.010471204188481676,198,203
12460,38,14,0.3684210526315789,0.0,0.0,,38.0,14.0,0.3684210526315789,36,13,0.3611111111111111,0.0,0.0,,36.0,13.0,0.3611111111111111,33,11,0.3333333333333333,0.0,0.0,,33.0,11.0,0.3333333333333333,33,36
12464,186,50,0.26881720430107525,7.0,1.0,0.14285714285714285,179.0,49.0,0.2737430167597765,184,49,0.266304347826087,7.0,1.0,0.14285714285714285,177.0,48.0,0.2711864406779661,168,43,0.25595238095238093,7.0,1.0,0.14285714285714285,161.0,42.0,0.2608695652173913,296,324
12468,343,117,0.34110787172011664,10.0,3.0,0.3,333.0,114.0,0.34234234234234234,338,115,0.34023668639053256,10.0,3.0,0.3,328.0,112.0,0.34146341463414637,302,99,0.32781456953642385,10.0,3.0,0.3,292.0,96.0,0.3287671232876712,447,495
12470,13,13,1.0,1.0,1.0,1.0,12.0,12.0,1.0,13,13,1.0,1.0,1.0,1.0,12.0,12.0,1.0,12,12,1.0,1.0,1.0,1.0,11.0,11.0,1.0,12,13
12471,10,1,0.1,0.0,0.0,,10.0,1.0,0.1,10,1,0.1,0.0,0.0,,10.0,1.0,0.1,10,1,0.1,0.0,0.0,,10.0,1.0,0.1,170,182
12474,1,0,0.0,1.0,0.0,0.0,0.0,0.0,,1,0,0.0,1.0,0.0,0.0,0.0,0.0,,1,0,0.0,1.0,0.0,0.0,0.0,0.0,,1,1
12476,112,0,0.0,2.0,0.0,0.0,110.0,0.0,0.0,96,0,0.0,2.0,0.0,0.0,94.0,0.0,0.0,89,0,0.0,2.0,0.0,0.0,87.0,0.0,0.0,89,96
12478,80,0,0.0,10.0,0.0,0.0,70.0,0.0,0.0,77,0,0.0,10.0,0.0,0.0,67.0,0.0,0.0,77,0,0.0,10.0,0.0,0.0,67.0,0.0,0.0,77,77
12486,2,1,0.5,0.0,0.0,,2.0,1.0,0.5,2,1,0.5,0.0,0.0,,2.0,1.0,0.5,2,1,0.5,0.0,0.0,,2.0,1.0,0.5,2,2
12492,183,61,0.3333333333333333,13.0,7.0,0.5384615384615384,170.0,54.0,0.3176470588235294,181,59,0.3259668508287293,13.0,7.0,0.5384615384615384,168.0,52.0,0.30952380952380953,149,55,0.3691275167785235,13.0,7.0,0.5384615384615384,136.0,48.0,0.35294117647058826,149,181
12506,68,14,0.20588235294117646,1.0,1.0,1.0,67.0,13.0,0.19402985074626866,65,14,0.2153846153846154,1.0,1.0,1.0,64.0,13.0,0.203125,65,14,0.2153846153846154,1.0,1.0,1.0,64.0,13.0,0.203125,65,65
12515,501,0,0.0,10.0,0.0,0.0,491.0,0.0,0.0,478,0,0.0,9.0,0.0,0.0,469.0,0.0,0.0,473,0,0.0,9.0,0.0,0.0,464.0,0.0,0.0,473,478
12518,18,0,0.0,0.0,0.0,,18.0,0.0,0.0,13,0,0.0,0.0,0.0,,13.0,0.0,0.0,13,0,0.0,0.0,0.0,,13.0,0.0,0.0,13,13
12528,72,13,0.18055555555555555,1.0,1.0,1.0,71.0,12.0,0.16901408450704225,69,13,0.18840579710144928,1.0,1.0,1.0,68.0,12.0,0.17647058823529413,69,13,0.18840579710144928,1.0,1.0,1.0,68.0,12.0,0.17647058823529413,69,69
12537,39,0,0.0,1.0,0.0,0.0,38.0,0.0,0.0,38,0,0.0,1.0,0.0,0.0,37.0,0.0,0.0,38,0,0.0,1.0,0.0,0.0,37.0,0.0,0.0,38,38
12545,10,0,0.0,0.0,0.0,,10.0,0.0,0.0,8,0,0.0,0.0,0.0,,8.0,0.0,0.0,8,0,0.0,0.0,0.0,,8.0,0.0,0.0,47,49
12553,206,0,0.0,6.0,0.0,0.0,200.0,0.0,0.0,204,0,0.0,6.0,0.0,0.0,198.0,0.0,0.0,204,0,0.0,6.0,0.0,0.0,198.0,0.0,0.0,204,204
12558,10,0,0.0,0.0,0.0,,10.0,0.0,0.0,10,0,0.0,0.0,0.0,,10.0,0.0,0.0,10,0,0.0,0.0,0.0,,10.0,0.0,0.0,10,10
12566,2,0,0.0,0.0,0.0,,2.0,0.0,0.0,1,0,0.0,0.0,0.0,,1.0,0.0,0.0,1,0,0.0,0.0,0.0,,1.0,0.0,0.0,1,1
12574,2,0,0.0,0.0,0.0,,2.0,0.0,0.0,1,0,0.0,0.0,0.0,,1.0,0.0,0.0,1,0,0.0,0.0,0.0,,1.0,0.0,0.0,1,1
12583,54,16,0.2962962962962963,0.0,0.0,,54.0,16.0,0.2962962962962963,50,14,0.28,0.0,0.0,,50.0,14.0,0.28,50,14,0.28,0.0,0.0,,50.0,14.0,0.28,50,50
12584,17,0,0.0,0.0,0.0,,17.0,0.0,0.0,17,0,0.0,0.0,0.0,,17.0,0.0,0.0,17,0,0.0,0.0,0.0,,17.0,0.0,0.0,78,78
12585,13,2,0.15384615384615385,0.0,0.0,,13.0,2.0,0.15384615384615385,7,1,0.14285714285714285,0.0,0.0,,7.0,1.0,0.14285714285714285,7,1,0.14285714285714285,0.0,0.0,,7.0,1.0,0.14285714285714285,7,7
12592,189,11,0.0582010582010582,5.0,0.0,0.0,184.0,11.0,0.059782608695652176,179,10,0.055865921787709494,5.0,0.0,0.0,174.0,10.0,0.05747126436781609,156,10,0.0641025641025641,5.0,0.0,0.0,151.0,10.0,0.06622516556291391,156,179
12593,4,0,0.0,1.0,0.0,0.0,3.0,0.0,0.0,4,0,0.0,1.0,0.0,0.0,3.0,0.0,0.0,4,0,0.0,1.0,0.0,0.0,3.0,0.0,0.0,4,4
12602,6,0,0.0,1.0,0.0,0.0,5.0,0.0,0.0,6,0,0.0,1.0,0.0,0.0,5.0,0.0,0.0,6,0,0.0,1.0,0.0,0.0,5.0,0.0,0.0,6,6
12612,8889,29,0.0032624592192597593,241.0,1.0,0.004149377593360996,8648.0,28.0,0.0032377428307123032,7647,29,0.0037923368641297243,192.0,1.0,0.005208333333333333,7455.0,28.0,0.003755868544600939,7383,29,0.00392794257077069,188.0,1.0,0.005319148936170213,7195.0,28.0,0.003891591382904795,16367,17955
12613,8890,41,0.004611923509561305,241.0,0.0,0.0,8649.0,41.0,0.00474043241993294,7648,40,0.005230125523012552,192.0,0.0,0.0,7456.0,40.0,0.00536480686695279,7384,40,0.005417118093174431,188.0,0.0,0.0,7196.0,40.0,0.005558643690939411,16367,17955
12614,8889,46,0.005174935313308583,241.0,0.0,0.0,8648.0,46.0,0.005319148936170213,7647,45,0.005884660651235779,192.0,0.0,0.0,7455.0,45.0,0.006036217303822937,7383,44,0.0059596370039279424,188.0,0.0,0.0,7195.0,44.0,0.006115357887421821,14607,15928
12615,8888,74,0.008325832583258325,241.0,2.0,0.008298755186721992,8647.0,72.0,0.008326587255695617,7646,73,0.00954747580434214,192.0,2.0,0.010416666666666666,7454.0,71.0,0.009525087201502549,7382,73,0.00988891899214305,188.0,2.0,0.010638297872340425,7194.0,71.0,0.009869335557408952,16365,17953
12662,22,0,0.0,0.0,0.0,,22.0,0.0,0.0,21,0,0.0,0.0,0.0,,21.0,0.0,0.0,21,0,0.0,0.0,0.0,,21.0,0.0,0.0,21,21
12665,17,1,0.058823529411764705,0.0,0.0,,17.0,1.0,0.058823529411764705,17,1,0.058823529411764705,0.0,0.0,,17.0,1.0,0.058823529411764705,17,1,0.058823529411764705,0.0,0.0,,17.0,1.0,0.058823529411764705,17,17
12668,6,0,0.0,0.0,0.0,,6.0,0.0,0.0,6,0,0.0,0.0,0.0,,6.0,0.0,0.0,6,0,0.0,0.0,0.0,,6.0,0.0,0.0,6,6
12685,2,0,0.0,0.0,0.0,,2.0,0.0,0.0,2,0,0.0,0.0,0.0,,2.0,0.0,0.0,2,0,0.0,0.0,0.0,,2.0,0.0,0.0,2,2
12686,14,10,0.7142857142857143,0.0,0.0,,14.0,10.0,0.7142857142857143,14,10,0.7142857142857143,0.0,0.0,,14.0,10.0,0.7142857142857143,14,10,0.7142857142857143,0.0,0.0,,14.0,10.0,0.7142857142857143,14,14
12703,131,0,0.0,1.0,0.0,0.0,130.0,0.0,0.0,92,0,0.0,1.0,0.0,0.0,91.0,0.0,0.0,92,0,0.0,1.0,0.0,0.0,91.0,0.0,0.0,92,92
12721,137,8,0.058394160583941604,5.0,0.0,0.0,132.0,8.0,0.06060606060606061,105,8,0.0761904761904762,2.0,0.0,0.0,103.0,8.0,0.07766990291262135,104,8,0.07692307692307693,2.0,0.0,0.0,102.0,8.0,0.0784313725490196,104,105
12730,6228,21,0.003371868978805395,143.0,0.0,0.0,6085.0,21.0,0.003451109285127362,6091,21,0.003447709735675587,141.0,0.0,0.0,5950.0,21.0,0.0035294117647058825,5908,21,0.0035545023696682463,141.0,0.0,0.0,5767.0,21.0,0.0036414080110976246,5908,6091
12740,12828,0,0.0,132.0,0.0,0.0,12696.0,0.0,0.0,6674,0,0.0,68.0,0.0,0.0,6606.0,0.0,0.0,6032,0,0.0,66.0,0.0,0.0,5966.0,0.0,0.0,6032,6674
12752,4225,15,0.0035502958579881655,131.0,0.0,0.0,4094.0,15.0,0.0036638983878847092,4071,15,0.0036845983787767134,127.0,0.0,0.0,3944.0,15.0,0.0038032454361054766,3945,15,0.0038022813688212928,123.0,0.0,0.0,3822.0,15.0,0.003924646781789639,11598,12804
12756,4224,7,0.0016571969696969697,131.0,0.0,0.0,4093.0,7.0,0.0017102369899828977,4070,7,0.0017199017199017199,127.0,0.0,0.0,3943.0,7.0,0.001775297996449404,3944,7,0.0017748478701825558,123.0,0.0,0.0,3821.0,7.0,0.0018319811567652448,11597,12803
12759,4225,42,0.009940828402366864,131.0,2.0,0.015267175572519083,4094.0,40.0,0.009770395701025891,4071,41,0.010071235568656349,127.0,2.0,0.015748031496062992,3944.0,39.0,0.00988843813387424,3945,41,0.010392902408111533,123.0,2.0,0.016260162601626018,3822.0,39.0,0.01020408163265306,11598,12804
12761,7854,12,0.0015278838808250573,198.0,0.0,0.0,7656.0,12.0,0.001567398119122257,7638,12,0.0015710919088766694,194.0,0.0,0.0,7444.0,12.0,0.0016120365394948952,7371,12,0.001628001628001628,190.0,0.0,0.0,7181.0,12.0,0.0016710764517476676,14595,15919
12768,2,0,0.0,0.0,0.0,,2.0,0.0,0.0,1,0,0.0,0.0,0.0,,1.0,0.0,0.0,1,0,0.0,0.0,0.0,,1.0,0.0,0.0,1,1
12782,93,0,0.0,2.0,0.0,0.0,91.0,0.0,0.0,91,0,0.0,2.0,0.0,0.0,89.0,0.0,0.0,90,0,0.0,2.0,0.0,0.0,88.0,0.0,0.0,90,91
12787,7,0,0.0,0.0,0.0,,7.0,0.0,0.0,6,0,0.0,0.0,0.0,,6.0,0.0,0.0,6,0,0.0,0.0,0.0,,6.0,0.0,0.0,6,6
12792,4,1,0.25,0.0,0.0,,4.0,1.0,0.25,4,1,0.25,0.0,0.0,,4.0,1.0,0.25,4,1,0.25,0.0,0.0,,4.0,1.0,0.25,4,4
12793,9,1,0.1111111111111111,0.0,0.0,,9.0,1.0,0.1111111111111111,9,1,0.1111111111111111,0.0,0.0,,9.0,1.0,0.1111111111111111,9,1,0.1111111111111111,0.0,0.0,,9.0,1.0,0.1111111111111111,9,9
12797,270,6,0.022222222222222223,4.0,0.0,0.0,266.0,6.0,0.022556390977443608,261,6,0.022988505747126436,4.0,0.0,0.0,257.0,6.0,0.023346303501945526,260,6,0.023076923076923078,4.0,0.0,0.0,256.0,6.0,0.0234375,260,261
12798,2151,172,0.0799628079962808,15.0,1.0,0.06666666666666667,2136.0,171.0,0.0800561797752809,1865,159,0.08525469168900804,9.0,1.0,0.1111111111111111,1856.0,158.0,0.08512931034482758,1809,159,0.087893864013267,9.0,1.0,0.1111111111111111,1800.0,158.0,0.08777777777777777,1814,1870
12799,16,0,0.0,0.0,0.0,,16.0,0.0,0.0,16,0,0.0,0.0,0.0,,16.0,0.0,0.0,16,0,0.0,0.0,0.0,,16.0,0.0,0.0,16,16
12801,39,0,0.0,0.0,0.0,,39.0,0.0,0.0,39,0,0.0,0.0,0.0,,39.0,0.0,0.0,38,0,0.0,0.0,0.0,,38.0,0.0,0.0,38,39
12812,43,0,0.0,0.0,0.0,,43.0,0.0,0.0,43,0,0.0,0.0,0.0,,43.0,0.0,0.0,43,0,0.0,0.0,0.0,,43.0,0.0,0.0,43,43
12813,3,0,0.0,0.0,0.0,,3.0,0.0,0.0,3,0,0.0,0.0,0.0,,3.0,0.0,0.0,3,0,0.0,0.0,0.0,,3.0,0.0,0.0,3,3
12822,2131,47,0.022055373064289067,18.0,1.0,0.05555555555555555,2113.0,46.0,0.021769995267392334,2114,47,0.022232734153263954,18.0,1.0,0.05555555555555555,2096.0,46.0,0.02194656488549618,2028,44,0.021696252465483234,18.0,1.0,0.05555555555555555,2010.0,43.0,0.021393034825870648,2420,2528
12831,1059,7,0.0066100094428706326,10.0,0.0,0.0,1049.0,7.0,0.00667302192564347,1006,7,0.006958250497017893,9.0,0.0,0.0,997.0,7.0,0.007021063189568706,982,7,0.007128309572301426,9.0,0.0,0.0,973.0,7.0,0.007194244604316547,1060,1087
12848,330,30,0.09090909090909091,15.0,3.0,0.2,315.0,27.0,0.08571428571428572,261,28,0.10727969348659004,9.0,2.0,0.2222222222222222,252.0,26.0,0.10317460317460317,256,28,0.109375,9.0,2.0,0.2222222222222222,247.0,26.0,0.10526315789473684,256,261
12850,8,0,0.0,0.0,0.0,,8.0,0.0,0.0,6,0,0.0,0.0,0.0,,6.0,0.0,0.0,6,0,0.0,0.0,0.0,,6.0,0.0,0.0,6,6
12853,3,0,0.0,0.0,0.0,,3.0,0.0,0.0,3,0,0.0,0.0,0.0,,3.0,0.0,0.0,3,0,0.0,0.0,0.0,,3.0,0.0,0.0,3,3
12859,24,0,0.0,0.0,0.0,,24.0,0.0,0.0,23,0,0.0,0.0,0.0,,23.0,0.0,0.0,23,0,0.0,0.0,0.0,,23.0,0.0,0.0,23,23
12872,4,0,0.0,0.0,0.0,,4.0,0.0,0.0,4,0,0.0,0.0,0.0,,4.0,0.0,0.0,4,0,0.0,0.0,0.0,,4.0,0.0,0.0,4,4
12874,53,0,0.0,1.0,0.0,0.0,52.0,0.0,0.0,52,0,0.0,1.0,0.0,0.0,51.0,0.0,0.0,52,0,0.0,1.0,0.0,0.0,51.0,0.0,0.0,52,52
12879,206,0,0.0,6.0,0.0,0.0,200.0,0.0,0.0,204,0,0.0,6.0,0.0,0.0,198.0,0.0,0.0,204,0,0.0,6.0,0.0,0.0,198.0,0.0,0.0,204,204
12881,278,29,0.10431654676258993,4.0,2.0,0.5,274.0,27.0,0.09854014598540146,270,24,0.08888888888888889,3.0,1.0,0.3333333333333333,267.0,23.0,0.08614232209737828,270,24,0.08888888888888889,3.0,1.0,0.3333333333333333,267.0,23.0,0.08614232209737828,270,270
12894,47,0,0.0,1.0,0.0,0.0,46.0,0.0,0.0,46,0,0.0,1.0,0.0,0.0,45.0,0.0,0.0,46,0,0.0,1.0,0.0,0.0,45.0,0.0,0.0,46,46
12899,1,0,0.0,0.0,0.0,,1.0,0.0,0.0,1,0,0.0,0.0,0.0,,1.0,0.0,0.0,1,0,0.0,0.0,0.0,,1.0,0.0,0.0,1,1
12900,461,125,0.27114967462039047,17.0,6.0,0.35294117647058826,444.0,119.0,0.268018018018018,440,116,0.2636363636363636,14.0,5.0,0.35714285714285715,426.0,111.0,0.2605633802816901,437,116,0.2654462242562929,14.0,5.0,0.35714285714285715,423.0,111.0,0.2624113475177305,437,440
12902,3,0,0.0,0.0,0.0,,3.0,0.0,0.0,3,0,0.0,0.0,0.0,,3.0,0.0,0.0,3,0,0.0,0.0,0.0,,3.0,0.0,0.0,3,3
12904,31,0,0.0,1.0,0.0,0.0,30.0,0.0,0.0,29,0,0.0,1.0,0.0,0.0,28.0,0.0,0.0,29,0,0.0,1.0,0.0,0.0,28.0,0.0,0.0,29,29
12906,45,0,0.0,1.0,0.0,0.0,44.0,0.0,0.0,44,0,0.0,1.0,0.0,0.0,43.0,0.0,0.0,44,0,0.0,1.0,0.0,0.0,43.0,0.0,0.0,44,44
12907,461,86,0.18655097613882862,17.0,8.0,0.47058823529411764,444.0,78.0,0.17567567567567569,440,80,0.18181818181818182,14.0,7.0,0.5,426.0,73.0,0.17136150234741784,437,79,0.18077803203661327,14.0,7.0,0.5,423.0,72.0,0.1702127659574468,437,440
12909,30,0,0.0,1.0,0.0,0.0,29.0,0.0,0.0,29,0,0.0,1.0,0.0,0.0,28.0,0.0,0.0,29,0,0.0,1.0,0.0,0.0,28.0,0.0,0.0,29,29
12913,89,0,0.0,1.0,0.0,0.0,88.0,0.0,0.0,86,0,0.0,1.0,0.0,0.0,85.0,0.0,0.0,86,0,0.0,1.0,0.0,0.0,85.0,0.0,0.0,86,86
12917,1,0,0.0,0.0,0.0,,1.0,0.0,0.0,1,0,0.0,0.0,0.0,,1.0,0.0,0.0,1,0,0.0,0.0,0.0,,1.0,0.0,0.0,1,1
12918,17,3,0.17647058823529413,0.0,0.0,,17.0,3.0,0.17647058823529413,17,3,0.17647058823529413,0.0,0.0,,17.0,3.0,0.17647058823529413,15,3,0.2,0.0,0.0,,15.0,3.0,0.2,154,156
12932,4,0,0.0,0.0,0.0,,4.0,0.0,0.0,4,0,0.0,0.0,0.0,,4.0,0.0,0.0,3,0,0.0,0.0,0.0,,3.0,0.0,0.0,3,4
12933,17,0,0.0,0.0,0.0,,17.0,0.0,0.0,14,0,0.0,0.0,0.0,,14.0,0.0,0.0,14,0,0.0,0.0,0.0,,14.0,0.0,0.0,14,14
12936,107,2,0.018691588785046728,4.0,0.0,0.0,103.0,2.0,0.019417475728155338,107,2,0.018691588785046728,4.0,0.0,0.0,103.0,2.0,0.019417475728155338,107,2,0.018691588785046728,4.0,0.0,0.0,103.0,2.0,0.019417475728155338,107,107
12939,1,0,0.0,0.0,0.0,,1.0,0.0,0.0,1,0,0.0,0.0,0.0,,1.0,0.0,0.0,1,0,0.0,0.0,0.0,,1.0,0.0,0.0,1,1
12940,5,0,0.0,0.0,0.0,,5.0,0.0,0.0,2,0,0.0,0.0,0.0,,2.0,0.0,0.0,2,0,0.0,0.0,0.0,,2.0,0.0,0.0,2,2
12943,107,1,0.009345794392523364,4.0,0.0,0.0,103.0,1.0,0.009708737864077669,107,1,0.009345794392523364,4.0,0.0,0.0,103.0,1.0,0.009708737864077669,107,1,0.009345794392523364,4.0,0.0,0.0,103.0,1.0,0.009708737864077669,107,107
12944,5,0,0.0,0.0,0.0,,5.0,0.0,0.0,2,0,0.0,0.0,0.0,,2.0,0.0,0.0,2,0,0.0,0.0,0.0,,2.0,0.0,0.0,2,2
12955,2235,0,0.0,104.0,0.0,0.0,2131.0,0.0,0.0,2224,0,0.0,103.0,0.0,0.0,2121.0,0.0,0.0,2200,0,0.0,102.0,0.0,0.0,2098.0,0.0,0.0,2200,2224
12959,1734,0,0.0,40.0,0.0,0.0,1694.0,0.0,0.0,1728,0,0.0,39.0,0.0,0.0,1689.0,0.0,0.0,1699,0,0.0,39.0,0.0,0.0,1660.0,0.0,0.0,1699,1728
12963,367,24,0.0653950953678474,3.0,0.0,0.0,364.0,24.0,0.06593406593406594,367,24,0.0653950953678474,3.0,0.0,0.0,364.0,24.0,0.06593406593406594,366,24,0.06557377049180328,3.0,0.0,0.0,363.0,24.0,0.06611570247933884,366,367
12970,147,5,0.034013605442176874,2.0,0.0,0.0,145.0,5.0,0.034482758620689655,146,5,0.03424657534246575,2.0,0.0,0.0,144.0,5.0,0.034722222222222224,146,5,0.03424657534246575,2.0,0.0,0.0,144.0,5.0,0.034722222222222224,146,146
12975,77,38,0.4935064935064935,0.0,0.0,,77.0,38.0,0.4935064935064935,77,38,0.4935064935064935,0.0,0.0,,77.0,38.0,0.4935064935064935,77,38,0.4935064935064935,0.0,0.0,,77.0,38.0,0.4935064935064935,77,77
13013,80,3,0.0375,0.0,0.0,,80.0,3.0,0.0375,80,3,0.0375,0.0,0.0,,80.0,3.0,0.0375,77,3,0.03896103896103896,0.0,0.0,,77.0,3.0,0.03896103896103896,77,80
13019,80,2,0.025,0.0,0.0,,80.0,2.0,0.025,80,2,0.025,0.0,0.0,,80.0,2.0,0.025,77,2,0.025974025974025976,0.0,0.0,,77.0,2.0,0.025974025974025976,247,274
13021,5,1,0.2,0.0,0.0,,5.0,1.0,0.2,5,1,0.2,0.0,0.0,,5.0,1.0,0.2,5,1,0.2,0.0,0.0,,5.0,1.0,0.2,5,5
13023,1061,18,0.016965127238454288,10.0,0.0,0.0,1051.0,18.0,0.017126546146527116,1051,18,0.017126546146527116,10.0,0.0,0.0,1041.0,18.0,0.01729106628242075,993,17,0.017119838872104734,10.0,0.0,0.0,983.0,17.0,0.017293997965412006,1000,1059
13024,296,6,0.02027027027027027,0.0,0.0,,296.0,6.0,0.02027027027027027,292,6,0.02054794520547945,0.0,0.0,,292.0,6.0,0.02054794520547945,289,6,0.020761245674740483,0.0,0.0,,289.0,6.0,0.020761245674740483,289,292
13025,91,2,0.02197802197802198,1.0,0.0,0.0,90.0,2.0,0.022222222222222223,91,2,0.02197802197802198,1.0,0.0,0.0,90.0,2.0,0.022222222222222223,91,2,0.02197802197802198,1.0,0.0,0.0,90.0,2.0,0.022222222222222223,91,91
13026,991,467,0.47124117053481335,22.0,14.0,0.6363636363636364,969.0,453.0,0.4674922600619195,710,390,0.5492957746478874,19.0,14.0,0.7368421052631579,691.0,376.0,0.5441389290882779,684,372,0.543859649122807,19.0,14.0,0.7368421052631579,665.0,358.0,0.5383458646616541,965,1008
13042,1,1,1.0,0.0,0.0,,1.0,1.0,1.0,1,1,1.0,0.0,0.0,,1.0,1.0,1.0,1,1,1.0,0.0,0.0,,1.0,1.0,1.0,1,1
13043,45,4,0.08888888888888889,0.0,0.0,,45.0,4.0,0.08888888888888889,23,3,0.13043478260869565,0.0,0.0,,23.0,3.0,0.13043478260869565,22,3,0.13636363636363635,0.0,0.0,,22.0,3.0,0.13636363636363635,22,23
13047,19,19,1.0,0.0,0.0,,19.0,19.0,1.0,6,6,1.0,0.0,0.0,,6.0,6.0,1.0,6,6,1.0,0.0,0.0,,6.0,6.0,1.0,6,6
13054,599,0,0.0,6.0,0.0,0.0,593.0,0.0,0.0,596,0,0.0,6.0,0.0,0.0,590.0,0.0,0.0,577,0,0.0,6.0,0.0,0.0,571.0,0.0,0.0,577,596
13083,599,0,0.0,6.0,0.0,0.0,593.0,0.0,0.0,596,0,0.0,6.0,0.0,0.0,590.0,0.0,0.0,577,0,0.0,6.0,0.0,0.0,571.0,0.0,0.0,577,596
13097,15,0,0.0,0.0,0.0,,15.0,0.0,0.0,14,0,0.0,0.0,0.0,,14.0,0.0,0.0,14,0,0.0,0.0,0.0,,14.0,0.0,0.0,14,14
13111,248,0,0.0,4.0,0.0,0.0,244.0,0.0,0.0,242,0,0.0,4.0,0.0,0.0,238.0,0.0,0.0,236,0,0.0,4.0,0.0,0.0,232.0,0.0,0.0,236,242
13118,31,0,0.0,0.0,0.0,,31.0,0.0,0.0,31,0,0.0,0.0,0.0,,31.0,0.0,0.0,31,0,0.0,0.0,0.0,,31.0,0.0,0.0,34,34
13130,13,0,0.0,0.0,0.0,,13.0,0.0,0.0,13,0,0.0,0.0,0.0,,13.0,0.0,0.0,13,0,0.0,0.0,0.0,,13.0,0.0,0.0,13,13
13134,29,0,0.0,0.0,0.0,,29.0,0.0,0.0,29,0,0.0,0.0,0.0,,29.0,0.0,0.0,29,0,0.0,0.0,0.0,,29.0,0.0,0.0,29,29
13136,6,0,0.0,0.0,0.0,,6.0,0.0,0.0,6,0,0.0,0.0,0.0,,6.0,0.0,0.0,6,0,0.0,0.0,0.0,,6.0,0.0,0.0,6,6
13142,13,0,0.0,0.0,0.0,,13.0,0.0,0.0,13,0,0.0,0.0,0.0,,13.0,0.0,0.0,13,0,0.0,0.0,0.0,,13.0,0.0,0.0,13,13
13146,29,0,0.0,0.0,0.0,,29.0,0.0,0.0,29,0,0.0,0.0,0.0,,29.0,0.0,0.0,29,0,0.0,0.0,0.0,,29.0,0.0,0.0,29,29
13148,6,0,0.0,0.0,0.0,,6.0,0.0,0.0,6,0,0.0,0.0,0.0,,6.0,0.0,0.0,6,0,0.0,0.0,0.0,,6.0,0.0,0.0,6,6
13187,14,0,0.0,0.0,0.0,,14.0,0.0,0.0,14,0,0.0,0.0,0.0,,14.0,0.0,0.0,14,0,0.0,0.0,0.0,,14.0,0.0,0.0,14,14
13191,3,0,0.0,0.0,0.0,,3.0,0.0,0.0,3,0,0.0,0.0,0.0,,3.0,0.0,0.0,3,0,0.0,0.0,0.0,,3.0,0.0,0.0,3,3
13193,6,0,0.0,0.0,0.0,,6.0,0.0,0.0,6,0,0.0,0.0,0.0,,6.0,0.0,0.0,6,0,0.0,0.0,0.0,,6.0,0.0,0.0,6,6
13198,13,0,0.0,0.0,0.0,,13.0,0.0,0.0,13,0,0.0,0.0,0.0,,13.0,0.0,0.0,13,0,0.0,0.0,0.0,,13.0,0.0,0.0,13,13
13203,3,0,0.0,0.0,0.0,,3.0,0.0,0.0,3,0,0.0,0.0,0.0,,3.0,0.0,0.0,3,0,0.0,0.0,0.0,,3.0,0.0,0.0,3,3
13205,6,0,0.0,0.0,0.0,,6.0,0.0,0.0,6,0,0.0,0.0,0.0,,6.0,0.0,0.0,6,0,0.0,0.0,0.0,,6.0,0.0,0.0,6,6
13228,2313,1863,0.8054474708171206,41.0,37.0,0.9024390243902439,2272.0,1826.0,0.8036971830985915,1960,1591,0.811734693877551,40.0,36.0,0.9,1920.0,1555.0,0.8098958333333334,1884,1545,0.8200636942675159,40.0,36.0,0.9,1844.0,1509.0,0.8183297180043384,1884,1960
13240,3,0,0.0,0.0,0.0,,3.0,0.0,0.0,3,0,0.0,0.0,0.0,,3.0,0.0,0.0,3,0,0.0,0.0,0.0,,3.0,0.0,0.0,3,3
13242,6,0,0.0,0.0,0.0,,6.0,0.0,0.0,6,0,0.0,0.0,0.0,,6.0,0.0,0.0,6,0,0.0,0.0,0.0,,6.0,0.0,0.0,6,6
13243,13,0,0.0,0.0,0.0,,13.0,0.0,0.0,13,0,0.0,0.0,0.0,,13.0,0.0,0.0,13,0,0.0,0.0,0.0,,13.0,0.0,0.0,20,20
13250,13,0,0.0,0.0,0.0,,13.0,0.0,0.0,13,0,0.0,0.0,0.0,,13.0,0.0,0.0,13,0,0.0,0.0,0.0,,13.0,0.0,0.0,13,13
13254,3,0,0.0,0.0,0.0,,3.0,0.0,0.0,3,0,0.0,0.0,0.0,,3.0,0.0,0.0,3,0,0.0,0.0,0.0,,3.0,0.0,0.0,3,3
13256,6,0,0.0,0.0,0.0,,6.0,0.0,0.0,6,0,0.0,0.0,0.0,,6.0,0.0,0.0,6,0,0.0,0.0,0.0,,6.0,0.0,0.0,6,6
13296,2,0,0.0,0.0,0.0,,2.0,0.0,0.0,1,0,0.0,0.0,0.0,,1.0,0.0,0.0,1,0,0.0,0.0,0.0,,1.0,0.0,0.0,1,1
13297,3,0,0.0,0.0,0.0,,3.0,0.0,0.0,3,0,0.0,0.0,0.0,,3.0,0.0,0.0,3,0,0.0,0.0,0.0,,3.0,0.0,0.0,3,3
13299,6,0,0.0,0.0,0.0,,6.0,0.0,0.0,6,0,0.0,0.0,0.0,,6.0,0.0,0.0,6,0,0.0,0.0,0.0,,6.0,0.0,0.0,6,6
13300,13,0,0.0,0.0,0.0,,13.0,0.0,0.0,13,0,0.0,0.0,0.0,,13.0,0.0,0.0,13,0,0.0,0.0,0.0,,13.0,0.0,0.0,20,20
13302,16,0,0.0,0.0,0.0,,16.0,0.0,0.0,15,0,0.0,0.0,0.0,,15.0,0.0,0.0,15,0,0.0,0.0,0.0,,15.0,0.0,0.0,15,15
13304,3,0,0.0,0.0,0.0,,3.0,0.0,0.0,3,0,0.0,0.0,0.0,,3.0,0.0,0.0,3,0,0.0,0.0,0.0,,3.0,0.0,0.0,3,3
13306,6,0,0.0,0.0,0.0,,6.0,0.0,0.0,6,0,0.0,0.0,0.0,,6.0,0.0,0.0,6,0,0.0,0.0,0.0,,6.0,0.0,0.0,6,6
13341,18,0,0.0,0.0,0.0,,18.0,0.0,0.0,18,0,0.0,0.0,0.0,,18.0,0.0,0.0,18,0,0.0,0.0,0.0,,18.0,0.0,0.0,18,18
13372,88,0,0.0,2.0,0.0,0.0,86.0,0.0,0.0,43,0,0.0,1.0,0.0,0.0,42.0,0.0,0.0,43,0,0.0,1.0,0.0,0.0,42.0,0.0,0.0,43,43
13391,1558,578,0.37098844672657255,65.0,23.0,0.35384615384615387,1493.0,555.0,0.37173476222371066,1400,519,0.3707142857142857,45.0,14.0,0.3111111111111111,1355.0,505.0,0.3726937269372694,1211,466,0.38480594549958713,42.0,13.0,0.30952380952380953,1169.0,453.0,0.38751069289991447,1232,1426
13392,1782,399,0.2239057239057239,19.0,8.0,0.42105263157894735,1763.0,391.0,0.2217810550198525,1393,344,0.24694903086862885,17.0,7.0,0.4117647058823529,1376.0,337.0,0.2449127906976744,1209,310,0.2564102564102564,16.0,6.0,0.375,1193.0,304.0,0.2548197820620285,1558,1801
13396,50774,13436,0.2646236262654114,2131.0,332.0,0.15579540122008448,48643.0,13104.0,0.26939127932076556,49921,13024,0.26089220969131227,2094.0,321.0,0.15329512893982808,47827.0,12703.0,0.26560311121333136,34195,9076,0.2654189208948677,1329.0,239.0,0.17983446200150488,32866.0,8837.0,0.26887969330006695,34296,50231
13398,6245,4020,0.6437149719775821,78.0,56.0,0.717948717948718,6167.0,3964.0,0.6427760661585861,6007,3893,0.6480772432162477,74.0,53.0,0.7162162162162162,5933.0,3840.0,0.6472273723242878,5613,3716,0.6620345626224835,72.0,52.0,0.7222222222222222,5541.0,3664.0,0.661252481501534,5613,6007
13399,10874,7007,0.6443810925142542,296.0,158.0,0.5337837837837838,10578.0,6849.0,0.6474758933635848,9169,5808,0.6334387610426437,258.0,137.0,0.5310077519379846,8911.0,5671.0,0.6364044439456851,8258,5327,0.6450714458706709,244.0,131.0,0.5368852459016393,8014.0,5196.0,0.6483653606189169,8258,9169
13406,784509,198057,0.2524598188166101,15751.0,3004.0,0.1907180496476414,768758.0,195053.0,0.2537248392862253,303622,101483,0.334241260514719,4513.0,1513.0,0.3352537115001108,299109.0,99970.0,0.33422598450732005,202271,73927,0.3654849187476208,3131.0,1137.0,0.3631427658894922,199140.0,72790.0,0.36552174349703725,202272,303623
13409,8,0,0.0,1.0,0.0,0.0,7.0,0.0,0.0,6,0,0.0,1.0,0.0,0.0,5.0,0.0,0.0,6,0,0.0,1.0,0.0,0.0,5.0,0.0,0.0,6,6
13410,8,0,0.0,1.0,0.0,0.0,7.0,0.0,0.0,6,0,0.0,1.0,0.0,0.0,5.0,0.0,0.0,6,0,0.0,1.0,0.0,0.0,5.0,0.0,0.0,6,6
13416,398,0,0.0,6.0,0.0,0.0,392.0,0.0,0.0,397,0,0.0,6.0,0.0,0.0,391.0,0.0,0.0,394,0,0.0,6.0,0.0,0.0,388.0,0.0,0.0,394,397
13417,5853,0,0.0,133.0,0.0,0.0,5720.0,0.0,0.0,5579,0,0.0,127.0,0.0,0.0,5452.0,0.0,0.0,5424,0,0.0,125.0,0.0,0.0,5299.0,0.0,0.0,5424,5579
13421,3,0,0.0,0.0,0.0,,3.0,0.0,0.0,3,0,0.0,0.0,0.0,,3.0,0.0,0.0,3,0,0.0,0.0,0.0,,3.0,0.0,0.0,3,3
13424,37,9,0.24324324324324326,1.0,0.0,0.0,36.0,9.0,0.25,36,9,0.25,1.0,0.0,0.0,35.0,9.0,0.2571428571428571,35,8,0.22857142857142856,1.0,0.0,0.0,34.0,8.0,0.23529411764705882,35,36
13432,26,0,0.0,0.0,0.0,,26.0,0.0,0.0,26,0,0.0,0.0,0.0,,26.0,0.0,0.0,26,0,0.0,0.0,0.0,,26.0,0.0,0.0,26,26
13445,1195,9,0.007531380753138075,38.0,1.0,0.02631578947368421,1157.0,8.0,0.006914433880726016,1174,9,0.007666098807495741,37.0,1.0,0.02702702702702703,1137.0,8.0,0.007036059806508356,1140,9,0.007894736842105263,37.0,1.0,0.02702702702702703,1103.0,8.0,0.007252946509519492,1140,1174
13456,10,10,1.0,0.0,0.0,,10.0,10.0,1.0,9,9,1.0,0.0,0.0,,9.0,9.0,1.0,9,9,1.0,0.0,0.0,,9.0,9.0,1.0,9,9
13457,16,16,1.0,0.0,0.0,,16.0,16.0,1.0,15,15,1.0,0.0,0.0,,15.0,15.0,1.0,15,15,1.0,0.0,0.0,,15.0,15.0,1.0,15,15
13458,4,0,0.0,0.0,0.0,,4.0,0.0,0.0,4,0,0.0,0.0,0.0,,4.0,0.0,0.0,4,0,0.0,0.0,0.0,,4.0,0.0,0.0,7,7
13459,1,1,1.0,0.0,0.0,,1.0,1.0,1.0,1,1,1.0,0.0,0.0,,1.0,1.0,1.0,1,1,1.0,0.0,0.0,,1.0,1.0,1.0,6,6
13460,265,2,0.007547169811320755,1.0,0.0,0.0,264.0,2.0,0.007575757575757576,256,2,0.0078125,1.0,0.0,0.0,255.0,2.0,0.00784313725490196,254,2,0.007874015748031496,1.0,0.0,0.0,253.0,2.0,0.007905138339920948,254,256
13461,3,0,0.0,0.0,0.0,,3.0,0.0,0.0,3,0,0.0,0.0,0.0,,3.0,0.0,0.0,3,0,0.0,0.0,0.0,,3.0,0.0,0.0,46,46
13471,2953,4,0.0013545546901456147,40.0,0.0,0.0,2913.0,4.0,0.0013731548232063166,2911,4,0.0013740982480247338,39.0,0.0,0.0,2872.0,4.0,0.001392757660167131,2803,4,0.0014270424545130217,39.0,0.0,0.0,2764.0,4.0,0.001447178002894356,2803,2911
13501,136,0,0.0,5.0,0.0,0.0,131.0,0.0,0.0,130,0,0.0,5.0,0.0,0.0,125.0,0.0,0.0,124,0,0.0,5.0,0.0,0.0,119.0,0.0,0.0,124,130
13506,12,2,0.16666666666666666,0.0,0.0,,12.0,2.0,0.16666666666666666,12,2,0.16666666666666666,0.0,0.0,,12.0,2.0,0.16666666666666666,12,2,0.16666666666666666,0.0,0.0,,12.0,2.0,0.16666666666666666,12,12
13507,12,0,0.0,0.0,0.0,,12.0,0.0,0.0,12,0,0.0,0.0,0.0,,12.0,0.0,0.0,12,0,0.0,0.0,0.0,,12.0,0.0,0.0,12,12
13509,9046,14,0.0015476453681185054,101.0,0.0,0.0,8945.0,14.0,0.0015651201788708777,8957,14,0.0015630233337054818,101.0,0.0,0.0,8856.0,14.0,0.0015808491418247517,8878,14,0.0015769317413831944,101.0,0.0,0.0,8777.0,14.0,0.0015950780448900535,8878,8957
13515,12,0,0.0,0.0,0.0,,12.0,0.0,0.0,12,0,0.0,0.0,0.0,,12.0,0.0,0.0,12,0,0.0,0.0,0.0,,12.0,0.0,0.0,12,12
13516,12,0,0.0,0.0,0.0,,12.0,0.0,0.0,12,0,0.0,0.0,0.0,,12.0,0.0,0.0,12,0,0.0,0.0,0.0,,12.0,0.0,0.0,12,12
13520,12,0,0.0,0.0,0.0,,12.0,0.0,0.0,12,0,0.0,0.0,0.0,,12.0,0.0,0.0,12,0,0.0,0.0,0.0,,12.0,0.0,0.0,12,12
13521,12,1,0.08333333333333333,0.0,0.0,,12.0,1.0,0.08333333333333333,12,1,0.08333333333333333,0.0,0.0,,12.0,1.0,0.08333333333333333,12,1,0.08333333333333333,0.0,0.0,,12.0,1.0,0.08333333333333333,12,12
13524,18,5,0.2777777777777778,0.0,0.0,,18.0,5.0,0.2777777777777778,12,5,0.4166666666666667,0.0,0.0,,12.0,5.0,0.4166666666666667,12,5,0.4166666666666667,0.0,0.0,,12.0,5.0,0.4166666666666667,12,12
13526,12,0,0.0,0.0,0.0,,12.0,0.0,0.0,12,0,0.0,0.0,0.0,,12.0,0.0,0.0,12,0,0.0,0.0,0.0,,12.0,0.0,0.0,12,12
13527,2,0,0.0,1.0,0.0,0.0,1.0,0.0,0.0,2,0,0.0,1.0,0.0,0.0,1.0,0.0,0.0,2,0,0.0,1.0,0.0,0.0,1.0,0.0,0.0,2,2
13531,12,0,0.0,0.0,0.0,,12.0,0.0,0.0,12,0,0.0,0.0,0.0,,12.0,0.0,0.0,12,0,0.0,0.0,0.0,,12.0,0.0,0.0,12,12
13538,148,0,0.0,5.0,0.0,0.0,143.0,0.0,0.0,142,0,0.0,5.0,0.0,0.0,137.0,0.0,0.0,136,0,0.0,5.0,0.0,0.0,131.0,0.0,0.0,136,142
13540,12,1,0.08333333333333333,0.0,0.0,,12.0,1.0,0.08333333333333333,12,1,0.08333333333333333,0.0,0.0,,12.0,1.0,0.08333333333333333,12,1,0.08333333333333333,0.0,0.0,,12.0,1.0,0.08333333333333333,12,12
13543,1,0,0.0,0.0,0.0,,1.0,0.0,0.0,1,0,0.0,0.0,0.0,,1.0,0.0,0.0,1,0,0.0,0.0,0.0,,1.0,0.0,0.0,1,1
13545,43,0,0.0,1.0,0.0,0.0,42.0,0.0,0.0,40,0,0.0,1.0,0.0,0.0,39.0,0.0,0.0,40,0,0.0,1.0,0.0,0.0,39.0,0.0,0.0,40,40
13570,2,0,0.0,0.0,0.0,,2.0,0.0,0.0,2,0,0.0,0.0,0.0,,2.0,0.0,0.0,2,0,0.0,0.0,0.0,,2.0,0.0,0.0,2,2
13572,3,0,0.0,0.0,0.0,,3.0,0.0,0.0,3,0,0.0,0.0,0.0,,3.0,0.0,0.0,3,0,0.0,0.0,0.0,,3.0,0.0,0.0,3,3
13578,8,0,0.0,0.0,0.0,,8.0,0.0,0.0,8,0,0.0,0.0,0.0,,8.0,0.0,0.0,8,0,0.0,0.0,0.0,,8.0,0.0,0.0,8,8
13587,5343,3466,0.6486992326408385,87.0,66.0,0.7586206896551724,5256.0,3400.0,0.6468797564687976,5181,3416,0.6593321752557422,80.0,62.0,0.775,5101.0,3354.0,0.6575181336992747,4859,3281,0.6752418193043837,78.0,61.0,0.782051282051282,4781.0,3220.0,0.6734992679355783,4892,5226
13589,8,0,0.0,0.0,0.0,,8.0,0.0,0.0,8,0,0.0,0.0,0.0,,8.0,0.0,0.0,8,0,0.0,0.0,0.0,,8.0,0.0,0.0,8,8
13591,1166,0,0.0,12.0,0.0,0.0,1154.0,0.0,0.0,1136,0,0.0,11.0,0.0,0.0,1125.0,0.0,0.0,1056,0,0.0,11.0,0.0,0.0,1045.0,0.0,0.0,1098,1181
13612,303,118,0.38943894389438943,3.0,2.0,0.6666666666666666,300.0,116.0,0.38666666666666666,299,117,0.391304347826087,3.0,2.0,0.6666666666666666,296.0,115.0,0.3885135135135135,280,113,0.4035714285714286,3.0,2.0,0.6666666666666666,277.0,111.0,0.4007220216606498,280,299
13633,10,0,0.0,0.0,0.0,,10.0,0.0,0.0,5,0,0.0,0.0,0.0,,5.0,0.0,0.0,5,0,0.0,0.0,0.0,,5.0,0.0,0.0,5,5
13650,247,180,0.728744939271255,2.0,1.0,0.5,245.0,179.0,0.7306122448979592,239,174,0.7280334728033473,2.0,1.0,0.5,237.0,173.0,0.729957805907173,220,158,0.7181818181818181,2.0,1.0,0.5,218.0,157.0,0.7201834862385321,220,239
13654,373,0,0.0,5.0,0.0,0.0,368.0,0.0,0.0,186,0,0.0,3.0,0.0,0.0,183.0,0.0,0.0,184,0,0.0,3.0,0.0,0.0,181.0,0.0,0.0,184,186
13658,4,0,0.0,0.0,0.0,,4.0,0.0,0.0,4,0,0.0,0.0,0.0,,4.0,0.0,0.0,4,0,0.0,0.0,0.0,,4.0,0.0,0.0,4,4
13659,1,1,1.0,0.0,0.0,,1.0,1.0,1.0,1,1,1.0,0.0,0.0,,1.0,1.0,1.0,1,1,1.0,0.0,0.0,,1.0,1.0,1.0,1,1
13660,8,0,0.0,0.0,0.0,,8.0,0.0,0.0,8,0,0.0,0.0,0.0,,8.0,0.0,0.0,8,0,0.0,0.0,0.0,,8.0,0.0,0.0,9,9
13661,1,0,0.0,0.0,0.0,,1.0,0.0,0.0,1,0,0.0,0.0,0.0,,1.0,0.0,0.0,1,0,0.0,0.0,0.0,,1.0,0.0,0.0,2,2
13662,2,2,1.0,0.0,0.0,,2.0,2.0,1.0,2,2,1.0,0.0,0.0,,2.0,2.0,1.0,2,2,1.0,0.0,0.0,,2.0,2.0,1.0,2,2
13663,5,0,0.0,0.0,0.0,,5.0,0.0,0.0,5,0,0.0,0.0,0.0,,5.0,0.0,0.0,5,0,0.0,0.0,0.0,,5.0,0.0,0.0,6,6
13666,3,0,0.0,0.0,0.0,,3.0,0.0,0.0,3,0,0.0,0.0,0.0,,3.0,0.0,0.0,3,0,0.0,0.0,0.0,,3.0,0.0,0.0,3,3
13667,1,0,0.0,0.0,0.0,,1.0,0.0,0.0,1,0,0.0,0.0,0.0,,1.0,0.0,0.0,1,0,0.0,0.0,0.0,,1.0,0.0,0.0,1,1
13693,3,0,0.0,0.0,0.0,,3.0,0.0,0.0,3,0,0.0,0.0,0.0,,3.0,0.0,0.0,3,0,0.0,0.0,0.0,,3.0,0.0,0.0,3,3
13694,3,0,0.0,0.0,0.0,,3.0,0.0,0.0,3,0,0.0,0.0,0.0,,3.0,0.0,0.0,3,0,0.0,0.0,0.0,,3.0,0.0,0.0,3,3
13749,561,0,0.0,40.0,0.0,0.0,521.0,0.0,0.0,459,0,0.0,31.0,0.0,0.0,428.0,0.0,0.0,435,0,0.0,30.0,0.0,0.0,405.0,0.0,0.0,435,459
13750,747,23,0.030789825970548863,19.0,0.0,0.0,728.0,23.0,0.03159340659340659,735,23,0.031292517006802724,19.0,0.0,0.0,716.0,23.0,0.03212290502793296,671,22,0.03278688524590164,18.0,0.0,0.0,653.0,22.0,0.033690658499234305,671,735
13755,3,0,0.0,1.0,0.0,0.0,2.0,0.0,0.0,3,0,0.0,1.0,0.0,0.0,2.0,0.0,0.0,3,0,0.0,1.0,0.0,0.0,2.0,0.0,0.0,3,3
13757,58,7,0.1206896551724138,0.0,0.0,,58.0,7.0,0.1206896551724138,57,7,0.12280701754385964,0.0,0.0,,57.0,7.0,0.12280701754385964,57,7,0.12280701754385964,0.0,0.0,,57.0,7.0,0.12280701754385964,57,57
13758,4,1,0.25,0.0,0.0,,4.0,1.0,0.25,4,1,0.25,0.0,0.0,,4.0,1.0,0.25,4,1,0.25,0.0,0.0,,4.0,1.0,0.25,4,4
13762,19,0,0.0,0.0,0.0,,19.0,0.0,0.0,19,0,0.0,0.0,0.0,,19.0,0.0,0.0,19,0,0.0,0.0,0.0,,19.0,0.0,0.0,19,19
13763,2,0,0.0,0.0,0.0,,2.0,0.0,0.0,2,0,0.0,0.0,0.0,,2.0,0.0,0.0,2,0,0.0,0.0,0.0,,2.0,0.0,0.0,2,2
13765,73,0,0.0,1.0,0.0,0.0,72.0,0.0,0.0,71,0,0.0,1.0,0.0,0.0,70.0,0.0,0.0,71,0,0.0,1.0,0.0,0.0,70.0,0.0,0.0,71,71
13766,32,0,0.0,1.0,0.0,0.0,31.0,0.0,0.0,32,0,0.0,1.0,0.0,0.0,31.0,0.0,0.0,32,0,0.0,1.0,0.0,0.0,31.0,0.0,0.0,46,46
13767,16,1,0.0625,0.0,0.0,,16.0,1.0,0.0625,15,1,0.06666666666666667,0.0,0.0,,15.0,1.0,0.06666666666666667,15,1,0.06666666666666667,0.0,0.0,,15.0,1.0,0.06666666666666667,15,15
13859,19748,0,0.0,319.0,0.0,0.0,19429.0,0.0,0.0,14237,0,0.0,247.0,0.0,0.0,13990.0,0.0,0.0,12491,0,0.0,221.0,0.0,0.0,12270.0,0.0,0.0,12491,14237
13888,35547,26520,0.7460545193687231,2751.0,1699.0,0.6175936023264268,32796.0,24821.0,0.7568301012318576,5875,4666,0.7942127659574468,150.0,119.0,0.7933333333333333,5725.0,4547.0,0.794235807860262,5735,4577,0.7980819529206626,147.0,117.0,0.7959183673469388,5588.0,4460.0,0.7981388690050107,5737,5877
13893,7515,3814,0.5075182967398536,248.0,154.0,0.6209677419354839,7267.0,3660.0,0.5036466217146003,5585,2680,0.4798567591763653,147.0,91.0,0.6190476190476191,5438.0,2589.0,0.47609415226186097,4715,2235,0.4740190880169671,101.0,63.0,0.6237623762376238,4614.0,2172.0,0.47074122236671,4715,5585
13900,9,0,0.0,0.0,0.0,,9.0,0.0,0.0,9,0,0.0,0.0,0.0,,9.0,0.0,0.0,9,0,0.0,0.0,0.0,,9.0,0.0,0.0,9,9
13909,11,3,0.2727272727272727,0.0,0.0,,11.0,3.0,0.2727272727272727,11,3,0.2727272727272727,0.0,0.0,,11.0,3.0,0.2727272727272727,11,3,0.2727272727272727,0.0,0.0,,11.0,3.0,0.2727272727272727,11,11
13922,13,0,0.0,0.0,0.0,,13.0,0.0,0.0,13,0,0.0,0.0,0.0,,13.0,0.0,0.0,13,0,0.0,0.0,0.0,,13.0,0.0,0.0,13,13
13934,20020,0,0.0,319.0,0.0,0.0,19701.0,0.0,0.0,14421,0,0.0,245.0,0.0,0.0,14176.0,0.0,0.0,12633,0,0.0,219.0,0.0,0.0,12414.0,0.0,0.0,12633,14421
13948,1180,768,0.6508474576271186,3.0,3.0,1.0,1177.0,765.0,0.6499575191163977,1103,722,0.6545784224841342,3.0,3.0,1.0,1100.0,719.0,0.6536363636363637,1049,686,0.6539561487130601,3.0,3.0,1.0,1046.0,683.0,0.652963671128107,1049,1103
13972,838,749,0.8937947494033412,2.0,2.0,1.0,836.0,747.0,0.8935406698564593,108,103,0.9537037037037037,1.0,1.0,1.0,107.0,102.0,0.9532710280373832,103,98,0.9514563106796117,1.0,1.0,1.0,102.0,97.0,0.9509803921568627,103,108
14016,200709,48546,0.24187256176853056,3264.0,864.0,0.2647058823529412,197445.0,47682.0,0.24149509990123832,161468,38593,0.23901330294547526,2533.0,671.0,0.26490327674694036,158935.0,37922.0,0.2386006858149558,128549,33599,0.26137115030066355,2139.0,617.0,0.2884525479195886,126410.0,32982.0,0.2609129024602484,128549,161468
14042,162,0,0.0,1.0,0.0,0.0,161.0,0.0,0.0,162,0,0.0,1.0,0.0,0.0,161.0,0.0,0.0,159,0,0.0,1.0,0.0,0.0,158.0,0.0,0.0,159,162
14045,39,4,0.10256410256410256,2.0,0.0,0.0,37.0,4.0,0.10810810810810811,39,4,0.10256410256410256,2.0,0.0,0.0,37.0,4.0,0.10810810810810811,39,4,0.10256410256410256,2.0,0.0,0.0,37.0,4.0,0.10810810810810811,94,107
14055,22,1,0.045454545454545456,0.0,0.0,,22.0,1.0,0.045454545454545456,12,1,0.08333333333333333,0.0,0.0,,12.0,1.0,0.08333333333333333,12,1,0.08333333333333333,0.0,0.0,,12.0,1.0,0.08333333333333333,12,12
14065,106,23,0.2169811320754717,2.0,0.0,0.0,104.0,23.0,0.22115384615384615,102,21,0.20588235294117646,1.0,0.0,0.0,101.0,21.0,0.2079207920792079,81,16,0.19753086419753085,1.0,0.0,0.0,80.0,16.0,0.2,411,491
14069,515,195,0.3786407766990291,16.0,8.0,0.5,499.0,187.0,0.374749498997996,474,183,0.3860759493670886,5.0,3.0,0.6,469.0,180.0,0.3837953091684435,403,165,0.4094292803970223,5.0,3.0,0.6,398.0,162.0,0.40703517587939697,416,496
14076,512,254,0.49609375,16.0,6.0,0.375,496.0,248.0,0.5,466,234,0.5021459227467812,5.0,3.0,0.6,461.0,231.0,0.5010845986984815,390,207,0.5307692307692308,5.0,3.0,0.6,385.0,204.0,0.5298701298701298,396,476
14086,1137,384,0.33773087071240104,9.0,3.0,0.3333333333333333,1128.0,381.0,0.3377659574468085,1112,376,0.3381294964028777,9.0,3.0,0.3333333333333333,1103.0,373.0,0.3381686310063463,899,330,0.3670745272525028,9.0,3.0,0.3333333333333333,890.0,327.0,0.36741573033707864,899,1112
14087,1137,534,0.46965699208443273,9.0,3.0,0.3333333333333333,1128.0,531.0,0.47074468085106386,1112,523,0.47032374100719426,9.0,3.0,0.3333333333333333,1103.0,520.0,0.471441523118767,899,437,0.4860956618464961,9.0,3.0,0.3333333333333333,890.0,434.0,0.48764044943820223,899,1112
14090,56,4,0.07142857142857142,0.0,0.0,,56.0,4.0,0.07142857142857142,56,4,0.07142857142857142,0.0,0.0,,56.0,4.0,0.07142857142857142,55,4,0.07272727272727272,0.0,0.0,,55.0,4.0,0.07272727272727272,55,56
14098,8,1,0.125,1.0,0.0,0.0,7.0,1.0,0.14285714285714285,8,1,0.125,1.0,0.0,0.0,7.0,1.0,0.14285714285714285,8,1,0.125,1.0,0.0,0.0,7.0,1.0,0.14285714285714285,8,8
14099,3,0,0.0,0.0,0.0,,3.0,0.0,0.0,3,0,0.0,0.0,0.0,,3.0,0.0,0.0,3,0,0.0,0.0,0.0,,3.0,0.0,0.0,3,3
14113,8,4,0.5,1.0,1.0,1.0,7.0,3.0,0.42857142857142855,8,4,0.5,1.0,1.0,1.0,7.0,3.0,0.42857142857142855,8,4,0.5,1.0,1.0,1.0,7.0,3.0,0.42857142857142855,8,8
14114,3,0,0.0,0.0,0.0,,3.0,0.0,0.0,3,0,0.0,0.0,0.0,,3.0,0.0,0.0,3,0,0.0,0.0,0.0,,3.0,0.0,0.0,3,3
14133,2,0,0.0,0.0,0.0,,2.0,0.0,0.0,2,0,0.0,0.0,0.0,,2.0,0.0,0.0,2,0,0.0,0.0,0.0,,2.0,0.0,0.0,2,2
14134,4,1,0.25,0.0,0.0,,4.0,1.0,0.25,4,1,0.25,0.0,0.0,,4.0,1.0,0.25,4,1,0.25,0.0,0.0,,4.0,1.0,0.25,4,4
14157,49,0,0.0,1.0,0.0,0.0,48.0,0.0,0.0,49,0,0.0,1.0,0.0,0.0,48.0,0.0,0.0,49,0,0.0,1.0,0.0,0.0,48.0,0.0,0.0,49,49
14159,71,0,0.0,6.0,0.0,0.0,65.0,0.0,0.0,71,0,0.0,6.0,0.0,0.0,65.0,0.0,0.0,71,0,0.0,6.0,0.0,0.0,65.0,0.0,0.0,71,71
14179,7,0,0.0,1.0,0.0,0.0,6.0,0.0,0.0,7,0,0.0,1.0,0.0,0.0,6.0,0.0,0.0,7,0,0.0,1.0,0.0,0.0,6.0,0.0,0.0,17,19
14215,523,285,0.5449330783938815,5.0,3.0,0.6,518.0,282.0,0.5444015444015444,513,280,0.5458089668615984,5.0,3.0,0.6,508.0,277.0,0.5452755905511811,504,276,0.5476190476190477,5.0,3.0,0.6,499.0,273.0,0.5470941883767535,504,513
14237,30,8,0.26666666666666666,0.0,0.0,,30.0,8.0,0.26666666666666666,30,8,0.26666666666666666,0.0,0.0,,30.0,8.0,0.26666666666666666,30,8,0.26666666666666666,0.0,0.0,,30.0,8.0,0.26666666666666666,30,30
14241,54,0,0.0,0.0,0.0,,54.0,0.0,0.0,48,0,0.0,0.0,0.0,,48.0,0.0,0.0,47,0,0.0,0.0,0.0,,47.0,0.0,0.0,47,48
14243,3,0,0.0,0.0,0.0,,3.0,0.0,0.0,3,0,0.0,0.0,0.0,,3.0,0.0,0.0,3,0,0.0,0.0,0.0,,3.0,0.0,0.0,3,3
14245,2,0,0.0,0.0,0.0,,2.0,0.0,0.0,2,0,0.0,0.0,0.0,,2.0,0.0,0.0,2,0,0.0,0.0,0.0,,2.0,0.0,0.0,2,2
14251,428,0,0.0,5.0,0.0,0.0,423.0,0.0,0.0,413,0,0.0,5.0,0.0,0.0,408.0,0.0,0.0,407,0,0.0,5.0,0.0,0.0,402.0,0.0,0.0,578,587
14258,20,0,0.0,0.0,0.0,,20.0,0.0,0.0,19,0,0.0,0.0,0.0,,19.0,0.0,0.0,19,0,0.0,0.0,0.0,,19.0,0.0,0.0,19,19
14260,189,0,0.0,1.0,0.0,0.0,188.0,0.0,0.0,171,0,0.0,1.0,0.0,0.0,170.0,0.0,0.0,170,0,0.0,1.0,0.0,0.0,169.0,0.0,0.0,170,171
14277,32,0,0.0,0.0,0.0,,32.0,0.0,0.0,31,0,0.0,0.0,0.0,,31.0,0.0,0.0,30,0,0.0,0.0,0.0,,30.0,0.0,0.0,30,31
14282,9,0,0.0,0.0,0.0,,9.0,0.0,0.0,9,0,0.0,0.0,0.0,,9.0,0.0,0.0,9,0,0.0,0.0,0.0,,9.0,0.0,0.0,9,9
14290,32,0,0.0,0.0,0.0,,32.0,0.0,0.0,31,0,0.0,0.0,0.0,,31.0,0.0,0.0,30,0,0.0,0.0,0.0,,30.0,0.0,0.0,30,31
14295,732,0,0.0,9.0,0.0,0.0,723.0,0.0,0.0,725,0,0.0,9.0,0.0,0.0,716.0,0.0,0.0,719,0,0.0,9.0,0.0,0.0,710.0,0.0,0.0,719,725
14303,660,4,0.006060606060606061,4.0,0.0,0.0,656.0,4.0,0.006097560975609756,588,4,0.006802721088435374,4.0,0.0,0.0,584.0,4.0,0.00684931506849315,555,4,0.007207207207207207,4.0,0.0,0.0,551.0,4.0,0.007259528130671506,555,588
14305,78,0,0.0,1.0,0.0,0.0,77.0,0.0,0.0,74,0,0.0,1.0,0.0,0.0,73.0,0.0,0.0,74,0,0.0,1.0,0.0,0.0,73.0,0.0,0.0,74,74
14323,217,21,0.0967741935483871,5.0,0.0,0.0,212.0,21.0,0.09905660377358491,216,21,0.09722222222222222,5.0,0.0,0.0,211.0,21.0,0.0995260663507109,215,20,0.09302325581395349,5.0,0.0,0.0,210.0,20.0,0.09523809523809523,215,216
14340,48,10,0.20833333333333334,0.0,0.0,,48.0,10.0,0.20833333333333334,37,8,0.21621621621621623,0.0,0.0,,37.0,8.0,0.21621621621621623,37,8,0.21621621621621623,0.0,0.0,,37.0,8.0,0.21621621621621623,37,37
14347,80,2,0.025,0.0,0.0,,80.0,2.0,0.025,80,2,0.025,0.0,0.0,,80.0,2.0,0.025,77,2,0.025974025974025976,0.0,0.0,,77.0,2.0,0.025974025974025976,77,80
14351,80,3,0.0375,0.0,0.0,,80.0,3.0,0.0375,80,3,0.0375,0.0,0.0,,80.0,3.0,0.0375,77,3,0.03896103896103896,0.0,0.0,,77.0,3.0,0.03896103896103896,77,80
14362,9,0,0.0,0.0,0.0,,9.0,0.0,0.0,9,0,0.0,0.0,0.0,,9.0,0.0,0.0,9,0,0.0,0.0,0.0,,9.0,0.0,0.0,9,9
14363,9,0,0.0,0.0,0.0,,9.0,0.0,0.0,9,0,0.0,0.0,0.0,,9.0,0.0,0.0,9,0,0.0,0.0,0.0,,9.0,0.0,0.0,9,9
14375,126,40,0.31746031746031744,6.0,1.0,0.16666666666666666,120.0,39.0,0.325,94,33,0.35106382978723405,3.0,1.0,0.3333333333333333,91.0,32.0,0.3516483516483517,93,33,0.3548387096774194,3.0,1.0,0.3333333333333333,90.0,32.0,0.35555555555555557,93,94
14382,3749,850,0.22672712723392904,96.0,26.0,0.2708333333333333,3653.0,824.0,0.22556802627977005,3624,818,0.22571743929359822,91.0,25.0,0.27472527472527475,3533.0,793.0,0.22445513727710162,3572,812,0.22732362821948487,91.0,25.0,0.27472527472527475,3481.0,787.0,0.22608445848893996,3700,3755
14383,2824,42,0.014872521246458924,78.0,1.0,0.01282051282051282,2746.0,41.0,0.014930808448652586,2318,41,0.017687661777394306,63.0,1.0,0.015873015873015872,2255.0,40.0,0.017738359201773836,2284,41,0.01795096322241681,63.0,1.0,0.015873015873015872,2221.0,40.0,0.018009905447996397,5501,5727
14387,1257,150,0.11933174224343675,7.0,1.0,0.14285714285714285,1250.0,149.0,0.1192,1250,150,0.12,7.0,1.0,0.14285714285714285,1243.0,149.0,0.11987127916331457,1246,149,0.11958266452648475,7.0,1.0,0.14285714285714285,1239.0,148.0,0.11945117029862792,1246,1250
14391,26,1,0.038461538461538464,0.0,0.0,,26.0,1.0,0.038461538461538464,26,1,0.038461538461538464,0.0,0.0,,26.0,1.0,0.038461538461538464,26,1,0.038461538461538464,0.0,0.0,,26.0,1.0,0.038461538461538464,26,26
14407,763,388,0.508519003931848,9.0,4.0,0.4444444444444444,754.0,384.0,0.5092838196286472,434,220,0.5069124423963134,4.0,4.0,1.0,430.0,216.0,0.5023255813953489,390,204,0.5230769230769231,4.0,4.0,1.0,386.0,200.0,0.5181347150259067,445,494
14410,29,0,0.0,0.0,0.0,,29.0,0.0,0.0,29,0,0.0,0.0,0.0,,29.0,0.0,0.0,27,0,0.0,0.0,0.0,,27.0,0.0,0.0,27,29
14514,24,0,0.0,0.0,0.0,,24.0,0.0,0.0,24,0,0.0,0.0,0.0,,24.0,0.0,0.0,24,0,0.0,0.0,0.0,,24.0,0.0,0.0,24,24
14516,30,1,0.03333333333333333,0.0,0.0,,30.0,1.0,0.03333333333333333,30,1,0.03333333333333333,0.0,0.0,,30.0,1.0,0.03333333333333333,30,1,0.03333333333333333,0.0,0.0,,30.0,1.0,0.03333333333333333,30,30
14611,23,0,0.0,0.0,0.0,,23.0,0.0,0.0,23,0,0.0,0.0,0.0,,23.0,0.0,0.0,23,0,0.0,0.0,0.0,,23.0,0.0,0.0,23,23
14709,16,0,0.0,1.0,0.0,0.0,15.0,0.0,0.0,16,0,0.0,1.0,0.0,0.0,15.0,0.0,0.0,16,0,0.0,1.0,0.0,0.0,15.0,0.0,0.0,16,16
14711,1,0,0.0,0.0,0.0,,1.0,0.0,0.0,1,0,0.0,0.0,0.0,,1.0,0.0,0.0,1,0,0.0,0.0,0.0,,1.0,0.0,0.0,1,1
14712,1,0,0.0,0.0,0.0,,1.0,0.0,0.0,1,0,0.0,0.0,0.0,,1.0,0.0,0.0,1,0,0.0,0.0,0.0,,1.0,0.0,0.0,1,1
14713,1,0,0.0,0.0,0.0,,1.0,0.0,0.0,1,0,0.0,0.0,0.0,,1.0,0.0,0.0,1,0,0.0,0.0,0.0,,1.0,0.0,0.0,1,1
14717,70,0,0.0,0.0,0.0,,70.0,0.0,0.0,70,0,0.0,0.0,0.0,,70.0,0.0,0.0,68,0,0.0,0.0,0.0,,68.0,0.0,0.0,68,70
14746,62,0,0.0,1.0,0.0,0.0,61.0,0.0,0.0,62,0,0.0,1.0,0.0,0.0,61.0,0.0,0.0,62,0,0.0,1.0,0.0,0.0,61.0,0.0,0.0,62,62
14982,65,0,0.0,0.0,0.0,,65.0,0.0,0.0,65,0,0.0,0.0,0.0,,65.0,0.0,0.0,65,0,0.0,0.0,0.0,,65.0,0.0,0.0,65,65
15059,6,0,0.0,0.0,0.0,,6.0,0.0,0.0,6,0,0.0,0.0,0.0,,6.0,0.0,0.0,6,0,0.0,0.0,0.0,,6.0,0.0,0.0,6,6
15098,531,0,0.0,13.0,0.0,0.0,518.0,0.0,0.0,497,0,0.0,12.0,0.0,0.0,485.0,0.0,0.0,488,0,0.0,12.0,0.0,0.0,476.0,0.0,0.0,3631,3828
15099,699,0,0.0,11.0,0.0,0.0,688.0,0.0,0.0,684,0,0.0,9.0,0.0,0.0,675.0,0.0,0.0,657,0,0.0,9.0,0.0,0.0,648.0,0.0,0.0,657,684
15100,2027,399,0.19684262456832757,55.0,9.0,0.16363636363636364,1972.0,390.0,0.19776876267748478,1984,386,0.19455645161290322,53.0,9.0,0.16981132075471697,1931.0,377.0,0.19523562920766444,1957,384,0.19621870209504344,53.0,9.0,0.16981132075471697,1904.0,375.0,0.19695378151260504,1957,1984
15106,9,0,0.0,0.0,0.0,,9.0,0.0,0.0,9,0,0.0,0.0,0.0,,9.0,0.0,0.0,9,0,0.0,0.0,0.0,,9.0,0.0,0.0,9,9
15125,2,0,0.0,0.0,0.0,,2.0,0.0,0.0,2,0,0.0,0.0,0.0,,2.0,0.0,0.0,2,0,0.0,0.0,0.0,,2.0,0.0,0.0,2,2
15145,1,0,0.0,0.0,0.0,,1.0,0.0,0.0,1,0,0.0,0.0,0.0,,1.0,0.0,0.0,1,0,0.0,0.0,0.0,,1.0,0.0,0.0,1,1
15146,3,0,0.0,0.0,0.0,,3.0,0.0,0.0,3,0,0.0,0.0,0.0,,3.0,0.0,0.0,3,0,0.0,0.0,0.0,,3.0,0.0,0.0,3,3
15153,36,0,0.0,0.0,0.0,,36.0,0.0,0.0,36,0,0.0,0.0,0.0,,36.0,0.0,0.0,36,0,0.0,0.0,0.0,,36.0,0.0,0.0,36,36
15175,78,0,0.0,0.0,0.0,,78.0,0.0,0.0,68,0,0.0,0.0,0.0,,68.0,0.0,0.0,68,0,0.0,0.0,0.0,,68.0,0.0,0.0,68,68
15234,4214,0,0.0,98.0,0.0,0.0,4116.0,0.0,0.0,2103,0,0.0,36.0,0.0,0.0,2067.0,0.0,0.0,2074,0,0.0,36.0,0.0,0.0,2038.0,0.0,0.0,2074,2103
15254,20181,0,0.0,893.0,0.0,0.0,19288.0,0.0,0.0,19760,0,0.0,815.0,0.0,0.0,18945.0,0.0,0.0,17633,0,0.0,719.0,0.0,0.0,16914.0,0.0,0.0,17633,19760
15258,127545,72614,0.5693206319338273,1518.0,903.0,0.5948616600790514,126027.0,71711.0,0.5690129892800749,21879,12689,0.5799625211389917,270.0,185.0,0.6851851851851852,21609.0,12504.0,0.5786477856448702,20407,11733,0.5749497721370118,255.0,180.0,0.7058823529411765,20152.0,11553.0,0.5732929734021437,20436,21908
15259,10979,0,0.0,289.0,0.0,0.0,10690.0,0.0,0.0,2070,0,0.0,24.0,0.0,0.0,2046.0,0.0,0.0,1988,0,0.0,24.0,0.0,0.0,1964.0,0.0,0.0,1988,2070
15261,4489,0,0.0,110.0,0.0,0.0,4379.0,0.0,0.0,2216,0,0.0,43.0,0.0,0.0,2173.0,0.0,0.0,2172,0,0.0,43.0,0.0,0.0,2129.0,0.0,0.0,2172,2216
15262,5669,0,0.0,27.0,0.0,0.0,5642.0,0.0,0.0,5523,0,0.0,27.0,0.0,0.0,5496.0,0.0,0.0,5429,0,0.0,27.0,0.0,0.0,5402.0,0.0,0.0,5459,5553
15264,20181,0,0.0,893.0,0.0,0.0,19288.0,0.0,0.0,19760,0,0.0,815.0,0.0,0.0,18945.0,0.0,0.0,17633,0,0.0,719.0,0.0,0.0,16914.0,0.0,0.0,17633,19760
15265,1524,229,0.15026246719160105,17.0,2.0,0.11764705882352941,1507.0,227.0,0.15063039150630392,1481,228,0.15395003376097233,14.0,2.0,0.14285714285714285,1467.0,226.0,0.15405589638718473,1319,215,0.16300227445034116,13.0,2.0,0.15384615384615385,1306.0,213.0,0.16309341500765698,1320,1482
15273,10997,6,0.0005456033463671911,289.0,0.0,0.0,10708.0,6.0,0.0005603287261860292,2086,5,0.0023969319271332696,24.0,0.0,0.0,2062.0,5.0,0.0024248302618816685,2003,5,0.0024962556165751375,24.0,0.0,0.0,1979.0,5.0,0.0025265285497726125,2003,2086
15280,7,0,0.0,1.0,0.0,0.0,6.0,0.0,0.0,7,0,0.0,1.0,0.0,0.0,6.0,0.0,0.0,7,0,0.0,1.0,0.0,0.0,6.0,0.0,0.0,7,7
15282,3591,0,0.0,7.0,0.0,0.0,3584.0,0.0,0.0,1005,0,0.0,3.0,0.0,0.0,1002.0,0.0,0.0,703,0,0.0,3.0,0.0,0.0,700.0,0.0,0.0,707,1010
15285,57,0,0.0,0.0,0.0,,57.0,0.0,0.0,45,0,0.0,0.0,0.0,,45.0,0.0,0.0,38,0,0.0,0.0,0.0,,38.0,0.0,0.0,39,46
15294,72102,12922,0.17921832958863831,1081.0,195.0,0.18038852913968548,71021.0,12727.0,0.17920051815660157,57669,10648,0.18463992786419048,886.0,161.0,0.18171557562076748,56783.0,10487.0,0.18468555729707836,47625,9513,0.199748031496063,758.0,149.0,0.19656992084432717,46867.0,9364.0,0.19979943243646917,47625,57669
15295,1898,597,0.31454162276080083,12.0,5.0,0.4166666666666667,1886.0,592.0,0.3138918345705196,1858,585,0.3148546824542519,11.0,4.0,0.36363636363636365,1847.0,581.0,0.31456415809420685,1741,561,0.32222860425043076,11.0,4.0,0.36363636363636365,1730.0,557.0,0.3219653179190751,1773,1891
15309,192116,91542,0.47649336858981034,2512.0,1198.0,0.4769108280254777,189604.0,90344.0,0.4764878378093289,24346,16858,0.6924340754127988,278.0,208.0,0.7482014388489209,24068.0,16650.0,0.6917899285358152,22157,15807,0.7134088549893939,265.0,201.0,0.7584905660377359,21892.0,15606.0,0.7128631463548328,22160,24349
15349,10,0,0.0,0.0,0.0,,10.0,0.0,0.0,10,0,0.0,0.0,0.0,,10.0,0.0,0.0,10,0,0.0,0.0,0.0,,10.0,0.0,0.0,10,10
15358,4476,0,0.0,193.0,0.0,0.0,4283.0,0.0,0.0,4421,0,0.0,189.0,0.0,0.0,4232.0,0.0,0.0,4083,0,0.0,173.0,0.0,0.0,3910.0,0.0,0.0,4083,4421
15372,1989,0,0.0,37.0,0.0,0.0,1952.0,0.0,0.0,647,0,0.0,7.0,0.0,0.0,640.0,0.0,0.0,621,0,0.0,7.0,0.0,0.0,614.0,0.0,0.0,621,647
15373,12411,102,0.00821851583272903,265.0,0.0,0.0,12146.0,102.0,0.008397826444920138,9025,101,0.011191135734072022,165.0,0.0,0.0,8860.0,101.0,0.011399548532731377,8199,101,0.012318575436028784,153.0,0.0,0.0,8046.0,101.0,0.012552821277653493,8199,9025
15385,11002,7157,0.6505180876204326,289.0,216.0,0.7474048442906575,10713.0,6941.0,0.6479044151964902,2086,1605,0.7694151486097794,24.0,19.0,0.7916666666666666,2062.0,1586.0,0.7691561590688651,2003,1541,0.7693459810284573,24.0,19.0,0.7916666666666666,1979.0,1522.0,0.7690752905507833,2003,2086
15391,5216,0,0.0,26.0,0.0,0.0,5190.0,0.0,0.0,5102,0,0.0,26.0,0.0,0.0,5076.0,0.0,0.0,5027,0,0.0,26.0,0.0,0.0,5001.0,0.0,0.0,5027,5102
15393,236528,140227,0.5928558141108029,8753.0,6720.0,0.7677367759625271,227775.0,133507.0,0.5861354406761058,22931,17304,0.754611661070167,337.0,279.0,0.827893175074184,22594.0,17025.0,0.7535186332654688,21102,15976,0.7570846365273434,318.0,266.0,0.8364779874213837,20784.0,15710.0,0.7558698999230177,21107,22936
15398,1923,0,0.0,28.0,0.0,0.0,1895.0,0.0,0.0,979,0,0.0,13.0,0.0,0.0,966.0,0.0,0.0,956,0,0.0,13.0,0.0,0.0,943.0,0.0,0.0,956,979
15399,9051,0,0.0,261.0,0.0,0.0,8790.0,0.0,0.0,1157,0,0.0,13.0,0.0,0.0,1144.0,0.0,0.0,1099,0,0.0,13.0,0.0,0.0,1086.0,0.0,0.0,1099,1157
15406,5669,0,0.0,27.0,0.0,0.0,5642.0,0.0,0.0,5523,0,0.0,27.0,0.0,0.0,5496.0,0.0,0.0,5429,0,0.0,27.0,0.0,0.0,5402.0,0.0,0.0,5429,5523
15416,3946,0,0.0,55.0,0.0,0.0,3891.0,0.0,0.0,2261,0,0.0,34.0,0.0,0.0,2227.0,0.0,0.0,2132,0,0.0,33.0,0.0,0.0,2099.0,0.0,0.0,2132,2261
15419,3063,0,0.0,50.0,0.0,0.0,3013.0,0.0,0.0,2502,0,0.0,43.0,0.0,0.0,2459.0,0.0,0.0,2323,0,0.0,37.0,0.0,0.0,2286.0,0.0,0.0,2323,2502
15420,88973,26735,0.3004844166207726,1634.0,519.0,0.31762545899632805,87339.0,26216.0,0.3001637298343237,67808,19715,0.29074740443605473,1165.0,377.0,0.3236051502145923,66643.0,19338.0,0.2901730114190538,51717,16717,0.3232399404451148,944.0,340.0,0.3601694915254237,50773.0,16377.0,0.32255332558643374,51717,67808
15425,1634,299,0.18298653610771115,163.0,26.0,0.15950920245398773,1471.0,273.0,0.18558803535010196,202,128,0.6336633663366337,13.0,12.0,0.9230769230769231,189.0,116.0,0.6137566137566137,202,128,0.6336633663366337,13.0,12.0,0.9230769230769231,189.0,116.0,0.6137566137566137,204,204
15431,1636,5,0.003056234718826406,162.0,1.0,0.006172839506172839,1474.0,4.0,0.0027137042062415195,203,5,0.024630541871921183,13.0,1.0,0.07692307692307693,190.0,4.0,0.021052631578947368,203,5,0.024630541871921183,13.0,1.0,0.07692307692307693,190.0,4.0,0.021052631578947368,204,204
15439,1641,996,0.6069469835466179,163.0,92.0,0.5644171779141104,1478.0,904.0,0.6116373477672531,203,154,0.7586206896551724,13.0,10.0,0.7692307692307693,190.0,144.0,0.7578947368421053,203,154,0.7586206896551724,13.0,10.0,0.7692307692307693,190.0,144.0,0.7578947368421053,204,204
15440,8,0,0.0,0.0,0.0,,8.0,0.0,0.0,4,0,0.0,0.0,0.0,,4.0,0.0,0.0,4,0,0.0,0.0,0.0,,4.0,0.0,0.0,4,4
15456,2101,0,0.0,92.0,0.0,0.0,2009.0,0.0,0.0,2063,0,0.0,89.0,0.0,0.0,1974.0,0.0,0.0,1792,0,0.0,80.0,0.0,0.0,1712.0,0.0,0.0,1792,2063
15457,33239,1253,0.037696681608953335,1709.0,167.0,0.09771796372147455,31530.0,1086.0,0.03444338725023787,30670,975,0.03179002282360613,1455.0,136.0,0.09347079037800687,29215.0,839.0,0.0287181242512408,27227,828,0.030410989091710434,1307.0,122.0,0.09334353481254781,25920.0,706.0,0.027237654320987653,28697,32178
15459,5032,10,0.001987281399046105,67.0,0.0,0.0,4965.0,10.0,0.002014098690835851,4200,10,0.002380952380952381,59.0,0.0,0.0,4141.0,10.0,0.002414875633904854,3906,10,0.002560163850486431,53.0,0.0,0.0,3853.0,10.0,0.0025953802232026994,4118,4419
15470,3945,0,0.0,55.0,0.0,0.0,3890.0,0.0,0.0,2261,0,0.0,34.0,0.0,0.0,2227.0,0.0,0.0,2132,0,0.0,33.0,0.0,0.0,2099.0,0.0,0.0,2132,2261
15475,163057,11695,0.0717233850739312,2514.0,300.0,0.11933174224343675,160543.0,11395.0,0.07097786885756464,140653,9311,0.06619837472361059,2031.0,227.0,0.11176760216642048,138622.0,9084.0,0.06553072383892888,110981,8673,0.07814851190744361,1667.0,217.0,0.13017396520695862,109314.0,8456.0,0.07735514206780467,110981,140653
15508,1,0,0.0,0.0,0.0,,1.0,0.0,0.0,1,0,0.0,0.0,0.0,,1.0,0.0,0.0,1,0,0.0,0.0,0.0,,1.0,0.0,0.0,1,1
15572,1674,0,0.0,8.0,0.0,0.0,1666.0,0.0,0.0,1661,0,0.0,8.0,0.0,0.0,1653.0,0.0,0.0,1587,0,0.0,8.0,0.0,0.0,1579.0,0.0,0.0,1587,1661
15592,4,0,0.0,0.0,0.0,,4.0,0.0,0.0,4,0,0.0,0.0,0.0,,4.0,0.0,0.0,4,0,0.0,0.0,0.0,,4.0,0.0,0.0,4,4
15603,164,131,0.7987804878048781,2.0,2.0,1.0,162.0,129.0,0.7962962962962963,143,115,0.8041958041958042,2.0,2.0,1.0,141.0,113.0,0.8014184397163121,136,110,0.8088235294117647,2.0,2.0,1.0,134.0,108.0,0.8059701492537313,136,143
15605,24250,0,0.0,378.0,0.0,0.0,23872.0,0.0,0.0,20477,0,0.0,335.0,0.0,0.0,20142.0,0.0,0.0,18342,0,0.0,306.0,0.0,0.0,18036.0,0.0,0.0,18342,20477
15608,28829,12248,0.42484997745325886,3088.0,1387.0,0.4491580310880829,25741.0,10861.0,0.42193387980264946,1783,1208,0.6775098149186763,37.0,34.0,0.918918918918919,1746.0,1174.0,0.6723940435280642,1726,1182,0.6848203939745076,37.0,34.0,0.918918918918919,1689.0,1148.0,0.679692125518058,1732,1789
15610,4247,2841,0.6689427831410407,671.0,482.0,0.7183308494783904,3576.0,2359.0,0.6596756152125279,714,527,0.7380952380952381,38.0,34.0,0.8947368421052632,676.0,493.0,0.7292899408284024,680,506,0.7441176470588236,38.0,34.0,0.8947368421052632,642.0,472.0,0.735202492211838,689,724
15613,4414,1858,0.4209333937471681,807.0,321.0,0.39776951672862454,3607.0,1537.0,0.4261158857776546,888,641,0.7218468468468469,28.0,22.0,0.7857142857142857,860.0,619.0,0.7197674418604652,823,604,0.7339003645200486,28.0,22.0,0.7857142857142857,795.0,582.0,0.7320754716981132,841,908
15623,7833,0,0.0,120.0,0.0,0.0,7713.0,0.0,0.0,7233,0,0.0,109.0,0.0,0.0,7124.0,0.0,0.0,6735,0,0.0,105.0,0.0,0.0,6630.0,0.0,0.0,6735,7233
15634,381,0,0.0,0.0,0.0,,381.0,0.0,0.0,379,0,0.0,0.0,0.0,,379.0,0.0,0.0,364,0,0.0,0.0,0.0,,364.0,0.0,0.0,364,379
15638,1556,10,0.006426735218508998,18.0,0.0,0.0,1538.0,10.0,0.006501950585175552,1528,10,0.006544502617801047,18.0,0.0,0.0,1510.0,10.0,0.006622516556291391,1498,10,0.006675567423230975,18.0,0.0,0.0,1480.0,10.0,0.006756756756756757,1498,1528
15639,1372,374,0.2725947521865889,31.0,8.0,0.25806451612903225,1341.0,366.0,0.27293064876957496,1190,337,0.28319327731092436,26.0,8.0,0.3076923076923077,1164.0,329.0,0.28264604810996563,1158,323,0.27892918825561314,26.0,8.0,0.3076923076923077,1132.0,315.0,0.2782685512367491,1158,1190
15651,1496,0,0.0,21.0,0.0,0.0,1475.0,0.0,0.0,835,0,0.0,12.0,0.0,0.0,823.0,0.0,0.0,827,0,0.0,12.0,0.0,0.0,815.0,0.0,0.0,827,835
15658,3799,1340,0.35272440115819953,54.0,21.0,0.3888888888888889,3745.0,1319.0,0.3522029372496662,2222,833,0.3748874887488749,33.0,9.0,0.2727272727272727,2189.0,824.0,0.3764275925079945,2098,811,0.386558627264061,32.0,9.0,0.28125,2066.0,802.0,0.38818973862536305,2098,2222
15678,418,252,0.6028708133971292,8.0,6.0,0.75,410.0,246.0,0.6,404,249,0.6163366336633663,7.0,6.0,0.8571428571428571,397.0,243.0,0.6120906801007556,389,244,0.6272493573264781,7.0,6.0,0.8571428571428571,382.0,238.0,0.6230366492146597,389,404
15770,3,1,0.3333333333333333,0.0,0.0,,3.0,1.0,0.3333333333333333,3,1,0.3333333333333333,0.0,0.0,,3.0,1.0,0.3333333333333333,3,1,0.3333333333333333,0.0,0.0,,3.0,1.0,0.3333333333333333,3,3
15855,4,0,0.0,0.0,0.0,,4.0,0.0,0.0,4,0,0.0,0.0,0.0,,4.0,0.0,0.0,3,0,0.0,0.0,0.0,,3.0,0.0,0.0,3,4
16096,4597,2058,0.44768327169893407,124.0,64.0,0.5161290322580645,4473.0,1994.0,0.4457858260675162,2781,1229,0.4419273642574613,70.0,38.0,0.5428571428571428,2711.0,1191.0,0.43932128365916634,2655,1197,0.45084745762711864,69.0,38.0,0.5507246376811594,2586.0,1159.0,0.44818252126836816,2741,2871
16136,274865,34047,0.12386808069415894,4144.0,554.0,0.1336872586872587,270721.0,33493.0,0.12371777586518962,229931,29639,0.12890388855787172,3312.0,470.0,0.14190821256038647,226619.0,29169.0,0.12871383246771012,174091,27032,0.15527511473884348,2675.0,426.0,0.15925233644859813,171416.0,26606.0,0.1552130489569235,174091,229931
16144,31858,11059,0.34713415782535,2856.0,955.0,0.33438375350140054,29002.0,10104.0,0.3483897662230191,4138,1801,0.43523441275978736,137.0,78.0,0.5693430656934306,4001.0,1723.0,0.43064233941514624,4035,1784,0.44213135068153653,134.0,78.0,0.582089552238806,3901.0,1706.0,0.43732376313765703,4037,4140
16146,178,0,0.0,2.0,0.0,0.0,176.0,0.0,0.0,173,0,0.0,2.0,0.0,0.0,171.0,0.0,0.0,168,0,0.0,2.0,0.0,0.0,166.0,0.0,0.0,168,173
16148,54,13,0.24074074074074073,0.0,0.0,,54.0,13.0,0.24074074074074073,53,12,0.22641509433962265,0.0,0.0,,53.0,12.0,0.22641509433962265,52,12,0.23076923076923078,0.0,0.0,,52.0,12.0,0.23076923076923078,52,53
16149,59673,20028,0.33562917902569,935.0,267.0,0.28556149732620323,58738.0,19761.0,0.3364261636419354,26387,9830,0.37253192860120515,426.0,150.0,0.352112676056338,25961.0,9680.0,0.3728669927968876,24122,9449,0.3917171047176851,403.0,146.0,0.36228287841191065,23719.0,9303.0,0.39221720983178043,24122,26387
16155,5922,4023,0.6793313069908815,768.0,552.0,0.71875,5154.0,3471.0,0.6734575087310827,812,716,0.8817733990147784,41.0,38.0,0.926829268292683,771.0,678.0,0.8793774319066148,781,692,0.8860435339308579,41.0,38.0,0.926829268292683,740.0,654.0,0.8837837837837837,791,823
16163,4520,1164,0.2575221238938053,805.0,145.0,0.18012422360248448,3715.0,1019.0,0.2742934051144011,911,353,0.38748627881448955,29.0,15.0,0.5172413793103449,882.0,338.0,0.3832199546485261,847,339,0.4002361275088548,29.0,15.0,0.5172413793103449,818.0,324.0,0.3960880195599022,867,933
16176,1641,397,0.24192565508836075,163.0,35.0,0.2147239263803681,1478.0,362.0,0.2449255751014885,203,141,0.6945812807881774,13.0,11.0,0.8461538461538461,190.0,130.0,0.6842105263157895,203,141,0.6945812807881774,13.0,11.0,0.8461538461538461,190.0,130.0,0.6842105263157895,204,204
16182,4,0,0.0,0.0,0.0,,4.0,0.0,0.0,3,0,0.0,0.0,0.0,,3.0,0.0,0.0,3,0,0.0,0.0,0.0,,3.0,0.0,0.0,3,3
16191,14484,0,0.0,663.0,0.0,0.0,13821.0,0.0,0.0,14186,0,0.0,614.0,0.0,0.0,13572.0,0.0,0.0,12705,0,0.0,533.0,0.0,0.0,12172.0,0.0,0.0,12705,14186
16192,1,0,0.0,0.0,0.0,,1.0,0.0,0.0,1,0,0.0,0.0,0.0,,1.0,0.0,0.0,1,0,0.0,0.0,0.0,,1.0,0.0,0.0,1,1
16204,2,0,0.0,0.0,0.0,,2.0,0.0,0.0,2,0,0.0,0.0,0.0,,2.0,0.0,0.0,2,0,0.0,0.0,0.0,,2.0,0.0,0.0,2,2
16207,1497,0,0.0,21.0,0.0,0.0,1476.0,0.0,0.0,836,0,0.0,12.0,0.0,0.0,824.0,0.0,0.0,828,0,0.0,12.0,0.0,0.0,816.0,0.0,0.0,828,836
16214,1,1,1.0,0.0,0.0,,1.0,1.0,1.0,1,1,1.0,0.0,0.0,,1.0,1.0,1.0,1,1,1.0,0.0,0.0,,1.0,1.0,1.0,1,1
16218,1682,0,0.0,8.0,0.0,0.0,1674.0,0.0,0.0,1669,0,0.0,8.0,0.0,0.0,1661.0,0.0,0.0,1595,0,0.0,8.0,0.0,0.0,1587.0,0.0,0.0,1595,1669
16219,4,3,0.75,0.0,0.0,,4.0,3.0,0.75,4,3,0.75,0.0,0.0,,4.0,3.0,0.75,4,3,0.75,0.0,0.0,,4.0,3.0,0.75,4,4
16222,16,0,0.0,0.0,0.0,,16.0,0.0,0.0,15,0,0.0,0.0,0.0,,15.0,0.0,0.0,15,0,0.0,0.0,0.0,,15.0,0.0,0.0,15,15
16439,155696,59528,0.38233480628917893,1883.0,1047.0,0.5560276155071694,153813.0,58481.0,0.38020843491772477,19237,11368,0.5909445339709934,277.0,217.0,0.7833935018050542,18960.0,11151.0,0.5881329113924051,17650,10606,0.6009065155807365,259.0,206.0,0.7953667953667953,17391.0,10400.0,0.5980104651831407,17650,19237
16440,272,214,0.7867647058823529,12.0,11.0,0.9166666666666666,260.0,203.0,0.7807692307692308,210,163,0.7761904761904762,8.0,7.0,0.875,202.0,156.0,0.7722772277227723,208,161,0.7740384615384616,8.0,7.0,0.875,200.0,154.0,0.77,210,212
16441,2033,954,0.4692572552877521,18.0,3.0,0.16666666666666666,2015.0,951.0,0.47196029776674936,1362,733,0.5381791483113069,17.0,3.0,0.17647058823529413,1345.0,730.0,0.5427509293680297,1333,721,0.5408852213053263,17.0,3.0,0.17647058823529413,1316.0,718.0,0.5455927051671733,1349,1378
16442,9057,6,0.000662471016893011,261.0,0.0,0.0,8796.0,6.0,0.0006821282401091405,1157,6,0.005185825410544511,13.0,0.0,0.0,1144.0,6.0,0.005244755244755245,1099,6,0.00545950864422202,13.0,0.0,0.0,1086.0,6.0,0.0055248618784530384,1099,1157
16443,89,57,0.6404494382022472,3.0,3.0,1.0,86.0,54.0,0.627906976744186,63,42,0.6666666666666666,2.0,2.0,1.0,61.0,40.0,0.6557377049180327,63,42,0.6666666666666666,2.0,2.0,1.0,61.0,40.0,0.6557377049180327,63,63
16476,14693,0,0.0,252.0,0.0,0.0,14441.0,0.0,0.0,13271,0,0.0,229.0,0.0,0.0,13042.0,0.0,0.0,12174,0,0.0,207.0,0.0,0.0,11967.0,0.0,0.0,12174,13271
16478,41071,5990,0.1458450001217404,790.0,91.0,0.11518987341772152,40281.0,5899.0,0.14644621533725577,30441,4737,0.15561249630432641,564.0,82.0,0.1453900709219858,29877.0,4655.0,0.1558054690899354,25436,4377,0.17207894323006762,499.0,74.0,0.14829659318637275,24937.0,4303.0,0.17255483819224446,25436,30441
16484,31629,28878,0.9130228587688514,2836.0,2448.0,0.8631875881523272,28793.0,26430.0,0.9179314416698503,4116,4009,0.9740038872691934,136.0,132.0,0.9705882352941176,3980.0,3877.0,0.9741206030150754,4013,3914,0.9753301769249938,133.0,129.0,0.9699248120300752,3880.0,3785.0,0.9755154639175257,5982,6149
16485,5216,494,0.09470858895705521,26.0,2.0,0.07692307692307693,5190.0,492.0,0.09479768786127167,5102,492,0.0964327714621717,26.0,2.0,0.07692307692307693,5076.0,490.0,0.09653270291568164,5027,490,0.09747364233141038,26.0,2.0,0.07692307692307693,5001.0,488.0,0.09758048390321936,5027,5102
16488,3914,1366,0.3490035769034236,65.0,22.0,0.3384615384615385,3849.0,1344.0,0.34918160561184725,1578,749,0.47465145754119137,19.0,10.0,0.5263157894736842,1559.0,739.0,0.4740218088518281,1528,728,0.47643979057591623,19.0,10.0,0.5263157894736842,1509.0,718.0,0.4758117958913188,1528,1578
16489,16421,3363,0.20479873332927348,374.0,82.0,0.2192513368983957,16047.0,3281.0,0.20446189318875801,10429,1816,0.17412983028094736,195.0,34.0,0.17435897435897435,10234.0,1782.0,0.17412546413914404,9481,1789,0.18869317582533487,182.0,34.0,0.18681318681318682,9299.0,1755.0,0.18872997096461985,9481,10429
16490,5669,0,0.0,27.0,0.0,0.0,5642.0,0.0,0.0,5523,0,0.0,27.0,0.0,0.0,5496.0,0.0,0.0,5429,0,0.0,27.0,0.0,0.0,5402.0,0.0,0.0,5429,5523
16491,9079,7076,0.7793809890957154,261.0,210.0,0.8045977011494253,8818.0,6866.0,0.7786346110229077,1173,1095,0.9335038363171355,13.0,13.0,1.0,1160.0,1082.0,0.9327586206896552,1114,1042,0.9353680430879713,13.0,13.0,1.0,1101.0,1029.0,0.9346049046321526,1114,1173
16492,18610,7486,0.40225685115529286,257.0,126.0,0.490272373540856,18353.0,7360.0,0.4010243556911677,5396,2997,0.5554114158636027,77.0,50.0,0.6493506493506493,5319.0,2947.0,0.5540515134423764,5006,2818,0.5629244906112665,75.0,48.0,0.64,4931.0,2770.0,0.5617521800851755,5006,5396
16494,10885,0,0.0,53.0,0.0,0.0,10832.0,0.0,0.0,5734,0,0.0,30.0,0.0,0.0,5704.0,0.0,0.0,5636,0,0.0,30.0,0.0,0.0,5606.0,0.0,0.0,5636,5734
16495,439,0,0.0,7.0,0.0,0.0,432.0,0.0,0.0,192,0,0.0,1.0,0.0,0.0,191.0,0.0,0.0,178,0,0.0,1.0,0.0,0.0,177.0,0.0,0.0,178,192
16496,1918,0,0.0,27.0,0.0,0.0,1891.0,0.0,0.0,1168,0,0.0,22.0,0.0,0.0,1146.0,0.0,0.0,1134,0,0.0,22.0,0.0,0.0,1112.0,0.0,0.0,1134,1168
16498,22548,11407,0.5058985275855952,2000.0,926.0,0.463,20548.0,10481.0,0.5100739731360716,1489,1180,0.7924781732706514,51.0,45.0,0.8823529411764706,1438.0,1135.0,0.7892906815020863,1423,1143,0.803232607167955,51.0,45.0,0.8823529411764706,1372.0,1098.0,0.8002915451895044,1440,1507
16500,1994,0,0.0,37.0,0.0,0.0,1957.0,0.0,0.0,648,0,0.0,7.0,0.0,0.0,641.0,0.0,0.0,622,0,0.0,7.0,0.0,0.0,615.0,0.0,0.0,622,648
16501,18026,3034,0.16831243759014755,1149.0,493.0,0.4290687554395126,16877.0,2541.0,0.1505599336374948,9566,629,0.06575371106000417,198.0,29.0,0.14646464646464646,9368.0,600.0,0.06404782237403928,8670,594,0.0685121107266436,186.0,29.0,0.15591397849462366,8484.0,565.0,0.0665959453088166,8695,9594
16510,1515,0,0.0,17.0,0.0,0.0,1498.0,0.0,0.0,1473,0,0.0,14.0,0.0,0.0,1459.0,0.0,0.0,1311,0,0.0,13.0,0.0,0.0,1298.0,0.0,0.0,1311,1473
16522,4158,341,0.082010582010582,131.0,15.0,0.11450381679389313,4027.0,326.0,0.08095356344673454,4004,335,0.08366633366633366,127.0,15.0,0.11811023622047244,3877.0,320.0,0.0825380448800619,3882,329,0.08475012879958783,123.0,14.0,0.11382113821138211,3759.0,315.0,0.08379888268156424,5641,6030
16528,1351,77,0.05699481865284974,1.0,0.0,0.0,1350.0,77.0,0.05703703703703704,235,34,0.14468085106382977,1.0,0.0,0.0,234.0,34.0,0.1452991452991453,234,34,0.1452991452991453,1.0,0.0,0.0,233.0,34.0,0.1459227467811159,234,235
16529,89559,4817,0.053785772507509017,1633.0,102.0,0.062461726883037354,87926.0,4715.0,0.05362463890089393,67820,3840,0.05662046593925096,1165.0,83.0,0.07124463519313305,66655.0,3757.0,0.05636486385117396,51727,3648,0.07052409766659579,944.0,77.0,0.0815677966101695,50783.0,3571.0,0.0703188074749424,51727,67820
16566,3466,1859,0.5363531448355453,52.0,27.0,0.5192307692307693,3414.0,1832.0,0.536613942589338,3354,1787,0.5327966607036374,51.0,26.0,0.5098039215686274,3303.0,1761.0,0.5331516802906449,3203,1725,0.5385576022478926,50.0,25.0,0.5,3153.0,1700.0,0.5391690453536314,3203,3354
16575,128,78,0.609375,8.0,7.0,0.875,120.0,71.0,0.5916666666666667,101,55,0.5445544554455446,5.0,4.0,0.8,96.0,51.0,0.53125,97,52,0.5360824742268041,5.0,4.0,0.8,92.0,48.0,0.5217391304347826,97,101
16577,62,8,0.12903225806451613,0.0,0.0,,62.0,8.0,0.12903225806451613,62,8,0.12903225806451613,0.0,0.0,,62.0,8.0,0.12903225806451613,60,8,0.13333333333333333,0.0,0.0,,60.0,8.0,0.13333333333333333,318,334
16579,113127,16374,0.144739982497547,1864.0,293.0,0.15718884120171675,111263.0,16081.0,0.14453142554128506,42414,4950,0.11670674777196209,722.0,80.0,0.11080332409972299,41692.0,4870.0,0.11680898014007483,34849,4249,0.12192602370225832,625.0,77.0,0.1232,34224.0,4172.0,0.12190275829827021,34849,42414
16590,206812,54492,0.2634856778136665,8196.0,2818.0,0.3438262567105905,198616.0,51674.0,0.260170379022838,66420,14470,0.21785606744956337,2137.0,663.0,0.31024801123069723,64283.0,13807.0,0.2147846242396901,50447,12425,0.24629809503042796,1732.0,603.0,0.3481524249422633,48715.0,11822.0,0.24267679359540184,50522,66544
16597,190555,102576,0.5383012778462911,8108.0,5380.0,0.6635421805624075,182447.0,97196.0,0.5327355341551245,62201,25160,0.40449510458031224,2062.0,1195.0,0.5795344325897187,60139.0,23965.0,0.39849349008131163,47269,20214,0.4276375637309865,1670.0,1071.0,0.641317365269461,45599.0,19143.0,0.41981183797890304,47276,62215
16621,206434,53829,0.2607564645358807,8204.0,2986.0,0.36396879570941004,198230.0,50843.0,0.2564848912878979,65979,13030,0.19748707922217676,2135.0,671.0,0.3142857142857143,63844.0,12359.0,0.19358122924628782,50156,10865,0.2166241327059574,1730.0,583.0,0.3369942196531792,48426.0,10282.0,0.21232395820427044,50176,66032
16636,68,0,0.0,1.0,0.0,0.0,67.0,0.0,0.0,61,0,0.0,1.0,0.0,0.0,60.0,0.0,0.0,59,0,0.0,1.0,0.0,0.0,58.0,0.0,0.0,72,76
16645,381,0,0.0,0.0,0.0,,381.0,0.0,0.0,379,0,0.0,0.0,0.0,,379.0,0.0,0.0,364,0,0.0,0.0,0.0,,364.0,0.0,0.0,364,379
16662,1,0,0.0,0.0,0.0,,1.0,0.0,0.0,1,0,0.0,0.0,0.0,,1.0,0.0,0.0,1,0,0.0,0.0,0.0,,1.0,0.0,0.0,1,1
16663,47,0,0.0,0.0,0.0,,47.0,0.0,0.0,47,0,0.0,0.0,0.0,,47.0,0.0,0.0,47,0,0.0,0.0,0.0,,47.0,0.0,0.0,47,47
16670,190,0,0.0,13.0,0.0,0.0,177.0,0.0,0.0,189,0,0.0,13.0,0.0,0.0,176.0,0.0,0.0,181,0,0.0,13.0,0.0,0.0,168.0,0.0,0.0,181,189
16693,47,0,0.0,0.0,0.0,,47.0,0.0,0.0,47,0,0.0,0.0,0.0,,47.0,0.0,0.0,47,0,0.0,0.0,0.0,,47.0,0.0,0.0,47,47
16731,3261,564,0.17295308187672492,63.0,11.0,0.1746031746031746,3198.0,553.0,0.17292057535959976,2945,546,0.18539898132427843,57.0,11.0,0.19298245614035087,2888.0,535.0,0.18524930747922438,2680,497,0.18544776119402986,52.0,11.0,0.21153846153846154,2628.0,486.0,0.18493150684931506,5742,6230
16733,2755,432,0.15680580762250454,77.0,12.0,0.15584415584415584,2678.0,420.0,0.15683345780433158,2296,370,0.16114982578397213,62.0,11.0,0.1774193548387097,2234.0,359.0,0.16069829901521934,2181,355,0.16276937184777626,60.0,11.0,0.18333333333333332,2121.0,344.0,0.1621876473361622,2181,2296
16738,2226,296,0.132973944294699,42.0,5.0,0.11904761904761904,2184.0,291.0,0.13324175824175824,2094,293,0.1399235912129895,40.0,5.0,0.125,2054.0,288.0,0.14021421616358326,2009,283,0.1408661025385764,39.0,5.0,0.1282051282051282,1970.0,278.0,0.14111675126903553,2009,2094
16743,381,0,0.0,0.0,0.0,,381.0,0.0,0.0,379,0,0.0,0.0,0.0,,379.0,0.0,0.0,364,0,0.0,0.0,0.0,,364.0,0.0,0.0,364,379
16744,62,20,0.3225806451612903,0.0,0.0,,62.0,20.0,0.3225806451612903,62,20,0.3225806451612903,0.0,0.0,,62.0,20.0,0.3225806451612903,60,20,0.3333333333333333,0.0,0.0,,60.0,20.0,0.3333333333333333,318,334
16745,70,0,0.0,0.0,0.0,,70.0,0.0,0.0,70,0,0.0,0.0,0.0,,70.0,0.0,0.0,68,0,0.0,0.0,0.0,,68.0,0.0,0.0,68,70
16747,70,19,0.2714285714285714,0.0,0.0,,70.0,19.0,0.2714285714285714,70,19,0.2714285714285714,0.0,0.0,,70.0,19.0,0.2714285714285714,68,18,0.2647058823529412,0.0,0.0,,68.0,18.0,0.2647058823529412,68,70
16751,1,0,0.0,0.0,0.0,,1.0,0.0,0.0,1,0,0.0,0.0,0.0,,1.0,0.0,0.0,1,0,0.0,0.0,0.0,,1.0,0.0,0.0,1,1
16770,8,0,0.0,0.0,0.0,,8.0,0.0,0.0,8,0,0.0,0.0,0.0,,8.0,0.0,0.0,8,0,0.0,0.0,0.0,,8.0,0.0,0.0,8,8
16772,7,0,0.0,1.0,0.0,0.0,6.0,0.0,0.0,7,0,0.0,1.0,0.0,0.0,6.0,0.0,0.0,7,0,0.0,1.0,0.0,0.0,6.0,0.0,0.0,16,16
16800,2,0,0.0,0.0,0.0,,2.0,0.0,0.0,2,0,0.0,0.0,0.0,,2.0,0.0,0.0,2,0,0.0,0.0,0.0,,2.0,0.0,0.0,2,2
16802,69,0,0.0,0.0,0.0,,69.0,0.0,0.0,64,0,0.0,0.0,0.0,,64.0,0.0,0.0,63,0,0.0,0.0,0.0,,63.0,0.0,0.0,145,147
16809,31850,25234,0.792276295133438,2854.0,2009.0,0.7039243167484233,28996.0,23225.0,0.8009725479376466,4136,3504,0.8471953578336557,137.0,128.0,0.9343065693430657,3999.0,3376.0,0.8442110527631908,4033,3421,0.848251921646417,134.0,126.0,0.9402985074626866,3899.0,3295.0,0.8450884842267248,4035,4138
16813,371,117,0.31536388140161725,15.0,5.0,0.3333333333333333,356.0,112.0,0.3146067415730337,278,98,0.35251798561151076,10.0,4.0,0.4,268.0,94.0,0.35074626865671643,276,98,0.35507246376811596,10.0,4.0,0.4,266.0,94.0,0.3533834586466165,278,280
16825,2,0,0.0,0.0,0.0,,2.0,0.0,0.0,2,0,0.0,0.0,0.0,,2.0,0.0,0.0,2,0,0.0,0.0,0.0,,2.0,0.0,0.0,2,2
16862,62,55,0.8870967741935484,0.0,0.0,,62.0,55.0,0.8870967741935484,62,55,0.8870967741935484,0.0,0.0,,62.0,55.0,0.8870967741935484,60,55,0.9166666666666666,0.0,0.0,,60.0,55.0,0.9166666666666666,60,62
16863,381,0,0.0,0.0,0.0,,381.0,0.0,0.0,379,0,0.0,0.0,0.0,,379.0,0.0,0.0,364,0,0.0,0.0,0.0,,364.0,0.0,0.0,364,379
16876,47,0,0.0,0.0,0.0,,47.0,0.0,0.0,47,0,0.0,0.0,0.0,,47.0,0.0,0.0,47,0,0.0,0.0,0.0,,47.0,0.0,0.0,47,47
16884,293,0,0.0,97.0,0.0,0.0,196.0,0.0,0.0,288,0,0.0,94.0,0.0,0.0,194.0,0.0,0.0,273,0,0.0,92.0,0.0,0.0,181.0,0.0,0.0,273,288
16899,66,0,0.0,0.0,0.0,,66.0,0.0,0.0,63,0,0.0,0.0,0.0,,63.0,0.0,0.0,62,0,0.0,0.0,0.0,,62.0,0.0,0.0,62,63
16913,2,0,0.0,0.0,0.0,,2.0,0.0,0.0,2,0,0.0,0.0,0.0,,2.0,0.0,0.0,2,0,0.0,0.0,0.0,,2.0,0.0,0.0,2,2
16990,5,0,0.0,0.0,0.0,,5.0,0.0,0.0,5,0,0.0,0.0,0.0,,5.0,0.0,0.0,5,0,0.0,0.0,0.0,,5.0,0.0,0.0,5,5
17023,1,0,0.0,0.0,0.0,,1.0,0.0,0.0,1,0,0.0,0.0,0.0,,1.0,0.0,0.0,1,0,0.0,0.0,0.0,,1.0,0.0,0.0,1,1
17034,74,0,0.0,3.0,0.0,0.0,71.0,0.0,0.0,73,0,0.0,3.0,0.0,0.0,70.0,0.0,0.0,65,0,0.0,3.0,0.0,0.0,62.0,0.0,0.0,65,73
17064,1,0,0.0,0.0,0.0,,1.0,0.0,0.0,1,0,0.0,0.0,0.0,,1.0,0.0,0.0,1,0,0.0,0.0,0.0,,1.0,0.0,0.0,3,3
17075,1,0,0.0,0.0,0.0,,1.0,0.0,0.0,1,0,0.0,0.0,0.0,,1.0,0.0,0.0,1,0,0.0,0.0,0.0,,1.0,0.0,0.0,9,9
17089,1,0,0.0,0.0,0.0,,1.0,0.0,0.0,1,0,0.0,0.0,0.0,,1.0,0.0,0.0,1,0,0.0,0.0,0.0,,1.0,0.0,0.0,9,9
17103,1,0,0.0,0.0,0.0,,1.0,0.0,0.0,1,0,0.0,0.0,0.0,,1.0,0.0,0.0,1,0,0.0,0.0,0.0,,1.0,0.0,0.0,9,9
17124,11261,8201,0.7282656957641417,723.0,525.0,0.7261410788381742,10538.0,7676.0,0.7284114632757639,3012,2140,0.7104913678618858,125.0,91.0,0.728,2887.0,2049.0,0.70973328714929,2847,2035,0.7147874956094135,119.0,86.0,0.7226890756302521,2728.0,1949.0,0.7144428152492669,2916,3085
17138,47,0,0.0,0.0,0.0,,47.0,0.0,0.0,47,0,0.0,0.0,0.0,,47.0,0.0,0.0,47,0,0.0,0.0,0.0,,47.0,0.0,0.0,47,47
17155,34,0,0.0,6.0,0.0,0.0,28.0,0.0,0.0,34,0,0.0,6.0,0.0,0.0,28.0,0.0,0.0,33,0,0.0,6.0,0.0,0.0,27.0,0.0,0.0,33,34
17175,2,0,0.0,0.0,0.0,,2.0,0.0,0.0,2,0,0.0,0.0,0.0,,2.0,0.0,0.0,2,0,0.0,0.0,0.0,,2.0,0.0,0.0,33,33
17178,62,8,0.12903225806451613,0.0,0.0,,62.0,8.0,0.12903225806451613,62,8,0.12903225806451613,0.0,0.0,,62.0,8.0,0.12903225806451613,60,7,0.11666666666666667,0.0,0.0,,60.0,7.0,0.11666666666666667,318,334
17184,39049,381,0.009756972009526492,650.0,8.0,0.012307692307692308,38399.0,373.0,0.009713794630068492,14040,360,0.02564102564102564,247.0,8.0,0.032388663967611336,13793.0,352.0,0.02552019140143551,12278,349,0.02842482489004724,220.0,8.0,0.03636363636363636,12058.0,341.0,0.028279980096201692,12278,14040
17207,27425,18305,0.6674567000911577,471.0,340.0,0.721868365180467,26954.0,17965.0,0.666505898938933,19862,12422,0.6254153660255765,355.0,236.0,0.6647887323943662,19507.0,12186.0,0.6246988260624391,16811,10214,0.607578371304503,303.0,193.0,0.636963696369637,16508.0,10021.0,0.6070390113884178,16852,19903
17215,39631,3783,0.09545557770432238,548.0,56.0,0.10218978102189781,39083.0,3727.0,0.09536115446613617,35988,3538,0.09831054796043126,481.0,49.0,0.10187110187110188,35507.0,3489.0,0.09826231447320247,29205,3315,0.11350796096558809,437.0,46.0,0.10526315789473684,28768.0,3269.0,0.11363320355951056,29205,35988
17218,287851,117959,0.409791871489069,4032.0,1392.0,0.34523809523809523,283819.0,116567.0,0.41070893773848827,146169,61712,0.42219622491773223,2157.0,796.0,0.36903106165971256,144012.0,60916.0,0.42299252840041107,98466,49306,0.5007413726565515,1519.0,662.0,0.4358130348913759,96947.0,48644.0,0.5017586928940555,98466,146170
17223,19059,1,5.246864998163597e-05,312.0,0.0,0.0,18747.0,1.0,5.334186803221849e-05,13669,1,7.315824127587973e-05,242.0,0.0,0.0,13427.0,1.0,7.447680047665153e-05,12018,1,8.320852055250458e-05,216.0,0.0,0.0,11802.0,1.0,8.47314014573801e-05,12018,13669
17227,23,0,0.0,0.0,0.0,,23.0,0.0,0.0,23,0,0.0,0.0,0.0,,23.0,0.0,0.0,21,0,0.0,0.0,0.0,,21.0,0.0,0.0,21,23
17253,334817,77302,0.23087836041778045,7796.0,1669.0,0.21408414571575166,327021.0,75633.0,0.2312787252194813,136364,36619,0.26853861723035405,1920.0,615.0,0.3203125,134444.0,36004.0,0.26779923239415665,96551,30091,0.3116591231577094,1400.0,512.0,0.3657142857142857,95151.0,29579.0,0.31086378493131966,96596,136423
17256,20382,0,0.0,322.0,0.0,0.0,20060.0,0.0,0.0,14744,0,0.0,248.0,0.0,0.0,14496.0,0.0,0.0,12894,0,0.0,222.0,0.0,0.0,12672.0,0.0,0.0,12894,14744
17276,30102,14626,0.4858813367882533,426.0,191.0,0.44835680751173707,29676.0,14435.0,0.4864200026957811,8504,5365,0.6308795860771401,151.0,88.0,0.5827814569536424,8353.0,5277.0,0.6317490721896325,7078,4624,0.6532918903645097,138.0,84.0,0.6086956521739131,6940.0,4540.0,0.654178674351585,7078,8504
17279,30646,14778,0.48221627618612545,422.0,167.0,0.3957345971563981,30224.0,14611.0,0.48342376919004765,8903,3982,0.44726496686510164,149.0,42.0,0.28187919463087246,8754.0,3940.0,0.45007996344528217,7491,3638,0.48564944600186893,136.0,42.0,0.3088235294117647,7355.0,3596.0,0.48891910265125765,7491,8903
17306,33140,0,0.0,433.0,0.0,0.0,32707.0,0.0,0.0,9137,0,0.0,154.0,0.0,0.0,8983.0,0.0,0.0,7670,0,0.0,139.0,0.0,0.0,7531.0,0.0,0.0,7670,9137
17338,7,0,0.0,0.0,0.0,,7.0,0.0,0.0,7,0,0.0,0.0,0.0,,7.0,0.0,0.0,7,0,0.0,0.0,0.0,,7.0,0.0,0.0,7,7
17341,12,0,0.0,0.0,0.0,,12.0,0.0,0.0,12,0,0.0,0.0,0.0,,12.0,0.0,0.0,12,0,0.0,0.0,0.0,,12.0,0.0,0.0,12,12
17345,2,0,0.0,0.0,0.0,,2.0,0.0,0.0,2,0,0.0,0.0,0.0,,2.0,0.0,0.0,1,0,0.0,0.0,0.0,,1.0,0.0,0.0,1,2
17354,4,0,0.0,0.0,0.0,,4.0,0.0,0.0,4,0,0.0,0.0,0.0,,4.0,0.0,0.0,4,0,0.0,0.0,0.0,,4.0,0.0,0.0,4,4
17355,3,0,0.0,0.0,0.0,,3.0,0.0,0.0,3,0,0.0,0.0,0.0,,3.0,0.0,0.0,3,0,0.0,0.0,0.0,,3.0,0.0,0.0,3,3
17359,12,0,0.0,0.0,0.0,,12.0,0.0,0.0,12,0,0.0,0.0,0.0,,12.0,0.0,0.0,12,0,0.0,0.0,0.0,,12.0,0.0,0.0,12,12
17375,88973,10400,0.11688939341148438,1634.0,256.0,0.15667074663402691,87339.0,10144.0,0.11614513562097116,67808,8023,0.11831937234544597,1165.0,209.0,0.1793991416309013,66643.0,7814.0,0.11725162432663595,51717,7150,0.13825241216621226,944.0,189.0,0.20021186440677965,50773.0,6961.0,0.13710042739251177,51717,67808
17378,50027,3174,0.06344573930077758,574.0,49.0,0.08536585365853659,49453.0,3125.0,0.06319131296382424,48921,3116,0.06369452791234848,565.0,49.0,0.08672566371681416,48356.0,3067.0,0.0634254280751096,38795,2950,0.0760407268977961,457.0,45.0,0.09846827133479212,38338.0,2905.0,0.07577338410976055,38795,48921
17384,39552,2821,0.07132382686084142,548.0,57.0,0.10401459854014598,39004.0,2764.0,0.0708645267152087,35909,2630,0.0732406917485867,481.0,55.0,0.11434511434511435,35428.0,2575.0,0.07268262391328892,29145,2493,0.08553782810087493,436.0,51.0,0.11697247706422019,28709.0,2442.0,0.08506043401024069,29145,35909
17397,3,0,0.0,0.0,0.0,,3.0,0.0,0.0,3,0,0.0,0.0,0.0,,3.0,0.0,0.0,3,0,0.0,0.0,0.0,,3.0,0.0,0.0,3,3
17540,650,584,0.8984615384615384,19.0,15.0,0.7894736842105263,631.0,569.0,0.901743264659271,649,583,0.8983050847457628,19.0,15.0,0.7894736842105263,630.0,568.0,0.9015873015873016,349,322,0.9226361031518625,7.0,6.0,0.8571428571428571,342.0,316.0,0.9239766081871345,349,649
17575,124145,0,0.0,1981.0,0.0,0.0,122164.0,0.0,0.0,61402,0,0.0,1095.0,0.0,0.0,60307.0,0.0,0.0,39591,0,0.0,750.0,0.0,0.0,38841.0,0.0,0.0,39591,61402
17599,30287,17469,0.5767821177402846,427.0,218.0,0.5105386416861827,29860.0,17251.0,0.5777294038847958,8595,5878,0.6838859802210587,151.0,100.0,0.6622516556291391,8444.0,5778.0,0.6842728564661298,7153,5006,0.6998462183699147,138.0,91.0,0.6594202898550725,7015.0,4915.0,0.7006414825374199,7153,8595
17608,23613,0,0.0,297.0,0.0,0.0,23316.0,0.0,0.0,4475,0,0.0,74.0,0.0,0.0,4401.0,0.0,0.0,3748,0,0.0,72.0,0.0,0.0,3676.0,0.0,0.0,3748,4475
17620,124336,0,0.0,1990.0,0.0,0.0,122346.0,0.0,0.0,61486,0,0.0,1095.0,0.0,0.0,60391.0,0.0,0.0,39637,0,0.0,750.0,0.0,0.0,38887.0,0.0,0.0,39637,61486
17634,11,1,0.09090909090909091,0.0,0.0,,11.0,1.0,0.09090909090909091,11,1,0.09090909090909091,0.0,0.0,,11.0,1.0,0.09090909090909091,11,1,0.09090909090909091,0.0,0.0,,11.0,1.0,0.09090909090909091,11,11
17683,154,5,0.032467532467532464,0.0,0.0,,154.0,5.0,0.032467532467532464,154,5,0.032467532467532464,0.0,0.0,,154.0,5.0,0.032467532467532464,154,5,0.032467532467532464,0.0,0.0,,154.0,5.0,0.032467532467532464,169,169
17684,154,1,0.006493506493506494,0.0,0.0,,154.0,1.0,0.006493506493506494,154,1,0.006493506493506494,0.0,0.0,,154.0,1.0,0.006493506493506494,154,1,0.006493506493506494,0.0,0.0,,154.0,1.0,0.006493506493506494,169,169
17689,1,0,0.0,0.0,0.0,,1.0,0.0,0.0,1,0,0.0,0.0,0.0,,1.0,0.0,0.0,1,0,0.0,0.0,0.0,,1.0,0.0,0.0,1,1
17701,58,0,0.0,0.0,0.0,,58.0,0.0,0.0,58,0,0.0,0.0,0.0,,58.0,0.0,0.0,58,0,0.0,0.0,0.0,,58.0,0.0,0.0,67,67
17724,20,1,0.05,0.0,0.0,,20.0,1.0,0.05,20,1,0.05,0.0,0.0,,20.0,1.0,0.05,20,1,0.05,0.0,0.0,,20.0,1.0,0.05,20,20
17725,1082,37,0.034195933456561925,20.0,2.0,0.1,1062.0,35.0,0.03295668549905838,947,32,0.0337909186906019,18.0,2.0,0.1111111111111111,929.0,30.0,0.03229278794402583,887,31,0.03494926719278467,18.0,2.0,0.1111111111111111,869.0,29.0,0.0333716915995397,1207,1285
17726,683,3,0.004392386530014641,8.0,0.0,0.0,675.0,3.0,0.0044444444444444444,679,3,0.004418262150220913,8.0,0.0,0.0,671.0,3.0,0.004470938897168405,667,3,0.004497751124437781,8.0,0.0,0.0,659.0,3.0,0.004552352048558422,667,679
17727,2139,22,0.010285179990649837,30.0,0.0,0.0,2109.0,22.0,0.010431484115694643,1994,20,0.010030090270812437,28.0,0.0,0.0,1966.0,20.0,0.01017293997965412,1876,20,0.010660980810234541,28.0,0.0,0.0,1848.0,20.0,0.010822510822510822,1895,2015
17728,1082,47,0.04343807763401109,20.0,0.0,0.0,1062.0,47.0,0.044256120527306965,947,40,0.042238648363252376,18.0,0.0,0.0,929.0,40.0,0.04305705059203445,887,40,0.04509582863585118,18.0,0.0,0.0,869.0,40.0,0.04602991944764097,1207,1285
17729,1737,10,0.0057570523891767415,28.0,0.0,0.0,1709.0,10.0,0.005851375073142188,1599,9,0.005628517823639775,26.0,0.0,0.0,1573.0,9.0,0.00572155117609663,1529,9,0.005886200130804447,26.0,0.0,0.0,1503.0,9.0,0.005988023952095809,1926,2018
17730,434,427,0.9838709677419355,1.0,0.0,0.0,433.0,427.0,0.9861431870669746,108,103,0.9537037037037037,1.0,0.0,0.0,107.0,103.0,0.9626168224299065,103,98,0.9514563106796117,1.0,0.0,0.0,102.0,98.0,0.9607843137254902,103,108
17731,71,3,0.04225352112676056,1.0,0.0,0.0,70.0,3.0,0.04285714285714286,69,3,0.043478260869565216,1.0,0.0,0.0,68.0,3.0,0.04411764705882353,69,3,0.043478260869565216,1.0,0.0,0.0,68.0,3.0,0.04411764705882353,69,69
17754,25,23,0.92,0.0,0.0,,25.0,23.0,0.92,24,22,0.9166666666666666,0.0,0.0,,24.0,22.0,0.9166666666666666,24,22,0.9166666666666666,0.0,0.0,,24.0,22.0,0.9166666666666666,24,24
17758,26,26,1.0,0.0,0.0,,26.0,26.0,1.0,25,25,1.0,0.0,0.0,,25.0,25.0,1.0,24,24,1.0,0.0,0.0,,24.0,24.0,1.0,32,33
17784,267,0,0.0,0.0,0.0,,267.0,0.0,0.0,267,0,0.0,0.0,0.0,,267.0,0.0,0.0,256,0,0.0,0.0,0.0,,256.0,0.0,0.0,576,605
17785,247,3,0.012145748987854251,0.0,0.0,,247.0,3.0,0.012145748987854251,247,3,0.012145748987854251,0.0,0.0,,247.0,3.0,0.012145748987854251,237,3,0.012658227848101266,0.0,0.0,,237.0,3.0,0.012658227848101266,249,260
17815,3,0,0.0,0.0,0.0,,3.0,0.0,0.0,3,0,0.0,0.0,0.0,,3.0,0.0,0.0,3,0,0.0,0.0,0.0,,3.0,0.0,0.0,3,3
17823,2,0,0.0,0.0,0.0,,2.0,0.0,0.0,2,0,0.0,0.0,0.0,,2.0,0.0,0.0,2,0,0.0,0.0,0.0,,2.0,0.0,0.0,2,2
17865,4,4,1.0,0.0,0.0,,4.0,4.0,1.0,4,4,1.0,0.0,0.0,,4.0,4.0,1.0,4,4,1.0,0.0,0.0,,4.0,4.0,1.0,4,4
17989,2,0,0.0,0.0,0.0,,2.0,0.0,0.0,2,0,0.0,0.0,0.0,,2.0,0.0,0.0,2,0,0.0,0.0,0.0,,2.0,0.0,0.0,2,2
18039,5,0,0.0,0.0,0.0,,5.0,0.0,0.0,5,0,0.0,0.0,0.0,,5.0,0.0,0.0,5,0,0.0,0.0,0.0,,5.0,0.0,0.0,5,5
18114,9,2,0.2222222222222222,0.0,0.0,,9.0,2.0,0.2222222222222222,9,2,0.2222222222222222,0.0,0.0,,9.0,2.0,0.2222222222222222,9,2,0.2222222222222222,0.0,0.0,,9.0,2.0,0.2222222222222222,9,9
18116,9,0,0.0,0.0,0.0,,9.0,0.0,0.0,9,0,0.0,0.0,0.0,,9.0,0.0,0.0,9,0,0.0,0.0,0.0,,9.0,0.0,0.0,9,9
18152,27,7,0.25925925925925924,1.0,0.0,0.0,26.0,7.0,0.2692307692307692,26,7,0.2692307692307692,1.0,0.0,0.0,25.0,7.0,0.28,26,7,0.2692307692307692,1.0,0.0,0.0,25.0,7.0,0.28,26,26
18154,27,0,0.0,1.0,0.0,0.0,26.0,0.0,0.0,26,0,0.0,1.0,0.0,0.0,25.0,0.0,0.0,26,0,0.0,1.0,0.0,0.0,25.0,0.0,0.0,26,26
18156,27,0,0.0,1.0,0.0,0.0,26.0,0.0,0.0,26,0,0.0,1.0,0.0,0.0,25.0,0.0,0.0,26,0,0.0,1.0,0.0,0.0,25.0,0.0,0.0,26,26
18190,10382,302,0.029088807551531495,448.0,19.0,0.04241071428571429,9934.0,283.0,0.02848802093819207,9304,298,0.03202923473774721,389.0,18.0,0.04627249357326478,8915.0,280.0,0.03140773976444195,8754,282,0.03221384509938314,368.0,15.0,0.04076086956521739,8386.0,267.0,0.03183877891724302,8754,9304
18201,9,0,0.0,0.0,0.0,,9.0,0.0,0.0,9,0,0.0,0.0,0.0,,9.0,0.0,0.0,9,0,0.0,0.0,0.0,,9.0,0.0,0.0,9,9
18233,292,80,0.273972602739726,12.0,8.0,0.6666666666666666,280.0,72.0,0.2571428571428571,286,76,0.26573426573426573,10.0,6.0,0.6,276.0,70.0,0.2536231884057971,283,76,0.26855123674911663,10.0,6.0,0.6,273.0,70.0,0.2564102564102564,283,286
18243,5,0,0.0,0.0,0.0,,5.0,0.0,0.0,5,0,0.0,0.0,0.0,,5.0,0.0,0.0,5,0,0.0,0.0,0.0,,5.0,0.0,0.0,2082,2186
18265,87,13,0.14942528735632185,4.0,0.0,0.0,83.0,13.0,0.1566265060240964,86,12,0.13953488372093023,4.0,0.0,0.0,82.0,12.0,0.14634146341463414,86,12,0.13953488372093023,4.0,0.0,0.0,82.0,12.0,0.14634146341463414,86,86
18325,1,0,0.0,0.0,0.0,,1.0,0.0,0.0,1,0,0.0,0.0,0.0,,1.0,0.0,0.0,1,0,0.0,0.0,0.0,,1.0,0.0,0.0,1,1
18326,1,0,0.0,0.0,0.0,,1.0,0.0,0.0,1,0,0.0,0.0,0.0,,1.0,0.0,0.0,1,0,0.0,0.0,0.0,,1.0,0.0,0.0,1,1
18330,5,0,0.0,0.0,0.0,,5.0,0.0,0.0,5,0,0.0,0.0,0.0,,5.0,0.0,0.0,5,0,0.0,0.0,0.0,,5.0,0.0,0.0,5,5
19180,32,0,0.0,2.0,0.0,0.0,30.0,0.0,0.0,31,0,0.0,2.0,0.0,0.0,29.0,0.0,0.0,31,0,0.0,2.0,0.0,0.0,29.0,0.0,0.0,31,31
19392,49,0,0.0,0.0,0.0,,49.0,0.0,0.0,47,0,0.0,0.0,0.0,,47.0,0.0,0.0,47,0,0.0,0.0,0.0,,47.0,0.0,0.0,59,59
19942,1,0,0.0,0.0,0.0,,1.0,0.0,0.0,1,0,0.0,0.0,0.0,,1.0,0.0,0.0,1,0,0.0,0.0,0.0,,1.0,0.0,0.0,1,1
19943,6,0,0.0,0.0,0.0,,6.0,0.0,0.0,6,0,0.0,0.0,0.0,,6.0,0.0,0.0,6,0,0.0,0.0,0.0,,6.0,0.0,0.0,6,6
19947,2,0,0.0,0.0,0.0,,2.0,0.0,0.0,1,0,0.0,0.0,0.0,,1.0,0.0,0.0,1,0,0.0,0.0,0.0,,1.0,0.0,0.0,1,1
20048,292,0,0.0,1.0,0.0,0.0,291.0,0.0,0.0,217,0,0.0,1.0,0.0,0.0,216.0,0.0,0.0,216,0,0.0,1.0,0.0,0.0,215.0,0.0,0.0,216,217
20095,2173,7,0.0032213529682466636,96.0,0.0,0.0,2077.0,7.0,0.003370245546461242,2146,6,0.0027958993476234857,95.0,0.0,0.0,2051.0,6.0,0.0029254022428083864,2130,6,0.0028169014084507044,94.0,0.0,0.0,2036.0,6.0,0.0029469548133595285,2130,2146
20160,16,0,0.0,0.0,0.0,,16.0,0.0,0.0,16,0,0.0,0.0,0.0,,16.0,0.0,0.0,16,0,0.0,0.0,0.0,,16.0,0.0,0.0,16,16
20161,16,0,0.0,0.0,0.0,,16.0,0.0,0.0,16,0,0.0,0.0,0.0,,16.0,0.0,0.0,16,0,0.0,0.0,0.0,,16.0,0.0,0.0,16,16
20168,16138,3201,0.19835171644565622,237.0,87.0,0.3670886075949367,15901.0,3114.0,0.1958367398276838,15381,2938,0.19101488849879722,226.0,83.0,0.3672566371681416,15155.0,2855.0,0.1883866710656549,15116,2848,0.18840963217782483,223.0,80.0,0.35874439461883406,14893.0,2768.0,0.1858591284496072,15116,15381
20262,146,47,0.3219178082191781,0.0,0.0,,146.0,47.0,0.3219178082191781,145,47,0.32413793103448274,0.0,0.0,,145.0,47.0,0.32413793103448274,145,47,0.32413793103448274,0.0,0.0,,145.0,47.0,0.32413793103448274,145,145
20285,834,5,0.005995203836930456,20.0,1.0,0.05,814.0,4.0,0.004914004914004914,699,4,0.005722460658082976,18.0,1.0,0.05555555555555555,681.0,3.0,0.004405286343612335,649,4,0.0061633281972265025,18.0,1.0,0.05555555555555555,631.0,3.0,0.004754358161648178,957,1024
20286,26,2,0.07692307692307693,2.0,0.0,0.0,24.0,2.0,0.08333333333333333,20,1,0.05,1.0,0.0,0.0,19.0,1.0,0.05263157894736842,20,1,0.05,1.0,0.0,0.0,19.0,1.0,0.05263157894736842,20,20
20353,8,8,1.0,0.0,0.0,,8.0,8.0,1.0,8,8,1.0,0.0,0.0,,8.0,8.0,1.0,8,8,1.0,0.0,0.0,,8.0,8.0,1.0,8,8
20354,2,2,1.0,0.0,0.0,,2.0,2.0,1.0,2,2,1.0,0.0,0.0,,2.0,2.0,1.0,2,2,1.0,0.0,0.0,,2.0,2.0,1.0,10,10
20359,9,9,1.0,0.0,0.0,,9.0,9.0,1.0,9,9,1.0,0.0,0.0,,9.0,9.0,1.0,9,9,1.0,0.0,0.0,,9.0,9.0,1.0,9,9
20548,1877,70,0.03729355354288759,32.0,0.0,0.0,1845.0,70.0,0.037940379403794036,1870,70,0.0374331550802139,32.0,0.0,0.0,1838.0,70.0,0.03808487486398259,1822,70,0.038419319429198684,32.0,0.0,0.0,1790.0,70.0,0.03910614525139665,1822,1870
20650,73,11,0.1506849315068493,2.0,0.0,0.0,71.0,11.0,0.15492957746478872,69,11,0.15942028985507245,2.0,0.0,0.0,67.0,11.0,0.16417910447761194,69,11,0.15942028985507245,2.0,0.0,0.0,67.0,11.0,0.16417910447761194,69,69
20655,6,0,0.0,0.0,0.0,,6.0,0.0,0.0,6,0,0.0,0.0,0.0,,6.0,0.0,0.0,6,0,0.0,0.0,0.0,,6.0,0.0,0.0,6,6
20734,21,0,0.0,1.0,0.0,0.0,20.0,0.0,0.0,18,0,0.0,1.0,0.0,0.0,17.0,0.0,0.0,18,0,0.0,1.0,0.0,0.0,17.0,0.0,0.0,18,18
20742,5,3,0.6,0.0,0.0,,5.0,3.0,0.6,5,3,0.6,0.0,0.0,,5.0,3.0,0.6,5,3,0.6,0.0,0.0,,5.0,3.0,0.6,5,5
20757,13,0,0.0,0.0,0.0,,13.0,0.0,0.0,13,0,0.0,0.0,0.0,,13.0,0.0,0.0,13,0,0.0,0.0,0.0,,13.0,0.0,0.0,321,338
20761,1662,10,0.006016847172081829,24.0,0.0,0.0,1638.0,10.0,0.006105006105006105,1554,10,0.006435006435006435,21.0,0.0,0.0,1533.0,10.0,0.006523157208088715,1484,10,0.006738544474393531,20.0,0.0,0.0,1464.0,10.0,0.006830601092896175,1496,1567
20762,1445,9,0.006228373702422145,24.0,0.0,0.0,1421.0,9.0,0.0063335679099225895,1337,9,0.006731488406881077,21.0,0.0,0.0,1316.0,9.0,0.006838905775075988,1277,9,0.007047768206734534,20.0,0.0,0.0,1257.0,9.0,0.007159904534606206,1585,1662
20764,1716,30,0.017482517482517484,24.0,0.0,0.0,1692.0,30.0,0.01773049645390071,1597,30,0.01878522229179712,21.0,0.0,0.0,1576.0,30.0,0.01903553299492386,1526,30,0.019659239842726082,20.0,0.0,0.0,1506.0,30.0,0.0199203187250996,1526,1597
20768,1248,197,0.1578525641025641,21.0,5.0,0.23809523809523808,1227.0,192.0,0.15647921760391198,1140,187,0.16403508771929826,18.0,5.0,0.2777777777777778,1122.0,182.0,0.1622103386809269,1078,180,0.16697588126159554,18.0,5.0,0.2777777777777778,1060.0,175.0,0.1650943396226415,1078,1140
20769,307,0,0.0,9.0,0.0,0.0,298.0,0.0,0.0,283,0,0.0,8.0,0.0,0.0,275.0,0.0,0.0,279,0,0.0,8.0,0.0,0.0,271.0,0.0,0.0,311,316
20770,1751,14,0.00799543118218161,24.0,1.0,0.041666666666666664,1727.0,13.0,0.007527504342790967,1630,14,0.008588957055214725,21.0,1.0,0.047619047619047616,1609.0,13.0,0.008079552517091361,1557,13,0.008349389852280027,20.0,1.0,0.05,1537.0,12.0,0.007807417046193884,1942,2036
20771,1679,4,0.0023823704586063135,24.0,0.0,0.0,1655.0,4.0,0.002416918429003021,1571,4,0.002546148949713558,21.0,0.0,0.0,1550.0,4.0,0.0025806451612903226,1501,4,0.002664890073284477,20.0,0.0,0.0,1481.0,4.0,0.0027008777852802163,1513,1584
20772,307,0,0.0,9.0,0.0,0.0,298.0,0.0,0.0,283,0,0.0,8.0,0.0,0.0,275.0,0.0,0.0,279,0,0.0,8.0,0.0,0.0,271.0,0.0,0.0,279,283
20773,1661,0,0.0,24.0,0.0,0.0,1637.0,0.0,0.0,1553,0,0.0,21.0,0.0,0.0,1532.0,0.0,0.0,1483,0,0.0,20.0,0.0,0.0,1463.0,0.0,0.0,1803,1891
20774,309,6,0.019417475728155338,9.0,0.0,0.0,300.0,6.0,0.02,285,6,0.021052631578947368,8.0,0.0,0.0,277.0,6.0,0.021660649819494584,281,6,0.021352313167259787,8.0,0.0,0.0,273.0,6.0,0.02197802197802198,281,285
20775,1445,46,0.03183391003460208,24.0,3.0,0.125,1421.0,43.0,0.030260380014074596,1337,44,0.032909498878085267,21.0,3.0,0.14285714285714285,1316.0,41.0,0.03115501519756839,1277,43,0.033672670321064996,20.0,3.0,0.15,1257.0,40.0,0.031821797931583136,1277,1337
20776,1445,65,0.04498269896193772,24.0,0.0,0.0,1421.0,65.0,0.04574243490499648,1337,63,0.04712041884816754,21.0,0.0,0.0,1316.0,63.0,0.047872340425531915,1277,63,0.04933437744714174,20.0,0.0,0.0,1257.0,63.0,0.050119331742243436,1277,1337
20777,1717,8,0.004659289458357601,24.0,0.0,0.0,1693.0,8.0,0.004725339633786178,1597,8,0.005009392611145898,21.0,0.0,0.0,1576.0,8.0,0.005076142131979695,1526,8,0.005242463958060288,20.0,0.0,0.0,1506.0,8.0,0.005312084993359893,1526,1597
20778,307,0,0.0,9.0,0.0,0.0,298.0,0.0,0.0,283,0,0.0,8.0,0.0,0.0,275.0,0.0,0.0,279,0,0.0,8.0,0.0,0.0,271.0,0.0,0.0,311,316
20779,889,24,0.02699662542182227,12.0,0.0,0.0,877.0,24.0,0.027366020524515394,857,23,0.026837806301050177,10.0,0.0,0.0,847.0,23.0,0.02715466351829988,835,23,0.027544910179640718,9.0,0.0,0.0,826.0,23.0,0.02784503631961259,1220,1263
20780,1733,25,0.014425851125216388,24.0,0.0,0.0,1709.0,25.0,0.014628437682855471,1613,24,0.014879107253564786,21.0,0.0,0.0,1592.0,24.0,0.01507537688442211,1542,24,0.01556420233463035,20.0,0.0,0.0,1522.0,24.0,0.01576872536136662,1542,1613
20781,1955,10,0.005115089514066497,24.0,1.0,0.041666666666666664,1931.0,9.0,0.004660797514241326,1834,10,0.0054525627044711015,21.0,1.0,0.047619047619047616,1813.0,9.0,0.004964147821290678,1753,10,0.005704506560182544,20.0,1.0,0.05,1733.0,9.0,0.0051933064050779,1765,1847
20782,207,0,0.0,6.0,0.0,0.0,201.0,0.0,0.0,205,0,0.0,6.0,0.0,0.0,199.0,0.0,0.0,205,0,0.0,6.0,0.0,0.0,199.0,0.0,0.0,237,238
20783,527,6,0.011385199240986717,18.0,1.0,0.05555555555555555,509.0,5.0,0.009823182711198428,461,6,0.013015184381778741,15.0,1.0,0.06666666666666667,446.0,5.0,0.011210762331838564,454,6,0.013215859030837005,15.0,1.0,0.06666666666666667,439.0,5.0,0.011389521640091117,454,461
20784,528,15,0.028409090909090908,18.0,1.0,0.05555555555555555,510.0,14.0,0.027450980392156862,462,15,0.032467532467532464,15.0,1.0,0.06666666666666667,447.0,14.0,0.03131991051454139,455,15,0.03296703296703297,15.0,1.0,0.06666666666666667,440.0,14.0,0.031818181818181815,455,462
20785,102,1,0.00980392156862745,3.0,0.0,0.0,99.0,1.0,0.010101010101010102,80,1,0.0125,2.0,0.0,0.0,78.0,1.0,0.01282051282051282,76,1,0.013157894736842105,2.0,0.0,0.0,74.0,1.0,0.013513513513513514,108,113
20791,307,0,0.0,9.0,0.0,0.0,298.0,0.0,0.0,283,0,0.0,8.0,0.0,0.0,275.0,0.0,0.0,279,0,0.0,8.0,0.0,0.0,271.0,0.0,0.0,311,316
20798,639,0,0.0,24.0,0.0,0.0,615.0,0.0,0.0,539,0,0.0,16.0,0.0,0.0,523.0,0.0,0.0,529,0,0.0,16.0,0.0,0.0,513.0,0.0,0.0,561,572
20800,624,0,0.0,24.0,0.0,0.0,600.0,0.0,0.0,524,0,0.0,16.0,0.0,0.0,508.0,0.0,0.0,514,0,0.0,16.0,0.0,0.0,498.0,0.0,0.0,546,557
20801,1951,98,0.050230650948231675,24.0,0.0,0.0,1927.0,98.0,0.0508562532433835,1830,93,0.05081967213114754,21.0,0.0,0.0,1809.0,93.0,0.05140961857379768,1749,93,0.05317324185248713,20.0,0.0,0.0,1729.0,93.0,0.05378831694621168,1761,1843
20806,1424,3,0.002106741573033708,24.0,0.0,0.0,1400.0,3.0,0.002142857142857143,1316,3,0.0022796352583586625,21.0,0.0,0.0,1295.0,3.0,0.0023166023166023165,1257,3,0.002386634844868735,20.0,0.0,0.0,1237.0,3.0,0.002425222312045271,1257,1316
20808,30,0,0.0,0.0,0.0,,30.0,0.0,0.0,30,0,0.0,0.0,0.0,,30.0,0.0,0.0,27,0,0.0,0.0,0.0,,27.0,0.0,0.0,27,30
20809,1146,26,0.02268760907504363,3.0,0.0,0.0,1143.0,26.0,0.022747156605424323,1105,26,0.023529411764705882,3.0,0.0,0.0,1102.0,26.0,0.023593466424682397,1074,26,0.024208566108007448,2.0,0.0,0.0,1072.0,26.0,0.024253731343283583,1086,1118
20810,1717,33,0.0192195690157251,24.0,0.0,0.0,1693.0,33.0,0.019492025989367986,1596,33,0.020676691729323307,21.0,0.0,0.0,1575.0,33.0,0.02095238095238095,1525,33,0.021639344262295083,20.0,0.0,0.0,1505.0,33.0,0.021926910299003323,1525,1596
20811,1445,17,0.011764705882352941,24.0,0.0,0.0,1421.0,17.0,0.011963406052076003,1337,16,0.011967090501121914,21.0,0.0,0.0,1316.0,16.0,0.0121580547112462,1277,16,0.012529365700861394,20.0,0.0,0.0,1257.0,16.0,0.012728719172633254,1277,1337
20812,1713,29,0.016929363689433742,24.0,0.0,0.0,1689.0,29.0,0.017169923031379514,1592,29,0.01821608040201005,21.0,0.0,0.0,1571.0,29.0,0.018459579885423297,1521,29,0.0190664036817883,20.0,0.0,0.0,1501.0,29.0,0.019320453031312457,1521,1592
20813,640,9,0.0140625,24.0,0.0,0.0,616.0,9.0,0.01461038961038961,540,8,0.014814814814814815,16.0,0.0,0.0,524.0,8.0,0.015267175572519083,530,8,0.01509433962264151,16.0,0.0,0.0,514.0,8.0,0.01556420233463035,562,573
20814,207,1,0.004830917874396135,6.0,0.0,0.0,201.0,1.0,0.004975124378109453,205,1,0.004878048780487805,6.0,0.0,0.0,199.0,1.0,0.005025125628140704,205,1,0.004878048780487805,6.0,0.0,0.0,199.0,1.0,0.005025125628140704,237,238
20815,105,8,0.0761904761904762,3.0,0.0,0.0,102.0,8.0,0.0784313725490196,83,7,0.08433734939759036,2.0,0.0,0.0,81.0,7.0,0.08641975308641975,79,7,0.08860759493670886,2.0,0.0,0.0,77.0,7.0,0.09090909090909091,79,83
20816,1152,1,0.0008680555555555555,24.0,0.0,0.0,1128.0,1.0,0.0008865248226950354,1071,1,0.0009337068160597573,21.0,0.0,0.0,1050.0,1.0,0.0009523809523809524,1016,1,0.000984251968503937,20.0,0.0,0.0,996.0,1.0,0.001004016064257028,1016,1071
20817,1446,4,0.0027662517289073307,24.0,0.0,0.0,1422.0,4.0,0.0028129395218002813,1338,4,0.0029895366218236174,21.0,0.0,0.0,1317.0,4.0,0.0030372057706909645,1278,4,0.003129890453834116,20.0,0.0,0.0,1258.0,4.0,0.003179650238473768,1278,1338
20819,1687,9,0.005334914048606995,24.0,1.0,0.041666666666666664,1663.0,8.0,0.004810583283223091,1579,9,0.005699810006333122,21.0,1.0,0.047619047619047616,1558.0,8.0,0.005134788189987163,1509,9,0.005964214711729622,20.0,1.0,0.05,1489.0,8.0,0.005372733378106112,1521,1592
20822,19,4,0.21052631578947367,0.0,0.0,,19.0,4.0,0.21052631578947367,19,4,0.21052631578947367,0.0,0.0,,19.0,4.0,0.21052631578947367,19,4,0.21052631578947367,0.0,0.0,,19.0,4.0,0.21052631578947367,20,20
20825,9,5,0.5555555555555556,0.0,0.0,,9.0,5.0,0.5555555555555556,7,5,0.7142857142857143,0.0,0.0,,7.0,5.0,0.7142857142857143,7,5,0.7142857142857143,0.0,0.0,,7.0,5.0,0.7142857142857143,7,7
20826,9,5,0.5555555555555556,0.0,0.0,,9.0,5.0,0.5555555555555556,7,5,0.7142857142857143,0.0,0.0,,7.0,5.0,0.7142857142857143,7,5,0.7142857142857143,0.0,0.0,,7.0,5.0,0.7142857142857143,7,7
20912,193,4,0.02072538860103627,0.0,0.0,,193.0,4.0,0.02072538860103627,193,4,0.02072538860103627,0.0,0.0,,193.0,4.0,0.02072538860103627,185,4,0.021621621621621623,0.0,0.0,,185.0,4.0,0.021621621621621623,505,531
21174,176429,107151,0.6073321279381507,3631.0,2268.0,0.6246213164417516,172798.0,104883.0,0.6069688306577622,111752,63387,0.5672113250769562,2234.0,1266.0,0.5666965085049239,109518.0,62121.0,0.5672218265490604,101629,58633,0.5769317812829016,2124.0,1224.0,0.576271186440678,99505.0,57409.0,0.5769458821164766,107353,118021
21175,5247,0,0.0,104.0,0.0,0.0,5143.0,0.0,0.0,4365,0,0.0,89.0,0.0,0.0,4276.0,0.0,0.0,4316,0,0.0,89.0,0.0,0.0,4227.0,0.0,0.0,4316,4365
21178,71,0,0.0,1.0,0.0,0.0,70.0,0.0,0.0,66,0,0.0,1.0,0.0,0.0,65.0,0.0,0.0,64,0,0.0,1.0,0.0,0.0,63.0,0.0,0.0,68,71
21179,70,8,0.11428571428571428,1.0,0.0,0.0,69.0,8.0,0.11594202898550725,65,8,0.12307692307692308,1.0,0.0,0.0,64.0,8.0,0.125,63,8,0.12698412698412698,1.0,0.0,0.0,62.0,8.0,0.12903225806451613,68,71
21181,18,4,0.2222222222222222,0.0,0.0,,18.0,4.0,0.2222222222222222,17,4,0.23529411764705882,0.0,0.0,,17.0,4.0,0.23529411764705882,17,4,0.23529411764705882,0.0,0.0,,17.0,4.0,0.23529411764705882,140,143
21182,40,15,0.375,1.0,1.0,1.0,39.0,14.0,0.358974358974359,37,13,0.35135135135135137,1.0,1.0,1.0,36.0,12.0,0.3333333333333333,37,13,0.35135135135135137,1.0,1.0,1.0,36.0,12.0,0.3333333333333333,142,145
21184,55,17,0.3090909090909091,1.0,0.0,0.0,54.0,17.0,0.3148148148148148,52,17,0.3269230769230769,1.0,0.0,0.0,51.0,17.0,0.3333333333333333,51,16,0.3137254901960784,1.0,0.0,0.0,50.0,16.0,0.32,56,58
21185,55,20,0.36363636363636365,1.0,1.0,1.0,54.0,19.0,0.35185185185185186,52,20,0.38461538461538464,1.0,1.0,1.0,51.0,19.0,0.37254901960784315,51,19,0.37254901960784315,1.0,1.0,1.0,50.0,18.0,0.36,56,58
21186,55,24,0.43636363636363634,1.0,1.0,1.0,54.0,23.0,0.42592592592592593,52,24,0.46153846153846156,1.0,1.0,1.0,51.0,23.0,0.45098039215686275,51,24,0.47058823529411764,1.0,1.0,1.0,50.0,23.0,0.46,56,58
21187,94,27,0.2872340425531915,2.0,0.0,0.0,92.0,27.0,0.29347826086956524,89,26,0.29213483146067415,1.0,0.0,0.0,88.0,26.0,0.29545454545454547,67,20,0.29850746268656714,1.0,0.0,0.0,66.0,20.0,0.30303030303030304,396,476
21189,37090,12426,0.3350229172283634,4472.0,1312.0,0.29338103756708406,32618.0,11114.0,0.34073211110429824,2574,1777,0.6903651903651904,50.0,43.0,0.86,2524.0,1734.0,0.6870047543581617,2420,1709,0.706198347107438,50.0,43.0,0.86,2370.0,1666.0,0.7029535864978903,2432,2587
21192,18,4,0.2222222222222222,0.0,0.0,,18.0,4.0,0.2222222222222222,18,4,0.2222222222222222,0.0,0.0,,18.0,4.0,0.2222222222222222,18,4,0.2222222222222222,0.0,0.0,,18.0,4.0,0.2222222222222222,18,18
21193,71,5,0.07042253521126761,1.0,0.0,0.0,70.0,5.0,0.07142857142857142,66,5,0.07575757575757576,1.0,0.0,0.0,65.0,5.0,0.07692307692307693,64,5,0.078125,1.0,0.0,0.0,63.0,5.0,0.07936507936507936,68,71
21195,355,331,0.9323943661971831,1.0,1.0,1.0,354.0,330.0,0.9322033898305084,312,289,0.9262820512820513,1.0,1.0,1.0,311.0,288.0,0.9260450160771704,191,168,0.8795811518324608,1.0,1.0,1.0,190.0,167.0,0.8789473684210526,215,354
21196,60124,27779,0.46202847448606216,6102.0,2466.0,0.40412979351032446,54022.0,25313.0,0.46856836103809557,3266,2363,0.7235150030618493,55.0,50.0,0.9090909090909091,3211.0,2313.0,0.7203363438181252,3078,2265,0.7358674463937622,54.0,50.0,0.9259259259259259,3024.0,2215.0,0.732473544973545,3107,3299
21204,22657,17905,0.7902634947256918,2004.0,1529.0,0.7629740518962076,20653.0,16376.0,0.7929114414370794,1517,1392,0.9176005273566249,52.0,49.0,0.9423076923076923,1465.0,1343.0,0.9167235494880546,1449,1335,0.9213250517598344,52.0,49.0,0.9423076923076923,1397.0,1286.0,0.9205440229062276,1465,1534
21207,15,3,0.2,0.0,0.0,,15.0,3.0,0.2,15,3,0.2,0.0,0.0,,15.0,3.0,0.2,15,3,0.2,0.0,0.0,,15.0,3.0,0.2,18,18
21212,35,13,0.37142857142857144,0.0,0.0,,35.0,13.0,0.37142857142857144,34,12,0.35294117647058826,0.0,0.0,,34.0,12.0,0.35294117647058826,33,12,0.36363636363636365,0.0,0.0,,33.0,12.0,0.36363636363636365,94,96
21213,40,12,0.3,0.0,0.0,,40.0,12.0,0.3,40,12,0.3,0.0,0.0,,40.0,12.0,0.3,37,12,0.32432432432432434,0.0,0.0,,37.0,12.0,0.32432432432432434,55,59
21216,13,2,0.15384615384615385,0.0,0.0,,13.0,2.0,0.15384615384615385,9,2,0.2222222222222222,0.0,0.0,,9.0,2.0,0.2222222222222222,5,1,0.2,0.0,0.0,,5.0,1.0,0.2,5,9
21217,53394,39765,0.7447466007416563,2750.0,2409.0,0.876,50644.0,37356.0,0.737619461337967,15007,10418,0.6942093689611515,107.0,90.0,0.8411214953271028,14900.0,10328.0,0.6931543624161074,10634,7951,0.7476960692119616,77.0,73.0,0.948051948051948,10557.0,7878.0,0.7462347257743677,10708,15110
21838,6,0,0.0,0.0,0.0,,6.0,0.0,0.0,6,0,0.0,0.0,0.0,,6.0,0.0,0.0,6,0,0.0,0.0,0.0,,6.0,0.0,0.0,6,6
21839,2,0,0.0,0.0,0.0,,2.0,0.0,0.0,2,0,0.0,0.0,0.0,,2.0,0.0,0.0,2,0,0.0,0.0,0.0,,2.0,0.0,0.0,2,2
21841,8,0,0.0,0.0,0.0,,8.0,0.0,0.0,8,0,0.0,0.0,0.0,,8.0,0.0,0.0,8,0,0.0,0.0,0.0,,8.0,0.0,0.0,8,8
22055,2,0,0.0,0.0,0.0,,2.0,0.0,0.0,2,0,0.0,0.0,0.0,,2.0,0.0,0.0,2,0,0.0,0.0,0.0,,2.0,0.0,0.0,2,2
22056,2,0,0.0,0.0,0.0,,2.0,0.0,0.0,2,0,0.0,0.0,0.0,,2.0,0.0,0.0,2,0,0.0,0.0,0.0,,2.0,0.0,0.0,2,2
22295,12,0,0.0,1.0,0.0,0.0,11.0,0.0,0.0,12,0,0.0,1.0,0.0,0.0,11.0,0.0,0.0,12,0,0.0,1.0,0.0,0.0,11.0,0.0,0.0,12,12
22598,9,5,0.5555555555555556,0.0,0.0,,9.0,5.0,0.5555555555555556,9,5,0.5555555555555556,0.0,0.0,,9.0,5.0,0.5555555555555556,9,5,0.5555555555555556,0.0,0.0,,9.0,5.0,0.5555555555555556,44,45
23004,331,4,0.012084592145015106,15.0,0.0,0.0,316.0,4.0,0.012658227848101266,261,3,0.011494252873563218,9.0,0.0,0.0,252.0,3.0,0.011904761904761904,256,3,0.01171875,9.0,0.0,0.0,247.0,3.0,0.012145748987854251,256,261
23080,4,2,0.5,0.0,0.0,,4.0,2.0,0.5,4,2,0.5,0.0,0.0,,4.0,2.0,0.5,4,2,0.5,0.0,0.0,,4.0,2.0,0.5,4,4
23102,332,15,0.045180722891566265,15.0,2.0,0.13333333333333333,317.0,13.0,0.04100946372239748,262,11,0.04198473282442748,9.0,1.0,0.1111111111111111,253.0,10.0,0.039525691699604744,257,11,0.042801556420233464,9.0,1.0,0.1111111111111111,248.0,10.0,0.04032258064516129,257,262
23103,332,16,0.04819277108433735,15.0,1.0,0.06666666666666667,317.0,15.0,0.0473186119873817,262,11,0.04198473282442748,9.0,1.0,0.1111111111111111,253.0,10.0,0.039525691699604744,257,11,0.042801556420233464,9.0,1.0,0.1111111111111111,248.0,10.0,0.04032258064516129,257,262
23104,332,0,0.0,15.0,0.0,0.0,317.0,0.0,0.0,262,0,0.0,9.0,0.0,0.0,253.0,0.0,0.0,257,0,0.0,9.0,0.0,0.0,248.0,0.0,0.0,257,262
23105,331,0,0.0,15.0,0.0,0.0,316.0,0.0,0.0,261,0,0.0,9.0,0.0,0.0,252.0,0.0,0.0,256,0,0.0,9.0,0.0,0.0,247.0,0.0,0.0,256,261
23106,330,2,0.006060606060606061,15.0,0.0,0.0,315.0,2.0,0.006349206349206349,260,1,0.0038461538461538464,9.0,0.0,0.0,251.0,1.0,0.00398406374501992,255,1,0.00392156862745098,9.0,0.0,0.0,246.0,1.0,0.0040650406504065045,255,260
23112,331,3,0.00906344410876133,15.0,0.0,0.0,316.0,3.0,0.00949367088607595,261,2,0.007662835249042145,9.0,0.0,0.0,252.0,2.0,0.007936507936507936,256,2,0.0078125,9.0,0.0,0.0,247.0,2.0,0.008097165991902834,256,261
23176,332,8,0.024096385542168676,15.0,0.0,0.0,317.0,8.0,0.025236593059936908,262,6,0.022900763358778626,9.0,0.0,0.0,253.0,6.0,0.023715415019762844,257,6,0.023346303501945526,9.0,0.0,0.0,248.0,6.0,0.024193548387096774,257,262
23178,331,29,0.08761329305135952,15.0,1.0,0.06666666666666667,316.0,28.0,0.08860759493670886,262,24,0.0916030534351145,9.0,1.0,0.1111111111111111,253.0,23.0,0.09090909090909091,257,24,0.0933852140077821,9.0,1.0,0.1111111111111111,248.0,23.0,0.09274193548387097,257,262
23184,332,86,0.25903614457831325,15.0,0.0,0.0,317.0,86.0,0.27129337539432175,262,72,0.2748091603053435,9.0,0.0,0.0,253.0,72.0,0.2845849802371542,257,72,0.2801556420233463,9.0,0.0,0.0,248.0,72.0,0.2903225806451613,257,262
23202,433,8,0.018475750577367205,18.0,0.0,0.0,415.0,8.0,0.01927710843373494,335,4,0.011940298507462687,10.0,0.0,0.0,325.0,4.0,0.012307692307692308,325,4,0.012307692307692308,10.0,0.0,0.0,315.0,4.0,0.012698412698412698,325,335
23266,332,1,0.0030120481927710845,15.0,0.0,0.0,317.0,1.0,0.0031545741324921135,262,1,0.003816793893129771,9.0,0.0,0.0,253.0,1.0,0.003952569169960474,257,1,0.0038910505836575876,9.0,0.0,0.0,248.0,1.0,0.004032258064516129,257,262
23267,332,42,0.12650602409638553,15.0,1.0,0.06666666666666667,317.0,41.0,0.12933753943217666,262,34,0.1297709923664122,9.0,1.0,0.1111111111111111,253.0,33.0,0.13043478260869565,257,34,0.13229571984435798,9.0,1.0,0.1111111111111111,248.0,33.0,0.13306451612903225,257,262
23290,325,8,0.024615384615384615,15.0,0.0,0.0,310.0,8.0,0.025806451612903226,256,8,0.03125,9.0,0.0,0.0,247.0,8.0,0.032388663967611336,252,8,0.031746031746031744,9.0,0.0,0.0,243.0,8.0,0.03292181069958848,252,256
23380,332,22,0.06626506024096386,15.0,1.0,0.06666666666666667,317.0,21.0,0.06624605678233439,262,18,0.06870229007633588,9.0,1.0,0.1111111111111111,253.0,17.0,0.06719367588932806,257,18,0.07003891050583658,9.0,1.0,0.1111111111111111,248.0,17.0,0.06854838709677419,257,262
23413,332,6,0.018072289156626505,15.0,0.0,0.0,317.0,6.0,0.01892744479495268,262,6,0.022900763358778626,9.0,0.0,0.0,253.0,6.0,0.023715415019762844,257,6,0.023346303501945526,9.0,0.0,0.0,248.0,6.0,0.024193548387096774,257,262
23422,332,8,0.024096385542168676,15.0,2.0,0.13333333333333333,317.0,6.0,0.01892744479495268,262,7,0.026717557251908396,9.0,1.0,0.1111111111111111,253.0,6.0,0.023715415019762844,257,7,0.027237354085603113,9.0,1.0,0.1111111111111111,248.0,6.0,0.024193548387096774,257,262
23423,331,12,0.03625377643504532,15.0,3.0,0.2,316.0,9.0,0.028481012658227847,261,11,0.0421455938697318,9.0,2.0,0.2222222222222222,252.0,9.0,0.03571428571428571,256,11,0.04296875,9.0,2.0,0.2222222222222222,247.0,9.0,0.03643724696356275,256,261
23446,426,8,0.018779342723004695,17.0,3.0,0.17647058823529413,409.0,5.0,0.012224938875305624,328,5,0.01524390243902439,9.0,2.0,0.2222222222222222,319.0,3.0,0.009404388714733543,318,5,0.015723270440251572,9.0,2.0,0.2222222222222222,309.0,3.0,0.009708737864077669,318,328
23450,332,7,0.02108433734939759,15.0,0.0,0.0,317.0,7.0,0.022082018927444796,262,6,0.022900763358778626,9.0,0.0,0.0,253.0,6.0,0.023715415019762844,257,6,0.023346303501945526,9.0,0.0,0.0,248.0,6.0,0.024193548387096774,257,262
23503,324,6,0.018518518518518517,15.0,0.0,0.0,309.0,6.0,0.019417475728155338,255,4,0.01568627450980392,9.0,0.0,0.0,246.0,4.0,0.016260162601626018,251,4,0.01593625498007968,9.0,0.0,0.0,242.0,4.0,0.01652892561983471,251,255
23511,2,0,0.0,0.0,0.0,,2.0,0.0,0.0,2,0,0.0,0.0,0.0,,2.0,0.0,0.0,2,0,0.0,0.0,0.0,,2.0,0.0,0.0,4,4
23512,2,0,0.0,0.0,0.0,,2.0,0.0,0.0,2,0,0.0,0.0,0.0,,2.0,0.0,0.0,2,0,0.0,0.0,0.0,,2.0,0.0,0.0,2,2
23513,1,0,0.0,0.0,0.0,,1.0,0.0,0.0,1,0,0.0,0.0,0.0,,1.0,0.0,0.0,1,0,0.0,0.0,0.0,,1.0,0.0,0.0,1,1
23520,1,0,0.0,0.0,0.0,,1.0,0.0,0.0,1,0,0.0,0.0,0.0,,1.0,0.0,0.0,1,0,0.0,0.0,0.0,,1.0,0.0,0.0,1,1
23552,23,0,0.0,2.0,0.0,0.0,21.0,0.0,0.0,23,0,0.0,2.0,0.0,0.0,21.0,0.0,0.0,23,0,0.0,2.0,0.0,0.0,21.0,0.0,0.0,23,23
