DETAIL_LAB_PROCEDURE_ID,LAB_PROCEDURE_NAME,ntk_score_lab,n_patients_with_abnormal,abnormal_rate_patients_pos,abnormal_rate_patients_neg
39,Hemoglobin,0.2169546641780766,3071517,0.519653669854564,0.43282555728238004
40,Hematocrit,0.2147917691747942,3040896,0.493644955011035,0.42877382998738833
52,"Glucose, Serum/Plasma Quantitative",0.19736019586627898,2794110,0.4111255729726671,0.3945130373978306
41,White Blood Cell Count,0.1739142473335879,2462176,0.3773640427819591,0.34745517822278477
42,Red Blood Cell Count,0.15236942283385935,2157157,0.3178993831701658,0.30457250221448073
3,Blood Urea Nitrogen,0.13128887803944986,1858711,0.3193820383679475,0.2618597747295129
38,"Chloride, Serum",0.11477385629889753,1624901,0.33004357421764474,0.2282774887444867
1523,Red Blood Cell Distribution Width (RDW),0.11426959754090683,1617762,0.3038877256521985,0.22758682252338652
34,"Calcium, Serum",0.1043966080246011,1477986,0.26069831928017656,0.20813715818602554
13,"Creatinine, Serum Quantitative",0.10435034251311716,1477331,0.22435628996661197,0.20850280500896093
1489,Mean Corpuscular Hemoglobin,0.09749725479526133,1380309,0.23360307849018166,0.1945065141211773
47,"Sodium, Serum",0.09329020116244394,1320748,0.2664365344349499,0.18557105564927204
28,"Albumin, Serum",0.0921667615286238,1304843,0.27593231848791805,0.18317575423955762
9,Aspartate Aminotransferase / SGOT,0.08992842901959355,1273154,0.26118499236036447,0.17882890589772876
24,"Potassium, Serum",0.08771481853960052,1241815,0.26130949012506366,0.17434415319858
1488,Lymphocyte Count,0.08328109921769611,1179045,0.18496972440722087,0.16632953533670408
62,"Protein Total, Serum",0.08285058274060503,1172950,0.25164393639296023,0.16461488634620974
59,Platelet Count,0.07972988569805192,1128769,0.2091449267160885,0.1588317727061527
1490,Mean Corpuscular Hemoglobin Concentration,0.07862445782824462,1113119,0.20419897006394658,0.15665548744898683
1503,Neutrophil Absolute Count Blood,0.07721268870148178,1093132,0.13485371512647842,0.15467275467673158
8,Alanine Aminotransferase / SGPT,0.07169451991726737,1015009,0.2058174410050365,0.1425999720757982
1491,Mean Corpuscular Volume,0.07141572606409617,1011062,0.18134797125233434,0.14234462012785623
1565,UA Blood,0.07110140312348004,1006612,0.1445305868371909,0.1421733841157069
1492,Mean Platelet Volume,0.06966208659293287,986235,0.1547280855639183,0.13912947445278864
1373,Anion Gap,0.06431287521859572,910504,0.17670760002263597,0.12801801683234262
1562,UA Bacteria,0.059681874104974254,844941,0.12405636353347292,0.11930443559923735
1496,Monocyte Absolute Count Blood,0.057374531817745815,812275,0.0987267274064852,0.11495157897628044
1506,Neutrophil Percent,0.05646257148374696,799364,0.13331447003565164,0.11266743076743489
1485,Lymphocyte Percent,0.05641962578759087,798756,0.11571501329862487,0.11280290320144107
2,Prothrombin Time,0.05598246967984407,792567,0.1266368626563296,0.11177949264929721
35,Carbon Dioxide CO2,0.05591112896747951,791557,0.1508573368796333,0.11132887156469373
29,"Alkaline Phosphatase, Serum",0.05472256444573847,774730,0.1672684058627129,0.10871426789380563
1482,"Leukocyte Esterase, Urine",0.05454767374889228,772254,0.10900345198347575,0.10909650901699942
1592,UA Red Blood Cell,0.05413566347639477,766421,0.1041027672457699,0.10832401572910777
1480,INR (International Normalized Ratio),0.053882933705265666,762843,0.09487861467941826,0.10792875666346988
1502,Neutrophil Count Blood Automated,0.052254882141611454,739794,0.10372927395167224,0.10451962934055395
1607,UA White Blood Cell,0.05072465917857597,718130,0.10160149397317639,0.10144739492374633
1486,Lymphocyte Absolute Count Blood,0.04847184662396678,686236,0.08096881896893215,0.09714560869037782
1371,Albumin / Globulin Ratio,0.04347566582428119,615503,0.10959198687114481,0.08666516364268924
1405,Blood Urea Nitrogen Creatinine Ratio,0.04336378098429558,613919,0.0945164393639296,0.08662911395592096
2396,Glomerular Filtration Rate,0.04203253503782541,595072,0.07071473034915964,0.08423381254620654
847,Bilirubin Total Serum or Plasma Mass/Volume,0.04109585267478934,581811,0.11359855129873804,0.08179473651684493
1498,Monocyte Count,0.04015895840864723,568547,0.10380849980193538,0.08002100609525815
1495,Monocyte Percent,0.03956407575564294,560125,0.100831871427763,0.07885382595897888
1035,Glucose Stick/Meter Whole Blood POC,0.03902103872924815,552437,0.08333427649821742,0.07797518637115843
1313,"Specific Gravity, Urine",0.03447621154541359,488094,0.10103559504272537,0.06854690579244078
1561,UA Appearance,0.032164207389852414,455362,0.0838775394714504,0.06408132237117672
1505,Neutrophil Count,0.03140206255181914,444572,0.08543942051949521,0.06251802484338413
1519,"Protein, Urine",0.031009123558864635,439009,0.06582536359006282,0.061970126826231355
1081,HDL Cholesterol,0.030866654037241547,436992,0.05492615018957614,0.06181934758077991
1,Partial Thromboplastin Time,0.02951252255531978,417821,0.05620508177239545,0.05906068821713127
58,"Phosphorus, Serum",0.029177150572837665,413073,0.10119404674325165,0.0578128254485611
1093,Hemoglobin A1C (Glycosylated Hemoglobin),0.028262364864091706,400122,0.05172316224322336,0.05658541944668881
1472,Eosinophil Absolute Count Blood,0.027992329672636544,396299,0.05568445475638051,0.05598845380032365
1471,Eosinophil Percent,0.027933067437315884,395460,0.08543942051949521,0.055492341444322114
25,Magnesium,0.027763827489963915,393064,0.0951276102088167,0.055027128819836256
2415,Glomerular Filtration Rate Estimated,0.02689410650843438,380751,0.053228453398223075,0.05379528813427421
1484,Lymphocyte Count Blood,0.023708143309223,335646,0.04351762775168355,0.04746556396587754
6721,Erythrocytes Blood Automated Count,0.023413951163680034,331481,0.07133721917265576,0.046518115253709684
986,Eosinophil Count,0.02319809253300073,328425,0.06039273385773301,0.04621927479474567
1473,"Globulin, Serum",0.022899521056599745,324198,0.07778846697979741,0.04539470973707762
1399,"Blood Gas PCO2, Arterial",0.022376967997121508,316800,0.0743478014826552,0.0443798824436881
1328,"Triglyceride, Serum",0.022242621427896365,314898,0.03990719257540603,0.04454310741433336
1504,Neutrophil Absolute Count,0.022187455985959018,314117,0.05256069266029087,0.044271447274758124
1586,UA Mucous,0.022144510289802927,313509,0.04561145379435233,0.04427230560063356
1254,"Protein Total, Urine",0.021376926605381465,302642,0.05054609246788524,0.04265536270562627
1146,"Lipase, Serum",0.02135220457634424,302292,0.07533246562163998,0.04229200475169204
1046,"Glucose, Whole Blood Quantitative",0.021117981009808714,298976,0.05004810140908834,0.04213721998548857
1494,Monocyte,0.020062844810499997,284038,0.04141248373040575,0.04010942510477298
1945,BNP-B Type Natriuretic Peptide,0.01983370691850927,280794,0.04138984777318771,0.03964564302341284
4,"CK/CPK, Total, Serum",0.019050583672978696,269707,0.06119631033897346,0.037809254812919295
905,"Cholesterol Total, Serum",0.018764443845465,265656,0.028396808330032258,0.037644313190523165
1400,"Blood Gas pH, Arterial",0.018095607008455077,256187,0.05920434610378587,0.03590033806595147
1604,UA Urobilinogen,0.01799325780824097,254738,0.052572010638899894,0.03577688219420138
1130,"Ketones Stix, Urine",0.017809396546572702,252135,0.03902439024390244,0.035575747830724404
1417,Differential Anisocytosis,0.017783473733267954,251768,0.04661875389055515,0.03542725745427412
1402,"Blood Gas PO2, Arterial",0.016733211305398007,236899,0.06372021956878501,0.0330840278143361
1329,Troponin I,0.01537420605203747,217659,0.03278818403033218,0.030722630276701374
1571,UA Color,0.015188861468626969,215035,0.037270103559504275,0.030290606252732336
1587,UA Nitrite,0.014518965116086878,205551,0.027559277912964746,0.029056619752481708
1419,Differential Bands,0.014331784039090755,202901,0.02821572067228793,0.028669228674035298
1474,Granulocyte Percent,0.014329311836187032,202866,0.0353460471959708,0.028574097556174568
1640,"Carbon Dioxide CO2 Total Quantitative, Serum",0.014300634282503853,202460,0.04098240054326297,0.028444776457609
1132,Lactic Acid Blood,0.014035543496856135,198707,0.04896157546262238,0.02780704033216067
1487,Lymphocyte Absolute Count,0.013840310101830743,195943,0.03906966215833852,0.02753666768139859
1581,UA Hyaline Casts,0.013589063652443872,192386,0.03431611114254994,0.02708790630285857
1598,UA Squamous Epithelial Cells,0.013569851104163515,192114,0.028906117367438176,0.02711737549124851
64,"Sedimentation Rate, Erythrocyte",0.013446947302664172,190374,0.0426008714843529,0.02669536526915955
6560,"Calcium Quantitative, Serum",0.013094057996749972,185378,0.04462678965536755,0.025955059201596714
1507,Neutrophil Segmented,0.012949751981541262,183335,0.021594703186010977,0.025953914767096135
1564,UA Bilirubin,0.012692360342079422,179691,0.030683040009054384,0.0253177522390861
1575,UA Epithelial Cells,0.012529830659751844,177390,0.020134683945447342,0.02512191088517431
844,"Bilirubin Direct Quantitative, Serum",0.012362921646566244,175027,0.04350630977307453,0.024488466389103153
1378,Basophils Percent,0.012284305594227872,173914,0.04383453115273612,0.024325098364145325
54,"Iron, Serum",0.0122012395766628,172738,0.037926546318827456,0.02423154084372289
1569,UA Clarity,0.012182380200225832,172471,0.021221209891913305,0.02440449350762308
1340,TSH (Thyroid Stimulating Hormone),0.011978953218433818,169591,0.03462169656499349,0.02382312078132832
1385,Blood Gas Base Excess Calculated,0.011837755115446932,167592,0.03061513213740026,0.02358779643714651
1395,"Blood Gas Oxygen Saturation Percent, Arterial",0.011026307488076566,156104,0.028600531944994623,0.021969852161951214
55,"Iron Binding Capacity, Serum",0.010705909991754144,151568,0.029392790447626053,0.021310943998242148
1513,"pH, Urine",0.010687191884054531,151303,0.02529568219116066,0.021324820266561684
7038,Lymphocytes Percent Blood Automated,0.010633862935702806,150548,0.0289740252390923,0.021170321608983352
1583,UA Ketones,0.010523814589302821,148990,0.02854394205194952,0.020952879053873108
1621,"Bicarbonate HCO3, Arterial",0.01017120782086333,143998,0.03569690453285043,0.02014834159996521
49,Bicarbonate HCO3,0.010081572807011224,142729,0.024548695602965312,0.02010771417519461
7,C-Reactive Protein,0.010032481920780165,142034,0.03888857450059419,0.01982704161392731
7039,"Lymphocytes, Blood Manual",0.009997659177022018,141541,0.021968196480108653,0.019970382035124985
1387,"Blood Gas CO2 Total, Arterial",0.009953442062229726,140915,0.016445022918906683,0.019950640539989975
1379,Basophils Absolute Count Blood,0.009723174020340156,137655,0.02034972553901873,0.019434929743166008
21,D-Dimer,0.009641520690148639,136499,0.022070058287589837,0.01924781470232114
10,Lactic Dehydrogenase (LDH),0.009324796180997462,132015,0.03437270103559504,0.018450859126979587
1401,Blood Gas PO2,0.009081107609059112,128565,0.01736177918623734,0.018172332380400873
1458,Differential Polychromasia,0.008970494187709704,126999,0.02453737762435629,0.01785761289274131
1042,"Glucose, Urine Random",0.008821314401062227,124887,0.01766736460868089,0.017642316152319655
1497,Monocyte Absolute Count,0.00862601037166816,122122,0.027083922811385885,0.017127749789996267
5,Creatine Kinase-MB,0.008394541545511065,118845,0.021583385207401957,0.01672848520360634
1660,"Glucose, Urine",0.008309427131254338,117640,0.023133948276837756,0.016536506316134007
1435,Differential Hypochromasia,0.008183839223745241,115862,0.022986814554920493,0.016284015454443496
51,"Ferritin, Serum Quantitative",0.00817239645601944,115700,0.02131175372078547,0.01628201269406748
864,Calcium Ionized,0.008171619477963984,115689,0.019681964801086527,0.016301038917639628
7224,"White Blood Cell Count, Urine",0.008056838628862587,114064,0.03089808160262577,0.015926808835949893
1454,Differential Platelet Estimate,0.008045183958030753,113899,0.021243845849131346,0.016025230202999792
2422,Pro-Brain Natriuretic Peptide (NTproBNP),0.007927789637288279,112237,0.019331107464206892,0.015811650114329008
1443,Differential Microcytes,0.007864218705478274,111337,0.020994850319732895,0.01566187224906557
1690,Cholesterol / HDL Ratio,0.007802060461041826,110457,0.01349103050195235,0.01563082946323733
1451,Differential Ovalocyte,0.007682547109239018,108765,0.02084771659781563,0.015295796263192468
1457,Differential Poikilocytosis,0.00757066226925341,107181,0.016965649934921622,0.01511826586128996
1357,Vancomycin Trough,0.007182314510262962,101683,0.027525323977137684,0.014198283577136029
1345,"Uric Acid, Serum",0.007150317141251927,101230,0.01954614905777828,0.014234333263904306
1623,"Blood Gas Base Excess Calculated, Arterial",0.0070452838350280635,99743,0.020496859260935998,0.014009594938852865
815,"Amylase, Serum Enzymatic Activity/Volume",0.007043094169599052,99712,0.021232527870522325,0.013995861724845902
8928,Granulocytes Immature Blood Automated Count,0.0070308037894491185,99538,0.020689264897289342,0.013977836881461763
1098,Hemoglobin Free Urine,0.0068989294231276985,97671,0.008013128855186463,0.013870975309970085
1440,Differential Macrocytes,0.0067474187023138545,95526,0.018550166940184482,0.013430940244496987
1253,"Protein Total, Urine Random",0.006735693397113343,95360,0.014962367721125008,0.013452541445695439
1381,Basophils Count,0.006626987103718235,93821,0.0179503140739064,0.013194614520127169
2398,Prealbumin,0.006590892941323889,93310,0.019365061400033953,0.013103631977331042
2358,LDL Cholesterol,0.006479078735706959,91727,0.008239488427366872,0.013017799389787523
6435,"Albumin Quantitative, Serum",0.006185451665113417,87570,0.017871088223643257,0.012301383392424302
1441,Differential Metamyelocyte,0.006176339831553983,87441,0.012019693282779695,0.012356888465702442
1362,"Vitamin B12, Serum Quantitative (Cobalamin)",0.006004627681298293,85010,0.014883141870861864,0.011972930690757775
1511,"Osmolality Calculated, Unknown Specimen",0.005819777538468537,82393,0.012676136042102881,0.011626453145707111
56,"Osmolality, Serum",0.005735228199161231,81196,0.015098183464433252,0.011424603510667274
1135,LDL Cholesterol Direct Measure,0.005719829906789474,80978,0.005862712919472582,0.011510149989585647
1449,Differential Nucleated Red Blood Cell (RBC),0.005598268158295011,79257,0.013015675400373494,0.011173543192102486
1198,"Opiate, Urine",0.00550686728522596,77963,0.08490747552487125,0.010079749918172932
1525,Red Blood Cell Morphology - RDW Indice,0.005334590060020849,75524,0.003010582309999434,0.010765981455583353
1432,Differential Giant Platelets,0.0052527954610919764,74366,0.013230716993944881,0.010471146517371372
13406,Urea Nitrogen/Creatinine Mass Ratio Serum or Plasma,0.005221786973242429,73927,0.012868541678456228,0.010412923412154352
834,"Benzodiazepine, Urine",0.005091395928663243,72081,0.07611340614566238,0.009349457652490175
877,Carboxyhemoglobin,0.005003738677134115,70840,0.02322449210570992,0.009840420053239093
870,"Cannabinoid, Urine (Marijuana)",0.004993284790569803,70692,0.052096655537321034,0.009454316463605839
1040,"Glucose, Serum Random",0.004947160547823211,70039,0.01266481806349386,0.009859303222498667
6997,"Ketones, Urine Qualitative",0.0049408740890108886,69950,0.011680153924509083,0.009859017113873521
7797,Prothrombin Time (PT) Platelet Poor Plasma Coagulation Assay,0.0049396026703746885,69932,0.014396468790673985,0.00982210910122981
1336,"Troponin T, Serum/Plasma",0.0049325392335069105,69832,0.007933903004923321,0.009889487682451471
1557,UA Amorphous Crystals,0.004797980761175735,67927,0.010797351593005489,0.009580776475919954
1407,Complete Blood Count Crenated Red Blood Cell (RBC),0.0047424621473949975,67141,0.009077018844434384,0.00949008004174897
7217,White Blood Cell Count Corrected for Neucleated Red Blood Cell Auto,0.004707780672374207,66650,0.01693169599909456,0.009320560681350525
1762,UA Leukocytes,0.004699022010658161,66526,0.012721407956538961,0.009356038150868511
1622,"Bicarbonate HCO3, Venous",0.004680091999852516,66258,0.028600531944994623,0.009116994394559817
1131,"Ketones Strip, Urine",0.0046325550697323675,65585,0.007254824288382095,0.009290519275710294
1311,"Sodium, Whole Blood",0.004557117563984496,64517,0.021175937977477223,0.008961780465418623
1475,Granulocyte Absolute,0.004538893896865628,64259,0.012313960726614226,0.009036883979519201
1501,Myelocyte,0.004537763746966784,64243,0.009880595325674835,0.009065351787721134
8932,Hemoglobin Urine Automated Test Strip,0.004339069267876181,61430,0.009993775111765038,0.008661509463328885
22,Fibrinogen,0.004322258288130869,61192,0.008760115443381813,0.00864305545700703
1476,Granulocyte Absolute Count,0.0043184440322222685,61138,0.014815233999207741,0.00855879646690181
1634,"Blood Gas PCO2, Venous",0.004311804401566558,61044,0.025012732725935148,0.008416457425892143
1465,Differential Toxic Granulation,0.004293156928235622,60780,0.012562956256012676,0.008536050831202778
21174,Procalcitonin Mass/volume Serum or Plasma,0.0041415049386844234,58633,0.013853205817441006,0.008212605030476291
6524,"Bilirubin Total Quantitative, Serum",0.004131898664544245,58497,0.013853205817441006,0.008193149643966427
1636,"Blood Gas pH, Venous",0.004125965377575312,58413,0.02217192009507102,0.008075988161969526
1470,Eosinophil,0.004106117119976854,58132,0.005862712919472582,0.00824193116455366
1638,"Blood Gas PO2, Venous",0.0040959457708872535,57988,0.02449210570992021,0.007985863945048834
511,Differential Target Cells Red Blood Cell,0.004051375484251573,57357,0.010163544790900345,0.008076703433532388
63,Reticulocyte Count,0.003954253227319622,55982,0.012268688812178146,0.007853395651606672
799,"Acetaminophen, Serum",0.00386129839813966,54666,0.04486446720615698,0.007253139756052342
7050,"Magnesium, Serum/Plasma",0.003804225828248012,53858,0.014475694640937129,0.007521652700750978
1609,UA White Blood Cell Clumps,0.003803236947086523,53844,0.008828023315035934,0.007591034042348654
900,"Chloride, Whole Blood",0.0037855077205483996,53593,0.014136155282666516,0.007488034937296433
7214,UA White Blood Cell Quantitative,0.0037111297303306944,52540,0.009824005432629733,0.007391902439247694
1089,"Hematocrit, Whole Blood ISTAT",0.003670797505815681,51969,0.014113519325448475,0.007256000842303792
1418,Differential Atypical Lymph,0.0036627451877864134,51855,0.01026540659838153,0.007288331116945184
812,Ammonia,0.0036098400456467546,51106,0.01972723671552261,0.007061590031517726
1624,"Blood Gas Base Excess Calculated, Venous",0.0036089217988539432,51093,0.021424933506875674,0.007038272178568404
33,"Bilirubin, Indirect",0.0035539682600226282,50315,0.013309942844208025,0.007029545865501479
1612,VLDL Cholesterol,0.003537227914645994,50078,0.005907984833908664,0.007089199513844224
7139,"Neutrophils Segmented Percent, Blood Manual",0.003529670037197471,49971,0.007243506309773075,0.007057012293515405
17218,Granulocytes Count/volume Blood Automated Count,0.003482698182026746,49306,0.007492501839171524,0.0069587339807780785
1048,"Glucose, Whole Blood Random",0.0034425072262490876,48737,0.016411068983079622,0.006764609278617157
18,Activated Clotting Time,0.0034231534092313753,48463,0.0016863788127440438,0.006911526057629144
1610,UA Yeast Cells,0.003412840791404419,48317,0.006394657914096542,0.006831129533963383
1630,"Blood Gas Oxygen Saturation Percent, Venous",0.0033422064227266366,47317,0.02585026314300266,0.006442164858078678
1462,Differential Tear Drop Cells,0.0033350723514901804,47216,0.007300096202818177,0.0066621823908152265
7200,"PTT/APTT, Platelet Poor Coagulation Assay",0.003317908199901479,46973,0.009054382887216344,0.00660524677441136
1054,Glyco Hemoglobin,0.003304346401115345,46781,0.006734197272367155,0.006607106480474803
1430,Differential Elliptocytes,0.0032845687778855657,46501,0.005138362288495275,0.006587221931027221
6731,Erythrocytes Urine Sediment Microscopy HPF per Area,0.0032711482478367873,46311,0.009314696395223813,0.006507254570299178
1230,"Potassium, Whole Blood",0.0032112503031980276,45463,0.014758644106162639,0.006317135388890288
1008,"Folate, Serum Quantitative",0.0032105439595112497,45453,0.010118272876464263,0.006374357113919299
7177,Osmolality Calculation Serum/Plasma,0.0030696990283677512,43459,0.005115726331277234,0.006152336820806735
1274,PTH (Parathyroid Hormone),0.003019477992237848,42748,0.005557127497029031,0.0060450460863773385
15,"Creatinine, Urine-Random",0.0029893877511811126,42322,0.006417293871314583,0.005973232821465929
6,Troponin,0.00298627983895929,42278,0.00552317356120197,0.005978239722405967
1444,Differential White Blood Cell Morphology Blood,0.0029845139797423457,42253,0.0023767755078942902,0.006014432463486818
701,Differential Schistocytes,0.0029578848227508215,41876,0.007537773753607605,0.005895268221113901
1086,Hematocrit ACD,0.0029559070604278435,41848,0.016976967913530643,0.005771955403676381
814,"Amphetamines, Urine",0.002952587245099988,41801,0.032018561484918794,0.005575112669576582
1481,LDL/HDL Ratio,0.0029503975796709766,41770,0.001924056363533473,0.005951059403017187
1015,GGT/GGTP (Gamma Glutamyl Transpeptidase) Serum/Plasma,0.002947289667449154,41726,0.01476996208477166,0.005782398368494176
2046,Cholesterol LDL (Calculated),0.002944111120858654,41681,0.0047309150585705395,0.005902850099680245
26,Digoxin,0.0029268763349012752,41437,0.0032369418821798428,0.005886828016672122
1374,"Anion Gap, Blood",0.002912466923691007,41233,0.0026484069945107804,0.005865083761161098
8934,"Leukocyte Esterase, Urine Automated Test Strip",0.0027841242758034766,39416,0.005715579197555317,0.005566386356509658
2248,Salicylate,0.0027809457292129764,39371,0.036319393356346555,0.005173130051247777
1629,"Blood Gas Methemoglobin %, Venous",0.0027795330418394206,39351,0.024639239431837472,0.005317901015571176
1524,Red Blood Cell Morphology,0.00277126882070412,39234,0.006179616320525154,0.005534485244805984
1256,Protein Urine Strip,0.0027282524901793507,38625,0.006304114085224379,0.005445791571011016
927,"Cocaine Metabolite, Urine",0.002719635097200661,38503,0.033195631260256916,0.00508844189820484
7133,"Neutrophils Percent, Blood",0.0026304238895606216,37240,0.006338068021051441,0.005247232185160346
1963,"C-Reactive Protein, Highly Sensitive",0.002585853602924941,36609,0.01003904702620112,0.005110186153715865
873,"Carbon Dioxide CO2, Total Unknown Specimen",0.0025609196707816837,36256,0.004696961122743478,0.005127209616911995
1380,Basophils Absolute Count,0.002529275473614037,35808,0.00552317356120197,0.005052678320061708
1659,"Glucose, Unknown Specimen Fasting",0.0024863297774579455,35200,0.002184369871540943,0.005007902320226507
1002,Ethanol Levels,0.0024119517872402403,34147,0.019025522041763342,0.004644401311979711
2031,"Blood Gas Oxygen Saturation Percent, Arterial, Calculated",0.002386735317622272,33790,0.006247524192179277,0.0047548392412857035
14016,Protein Qualitative Urine Automated Test Strip,0.0023732441532048156,33599,0.0069831928017656045,0.004718217337267136
1375,"Anion Gap, Serum",0.0023348896910127797,33056,0.005409993775111765,0.0046604233949878345
1580,UA Granular Casts,0.002321398526595323,32865,0.0052402240959764585,0.00463524583597507
946,"C-Reactive Protein Quantitative, Serum",0.0023024685157896773,32597,0.009371286288268915,0.004544692456116659
1616,"Carbon Dioxide CO2, Venous",0.0022952638101845437,32495,0.00290872050251825,0.004611784928713175
16,Prothrombin Time International Normalized Ratio,0.0022778171211211315,32248,0.005987210684171807,0.004537539740488033
50,"Occult Blood, Stool",0.002253872070139363,31909,0.004029200384811272,0.004513792724600993
833,"Barbiturate, Urine",0.0021272952814687766,30117,0.014622828362854395,0.004123540559903135
17253,Lymphocytes Count/volume Blood Automated Count,0.0021254587878831543,30091,0.005794805047818459,0.004231403511582822
1207,Oxyhemoglobin by co-oximetry,0.002104127208542464,29789,0.005783487069209439,0.004188344163498491
6718,Erythrocyte Distribution Width Automated Count,0.0020795464482425956,29441,0.011295342651802388,0.004068893812500429
8929,Granulocytes Immature Percent Leukocytes Blood Automated Count,0.0020744607736977953,29369,0.007039782694810707,0.004112382323522478
6803,Glucose mean value Quantitative Blood Estimated glycated hemoglobin,0.002055672031629505,29103,0.005183634202931356,0.0040977907836400795
65,"Sodium, Urine",0.0020245222750426032,28662,0.003882066662894007,0.0040511550777414355
6804,Glucose Quantitative Capillary Blood Glucometer,0.002023392125143759,28646,0.004210288042555599,0.004044717633675672
1508,Neutrophil Segmented Percent,0.001972252842221044,27922,0.005670307283119235,0.003922692305051305
1509,Neutrophil Total Absolute Count,0.0019616576869193767,27772,0.009461830117141079,0.0038533109634536285
1212,"Phenytoin (Dilantin), Serum",0.0019375713672002528,27431,0.007662271518306831,0.0038272750785654287
16136,Ketones Qualitative Urine Automated Test Strip,0.0019093882540978176,27032,0.0048214588874427025,0.0038061030403046944
6498,"Bacteria Qualitative, Urine Sediment Light Microscopy",0.001904373213921695,26961,0.002931356459736291,0.003819836254311657
2026,"Bilirubin, Urine",0.0018948375741501943,26826,0.006519155678795767,0.003755175705028874
1287,PTT/APTT Whole Blood,0.001894625671044161,26823,0.010344632448644671,0.0037063941844416417
1567,UA Calcium Oxalate Crystals,0.0018608624428161809,26345,0.0044253296361269874,0.0037128316285074056
1420,Differential Bands Absolute Count,0.0018580370680690696,26305,0.004606417293871314,0.003704820587003344
6976,INR Platelet Poor Plasma,0.0018575426274883252,26298,0.005896666855299644,0.003687511015182068
1231,"Potassium, Whole Blood ISTAT",0.0018424975069599575,26085,0.003406711561315149,0.0036885123953700758
6559,"Calcium Quantitative, Blood",0.001816009618705789,25710,0.015641446437666233,0.0034802253162644742
1010,Free Thyroxine (T4),0.0018024478199196547,25518,0.004323467828645804,0.003595813200823077
1397,Blood Gas O2 Hemoglobin %,0.0017830233685332646,25243,0.0048214588874427025,0.0035501788751124406
6418,"25-Hydroxycalciferol Quantitative, Serum Vitamin D2",0.0017693909353784527,25050,0.0034406654971422105,0.003540022018919791
857,"Blood Urea Nitrogen, Whole Blood ISTAT",0.0017654354107324967,24994,0.003802840812630864,0.0035274332394134088
1478,"Hemoglobin, Arterial",0.001695507385741492,24004,0.0064512478071416446,0.0033523347608246335
1579,"UA Glucose, Qualitative",0.0016921875704136362,23957,0.003802840812630864,0.0033790859172756964
1515,Platelet Screen,0.0016900685393533028,23927,0.001369475411691472,0.0034055509651016143
903,Cholesterol Screen,0.001663015576149712,23544,0.01190651349668949,0.003217577598381312
1703,"Blood Gas, PCO2",0.0016606140076146675,23510,0.0033953935827061286,0.0033202905948083875
1034,"Glucose Stick, Urine",0.0016483942618334111,23337,0.002489955293984494,0.0033069865437391423
874,"Carbon Dioxide CO2, Whole Blood",0.0016296761541337986,23072,0.0036557070907135988,0.0032543425567124517
6720,Erythrocyte Mean Corpuscular Volume (MCV),0.0015993033756023522,22642,0.005002546545187029,0.0031758057391101336
943,"Cortisol, Serum or Plasma Quantitative",0.001563350481945361,22133,0.0032029879463527813,0.0031257367297097484
1278,PTT/APTT Automated,0.0015515545423761712,21966,0.005047818459623111,0.0030785288065608143
880,"CEA (Carcinoembryonic Antigen) Quantitative, Serum",0.001539617334069626,21797,0.0024673193367664536,0.003086969011002593
1461,Differential Spherocytes,0.0015353792719489591,21737,0.0038367947484579256,0.0030610761804269657
1560,UA Amorphous Urates,0.0015245722135412583,21584,0.004210288042555599,0.0030344680782884753
7752,Platelets Blood Quanitative,0.0015081850400080127,21352,0.005772169090600418,0.00298153798263664
1671,"Hemoglobin, Venous",0.0014958946598580786,21178,0.01135193254484749,0.0028861207561507634
6681,Eosinophils Blood Manual Count,0.0014790836801127664,20940,0.003983928470375191,0.0029452021872432175
11,Myoglobin,0.0014768940146837552,20909,0.0027276328447739234,0.00295664653224902
16597,Albumin Mass/volume Serum or Plasma Bromocresol purple (BCP) Dye Binding Method,0.0014278031284526962,20214,0.01212155509026088,0.002738488705575914
1166,Methemoglobin,0.0014120516642375507,19991,0.002512591251202535,0.0028280407052463166
1626,"Blood Gas CO2 Total, Venous",0.0014112746861820952,19980,0.005964574726953766,0.002782835542473398
1237,Prostate Specific Antigen (PSA),0.0014072485271674614,19923,0.000950710203157716,0.002838054507126394
1066,"HCG Beta, Serum Quantitative",0.0014008207996177833,19832,0.002489955293984494,0.0028055811781724296
865,Calcium Ionized Free Quantitative,0.0014003969934057166,19826,0.004934638673532907,0.0027738231207813284
1240,Protein CSF,0.0013917796004270272,19704,0.004210288042555599,0.0027655259706521216
1383,Basophilic Stippling,0.0013821026919181708,19567,0.0037688868768038027,0.002751506648020014
7128,"Neutrophils Band Form Percent, Blood",0.0013779352641661818,19508,0.0028181766736460868,0.002755083005834327
1427,Differential Dohle Bodies,0.0013775820923227929,19503,0.0032029879463527813,0.0027495038876439986
7084,"Monocytes Count, Blood Manual",0.0013580870065677249,19227,0.003802840812630864,0.0027024390188076365
7134,"Neutrophils Percent, Blood Manual",0.0013188849319515556,18672,0.003723614962367721,0.002624045255517891
1447,Differential Neutrophil Bands Percent,0.0013174722445779999,18652,0.0032708958180069038,0.0026269063417693416
1354,"Valproic Acid (Depakene), Serum",0.0013163420946791554,18636,0.006372021956878501,0.0025854205911233085
1652,"Glucose GTT, Fasting",0.0013082191422812105,18521,0.00290872050251825,0.002612743964824661
404,Hepatitis B Surface Antibody,0.0012883002503140757,18239,0.005342085903457643,0.0025416459714761143
1391,"Blood Gas FIO2, Arterial",0.001284697897511509,18188,0.002037236149623677,0.002576122060806094
1423,Differential Burr Cells,0.0012832852101379532,18168,0.0028181766736460868,0.0025633902269871387
1170,"Microalbumin/Creatinine Ratio, Urine",0.0012801772979161307,18124,0.0019466923207515138,0.0025681110193020323
841,"Bicarbonate HCO3, Whole Blood ISTAT",0.0012581393748886626,17812,0.00342934751853319,0.0025047379588324023
6558,"Calcium Quantitative corrected for albumin, Serum",0.0012269896183017604,17371,0.002014600192405636,0.002459532796059483
1356,Vancomycin Random,0.0012209150625954713,17285,0.0027049968875558824,0.0024385038121113216
1297,Reticulocyte Count Absolute,0.001201773148683792,17014,0.003995246448984212,0.002383427901770898
6800,Glomerular Filtration Rate/1.73 sq M Predicted Among Blacks Creatinine Based Formula (MDRD),0.0011841145565143465,16764,0.002161733914322902,0.0023708391222645154
15420,Clarity Urine Refractometry Automated,0.0011807947411864906,16717,0.003848112727066946,0.0023428004770003
1977,Haptoglobin,0.0011776161945959904,16672,0.0039160205987210685,0.002335504707059101
7160,"Nucleated Red Blood Cell Percent, Blood Manual",0.001177121754015246,16665,0.0008828023315035935,0.0023728418826405306
2068,Differential Acanthocytes,0.001169705145304079,16560,0.0029653103955633526,0.00233149918630707
1390,Blood Gas FIO2 %,0.001161229021062745,16440,0.0025465451870295966,0.0023196256783635503
1312,"Sodium, Whole Blood ISTAT",0.001151128306341822,16297,0.0016976967913530643,0.0023098979851086184
1353,Urobilinogen Urine Strip,0.0011422990102570993,16172,0.0031803519891347404,0.0022732760810900508
6801,Glomerular Filtration Rate/1.73 sq M Predicted Among non-blacks Creatinine Based Formula (MDRD),0.001136506992025521,16090,0.002489955293984494,0.002270271940526028
15393,"Carbon Dioxide CO2, Total Moles/volume Blood Calculation",0.0011284546739962539,15976,0.003010582309999434,0.0022473832505144234
15309,Calcium Ionized Moles/volume Adjusted to pH 7.4 Blood,0.0011165174656897086,15807,0.0022749137004131064,0.00223250560200688
57,"Osmolality, Urine",0.001101472345161341,15594,0.003882066662894007,0.002181721321043633
8923,Bilirubin Total Urine Automated Test Strip,0.0010997064859443963,15569,0.003384075604097108,0.0021844393529825107
1291,"Red Blood Cell Count, CSF",0.0010941263708188515,15490,0.003089808160262577,0.002176857474416167
14,Creatinine Clearance,0.00109002957743554,15432,0.0038367947484579256,0.002159118739657173
1009,Free T3,0.001081624087562884,15313,0.003327485711052006,0.002148532720526806
7889,Transferrin Quantitative Serum or Plasma,0.001080988378244784,15304,0.0031463980533076794,0.002149534100714814
1293,"Red Blood Cell Count, Body Fluid",0.001075125725644528,15221,0.0016750608341350236,0.0021562576534057227
955,"Creatinine, Whole Blood ISTAT",0.0010650250109236052,15078,0.001607152962480901,0.0021366592125832864
899,"Chloride, Urine",0.0010649543765549273,15077,0.003089808160262577,0.0021177760433237123
1025,Glucose CSF Quantitative,0.0010526639964049931,14903,0.004447965593345028,0.002075718075427389
1595,UA Renal Epithelial,0.001022785658454291,14480,0.0017542866843981665,0.0020492530276014715
2464,Aspartate Aminotransferase / SGOT for Hepatitis,0.0010208078961313133,14452,0.010740761699960386,0.0019316623826668529
1554,"Total CO2, Arterial",0.001010495278304357,14306,0.0013015675400373493,0.0020300837497167525
1126,"IgG (Immunoglobulin G), Serum Quantitative",0.0010066810223957568,14252,0.002693678908946862,0.0020047631363914148
2029,"Blood Gas O2 Content, Arterial",0.0009940374704024337,14073,0.0029653103955633526,0.0019757231109391914
17,CKMB Mass Index Quantitative Serum/Plasma,0.0009883160865395333,13992,0.0015845170052628602,0.0019815883377546652
2277,"Blood Gas Oxygen Saturation Percent, Venous, Calculated",0.0009842192931562219,13934,0.004764868994397601,0.0019330929257925782
1169,"Microalbumin, Urine Random",0.0009816058215151439,13897,0.001267613604210288,0.0019720036988123057
408,Hepatitis C Antibody (Anti HCV),0.000978992349874066,13860,0.015188727293305416,0.0017907538847829123
1251,"Protein Total, Urine 24 hr",0.0009645829386637983,13656,0.0014147473261275536,0.0019356679034188836
821,"ANA, Serum",0.0009633821543962761,13639,0.0017542866843981665,0.0019289443507279748
1600,UA Transitional Epithelial,0.0009580139423767646,13563,0.0014939731763906965,0.0019213624721616308
1318,"T4 Free (Thyroxine Free), Serum",0.0009467124433883194,13403,0.002512591251202535,0.0018855988940184986
8938,Protein Urine Automated Test Strip Quantitative,0.0009462180028075749,13396,0.0019466923207515138,0.0018917502294591173
2287,"Glucose, Capillary",0.0009435338967978191,13358,0.0003508573368796333,0.0019064848236540878
6543,"Blood Gas Oxygen Saturation, Blood",0.000929618926168296,13161,0.002320185614849188,0.0018534116736896797
1317,"T4 (Thyroxine), Serum",0.0009207189957148954,13035,0.0032482598607888632,0.0018236563766745937
1747,"Creatinine Clearance, Serum",0.0009060270470299166,12827,0.004945956652141928,0.0017724429327736285
7709,Carboxyhemoglobin/Hemoglobin Total Mixed Venous Blood,0.0008969152134704827,12698,0.01662611057665101,0.0016063568758769228
1553,Total CK,0.0008933128606679158,12647,0.0044026936789089465,0.0017535597635140547
1315,"T3 Total (Tri-Iodothyronine Total), Serum",0.0008912644639762601,12618,0.0021504159357138815,0.0017778789966513846
16590,Alanine aminotransferase Enzymatic activity/volume Serum or Plasma With P-5'-P,0.0008776320308214481,12425,0.006824741101239319,0.0016911880832324324
956,"Creatinine, Whole Blood NOVA",0.0008746653873369811,12383,0.002852130609473148,0.0017353918658173436
994,"Sedimentation Rate, Erythrocyte Westergren",0.0008726876250140033,12355,0.002478637315375474,0.0017361071373802064
7001,"Lactate, Venous Plasma Quantitative",0.0008546758610011687,12100,0.005398675796502744,0.0016627202750304992
1366,Differential White Blood Cell Count Auto,0.0008545345922638132,12098,0.00016976967913530643,0.0017285252588138623
1024,Glucose Blood,0.0008519211206227352,12061,0.0018561484918793504,0.001701917156675372
1859,"Blood Gas PCO2, Capillary",0.000851356045673313,12053,0.001901420406315432,0.0017002005049245018
1582,UA Ictotest,0.0008378648812558565,11862,0.0023654575292852698,0.001667011904407675
1510,"Nitrate, Urine",0.0008374410750437897,11856,0.001109161903684002,0.0016820326072277906
1455,Differential Platelet Morphology,0.0008336268191351895,11802,0.0014147473261275536,0.0016704452079094158
1429,Differential Echinocytes,0.0008322847661303116,11783,0.0020485541282326976,0.001659716134466476
15258,Base Excess Arterial Cord Blood Calculation,0.0008287530476964225,11733,0.002037236149623677,0.0016527064731504222
1689,Cancer Antigen 19-9,0.0008194293110309552,11601,0.001505291154999717,0.0016405468565817572
1389,Blood Gas COHB %,0.0008091873275726767,11456,0.002320185614849188,0.0016095040707535186
1862,"Blood Gas pH, Capillary",0.0008025476969169652,11362,0.0018901024277064116,0.0016014930292494569
387,CD4:CD8 T Cell Helper/T Cell Suppressor Ratio,0.0008024064281796097,11360,0.006666289400713033,0.001540838000718705
6507,"Basophils, Blood Manual Count",0.0007966144099480314,11278,0.001901420406315432,0.001589333412680792
1044,"Glucose, Urine Strip",0.0007819930956317304,11071,0.0008601663742855526,0.0015728821667349512
1445,Differential Myelocyte Percent,0.0007814280206823082,11063,0.003882066662894007,0.001533542230777506
405,Hepatitis B Surface Antigen (HBSAG),0.0007780375709857747,11015,0.001901420406315432,0.0015517101284742171
760,Rubella Antibody IgG,0.0007725280902289077,10937,0.0022070058287589835,0.0015366894256541015
16621,Aspartate aminotransferase Enzymatic activity/volume Serum or Plasma With P-5'-P,0.0007674424156841073,10865,0.00659838152905891,0.0014708844418707383
175,Bacterial Antigens Urine,0.0007563528198016955,10708,0.0018448305132703299,0.0015085077260773134
2116,Iron Binding Capacity Unsaturated,0.0007562821854330176,10707,0.002931356459736291,0.0014946314577577783
1299,Reticulocyte Count Manual,0.0007559290135896287,10702,0.0028634485880821687,0.0014947745120703507
7085,"Monocytes Percent, Blood",0.0007535980794232619,10669,0.0027729047592100053,0.0014911981542560374
16439,Blood Gas Oxygen Saturation Calculated from Oxygen Partial Pressure Arterial Blood,0.0007491481141965616,10606,0.0023315035934582083,0.0014877648507542968
1310,"Sodium, Urine Random",0.0007468171800301947,10573,0.001131797860902043,0.0014982078155720913
526,Not Mapped,0.0007252030632147933,10267,0.0012223416897742063,0.0014532887614243173
17207,Erythrocyte Shape Morphology Blood,0.0007214594416748709,10214,0.002184369871540943,0.0014335472662893084
2016,"ANA Titer, Serum",0.0007199054855639597,10192,0.0013128855186463697,0.0014414152534807975
1619,CPK (Creatine Phospokinase),0.0007088865240502256,10036,0.0026031350800746985,0.0014027905890862148
8935,"Nitrite, Urine Automated Test Strip",0.0006972318532183914,9871,0.0017542866843981665,0.0013899157009546873
1123,"IgA (Immunoglobulin A), Serum Quantitative",0.0006942652097339246,9829,0.001290249561428329,0.0013897726466421147
1573,UA Crystals,0.0006873430416035019,9731,0.0008601663742855526,0.001381189387887763
197,Clostridium difficile Toxin,0.0006771010581452234,9586,0.0012223416897742063,0.0013558687745624256
1682,"Sodium, Arterial",0.0006754764676656345,9563,0.0027842227378190253,0.0013328370302382484
15294,Blood Qualitative Urine Visual,0.0006719447492317453,9513,0.0016863788127440438,0.0013395605829291573
1127,"IgM (Immunoglobulin M), Serum Quantitative",0.0006712384055449675,9503,0.0015392450908267782,0.0013399897458668748
16149,Lactate Mass/volume Serum or Plasma,0.0006674241496363672,9449,0.0016524248769169826,0.001330834269862233
1377,Basophils,0.0006660820966314893,9430,0.001131797860902043,0.0013346967363016913
7225,"White Blood Cell Count, Urine Test Strip",0.0006618440345108223,9370,0.0016184709410899214,0.0013199621421067208
1364,White Blood Cell Count CSF,0.000658382950445611,9321,0.001346839454473431,0.0013163857842924075
1905,"White Blood Cell Count, Body Fluid",0.0006534385446381663,9251,0.0010752079678569408,0.0013098052859140713
1639,"Blood Urea Nitrogen, Serum",0.0006528028353200662,9242,0.0006451247807141645,0.0013139538609786745
6983,"Iron Saturation, Serum/Plasma",0.0006520258572646106,9231,0.002184369871540943,0.0012929248770305129
954,"Creatinine, Urine Quantitative",0.0006511782448404772,9219,0.0027842227378190253,0.0012836263467132986
6680,Eosinophils Blood,0.0006475758920379103,9168,0.0017769226416162074,0.0012890624105910545
13396,Blood Urea Nitrogen Mass/volume,0.0006410775301195544,9076,0.0027049968875558824,0.0012641709602034348
1559,UA Amorphous Sediment,0.000635638683731365,8999,0.0014147473261275536,0.0012694639697686182
923,CKMB/CK Relative Index,0.0006306236435552425,8928,0.0006111708448871032,0.0012694639697686182
7876,Thyrotropin Quantitative Serum or Plasma Detection limit <= 0.005 mIU/L,0.0006306236435552425,8928,0.0027502688019919643,0.0012424267046924104
1392,Blood Gas Lactic Acid Blood,0.0006302704717118535,8923,0.001878784449097391,0.0012527266151976324
2042,Calcium Ionized Free Corrected,0.0006276570000707756,8886,0.003610435176277517,0.001225546295808852
1037,"Glucose, Body Fluid Quantitative",0.0006198165851475418,8775,0.0009393922245486955,0.001243428084880418
1516,Promyelocyte,0.0006190396070920862,8764,0.000633806802105144,0.0012457169538815786
8423,Reticulocytes immature Percent Total Blood,0.0006135301263352191,8686,0.0019693282779695547,0.0012176783086173628
15475,Color Urine Auto,0.000612611879542408,8673,0.002456001358157433,0.0012096672671133013
8927,"Glucose, Urine Automated Test Strip Quantitative",0.0006121880733303413,8667,0.0014713372191726558,0.001221254666431676
6697,Epithelial Cells squamous Qualitative Urine Sediment Light Microscopy,0.0006039238521950407,8550,0.0006111708448871032,0.0012153894396162025
6433,"Alanine Quantitative, Serum",0.000603500045982974,8544,0.003406711561315149,0.0011791966985353528
1388,"Blood Gas CO2, Venous",0.0005924104501005621,8387,0.000713032652368287,0.0011907840978537276
8926,Cholesterol non HDL Serum or Plasma Quantitative,0.000589231903510062,8342,0.0004300831871427763,0.0011879230116022769
1518,"Protein, Body Fluid",0.0005873247755557618,8315,0.0008262124384584913,0.0011790536442227802
1321,"Testosterone, Serum",0.0005826629072230282,8249,0.0011997057325561654,0.0011648912672781
863,"Cancer Antigen, CA 125",0.0005794137262638501,8203,0.00044140116575179674,0.0011678954078421229
1542,Respiratory Therapy PEEP (Positive End Expiratory Pressure),0.0005694542802802829,8062,0.0005432629732329806,0.0011464372609562437
6741,Ethanol Quantitative Serum/Plasma,0.0005675471523259827,8035,0.0025691811442476375,0.0011169680725663029
1597,UA Sperm,0.0005664876367958159,8020,0.0021730518929319225,0.0011198291588177534
1229,"Potassium, Urine",0.0005653574868969715,8004,0.0018561484918793504,0.0011215458105686238
21217,Urea/Creatinine Mass Ratio Serum or Plasma,0.000561613865357049,7951,0.0008262124384584913,0.0011269818744463799
7206,"UA Hyaline Casts, Quantitative",0.000558011512554482,7900,0.0014826551977816763,0.0011113889543759741
1398,Blood Gas Oxygen %,0.0005536321816964595,7838,0.00016976967913530643,0.0011191138872548908
2405,Hemoglobin A1C (Glycosylated Hemoglobin) by HPLC,0.0005514425162674482,7807,0.0009620281817667365,0.0011046654016850653
2236,"Ketones, Serum",0.0005481227009395925,7760,0.001369475411691472,0.0010927918937415455
1394,"Blood Gas Methemoglobin %, Arterial",0.0005481227009395925,7760,0.0030671722030445364,0.0010713337468556661
1157,"Magnesium/MG, Serum",0.0005425425858140477,7681,0.0016184709410899214,0.00107834340817172
1670,"Hemoglobin, Total",0.000541483070283881,7666,0.0016863788127440438,0.001075339267607697
7000,"Lactate, Arterial Blood Quantitative",0.0005399997485416475,7645,0.0025465451870295966,0.0010614629992881618
1637,"Blood Gas PO2, Cord Blood",0.000537245008163214,7606,0.000237677550789429,0.001085066960862629
1809,Influenza A Antigen Qualitative,0.0005336426553606471,7555,0.00048667308018787844,0.0010746239960448343
805,Alcohol/Ethyl Unknown Specimen,0.000531735527406347,7528,0.0032029879463527813,0.0010364284945879691
1222,Potassium Arterial (K),0.0005306053775075024,7512,0.0021504159357138815,0.001047443676656054
2194,Complement Component 3,0.0005290514213965912,7490,0.0016411068983079621,0.0010507339258452222
1403,Blood Gas Saturation Percent,0.0005286276151845246,7484,0.003757568898194782,0.0010231244435187242
17375,Urobilinogen Mass/volume Urine Automated Test Strip,0.0005050357360461452,7150,0.002139097957104861,0.0009958010698173712
808,"Alkaline Phosphatase, Serum dup",0.0004980429335470447,7051,0.0005206270160149398,0.0010020954595705623
8940,"Specific Gravity, Urine Automated Test Strip",0.0004968421492795224,7034,0.0012223416897742063,0.0009907941688773326
1150,Lithium Levels,0.0004955000962746445,7015,0.004470601550563069,0.0009470195492301389
1077,"HCG, Serum Quantitative",0.0004942286776384445,6997,0.002014600192405636,0.000975487357432072
1228,"Potassium, Urine Random",0.000492392184052822,6971,0.0010978439250749815,0.0009833553446235612
1477,"Hematocrit, Arterial",0.0004897080780430663,6933,0.0023088676362401674,0.0009626124693005446
6480,"Anion Gap 3, Serum",0.00048469303786694375,6862,0.000633806802105144,0.0009736276513686292
1635,"Blood Gas pH, Cord Blood",0.00048186766311983245,6822,0.000316903401052572,0.0009719109996177589
1076,"HCG, Serum Qualitative",0.00047918355711007676,6784,0.0005432629732329806,0.0009636138494885522
827,APTT Lupus Anticoagulant,0.00047791213847387667,6766,0.0007922585026314301,0.0009578916769856511
1415,CK Relative Index Calculation,0.0004772764291557766,6757,0.0007017146737592666,0.0009577486226730786
1255,Protein Urine Qualitative,0.0004769232573123877,6752,0.00019240563635334728,0.0009634707951759797
1512,"pH, Body Fluid",0.00047515739809544314,6727,0.0006451247807141645,0.0009541722648587653
1556,UA Amorphous,0.0004733209045098208,6701,0.0006790787165412257,0.000950023689794162
1599,"UA SSA, Sulfacylic Acid",0.0004729677326664319,6696,0.00033953935827061286,0.0009536000476084752
1467,Differential Vacuolated PMN,0.00047155504529287624,6676,0.000713032652368287,0.0009460181690421312
1460,Differential Rouleaux,0.0004652685864805536,6587,0.0010978439250749815,0.0009284224885957102
2195,Complement Component 4,0.0004603241806731088,6517,0.001346839454473431,0.0009152614918390376
1633,"Blood Gas PCO2, Cord Blood",0.00045742817155731974,6476,0.00029426744383453116,0.0009227003160928091
1620,Creatine Kinase,0.00045643929039583075,6462,0.0017995585988342482,0.0009016713321446473
1033,Glucose Stick Test,0.00045530914049698627,6446,0.00014713372191726558,0.0009202683927790761
1298,Reticulocyte Count Automated,0.00045516787175963066,6444,0.0016863788127440438,0.0009005268976440672
1729,UA Albumin,0.0004499409284774748,6370,0.001029936053420859,0.0008982380286429067
8924,"Blood Gas PCO2 Adjusted to patients actual temperature, Arterial Blood",0.00044874014420995245,6353,0.0012110237111651859,0.0008935172363280133
1456,Differential Platelet Sufficiency,0.0004465504787809412,6322,0.0013015675400373493,0.0008879381181376846
6949,"Hyprochromia Light Microscopy, Blood",0.0004401933855999408,6232,0.0013242034972553902,0.000874777121381012
1005,FK506 Tacrolimus (Prograf),0.0004381449889082851,6203,0.00039612925131571504,0.000882358999947356
1665,Hemoglobin A1C (Glycosylated Hemoglobin) Total,0.00043630849532266277,6177,0.0005885348876690623,0.0008762076645067373
379,CD4 % Helper T Cells,0.0004359553234792738,6172,0.0037688868768038027,0.0008352941311109941
572,"Cytomegalovirus Antibody IgG, Serum",0.0004347545392117515,6155,0.0006677607379322053,0.0008720590894421339
1568,UA Casts,0.00042663158681380655,6040,0.0007017146737592666,0.0008551786805585756
1316,T3 Uptake,0.0004252188994402509,6020,0.0016750608341350236,0.0008400149234258876
2015,"ANA Pattern Immunofluorescence Quantitative, Serum",0.00042295859964256187,5988,0.000633806802105144,0.0008485981821802393
7746,Platelet Clump Qualitative Blood Light Microscopy,0.0004221816215871062,5977,0.0006790787165412257,0.0008464523674916514
920,CKMB/CK Index,0.0004142705722951946,5865,0.0005206270160149398,0.0008324330448595435
1302,"Rheumatoid Factor, Serum (RA or RF Screen)",0.00041208090686618333,5834,0.0008828023315035935,0.0008234206231674743
2365,Hepatitis C Signal Cutoff Ratio,0.0004116571006541166,5828,0.002297549657631147,0.000804680508220473
390,CD3+CD8+ T8 suppressor Cells Percent Cells Blood,0.0004113039288107277,5823,0.002987946352781393,0.0007952389235906861
6424,"Acetaminophen, Serum Quantitative",0.00040840791969493865,5782,0.004855412823269764,0.0007657697352007452
1601,Trichomonas sp. Presence Urine Light microscopy,0.00040720713542741633,5765,0.001109161903684002,0.0008106887893485192
330,Stool Smear for White Blood Cell (WBC),0.00040176828903922706,5688,0.0006790787165412257,0.0008051096711581906
382,CD4 Helper T Cells Absolute,0.000401132579721127,5679,0.0029766283741723726,0.0007747821568928145
1603,UA Uric Acid Crystals,0.0004003556016656714,5668,0.0007017146737592666,0.0008019624762815949
1891,"Microalbumin, Urine",0.0004001436985596381,5665,0.0006224888234961235,0.0008025346935318851
1421,Differential Blast,0.0003862287279301149,5468,0.0005772169090600418,0.000774925211205387
1563,UA Bile,0.0003855223842433371,5458,0.0004187652085337559,0.0007754974284556772
848,Bilirubin Urine Strip,0.0003798010003804367,5377,0.0006224888234961235,0.0007613350515109969
13399,Iron Binding Capacity Moles/volume Serum or Plasma,0.0003762692819465476,5327,0.0014826551977816763,0.0007433102081268583
1673,Hepatitis A Antibody (Anti HAV),0.0003682875982859582,5214,0.002014600192405636,0.0007204215181152537
1284,PTT/APTT Patient,0.0003590344959891686,5083,0.0005206270160149398,0.0007205645724278262
280,Meth Resis S. aureus Screen,0.00035740990550957964,5060,0.0013015675400373493,0.0007074035756711537
402,Hepatitis B Core Antibody (Anti HBc) Total,0.0003555734119239573,5034,0.002614453058683719,0.0006870898632858546
17599,pH Pleural Fluid,0.0003535956496009794,5006,0.001029936053420859,0.0007031119462939777
1574,UA Epithelial Casts,0.00034632030962716777,4903,0.00016976967913530643,0.0006992494798545195
1615,Bilirubin Conjugated,0.00034172907566311193,4838,0.001244977646992247,0.0006763607898429149
1663,HCG Unknown Specimen Quantitative,0.0003389743352846784,4799,0.000554580951842001,0.0006795079847195106
592,Epstein Barr Viral Capsid Antibody IgG,0.0003385505290726117,4793,0.0006564427593231849,0.0006773621700309226
6531,"Blood Gas Base Deficit, Arterial Blood",0.00033756164791112276,4779,0.00263708901590176,0.0006503249049547148
1534,Respiratory Therapy O2 Content,0.0003359370574315338,4756,0.0017203327485711053,0.0006586220550839213
1566,UA Budding Yeast,0.0003354426168507893,4749,0.0006111708448871032,0.0006716399975280215
1236,"Prolactin, Serum",0.00033063947978070006,4681,0.0011431158395110634,0.0006551887515821807
1618,CKMB %,0.0003288029861950777,4655,0.00029426744383453116,0.0006621984128982346
1012,FSH (Follicle Stimulating Hormone),0.00032781410503358876,4641,0.00024899552939844946,0.0006607678697725093
1764,"Glucose, Unknown Specimen Random",0.0003268958582407776,4628,0.0004300831871427763,0.000656619294707906
17276,Blood Gas Oxygen Content Arterial Blood,0.00032661332076606644,4624,0.000950710203157716,0.0006494665790792796
2004,"Testosterone, Free",0.00032470619281176635,4597,0.0005206270160149398,0.0006510401765175773
6574,"Carbon Dioxide CO2, Total Quantitative, Venous Blood calculation",0.0003239292147563107,4586,0.002489955293984494,0.0006245751286916596
2233,Homocystine,0.0003236466772815996,4582,0.000633806802105144,0.0006474638187032642
13888,Glucose Mass/Vol Blood Automated Test Strip,0.0003232935054382107,4577,0.0013242034972553902,0.0006380222340734773
1920,Alpha Fetoprotein Tumor Marker,0.00032060939942845496,4539,0.0012110237111651859,0.0006340167133214464
2300,JC/BK Virus PCR,0.00031658324041382134,4482,0.0006451247807141645,0.0006330153331334388
1969,Differential Sickle Cell,0.0003158768967270435,4472,0.0013355214758644107,0.0006228584769407893
1323,"Theophylline, Serum",0.00031474674682819897,4456,0.0010865259464659612,0.0006237168028162244
1073,"HCG Total, Serum Quantitative",0.00031404040314142115,4446,0.0003055854224435516,0.0006321570072580036
898,"Chloride, Urine Random",0.0003122745439244766,4421,0.000950710203157716,0.0006204265536270563
7718,pH of Arterial Blood Adjusted to Patients Actual Temperature,0.0003110031252882765,4403,0.0015618810480448192,0.0006101266431218342
1242,"Protein Electrophoresis, Serum",0.00031064995344488763,4398,0.0009846641389847774,0.0006167071415001705
16478,Mucus Qualitative Urine Automated,0.00030916663170265415,4377,0.0008375304170675118,0.0006155627069995903
1433,Differential Hypersegmented Neutrophils,0.0003022444635722315,4279,0.0006451247807141645,0.0006039753076812154
2028,"Blood Gas Base Excess Calculated, Cord Blood",0.00030189129172884257,4274,0.000237677550789429,0.0006084099913709639
7877,Thyrotropin Quantitative Serum or Plasma Detection limit <= 0.05 mIU/L,0.000301750022991487,4272,0.0011883877539471451,0.0005961073204897265
2286,Dilute Russells Viper Venom Time (dRVVT),0.00030167938862280924,4271,0.0007017146737592666,0.0006021156016177726
619,Hepatitis C Antibody Serum,0.00030160875425413146,4270,0.004764868994397601,0.0005506160490916624
6961,"Immunoglobulin Light Chains Kappa Free, Serum Quantitative",0.00030083177619867586,4259,0.00044140116575179674,0.0006036891990560704
16579,Troponin I Cardiac Units/volume Serum or Plasma,0.00030012543251189803,4249,0.000871484352894573,0.000596822592052589
6616,Creatine Kinase Enzymatic Activity/Volume Serum/Plasma,0.00029963099193115354,4242,0.0011204798822930225,0.0005926740169879857
2214,Erythropoietin,0.00029574610165387547,4187,0.0005432629732329806,0.0005921017997376956
8931,Hemoglobin Capillary Blood Quantitative,0.00029214374885130857,4136,0.0006224888234961235,0.0005838046496084889
1973,"Gentamicin, Serum Trough",0.0002915080395332085,4127,0.0014373832833455946,0.0005722172502901141
394,CD3+CD8+ T8 suppressor Cells Count Blood,0.0002912255020584974,4123,0.0022070058287589835,0.0005619173397848921
953,"Creatinine, Urine 24 hr",0.0002905191583717196,4113,0.0005432629732329806,0.0005815157806073285
9006,Alcohol Unspecified Solution Concentrate Serum or Plasma,0.0002884001273113861,4083,0.0018561484918793504,0.0005606298509717394
1181,Monocytes CSF,0.0002869168055691527,4062,0.0011770697753381246,0.000566208969162068
2532,"Blood Gas pH, Mixed Venous",0.00028529221508956365,4039,0.0014600192405636353,0.0005593423621585865
403,Hepatitis B Core Antibody (Anti HBc) IgM,0.00028211366849906347,3994,0.001346839454473431,0.000554335461218548
1232,"Potassium, Whole Blood NOVA",0.0002802771749134411,3968,0.000237677550789429,0.0005646353717237701
6826,Granulocytes Immature Qualitative Blood Automated Count,0.00027964146559534105,3959,0.00033953935827061286,0.0005620603940974646
1425,Differential Crenation,0.00027858195006517434,3944,0.0003055854224435516,0.0005603437423465943
872,"Carbamazepine, Serum",0.0002782994125904632,3940,0.001663742855526003,0.0005426050075876007
16484,Oxygen Partial Pressure Adjusted to Patients Actual Temperature Arterial Blood,0.00027646291900484087,3914,0.0014600192405636353,0.0005414605730870206
1406,Complete Blood Count Corrected White Blood Cell (WBC),0.00027596847842409637,3907,0.00044140116575179674,0.0005533340810305404
1617,CKMB,0.00027519150036864077,3896,0.0010752079678569408,0.000543749442088181
2432,Methicillin Resistant Staphylococcus aureus (MRSA) PCR,0.0002733550067830184,3870,0.0013128855186463697,0.0005370258893972721
2204,"C-Peptide Quantitative, Serum",0.0002710947069853294,3838,0.0006111708448871032,0.000541317518774448
7161,"Nucleated Red Blood Cell Ratio, Blood Auto",0.00026636220428391793,3771,0.00040744722992473546,0.000534307857458394
876,"Carbon Dioxide CO2, Unknown Specimen",0.00026572649496581794,3762,0.00016976967913530643,0.0005360245092092645
8129,Mycobacterium tuberculosis tuberculin stimulated gamma interferon Blood,0.00026396063574887335,3737,0.0007583045668043687,0.0005250093271411797
13398,Iron Saturation Molar Fraction Serum or Plasma,0.0002624773140066399,3716,0.0005885348876690623,0.0005241510012657446
2244,Protein C Activity,0.00025880432683539524,3664,0.0007696225454133891,0.0005144233080108126
1943,"Beta-2 Microglobulin Quantitative, Serum",0.00025781544567390625,3650,0.00033953935827061286,0.0005178566115125533
16529,Specific Gravity Urine Refractometry automated,0.0002576741769365507,3648,0.000871484352894573,0.0005108469501964994
7921,Vancomycin Quantitative Serum or Plasma,0.0002576741769365507,3648,0.0021277799784958406,0.0004949679215009487
17279,Blood Gas Oxygen Content Blood,0.00025696783324977287,3638,0.000475355101578858,0.0005144233080108126
1446,Differential Neutrophil Band,0.0002568265645124173,3636,0.000158451700526286,0.0005181427201376984
401,Hepatitis A Antibody (Anti HAV) IgM,0.0002560495864569617,3625,0.0008601663742855526,0.0005076997553199038
682,Rubella Immunity Screen,0.00025590831771960616,3623,9.054382887216343e-05,0.0005171413399496906
822,Angiotensen -1-Converting Enzyme (ACE),0.00025336548044720597,3587,0.0005658989304510215,0.0005059831035690334
2224,Factor VIII Assay,0.0002523059649170392,3572,0.0005885348876690623,0.0005035511802553005
6682,Eosinophils Blood per 100 Leukocytes,0.0002520940618110059,3569,0.0012789315828193085,0.0004943957042506587
11978,Calcium Ionized Quantitative Venous Blood mg/dL,0.0002504694713314169,3546,0.0011657517967291042,0.0004925359981872157
1864,"Blood Gas PO2, Capillary",0.0002502575682253835,3543,0.0005772169090600418,0.0004995456595032696
1692,"Glucose GTT, Serum 1 hr",0.0002499043963819946,3538,0.00028294946522551073,0.0005025498000672927
1084,Helicobacter pylori Antibody IgG,0.00024813853716505003,3513,0.00033953935827061286,0.0004982581706901169
2470,Clostridium difficile Toxin B,0.00024806790279637225,3512,0.00039612925131571504,0.0004973998448146817
1094,Hemoglobin by co-oximetry,0.00024750282784695004,3504,0.0014713372191726558,0.0004826652506197113
6759,Fibrin D-dimer FEU Quantitative Platelet Poor Plasma,0.00024545443115529434,3475,0.0008035764812404504,0.00048695687999688713
20,Fibrin+Fibrinogen fragments (Fibrin Split Products) Quantitative Serum Latex Agglutination,0.0002448187218371943,3466,0.0005206270160149398,0.0004892457489980476
2013,"Zinc, Serum",0.0002443949156251276,3460,0.000554580951842001,0.0004879582601848948
1355,Vancomycin Peak,0.00024361793756967197,3449,0.0010638899892479203,0.00047994721868083325
12234,CD4 Helper T Cell Count Blood,0.00024298222825157193,3440,0.0016524248769169826,0.000471220905613909
6982,"Iron Binding Capacity, Serum/Plasma Quantitative",0.00024206398145876077,3427,0.0011883877539471451,0.0004752264263659398
8936,pH of Urine Automated Test Strip,0.00024178144398404963,3423,0.0005885348876690623,0.0004822360876819937
16809,Hematocrit Volume Fraction Blood Estimated,0.00024164017524669405,3421,0.001426065304736574,0.00047136395992648154
6698,Epithelial Cells Urine Sediment Microscopy HPF,0.00024093383155991623,3411,0.00029426744383453116,0.0004842388480580091
1923,Alpha-1-Antitrypsin,0.00023930924108032725,3388,0.001131797860902043,0.00047036257973847385
1608,UA White Blood Cell Casts,0.00023514181332833807,3329,0.0006224888234961235,0.0004683598193624584
17215,Glucose Qualitative Urine Automated Test Strip,0.0002341529321668491,3315,0.0005206270160149398,0.0004676445477995958
7040,"Lymphocytes, Body Fluid",0.0002334465884800713,3305,0.00045271914436081716,0.00046707233054930566
1125,"IgE (Immunoglobulin E), Serum Quantitative",0.0002333759541113935,3304,0.0004640371229698376,0.0004667862219241606
7787,Protein Qualitative Urine Test Strip,0.00023274024479329346,3295,3.395393582706129e-05,0.00047093479698876394
1602,UA Triple Phosphate Crystals,0.0002325989760559379,3293,0.0004640371229698376,0.0004652126244858628
1063,"HCG Beta, Unknown Specimen Qualitative",0.0002325283416872601,3292,0.000158451700526286,0.00046893203661274856
1699,Microalbumin 24 hr,0.000232245804212549,3288,0.0005432629732329806,0.00046349597273499246
1858,"Blood Gas Oxygen Saturation Percent, Capillary",0.00023203390110651564,3285,0.0006111708448871032,0.0004622084839218397
13587,Calcidiol Quantitative Serum or Plasma,0.0002317513636318045,3281,0.0006903966951502462,0.00046063488648354187
1972,"Gentamicin, Serum Peak",0.00022673632345568195,3210,0.0010978439250749815,0.00044532807503828135
6999,"Lactate Dehydrogenase (LDH), Body Fluid",0.00022638315161229304,3205,0.00038481127270669456,0.000453625225167488
2202,"Complement, Total",0.00022447602365799292,3178,0.0008035764812404504,0.00044446974916284614
7900,Troponin I Cardiac Quantitative Blood,0.0002229220675470817,3156,0.0005998528662780827,0.00044389753191255606
1145,LH (Lutenizing Hormone),0.00022271016444104836,3153,0.00014713372191726558,0.0004491905414777396
7042,"Lymphocytes, CSF",0.00022221572386030386,3146,0.0008375304170675118,0.00043946284822280764
2418,Influenza A RNA Presence Unspecified Specimen Probe and Target Amplification Method,0.0002204498646433593,3121,0.00037349329409767413,0.00044175171722396814
1249,Protein Total Serum and Serum Protein Electrophoresis,0.00021910781163848143,3102,0.000475355101578858,0.00043774619647193733
2097,Hematocrit Cord,0.0002172713180528591,3076,0.0007583045668043687,0.0004304504265307384
2267,Vitamin B1,0.00021663560873475904,3067,0.0006790787165412257,0.0004301643179055933
908,CK Isoenzyme,0.00021409277146235888,3031,0.000237677550789429,0.0004305934808433109
19,Thrombin Time,0.0002135276965129366,3023,0.0003508573368796333,0.0004280185032170054
6458,"Ammonia Quantitative, Plasma",0.00021268008408880323,3011,0.0008941203101126138,0.0004194352444626537
11980,CD4 % Helper T Cells Blood,0.0002123975466140921,3007,0.0011997057325561654,0.0004150005607729053
1014,"Gentamicin, Serum",0.00021190310603334762,3000,0.00039612925131571504,0.0004241560367775471
7758,Prealbumin Serum or Plasma Quantitative,0.00021176183729599204,2998,0.000554580951842001,0.0004218671677763867
17378,Urobilinogen Moles/volume Urine Automated Test Strip,0.0002083713875994585,2950,0.0005093090374059193,0.0004155727780231954
1211,"Phenobarbital, Serum",0.00020625235653912502,2920,0.0013242034972553902,0.00040098123814079746
7806,Reticulocytes/100 Erythrocytes Blood Automated Count,0.00020166112257506916,2855,0.0011883877539471451,0.0003933993595744535
20168,Gamma interferon background Units/volume Blood Immunoassay,0.00020116668199432467,2848,0.0009054382887216343,0.000395974337200759
922,CKMB/CK Mass Index,0.00020074287578225798,2842,0.0003621753154886537,0.0004019826183288052
1248,Protein Total for Serum Protein Electrophoresis,0.0001998246289894468,2829,0.0007583045668043687,0.0003951160113253238
950,"Creatinine, Unknown specimen",0.0001994008227773801,2823,0.00013581574330824515,0.00040212567264137774
16492,Oxygen Partial Pressure Saturation Adjusted to 0.5 Arterial Blood,0.0001990476509339912,2818,0.0005432629732329806,0.00039626044582590403
6728,Erythrocytes Qualitative Urine,0.00019763496356043554,2798,2.2635957218040857e-05,0.00039997985795278977
61,"Pregnancy Test, Urine",0.00019692861987365772,2788,0.000237677550789429,0.0003958312828881865
8130,Mycobacterium tuberculosis tuberculin stim gamma interferon/Mitogen stim gamma interferon Blood,0.00019678735113630216,2786,0.00038481127270669456,0.0003936854681995985
758,Parvovirus B19 Antibody IgG,0.00019636354492423545,2780,0.00044140116575179674,0.00039211187076130074
1954,"Ceruplasmin, Serum",0.00019608100744952434,2776,0.0008148944598494709,0.00038681886119611717
2102,Hepatitis C RNA Quantitative Viral Load IU/mL,0.00019480958881332424,2758,0.0029200384811272706,0.0003576357814313213
1870,"Eosinophils, Body Fluid",0.0001941738794952242,2749,0.00032822137966159243,0.0003891077301972776
6436,"Albumin Quantitative, Serum Electrophoresis",0.0001925492890156352,2726,0.0003055854224435516,0.0003861035896332545
198,Clostridium difficile,0.00018993581737455724,2689,0.00045271914436081716,0.0003789508740046281
2308,Influenza B Antigen,0.00018951201116249055,2683,0.00020372361496236773,0.00038123974300578853
2187,Cancer Antigen 27-29,0.00018612156146595698,2635,0.0002603135080074699,0.00037365786443944456
359,Streptococcus pyogenes (Group A) Screen,0.000184496970986368,2612,0.00019240563635334728,0.0003712259411257115
1572,UA Coarsely Granular Casts,0.00018393189603694573,2604,0.000316903401052572,0.00036850790918683353
743,Hepatitis A Antibody IgG and IgM,0.00018216603682000117,2579,0.0003621753154886537,0.0003643593341222302
6877,Hepatitis B Surface Antibody Quantitative Serum Immunoassay,0.00017941129644156764,2540,0.00019240563635334728,0.0003609260306204895
1999,Protein S Antigen,0.00017813987780536758,2522,0.00044140116575179674,0.00035520385811758833
17384,Urobilinogen Qualitative Urine Automated Test Strip,0.00017609148111371188,2493,0.0005772169090600418,0.0003493386313021147
6508,"Basophils, Blood per 100 Leukocytes",0.00017580894363900074,2489,0.0008488483956765321,0.00034533311055008387
6571,"Cannabinoids Qualitative, Urine Screen",0.00017573830927032296,2488,0.0027049968875558824,0.00032172914897561666
1679,Mycoplasma pneumoniae Antibody IgG,0.00017524386868957847,2481,0.0007243506309773074,0.00034576227348780147
1027,"Glucose GTT, Serum 2 hr",0.00017453752500280065,2471,6.790787165412258e-05,0.0003526288804912828
1243,"Protein Electrophoresis, Urine",0.0001743962562654451,2469,0.00040744722992473546,0.0003480511424889619
1664,Hemoglobin A,0.00017404308442205618,2464,0.000950710203157716,0.0003404692639226179
774,Herpes simplex 2 Antibody IgG,0.00017383118131602282,2461,0.0004187652085337559,0.00034676365367580916
7171,"Opiates Screen, Urine Qualitative",0.00017305420326056722,2450,0.00342934751853319,0.00030713760909321876
719,Syphilis (Treponema pallidum) RPR Qualitative Serum,0.00017305420326056722,2450,0.0005432629732329806,0.00034361645879921356
772,Herpes simplex 1 Antibody IgG,0.00017206532209907826,2436,0.000316903401052572,0.0003444747846746487
1343,"Urea Nitrogen, Urine Random",0.00017001692540742256,2407,0.00013581574330824515,0.00034261507861120587
1442,Differential Metamyelocyte Percent,0.0001670502819229557,2365,0.000316903401052572,0.0003343179284819992
2173,Acetone,0.00016697964755427793,2364,0.0007243506309773074,0.00032902491891681566
6535,"Blood Gas Base Excess Calculated, Capillary Blood",0.0001657788632867556,2347,0.0008262124384584913,0.0003253055067899299
1007,Folate Red Blood Cell,0.00016478998212526665,2333,0.000475355101578858,0.0003277374301036629
1915,"Aldolase Enzymatic Activity/Volume, Serum",0.00016471934775658887,2332,0.00037349329409767413,0.0003288818646042431
1751,"Glucose, Serum 1 hr pp",0.000163377294751711,2313,0.00024899552939844946,0.0003277374301036629
6757,Fibrin D-dimer DDU Quantitative Platelet Poor Plasma,0.0001630947572769999,2309,0.0002716314866164903,0.0003268791042282277
2088,Epstein Barr Virus Nuclear Antibody IgG,0.00016288285417096653,2306,0.00040744722992473546,0.0003247332895396398
6506,"Basophils, Blood",0.00016267095106493317,2303,0.00040744722992473546,0.0003243041266019222
6522,"Bicarbonate HCO3 Quantitative, Venous Cord Blood",0.0001621765104841887,2296,0.00037349329409767413,0.0003237319093516321
6546,"Blood Gas PO2 Temperature Adjusted, Blood",0.0001605519200045997,2273,0.00018108765774432685,0.00032287358347619693
21196,Hemoglobin Mass/volume Arterial Cord Blood,0.00015998684505517745,2265,0.0005658989304510215,0.0003168653023481507
8427,Staphylococcus aureus DNA Qualitative Unspecified Probe and Target Amplification Method,0.00015920986699972185,2254,0.0005658989304510215,0.0003152917049098529
13893,Lactate Dehydrogenase (LDH) Enzymatic Activity / Volume Serum or Plasma Lactate to Pyruvate Reaction,0.00015786781399484398,2235,0.000713032652368287,0.00031071396690753196
1142,Legionella Antigen Urine,0.00015673766409599947,2219,0.0005885348876690623,0.00030999869534466934
977,"Phenytoin (Dilantin), free",0.00015645512662128833,2215,0.0004979910587968989,0.00031057091259495943
2000,"Protein S Antigen, Free",0.00015638449225261055,2214,0.00039612925131571504,0.0003117153470955397
1998,Protein C Antigen,0.00015440672992963263,2186,0.0003508573368796333,0.000308282043593799
1344,"Urea Nitrogen, Urine",0.0001524996019753325,2159,0.00024899552939844946,0.00030570706596749346
6515,"Benzodiazepines Qualitative, Urine Screen",0.0001524289676066547,2158,0.0020485541282326976,0.0002828183759558889
1674,Hepatitis C RNA,0.00015235833323797693,2157,0.0032822137966159242,0.0002670824015729108
12361,Clostridium difficile toxin Genes Stool Probe and Target Amplification Method,0.00015228769886929916,2156,0.00022635957218040858,0.00030556401165492093
7137,"Neutrophils Percent, CSF",0.00015200516139458802,2152,0.0006564427593231849,0.00029955573052687474
1894,Prostate Specific Antigen (PSA) Free,0.0001500273990716101,2124,0.00010186180748118387,0.00030255987109089786
1740,Lyme disease (Borrelia burgdorferi) Antibody,0.0001475551961678877,2089,0.00024899552939844946,0.00029569326408741646
836,"Bicarbonate HCO3, Cord",0.00014656631500639878,2075,0.00012449776469922473,0.0002952641011496989
1210,Phencyclidine Urine,0.00014543616510755424,2059,0.0026710429517288214,0.00026078801181971954
17124,Prealbumin Mass/volume Serum or Plasma Nephlometry,0.00014374094025928748,2035,0.0009733461603757569,0.0002788128552038581
1452,Differential Plasma Cells,0.00014303459657250965,2025,0.00037349329409767413,0.00028496419064447684
6467,"Amylase Enzymatic Activity/Volume, Body Fluid",0.00014162190919895398,2005,0.00021504159357138816,0.0002841058647690417
2030,"Blood Gas O2 Content, Venous",0.00014027985619407613,1986,0.0008828023315035935,0.00027294762838838446
1028,"Glucose GTT, Serum 3 hr",0.00014013858745672055,1984,6.790787165412258e-05,0.00028296143026846146
7720,pH of Blood,0.0001390790719265538,1969,0.0007469865881953483,0.0002722323568255218
1538,Respiratory Therapy Oxygen Saturation,0.000138372728239776,1959,0.00048667308018787844,0.0002740920628889647
2178,Adrenocorticotropic Hormone,0.00013801955639638707,1954,0.0005093090374059193,0.000273090682700957
6502,"Barbiturates Qualitative, Urine Screen",0.00013660686902283142,1934,0.003384075604097108,0.00023389380105608417
6764,Fine Granular Casts Quantitative Urine Sediment Microscopy LPF,0.00013582989096737582,1923,0.000237677550789429,0.00027208930251294925
1039,"Glucose, Serum Fasting",0.0001346997410685313,1907,0.00019240563635334728,0.00027037265076207894
2032,"Blood Gas pH, Venous Cord Blood",0.00013378149427572012,1894,7.9225850263143e-05,0.00026994348782436134
777,Mycoplasma Antibody IgM,0.00013286324748290897,1881,0.00033953935827061286,0.0002647935325717503
776,Mycoplasma Antibody IgG,0.00013088548515993105,1853,0.00037349329409767413,0.00026035884888200194
1922,"Alpha Fetoprotein Quantitative, Serum",0.00012996723836711986,1840,0.000633806802105144,0.0002552088936293909
1916,"Aldosterone Quantitative, Serum",0.00012989660399844209,1839,0.00024899552939844946,0.00025992968594428434
1303,"Rheumatoid Factor, Serum or Plasma Quantitative (RA or RF Titer)",0.00012989660399844209,1839,0.00037349329409767413,0.00025835608850598656
6521,"Bicarbonate HCO3 Quantitative, Capillary Blood",0.00012933152904901982,1831,0.0005319449946239601,0.0002552088936293909
2002,Renin,0.00012728313235736414,1802,0.00032822137966159243,0.0002536352961910931
1558,UA Amorphous Phosphates,0.00012707122925133079,1799,0.0002603135080074699,0.0002540644591288107
16489,Oxygen Partial Pressure Adjusted to Patients Actual Temperature Venous Blood,0.00012636488556455296,1789,0.00038481127270669456,0.00025106031856478756
16144,Lactate Mass/volume Arterial Blood,0.00012601171372116405,1784,0.0008828023315035935,0.00024405065724873368
6553,"Calcium ionized Quantitative, Blood",0.00012601171372116405,1784,0.00011317978609020429,0.0002537783505036656
1223,Potassium Plasma,0.00012544663877174178,1776,0.000237677550789429,0.00025106031856478756
295,"Occult Blood, Feces",0.00012452839197893062,1763,0.00021504159357138816,0.0002494867211264898
1431,Differential Enlarged Platelets,0.00012445775761025284,1762,0.00021504159357138816,0.00024934366681391725
67,CD4 T-Cell Count,0.00012410458576686393,1757,0.0005206270160149398,0.00024476592881159635
997,"Estradiol, Serum Quantitative",0.00012368077955479721,1751,5.6589893045102146e-05,0.0002497728297516348
7158,"Nucleated Red Blood Cell Count, Body Fluid Manual",0.0001233982420800861,1747,0.0002603135080074699,0.0002466256348750392
1666,Hemoglobin A2,0.00012276253276198606,1738,0.0004300831871427763,0.00024319233137329852
16566,Transferrin Moles/volume Serum or Plasma,0.00012184428596917488,1725,0.00028294946522551073,0.00024319233137329852
21189,Chloride Moles/volume Capillary Blood,0.00012071413607033036,1709,0.00048667308018787844,0.00023832848474583253
919,CKMB,0.00012000779238355254,1699,0.0006224888234961235,0.00023518128986923693
7918,Urobilinogen Quantitative Urine Test Strip,0.00011923081432809692,1688,0.0006224888234961235,0.0002336076924309391
6935,Howell-Jolly Bodies,0.00011866573937867466,1680,0.0004300831871427763,0.00023489518124409186
6965,"Immunoglobulin Light Chains Lambda Free, Serum/Plasma Quantitative",0.00011774749258586349,1667,0.00020372361496236773,0.00023589656143209955
656,Measles (Rubeola) Antibody IgG,0.00011774749258586349,1667,4.5271914436081714e-05,0.00023789932180811495
6572,"Cannabinoids Quantitative, Urine",0.0001173236863737968,1661,0.0030219002886084545,0.00019941771172610477
6966,"Immunoglobulin Light Chains Lambda, Serum Quantitative",0.00011675861142437453,1653,0.00018108765774432685,0.0002341799096812292
71,Urinalysis with Microscopy,0.00011619353647495227,1645,0.00011317978609020429,0.00023389380105608417
1438,Differential Lymphocyte Atypical Percent,0.00011591099900024114,1641,0.000554580951842001,0.00022774246561546544
1479,Heparin,0.00011584036463156336,1640,0.00018108765774432685,0.00023232020361778634
7772,Protein 24 hr Urine Quantitative,0.00011555782715685223,1636,0.00010186180748118387,0.00023274936655550392
6923,"HIV1 RNA Viral Load (log copies/mL) Probe and Target Amplification, Plasma",0.00011499275220742997,1628,0.0005885348876690623,0.00022545359661430497
7157,"Nucleated Red Blood Cell Count, Blood Auto",0.00011478084910139662,1625,0.00044140116575179674,0.00022688413974003026
763,Varicella zoster Antibody IgG Serum Quantitative,0.00011463958036404106,1623,0.00019240563635334728,0.00022974522599148082
7855,Tacrolimus Quantitative Blood,0.00011435704288932994,1619,0.0002603135080074699,0.00022831468286575556
2284,Chlamydia trachomatis DNA,0.00011386260230858545,1612,0.00022635957218040858,0.00022774246561546544
754,Mumps Antibody IgG,0.00011365069920255211,1609,1.1317978609020428e-05,0.0002300313346166259
6851,Hemoglobin Gastrointestinal Qualitative Stool,0.0001128737211470965,1598,0.00037349329409767413,0.00022387999917600717
2486,Cell Count Body Fluid,0.00011216737746031867,1588,0.00016976967913530643,0.0002250244336765874
882,Cell Count CSF,0.00011216737746031867,1588,0.0003508573368796333,0.00022273556467542694
7219,"White Blood Cell Count, Body Fluid Manual",0.00011061342134940745,1566,0.00029426744383453116,0.00022030364136169396
618,Hepatitis C RNA PCR Qualitative,0.00011011898076866297,1559,0.0013242034972553902,0.00020628431872958615
7136,"Neutrophils Percent, Body Fluid Manual",0.0001096245401879185,1552,0.00032822137966159243,0.00021787171804796095
1680,"Myoglobin, Serum",0.00010934200271320737,1548,0.00020372361496236773,0.00021887309823596867
13228,Methemoglobin Mass/volume Blood,0.00010913009960717402,1545,0.00040744722992473546,0.00021586895767194557
15385,Carbon Dioxide CO2 Partial Pressure Mixed Venous Blood,0.00010884756213246289,1541,0.00021504159357138816,0.00021772866373538844
6962,"Immunoglobulin Light Chains Kappa Free/Lambda Ratio, Serum",0.00010870629339510732,1539,0.00032822137966159243,0.00021601201198451808
614,Helicobacter pylori Antibody,0.00010828248718304063,1533,0.000158451700526286,0.00021729950079767084
1386,"Blood Gas CO Saturation Percent, Arterial",0.00010814121844568506,1531,0.00010186180748118387,0.00021772866373538844
1705,Syphilis (Treponema pallidum) RPR Titer,0.0001079999497083295,1529,0.0002603135080074699,0.00021543979473422797
1701,Mycoplasma pneumoniae Antibody IgM,0.00010651662796609607,1508,0.0004640371229698376,0.00020986067654389935
534,Antistreptolysin Titer (ASO Titer),0.00010616345612270716,1503,0.00037349329409767413,0.00021028983948161696
7895,Triiodothyronine (T3) Free Quantitative Serum or Plasma,0.00010573964991064047,1497,0.00033953935827061286,0.00020986067654389935
447,HIV1 RNA PCR Viral Load Quantitative,0.00010538647806725154,1492,0.0008488483956765321,0.00020270796091527294
1272,PT Whole Blood,0.00010524520932989599,1490,0.00018108765774432685,0.00021086205673190707
2490,Platelet Antibody Heparin Induced Serum,0.0001051745749612182,1489,0.000237677550789429,0.0002100037308564719
2159,Syphilis (Treponema pallidum) Antibody IgG Qualitative Serum,0.00010482140311782928,1484,0.00016976967913530643,0.00021014678516904442
2733,Hepatitis C RNA Quantitative Probe,0.00010418569379972925,1475,0.0022522777431950654,0.0001825373028425464
670,"Occult Blood, Gastric",0.00010362061885030698,1467,0.0003621753154886537,0.00020528293854157846
380,CD4 Helper T Cell Count,0.00010284364079485138,1456,0.0007017146737592666,0.00019941771172610477
574,"Cytomegalovirus Antibody IgM, Serum",0.00010256110332014024,1452,0.00029426744383453116,0.0002039954497284257
1694,HIV1+2 Antibodies,0.00010227856584542912,1448,0.00039612925131571504,0.00020213574366498283
6979,"Insulin, Serum/Plasma Quantitative",0.00010093651284055125,1429,0.00016976967913530643,0.00020227879797755536
2419,Influenza B RNA Presence Unspecified Specimen Probe and Target Amplification Method,0.00010079524410319568,1427,0.00019240563635334728,0.00020170658072726525
7205,"UA Hyaline Casts, Qualitative",9.959445983567337e-05,1410,0.000237677550789429,0.00019870244016324213
1577,UA Finely Granular Casts,9.945319109831782e-05,1408,0.000158451700526286,0.00019941771172610477
1997,"Progesterone, Serum",9.91000192549289e-05,1403,3.395393582706129e-05,0.00020027603760153996
11967,Calcium Ionized Quantitative Arterial Blood mg/dL,9.846430993682886e-05,1394,9.054382887216343e-05,0.00019827327722552455
1319,"T7 (FTI), Serum",9.818177246211772e-05,1390,0.0004640371229698376,0.000192980267660341
2491,Thyroperoxidase Antibody,9.754606314401769e-05,1381,9.054382887216343e-05,0.00019641357116208168
6589,Cobalamin (Vitamin B12) Quantitative Blood,9.726352566930655e-05,1377,0.0006564427593231849,0.00018868863828316515
60,"Pregnancy Test, Serum",9.613337577046204e-05,1361,0.00024899552939844946,0.0001915497245346157
637,Infectious Mononucleosis Screen,9.535639771500642e-05,1350,0.00011317978609020429,0.00019169277884718825
21204,Oxygen Partial Pressure (8 Hour maximum) Capillary Blood,9.429688218483968e-05,1335,0.000554580951842001,0.0001839678459682717
6520,"Bicarbonate HCO3 Quantitative, Arterial Cord Blood",9.351990412938408e-05,1324,5.6589893045102146e-05,0.00018868863828316515
1971,"Gastrin, Serum",9.288419481128403e-05,1315,0.00019240563635334728,0.00018568449771914203
7793,"Protein/Creatinine Mass Ratio, Urine",9.260165733657291e-05,1311,7.9225850263143e-05,0.0001865428235945772
2469,Clostridium difficile Toxin A and B,9.147150743772838e-05,1295,0.00024899552939844946,0.00018210813990482882
1468,Differential White Blood Cell (WBC) Vacuolated,9.133023870037282e-05,1293,0.00021504159357138816,0.00018225119421740136
12238,HIV 1+2 Antibody and HIV1 p24 Antigen Serum Immunoassay Qualitative,9.133023870037282e-05,1293,0.0005093090374059193,0.00017853178209051562
866,"Calcium/Ca, Urine 24 hr",9.10477012256617e-05,1289,0.00012449776469922473,0.00018282341146769147
7725,pH of Urine Test Strip,9.041199190756165e-05,1280,0.00048667308018787844,0.0001769581846522178
2269,Vitamin B6,9.041199190756165e-05,1280,0.0003055854224435516,0.00017924705365337826
6548,"BNP-B Natriuretic Peptide B, Blood",9.027072317020608e-05,1278,6.790787165412258e-05,0.0001819650855922563
6964,"Immunoglobulin Light Chains Kappa/Lambda Ratio, Serum",8.998818569549496e-05,1274,0.00012449776469922473,0.00018067759677910353
7854,Stomatocytes Qualitative Blood Light Microscopy,8.984691695813939e-05,1272,0.00044140116575179674,0.00017638596740192768
11975,Calcium Ionized Quantitative Serum or Plasma,8.949374511475048e-05,1267,0.00016976967913530643,0.00017910399934080573
7086,"Monocytes Percent, Body Fluid",8.949374511475048e-05,1267,0.00012449776469922473,0.00017967621659109584
7923,Vitamin D+Metabolites Quantitative Serum or Plasma,8.892867016532822e-05,1259,1.1317978609020428e-05,0.0001799623252162409
259,Helicobacter pylori Rapid CLO-Test,8.850486395326152e-05,1253,5.6589893045102146e-05,0.00017853178209051562
1594,UA Reducing Substances,8.850486395326152e-05,1253,0.0007356686095863279,0.0001699485233361639
2528,"Blood Gas PCO2, Cord Blood Arterial",8.850486395326152e-05,1253,0.0,0.00017924705365337826
1412,Cholesterol / HDL Risk Interp,8.81516921098726e-05,1248,0.00013581574330824515,0.00017681513033964528
759,Parvovirus B19 Antibody IgM,8.786915463516148e-05,1244,0.00021504159357138816,0.00017524153290134745
2266,Retinol Quantitative Serum or Plasma,8.765725152912812e-05,1241,0.00021504159357138816,0.00017481236996362987
2529,"Blood Gas PCO2, Cord Blood Venous",8.709217657970587e-05,1233,5.6589893045102146e-05,0.00017567069583906506
1079,"HCG, Urine Qualitative",8.688027347367252e-05,1230,0.00020372361496236773,0.00017338182683790458
867,"Calcium/Ca, Urine Random",8.61739297868947e-05,1220,0.00010186180748118387,0.00017323877252533205
7073,"Methylmalonate, Serum/Plasma",8.483187678201682e-05,1201,0.00018108765774432685,0.0001695193603984463
1469,Differential White Cell Correction,8.476124241333905e-05,1200,5.6589893045102146e-05,0.0001709499035241716
68,CD8 T-Cell Count,8.476124241333905e-05,1200,0.00033953935827061286,0.0001673735457098584
16096,Haptoglobin Mass/volume Serum or Plasma Nephlometry,8.45493393073057e-05,1197,0.0004300831871427763,0.00016579994827156056
6784,Gamma Globulin Quantitative Serum/Plasma Electrophoresis,8.4125533095239e-05,1191,0.0004187652085337559,0.00016508467670869794
801,Albumin CSF,8.398426435788344e-05,1189,0.00020372361496236773,0.00016751660002243092
2110,HIV1 Viral Load,8.370172688317231e-05,1185,0.0009959821175937978,0.0001569305808920638
15608,Deoxyhemoglobin/Hemoglobin Total Arterial Blood,8.348982377713896e-05,1182,0.00038481127270669456,0.00016422635083326276
7065,"Methadone Screen, Urine Qualitative",8.341918940846117e-05,1181,0.005455265689547847,9.999496448819744e-05
722,Syphilis (Treponema pallidum) Antibody Test,8.313665193375005e-05,1177,0.00018108765774432685,0.00016608605689670563
189,Chlamydia DNA Amplification,8.257157698432778e-05,1169,7.9225850263143e-05,0.00016622911120927817
7035,"Lymphocytes Variant, Blood Manual",8.257157698432778e-05,1169,0.00032822137966159243,0.00016308191633268254
724,Toxoplasma Antibody IgG,8.207713640358331e-05,1162,0.00024899552939844946,0.00016308191633268254
2186,Cancer Antigen 15-3,8.200650203490552e-05,1161,0.00010186180748118387,0.00016479856808355287
16498,pH Capillary Blood Adjusted to Patients Actual Temperature,8.073508339870544e-05,1143,0.0005093090374059193,0.00015707363520463635
989,"Eosinophils, Urine",7.953429913118314e-05,1126,0.00020372361496236773,0.0001585041783303616
329,Stool Reducing Substances,7.946366476250536e-05,1125,0.0004187652085337559,0.00015564309207891105
1062,"HCG Beta Rapid, Serum Quantitative 1 day",7.918112728779422e-05,1121,0.00016976967913530643,0.00015821806970521657
6564,"Cancer Antigen 125 Quantitative, Serum",7.88985898130831e-05,1117,0.00010186180748118387,0.0001585041783303616
193,Chlamydia trachomatis PCR,7.76978055455608e-05,1100,5.6589893045102146e-05,0.00015664447226691874
1686,Urine Total Volume,7.720336496481632e-05,1093,0.00012449776469922473,0.00015478476620347587
1101,Hemoglobin S Screen (Sickle Cell),7.706209622746075e-05,1091,0.000554580951842001,0.00014906259370057472
737,Yeast ID,7.68501931214274e-05,1088,3.395393582706129e-05,0.00015521392914119347
399,Hepatitis A Antibody (Anti HAV) Total,7.68501931214274e-05,1088,0.0003508573368796333,0.00015120840838916266
6889,Hepatitis C Antibody Qualitative Serum/Plasma Immunoassay,7.656765564671627e-05,1084,0.001290249561428329,0.00013876268319535268
632,HIV1 RNA Qualitative Unspecified Specimen Probe and Target Amplification Method,7.64263869093607e-05,1082,0.0011431158395110634,0.0001403362806336505
1917,Alkaline Phosphatase Bone,7.56494088539051e-05,1071,0.000158451700526286,0.00015120840838916266
6640,Cyclic citrullinated peptide Antibody IgG Quantitative Serum,7.56494088539051e-05,1071,0.0002603135080074699,0.0001499209195760099
1685,Streptococcus pneumoniae Antigen,7.550814011654953e-05,1069,0.0002716314866164903,0.00014949175663829233
987,"Eosinophils, CSF",7.515496827316062e-05,1064,0.00029426744383453116,0.0001484903764502846
27,"Creatinine Clearance, Urine",7.423672148034945e-05,1051,0.00010186180748118387,0.00014906259370057472
1669,Hemoglobin S,7.416608711167167e-05,1050,0.0004187652085337559,0.0001449140186359714
16491,Oxygen Partial Pressure Mixed Venous Blood,7.36010121622494e-05,1042,0.00014713372191726558,0.00014720288763713185
2495,Platelet Aggregation,7.317720595018271e-05,1036,0.00010186180748118387,0.0001469167790119868
357,Neisseria gonorrhoeae rRNA (Gen) Probe Qualitative,7.240022789472711e-05,1025,5.6589893045102146e-05,0.00014591539882397912
2007,"Tobramycin, Serum Trough",7.183515294530484e-05,1017,0.0003508573368796333,0.00014105155219651313
1955,Chlamydia PCR,7.148198110191592e-05,1012,0.00013581574330824515,0.00014305431257252853
11968,Calcium Ionized Quantitative Arterial Blood mmol/L,7.141134673323815e-05,1011,0.00010186180748118387,0.0001433404211976736
1822,Rubella,7.11994436272048e-05,1008,0.00019240563635334728,0.00014176682375937577
1959,"Copper, Serum",7.112880925852701e-05,1007,0.000237677550789429,0.00014105155219651313
6723,Erythrocytes Body Fluid Manual Count,7.105817488984924e-05,1006,0.00033953935827061286,0.00013962100907078786
406,Hepatitis Be Antibody (Anti Hbe),7.091690615249367e-05,1004,0.00045271914436081716,0.0001379043573199175
962,"Cyclosporine A, Whole Blood",7.091690615249367e-05,1004,5.6589893045102146e-05,0.000142911258259956
478,Influenza B Qualitative,6.985739062232693e-05,989,6.790787165412258e-05,0.00014062238925879555
288,Neisseria gonorrhoeae DNA Probe,6.985739062232693e-05,989,0.00012449776469922473,0.0001399071176959329
407,Hepatitis Be Antigen (HBeAG),6.908041256687133e-05,978,0.0004640371229698376,0.00013404189088045925
2719,Hepatitis B Core Antibody (Anti HBc) Qualitative,6.893914382951576e-05,976,0.00029426744383453116,0.00013590159694390212
1045,"Glucose, Whole Blood GMD",6.893914382951576e-05,976,6.790787165412258e-05,0.00013876268319535268
7724,pH of Serum or Plasma,6.787962829934902e-05,961,0.00011317978609020429,0.00013604465125647463
7184,"Oxycodone, Urine Qualitative",6.759709082463789e-05,957,0.0015166091336087375,0.00011773369924719098
1681,"Myoglobin, Urine",6.703201587521563e-05,949,0.0004300831871427763,0.0001303224787535735
2724,Hepatitis B Surface Antibody Qualitative,6.689074713786006e-05,947,0.000237677550789429,0.00013246829344216142
6459,"Ammonia Quantitative, Plasma (Moles)",6.618440345108224e-05,937,0.00029426744383453116,0.0001303224787535735
1192,"Normetanephrine, Urine",6.484235044620436e-05,918,0.00012449776469922473,0.0001297502615032834
6555,"Calcium oxalate crystals, Urine Sediment Microscopy HPF",6.477171607752659e-05,917,0.00020372361496236773,0.00012860582700270314
2683,Chlamydia pneumoniae Antibody IgG Titer,6.463044734017102e-05,915,0.00029426744383453116,0.00012717528387697787
2729,Hepatitis C Antibody EIA Index,6.448917860281545e-05,913,0.0011883877539471451,0.00011558788455860306
1984,Hemoglobin N,6.42772754967821e-05,910,0.00033953935827061286,0.00012588779506382512
6444,"Alpha 1 Globulin Quantitative, Serum Electrophoresis",6.413600675942654e-05,908,0.00013581574330824515,0.00012817666406498556
7135,"Neutrophils Percent, Body Fluid",6.357093181000428e-05,900,0.00016976967913530643,0.00012660306662668776
196,Clostridium difficile Toxin A,6.35002974413265e-05,899,2.2635957218040857e-05,0.0001283197183775581
2221,Factor V Assay,6.314712559793759e-05,894,0.00014713372191726558,0.00012603084937639765
2087,Epstein Barr Virus Antibody to Early Antigen,6.222887880512642e-05,881,7.9225850263143e-05,0.00012502946918838993
238,Cytomegalovirus PCR,6.215824443644863e-05,880,0.00011317978609020429,0.00012445725193809982
1919,Alkaline Phosphatase Liver,6.187570696173751e-05,876,0.00014713372191726558,0.00012345587175009213
1930,"Amylase, Pancreatic",6.166380385570415e-05,873,7.9225850263143e-05,0.0001238850346878097
593,Epstein Barr Viral Capsid Antibody IgM,6.138126638099303e-05,869,6.790787165412258e-05,0.00012345587175009213
2100,Hepatitis B DNA Quantitative Viral Load copies/mL,6.0039213376115156e-05,850,0.00040744722992473546,0.00011644621043403823
7159,"Nucleated Red Blood Cell Count, CSF Manual",5.982731027008181e-05,847,0.00019240563635334728,0.00011873507943519869
1517,Promyelocyte Percent,5.961540716404846e-05,844,0.00010186180748118387,0.00011945035099806133
1668,Hemoglobin F,5.954477279537068e-05,843,0.0003621753154886537,0.00011601704749632065
7872,Thyroglobulin Quantitative Serum or Plasma,5.9403504058015115e-05,841,4.5271914436081714e-05,0.00011973645962320639
2425,Chlamydia trachomatis rRNA Qualitative Unspecified Specimen Probe and Target Amplification,5.9403504058015115e-05,841,5.6589893045102146e-05,0.00011959340531063386
510,Target Cell Origin,5.897969784594842e-05,835,2.2635957218040857e-05,0.00011916424237291627
6577,"Cardiolipin Antibody IgM (Interpretation), Serum",5.8909063477270635e-05,834,9.054382887216343e-05,0.00011816286218490858
1614,Aspartate Aminotransferase,5.8767794739915074e-05,832,0.00020372361496236773,0.00011644621043403823
1117,Herpes simplex virus 2 DNA Presence Cerebral Spinal Fluid Probe and Target Amplification Method,5.8626526002559506e-05,830,0.00014713372191726558,0.00011687537337175582
1167,Methemoglobin by co-oximetry,5.8626526002559506e-05,830,0.0004187652085337559,0.00011344206987001513
751,Lyme disease (Borrelia burgdorferi) Antibody IgM,5.855589163388172e-05,829,7.9225850263143e-05,0.00011759064493461846
15457,Cocaine Qualitative Urine Screen Method,5.8485257265203945e-05,828,0.0013807933903004924,0.00010099634467620515
845,Bilirubin Neonatal,5.8485257265203945e-05,828,7.9225850263143e-05,0.00011744759062204593
2005,"Tobramycin, Serum",5.8132085421815026e-05,823,0.00010186180748118387,0.00011644621043403823
1165,"Metanephrines, Urine 24 hr ug/24 hr",5.7708279209748336e-05,817,0.00013581574330824515,0.00011515872162088547
2223,Factor VII Assay,5.763764484107055e-05,816,0.00012449776469922473,0.00011515872162088547
1112,"Herpes simplex 1 DNA, CSF",5.756701047239277e-05,815,0.00014713372191726558,0.00011472955868316789
14382,Mycobacterium tuberculosis Stimulated Gamma Interferon Qualitative Blood,5.7355107366359424e-05,812,0.00028294946522551073,0.00011258374399457996
15658,Glucose CSF/Glucose Plasma,5.728447299768164e-05,811,0.00010186180748118387,0.00011472955868316789
850,Bleeding Time,5.66487636795816e-05,802,9.054382887216343e-05,0.00011358512418258765
750,Lyme disease (Borrelia burgdorferi) Antibody IgG,5.66487636795816e-05,802,9.054382887216343e-05,0.00011358512418258765
272,Influenza A Virus Rapid Antigen Test Qualitative,5.643686057354825e-05,799,7.9225850263143e-05,0.0001132990155574426
2530,"Blood gas pH, Cord Blood Arterial",5.636622620487046e-05,798,0.0,0.00011415734143287778
445,HIV1 RNA (Log 10) Calc PCR (Ultrasensitive),5.5942419992803774e-05,792,0.00033953935827061286,0.00010900738618026674
6582,"Casts, Urine Sediment Microscopy LPF",5.5942419992803774e-05,792,2.2635957218040857e-05,0.00011301290693229754
804,"Alcohol Screen, Urine",5.558924814941486e-05,787,0.00037349329409767413,0.00010786295167968652
2179,Alpha-2 Macroglobulin,5.495353883131481e-05,778,0.00029426744383453116,0.00010757684305454146
1606,UA Waxy Casts,5.481227009395925e-05,776,0.00014713372191726558,0.00010915044049283928
2660,Lyme disease (Borrelia burgdorferi) 41kD Antibody IgG,5.474163572528147e-05,775,0.000158451700526286,0.00010886433186769422
6516,"Benzodiazepines Quantitative, Urine",5.4388463881892556e-05,770,0.0017542866843981665,8.797840223210505e-05
1180,"Mono Screen, Serum",5.403529203850364e-05,765,4.5271914436081714e-05,0.00010886433186769422
1282,PTT/APTT Lupus,5.3258313983048034e-05,754,0.00014713372191726558,0.00010600324561624365
7841,Smudge Cells Qualitative Blood Light Microscopy,5.304641087701469e-05,751,0.00013581574330824515,0.00010571713699109859
813,"Amphetamines and Methamphetamines, Urine",5.255197029627021e-05,744,0.00039612925131571504,0.00010142550761392274
6867,Hepatitis A Antibody IgM Quantitative Serum Immunoassay,5.1986895346847945e-05,736,0.00020372361496236773,0.0001027129964270755
1746,Coccidioides Antibody IgG,5.149245476610347e-05,729,0.00014713372191726558,0.00010242688780193043
16488,Oxygen Partial Pressure Adjusted to Patients Actual Temperature Mixed Venous Blood,5.142182039742569e-05,728,0.00011317978609020429,0.0001027129964270755
66,Streptococcus Screen,5.092737981668121e-05,721,1.1317978609020428e-05,0.00010299910505222055
1829,Varicella zoster Antibody,5.092737981668121e-05,721,2.2635957218040857e-05,0.00010285605073964802
16441,Blood Gas Oxygen Saturation Calculated from Oxygen Partial Pressure Venous Blood,5.092737981668121e-05,721,3.395393582706129e-05,0.0001027129964270755
1879,Hepatitis C Genotype,5.071547671064786e-05,718,0.0011770697753381246,8.783534791953253e-05
6861,Hemoglobin Qualitative CSF,4.923215496841443e-05,697,5.6589893045102146e-05,9.899358430018975e-05
2520,Mycobacterium tuberculosis gamma interferon,4.89496174937033e-05,693,0.00013581574330824515,9.741998686189194e-05
16155,Lactate Moles/volume Capillary Blood,4.8878983125025516e-05,692,0.0004300831871427763,9.355752042243366e-05
13948,Neutrophils Segmented/100 Leukocytes Bone marrow Manual Count,4.845517691295882e-05,686,3.395393582706129e-05,9.7706095487037e-05
8930,Hematocrit % of Capillary Blood,4.781946759485878e-05,677,0.0,9.684776961160181e-05
2435,Influenza A Identification,4.7748833226180995e-05,676,3.395393582706129e-05,9.62755523613117e-05
981,Drug Screen Urine Tricyclics or Antidepressants,4.7748833226180995e-05,676,0.00045271914436081716,9.098254279612814e-05
7187,"Pappenheimer Bodies, Blood Qualitative",4.739566138279208e-05,671,0.0002603135080074699,9.26991945469985e-05
6653,Cytomegalovirus Antibody IgG Quantitative Serum Immunoassay,4.69012208020476e-05,664,6.790787165412258e-05,9.412973767272377e-05
6575,"Cardiolipin Antibody IgG (Interpretation), Serum",4.6830586433369825e-05,663,7.9225850263143e-05,9.384362904757872e-05
1613,Alanine Aminotransferase,4.668931769601426e-05,661,0.00019240563635334728,9.212697729670838e-05
1115,Herpes simplex 1+2 Antibody IgG,4.6618683327336474e-05,660,7.9225850263143e-05,9.341446610986114e-05
7078,"Microalbumin/Creatinine Panel, Urine Random",4.619487711526978e-05,654,3.395393582706129e-05,9.312835748471607e-05
2006,"Tobramycin, Serum Peak",4.619487711526978e-05,654,0.00016976967913530643,9.141170573384573e-05
6953,"IgG Subclass 2, Serum Quantitative",4.6124242746592e-05,653,0.00019240563635334728,9.098254279612814e-05
2440,Influenza A Antibody IgG,4.6124242746592e-05,653,0.00010186180748118387,9.212697729670838e-05
6849,Hemoglobin F/Hemoglobin Total Blood,4.6053608377914216e-05,652,0.000158451700526286,9.12686514212732e-05
417,HIV 1 RNA Units/volume Viral Load Plasma Probe and Signal Amplification Method,4.591233964055865e-05,650,0.00013581574330824515,9.12686514212732e-05
2409,Streptococcus agalactiae PCR,4.577107090320309e-05,648,6.790787165412258e-05,9.184086867156333e-05
398,Differential Helmet Cells Red Blood Cell,4.548853342849195e-05,644,0.00021504159357138816,8.940894535783033e-05
741,Chlamydia pneumoniae Antibody IgG,4.478218974171413e-05,634,0.00014713372191726558,8.883672810754022e-05
2067,DHEAS (Dehydroepiandrosterone Sulfate) Quantitative Serum/Plasma,4.471155537303635e-05,633,3.395393582706129e-05,9.012421692069298e-05
1026,Glucose Gestational,4.400521168625852e-05,623,2.2635957218040857e-05,8.883672810754022e-05
7010,"Levetiracetam, Serum/Plasma Quantitative",4.393457731758074e-05,622,7.9225850263143e-05,8.797840223210505e-05
1893,Neisseria gonorrhoeae PCR,4.393457731758074e-05,622,5.6589893045102146e-05,8.82645108572501e-05
1342,"Urea Nitrogen, Urine 24 hr",4.393457731758074e-05,622,0.00010186180748118387,8.769229360695999e-05
1013,G6PD (Glucose-6-Phosphate Dehydrogenase) Blood,4.3652039842869606e-05,618,0.0002603135080074699,8.511731598065448e-05
6434,"Albumin Quantitative, Body Fluid",4.308696489344735e-05,610,2.2635957218040857e-05,8.697702204409735e-05
15613,Deoxyhemoglobin/Hemoglobin Total Venous Blood,4.266315868138065e-05,604,0.00024899552939844946,8.32576099172116e-05
6955,"IgG Subclass 4, Serum Quantitative",4.230998683799174e-05,599,0.000237677550789429,8.268539266692149e-05
6952,"IgG Subclass 1, Serum Quantitative",4.2098083731958395e-05,596,0.000158451700526286,8.32576099172116e-05
2400,T3 Reverse,4.202744936328061e-05,595,5.6589893045102146e-05,8.440204441779184e-05
881,Cell Count and Differential CSF,4.202744936328061e-05,595,0.0,8.511731598065448e-05
16501,pH Venous Blood Adjusted to Patients Actual Temperature,4.195681499460283e-05,594,0.00032822137966159243,8.082568660347862e-05
6752,Fat Qualitative Urine,4.195681499460283e-05,594,0.00020372361496236773,8.239928404177644e-05
6924,"HIV1 RNA Viral Load copies/mL Probe and Target Amplification, Serum/Plasma",4.1603643151213914e-05,589,0.00012449776469922473,8.268539266692149e-05
287,Neisseria gonorrhoeae DNA Amp,4.1462374413858353e-05,587,5.6589893045102146e-05,8.32576099172116e-05
6448,"Alpha 2 Globulin Quantitative, Serum Electrophoresis",4.1250471307825e-05,584,0.00012449776469922473,8.197012110405885e-05
6579,"Cardiolipin Antibody IgA Quantitative, Serum Immunoassay",4.1109202570469434e-05,582,6.790787165412258e-05,8.239928404177644e-05
1593,UA Red Blood Cell Casts,4.103856820179166e-05,581,3.395393582706129e-05,8.268539266692149e-05
1309,"Sodium, Urine 24 hr",4.0685396358402745e-05,576,9.054382887216343e-05,8.125484954119621e-05
1964,"Creatine Kinase, BB",4.054412762104718e-05,574,6.790787165412258e-05,8.125484954119621e-05
1011,Free T7,4.040285888369161e-05,572,6.790787165412258e-05,8.096874091605116e-05
6950,"IgE, Serum/Plasma Quantitative",4.033222451501383e-05,571,7.9225850263143e-05,8.06826322909061e-05
2367,Coccidioides Antibody IgM,3.9908418302947136e-05,565,0.00038481127270669456,7.596183997601265e-05
1349,"Uric Acid, Urine Random",3.9696515196913784e-05,562,1.1317978609020428e-05,8.025346935318851e-05
15295,Calcitriol Mass/volume Serum or Plasma,3.962588082823601e-05,561,4.5271914436081714e-05,7.96812521028984e-05
6880,Hepatitis B Surface Antigen Qualitative Serum/Plasma Immunoassay,3.948461209088044e-05,559,0.00019240563635334728,7.753543741431047e-05
6798,Globulin Quantitative Serum Calculation,3.920207461616931e-05,555,0.00019240563635334728,7.696322016402036e-05
2407,"Legionella pneumophila Antigen, Urine EIA Qualitative",3.906080587881374e-05,553,9.054382887216343e-05,7.796460035202805e-05
6724,Erythrocytes CSF,3.821319345468035e-05,541,7.9225850263143e-05,7.639100291373023e-05
1183,"Myelin Basic Protein, CSF",3.821319345468035e-05,541,0.00012449776469922473,7.581878566344012e-05
855,"Blood Urea Nitrogen, Serum Post Dialysis",3.793065597996922e-05,537,3.395393582706129e-05,7.639100291373023e-05
856,"Blood Urea Nitrogen, Serum Pre Dialysis",3.764811850525809e-05,533,1.1317978609020428e-05,7.610489428858518e-05
6566,"Cancer Antigen 19-9 Quantitative, Serum",3.757748413658031e-05,532,6.790787165412258e-05,7.524656841315001e-05
7058,"Mesothelial Cells, Body Fluid Manual",3.757748413658031e-05,532,0.0,7.610489428858518e-05
1280,PTT/APTT Heparin Post Neutralization,3.7506849767902525e-05,531,2.2635957218040857e-05,7.56757313508676e-05
2698,"Streptococcus pneumoniae Antigen, Urine",3.7365581030546964e-05,529,0.0003055854224435516,7.181326491140932e-05
2665,Lyme disease (Borrelia burgdorferi) 23kD Antibody IgM,3.701240918715805e-05,524,7.9225850263143e-05,7.395907959999725e-05
6868,Hepatitis A Antibody Qualitative Serum Immunoassay,3.694177481848027e-05,523,7.9225850263143e-05,7.381602528742473e-05
1965,"Creatine Kinase, MM",3.672987171244692e-05,520,6.790787165412258e-05,7.352991666227967e-05
307,Respiratory Syncytial Virus Antigen,3.623543113170244e-05,513,0.0003508573368796333,6.895217865995875e-05
1536,Respiratory Therapy Oximetry,3.6094162394346875e-05,511,0.0,7.310075372456208e-05
1100,Hemoglobin Plasma/Serum,3.60235280256691e-05,510,3.395393582706129e-05,7.252853647427197e-05
1292,"Red Blood Cell Count, Synovial",3.5952893656991314e-05,509,3.395393582706129e-05,7.238548216169943e-05
15610,Deoxyhemoglobin/Hemoglobin Total Capillary Blood,3.574099055095796e-05,506,0.00038481127270669456,6.752163553423347e-05
1628,"Blood Gas FIO2, Venous",3.55997218136024e-05,504,7.9225850263143e-05,7.109799334854669e-05
809,Alpha-1-Antitrypsin Phenotype,3.552908744492462e-05,503,0.00013581574330824515,7.023966747311151e-05
7823,Sex Hormone Binding Globulin Quantitative Serum or Plasma,3.5175915601535705e-05,498,1.1317978609020428e-05,7.109799334854669e-05
16731,Clostridium difficile Qualitative Stool,3.510528123285792e-05,497,0.00012449776469922473,6.952439591024887e-05
2219,Factor IX,3.503464686418014e-05,496,7.9225850263143e-05,6.995355884796645e-05
790,Epstein Barr Virus Panel,3.503464686418014e-05,496,0.00013581574330824515,6.923828728510382e-05
6484,"Antithrombin Actual/Normal, Platelet Poor Plasma Chromogenic Method",3.4893378126824576e-05,494,0.000158451700526286,6.866607003481369e-05
6747,Factor VIII Activity Actual/Normal Platelet Poor Plasma Coagulation Assay,3.4893378126824576e-05,494,1.1317978609020428e-05,7.052577609825656e-05
16485,Oxygen Partial Pressure Adjusted to Patients Actual Temperature Arterial Cord Blood,3.461084065211344e-05,490,2.2635957218040857e-05,6.981050453539393e-05
942,Cortisol Unknown specimen,3.461084065211344e-05,490,3.395393582706129e-05,6.96674502228214e-05
2086,Epstein Barr Virus (EBV) PCR,3.4540206283435664e-05,489,7.9225850263143e-05,6.895217865995875e-05
9712,Digoxin Quantitative Serum or Plasma,3.4045765702691184e-05,482,2.2635957218040857e-05,6.866607003481369e-05
711,Streptococcus A Test,3.3763228227980055e-05,478,3.395393582706129e-05,6.795079847195106e-05
6963,"Immunoglobulin Light Chains Kappa, Serum Quantitative",3.3480690753268926e-05,474,4.5271914436081714e-05,6.723552690908841e-05
6665,DNA double strand Antibody Quantitative Serum,3.341005638459114e-05,473,0.00012449776469922473,6.609109240850819e-05
2050,"Cortisol, Serum or Plasma Baseline",3.341005638459114e-05,473,6.790787165412258e-05,6.680636397137082e-05
6578,"Cardiolipin Antibody IgM Quantitative, Serum Immunoassay",3.305688454120223e-05,468,4.5271914436081714e-05,6.637720103365324e-05
6954,"IgG Subclass 3, Serum Quantitative",3.305688454120223e-05,468,0.00012449776469922473,6.537582084564554e-05
13391,CD3 Percent Cells Blood,3.291561580384666e-05,466,0.00014713372191726558,6.480360359535543e-05
2726,Hepatitis B Surface Antigen (HBSAG) Quantitative,3.27743470664911e-05,464,0.00010186180748118387,6.508971222050048e-05
2101,Hepatitis C RNA Qualitative,3.256244396045775e-05,461,0.0005658989304510215,5.879532246730923e-05
648,Lyme disease (Borrelia burgdorferi) Antibody Screen,3.2350540854424405e-05,458,2.2635957218040857e-05,6.5232766533073e-05
1648,Coxsackie Virus B4 Antibody,3.1856100273679925e-05,451,6.790787165412258e-05,6.36591690947752e-05
7220,"White Blood Cell Count, CSF Manual",3.178546590500214e-05,450,9.054382887216343e-05,6.323000615705761e-05
2094,Helicobacter pylori Antibody IgA,3.171483153632436e-05,449,6.790787165412258e-05,6.337306046963014e-05
1295,Red Blood Cell Manual Blood,3.164419716764658e-05,448,0.00011317978609020429,6.26577889067675e-05
1191,"Norepinephrine, Urine",3.1573562798968796e-05,447,5.6589893045102146e-05,6.323000615705761e-05
7090,"Morphine, Urine Confirmation",3.1361659692935444e-05,444,0.0007356686095863279,5.4217584464988315e-05
6876,Hepatitis B Surface Antibody Qualitative Serum Immunoassay,3.0937853480868755e-05,438,9.054382887216343e-05,6.151335440618726e-05
2218,F2 Gene Mutations Identifier Blood or Tissue Molecular Genetics Method Nominal,3.0937853480868755e-05,438,0.00010186180748118387,6.137030009361474e-05
340,Virus Culture Identified Unspecified Organism Specific,3.086721911219097e-05,437,4.5271914436081714e-05,6.194251734390486e-05
6576,"Cardiolipin Antibody IgG Quantitative, Serum Immunoassay",3.086721911219097e-05,437,1.1317978609020428e-05,6.237168028162245e-05
14087,CD3+CD8+CD57+Cells Percent Blood,3.086721911219097e-05,437,3.395393582706129e-05,6.208557165647739e-05
7002,"Lamotrigine, Serum/Plasma Quantitative",3.079658474351319e-05,436,0.00011317978609020429,6.094113715589716e-05
1197,Oligoclonal Banding CSF,3.07259503748354e-05,435,3.395393582706129e-05,6.179946303133233e-05
7727,Phencyclidine Qualitative Urine,3.058468163747984e-05,433,0.00022635957218040858,5.908143109245429e-05
1667,Hemoglobin C,3.0443412900124275e-05,431,0.00013581574330824515,5.9939756967889456e-05
6981,"Insulin-like Growth Factor-1, Serum/Plasma Quantitative",3.0443412900124275e-05,431,3.395393582706129e-05,6.122724578104221e-05
1584,UA Microscopic,3.037277853144649e-05,430,0.00011317978609020429,6.0082811280461984e-05
7893,Tricyclic Antidepressants Qualitative Urine Screen Method,3.0160875425413142e-05,427,0.00013581574330824515,5.9367539717599344e-05
636,Human Papilloma Virus,3.0019606688057578e-05,425,4.5271914436081714e-05,6.022586559303451e-05
1725,HIV1 RNA,2.980770358202423e-05,422,0.00012449776469922473,5.879532246730923e-05
6933,"Homocysteine, Serum/Plasma Quantitative (Moles)",2.9595800475990885e-05,419,9.054382887216343e-05,5.879532246730923e-05
591,Epstein Barr Antigen,2.9595800475990885e-05,419,4.5271914436081714e-05,5.9367539717599344e-05
635,Human Papilloma Virus DNA Probe,2.95251661073131e-05,418,7.9225850263143e-05,5.879532246730923e-05
1219,Platelet Count Manual,2.95251661073131e-05,418,6.790787165412258e-05,5.893837677988176e-05
1434,Differential Hypersegmented Polys,2.9454531738635317e-05,417,6.790787165412258e-05,5.879532246730923e-05
7383,Lyme disease (Borrelia burgdorferi) Antibody Qualitative Serum Immunofluorescence,2.9454531738635317e-05,417,0.00012449776469922473,5.8080050904446585e-05
1368,Yeast Urine Micro,2.9383897369957537e-05,416,5.6589893045102146e-05,5.879532246730923e-05
568,CSF VDRL,2.9313263001279753e-05,415,3.395393582706129e-05,5.893837677988176e-05
1748,"Glucose GTT, Serum .5 hr",2.9313263001279753e-05,415,2.2635957218040857e-05,5.908143109245429e-05
720,Syphilis (Treponema pallidum) FTA Antibody,2.9242628632601973e-05,414,0.00014713372191726558,5.7364779341583945e-05
6725,Erythrocytes CSF Manual Count,2.9101359895246405e-05,412,9.054382887216343e-05,5.779394227930153e-05
6584,"Chlamydia trachomatis DNA Qualitative, Unspecified Specimen PCR",2.8818822420535276e-05,408,0.00010186180748118387,5.707867071643889e-05
1348,"Uric Acid, Urine 24 hr",2.8818822420535276e-05,408,0.0,5.836615952959164e-05
7066,"Methadone, Urine Qualitative",2.8606919314501928e-05,405,0.0009733461603757569,4.56343257106366e-05
1393,Blood Gas Methemoglobin %,2.8536284945824144e-05,404,6.790787165412258e-05,5.693561640386636e-05
7869,Thyroglobulin Antibody Quantitative Serum or Plasma,2.8465650577146364e-05,403,3.395393582706129e-05,5.722172502901142e-05
1326,"Thyrotropin, Serum",2.839501620846858e-05,402,0.00011317978609020429,5.6077290528431186e-05
1833,Helicobacter pylori Antigen Qualitative Stool by Immunoassay,2.83243818397908e-05,401,6.790787165412258e-05,5.650645346614877e-05
2191,"Cocaine Metabolites, Serum",2.83243818397908e-05,401,0.0005998528662780827,4.978290077523993e-05
1320,Tegretol,2.811247873375745e-05,398,5.6589893045102146e-05,5.6220344841003714e-05
1050,"Glucose, Whole Blood dup",2.8041844365079667e-05,397,0.0,5.6792562091293826e-05
7525,Syphilis (Treponema pallidum) Antibody Qualitative Serum Agglutination,2.7971209996401887e-05,396,4.5271914436081714e-05,5.6077290528431186e-05
2271,Alpha Tocopherol Quantitative Serum or Plasma,2.7971209996401887e-05,396,6.790787165412258e-05,5.579118190328613e-05
6975,"Inhibin A, Serum Quantitative",2.7971209996401887e-05,396,1.1317978609020428e-05,5.650645346614877e-05
2185,Caffeine,2.7688672521690755e-05,392,0.000158451700526286,5.407453015241579e-05
2230,Glomerular Basement Membrane Antibody,2.7688672521690755e-05,392,0.00014713372191726558,5.4217584464988315e-05
6791,Gentamicin Quantitative Serum/Plasma,2.754740378433519e-05,390,0.00021504159357138816,5.3073149964408084e-05
2710,Hepatitis B Surface Antigen (HBSAG) Confirmation,2.7406135046979626e-05,388,0.00022635957218040858,5.26439870266905e-05
709,Streptococcus A Antigen,2.7194231940946278e-05,385,1.1317978609020428e-05,5.4932856027850955e-05
255,Streptococcus pyogenes (Group A) AG Rapid Screen,2.7194231940946278e-05,385,4.5271914436081714e-05,5.450369309013337e-05
15100,Mitogen stimulated gamma interferon Quantitative Corrected Background Blood,2.7123597572268494e-05,384,0.00010186180748118387,5.36453672146982e-05
264,Helicobacter pylori Antibody EIA,2.698232883491293e-05,382,2.2635957218040857e-05,5.436063877756084e-05
2662,Lyme disease (Borrelia burgdorferi) Antibody IgG 58kD,2.6841060097557365e-05,380,7.9225850263143e-05,5.335925858955315e-05
2622,Clostridium difficile DNA,2.66997913602018e-05,378,0.00012449776469922473,5.250093271411797e-05
5273,Peanut Antibody IgE (Arachis hypogaea),2.6629156991524017e-05,377,0.0,5.393147583984326e-05
194,Chlamydia trachomatis Probe,2.6558522622846233e-05,376,2.2635957218040857e-05,5.3502312902125675e-05
2404,Hemoglobin A1C (Glycosylated Hemoglobin) by Electrophoresis,2.641725388549067e-05,374,0.00010186180748118387,5.2214824088972916e-05
625,Herpes simplex Antibody IgM,2.641725388549067e-05,374,5.6589893045102146e-05,5.278704133926303e-05
13026,Calprotectin Stool Quantitative,2.6275985148135105e-05,372,0.000158451700526286,5.121344390096521e-05
7878,Thyroxine (T4) free Quantitative Serum or Plasma Dialysis,2.6275985148135105e-05,372,0.0,5.321620427698062e-05
2567,Dilute Russells Viper Venom Time (dRVVT) Mix,2.613471641077954e-05,370,4.5271914436081714e-05,5.2357878401545444e-05
2487,Gliadin Antibody,2.6064082042101757e-05,369,5.6589893045102146e-05,5.207176977640039e-05
7729,Phenobarbital Serum or Plasma Quantitative,2.5993447673423973e-05,368,0.00010186180748118387,5.135649821353775e-05
683,Rubella Serology,2.5993447673423973e-05,368,0.0,5.26439870266905e-05
1777,"Immunoelectrophoresis, Serum",2.5781544567390628e-05,365,3.395393582706129e-05,5.178566115125533e-05
6974,"Inhibin A Multiple of the Median, Serum",2.5499007092679496e-05,361,1.1317978609020428e-05,5.1499552526110276e-05
6896,Hepatitis C RNA Quantitative Viral load PCR Serum/Plasma,2.5428372724001715e-05,360,0.0008375304170675118,4.091353339574316e-05
2226,Factor X Assay,2.5216469617968367e-05,357,9.054382887216343e-05,4.992595508781246e-05
6971,Influenza B Antigen Qualitative Immunoassay Unspecified,2.5145835249290583e-05,356,0.0,5.092733527582016e-05
2444,Influenza A H3 RT-PCR,2.5075200880612803e-05,355,5.6589893045102146e-05,5.006900940038499e-05
16733,Clostridium difficile Qualitative Stool Agglutination,2.5075200880612803e-05,355,0.00012449776469922473,4.9210683524949814e-05
1074,HCG Unknown Specimen Qualitative,2.4863297774579455e-05,352,9.054382887216343e-05,4.9210683524949814e-05
2192,Complement Component 1Q,2.4863297774579455e-05,352,2.2635957218040857e-05,5.006900940038499e-05
732,Varicella zoster Antibody IgM,2.4722029037223887e-05,350,7.9225850263143e-05,4.9067629212377286e-05
1675,Lactic Acid CSF,2.4722029037223887e-05,350,7.9225850263143e-05,4.9067629212377286e-05
17184,Basophils Count/volume Blood Manual Count,2.4651394668546106e-05,349,9.054382887216343e-05,4.878152058723223e-05
969,DHEA (Dehydroepiandrosterone),2.4510125931190542e-05,347,4.5271914436081714e-05,4.9067629212377286e-05
345,Virus Culture Herpes Identified Unspecified Organism Specific,2.4510125931190542e-05,347,4.5271914436081714e-05,4.9067629212377286e-05
7824,Sirolimus Quantitative Blood,2.4439491562512758e-05,346,2.2635957218040857e-05,4.9210683524949814e-05
271,Influenza A Antigen EIA Qualitative,2.4298222825157194e-05,344,3.395393582706129e-05,4.878152058723223e-05
7034,Lymphocytes Variant Qualitative Blood Auto,2.415695408780163e-05,342,0.000158451700526286,4.692181452378936e-05
3493,Cat dander Antibody IgE,2.4015685350446062e-05,340,2.2635957218040857e-05,4.8352357649514646e-05
2096,Helicobacter pylori Tissue CLO-Test,2.394505098176828e-05,339,3.395393582706129e-05,4.806624902436959e-05
1927,"Amikacin Level, Trough",2.394505098176828e-05,339,9.054382887216343e-05,4.735097746150694e-05
16163,Lactate Moles/volume Venous Blood,2.394505098176828e-05,339,0.00016976967913530643,4.634959727349925e-05
1722,Helicobacter pylori Antibody IgM,2.3803782244412717e-05,337,3.395393582706129e-05,4.7780140399224534e-05
2251,Serotonin,2.3733147875734933e-05,336,3.395393582706129e-05,4.7637086086652006e-05
1882,Human Growth Hormone,2.3733147875734933e-05,336,6.790787165412258e-05,4.7207923148934415e-05
7145,"Nitrite, Urine Test Strip",2.366251350705715e-05,335,2.2635957218040857e-05,4.7637086086652006e-05
4023,Dog dander Antibody IgE,2.366251350705715e-05,335,3.395393582706129e-05,4.749403177407947e-05
1333,"Troponin I, Serum/Plasma Random",2.359187913837937e-05,334,2.2635957218040857e-05,4.749403177407947e-05
624,Herpes simplex Antibody IgG,2.359187913837937e-05,334,1.1317978609020428e-05,4.7637086086652006e-05
1075,HCG Unknown Specimen,2.359187913837937e-05,334,1.1317978609020428e-05,4.7637086086652006e-05
2663,Lyme disease (Borrelia burgdorferi) Antibody IgG 66kD,2.34506104010238e-05,332,4.5271914436081714e-05,4.692181452378936e-05
14086,CD3+CD8+CD57+Cells Count Blood,2.3309341663668237e-05,330,3.395393582706129e-05,4.677876021121683e-05
7018,"Lithium, Serum/Plasma Quantitative (Moles)",2.3309341663668237e-05,330,0.00021504159357138816,4.4489891210056376e-05
16522,RhinoVirus+EnteroVirus RNA Qualitative Unspecified Specimen Probe and Target Amplification Method,2.3238707294990456e-05,329,0.000158451700526286,4.506210846034649e-05
549,Bordetella pertussis Antibody IgG,2.2956169820279324e-05,325,3.395393582706129e-05,4.606348864835419e-05
7094,MTHFR Gene Mutations Identifier Blood or Tissue Molecular Genetics Method Nominal,2.2885535451601544e-05,324,4.5271914436081714e-05,4.5777380023209135e-05
1755,Rickettsia rickettsii Antibody IgG,2.281490108292376e-05,323,3.395393582706129e-05,4.5777380023209135e-05
15639,Epithelial Cells Renal Qualitative Urine Computer Assisted Method,2.281490108292376e-05,323,9.054382887216343e-05,4.506210846034649e-05
17540,INR Capillary Blood Coagulation Assay,2.2744266714245976e-05,322,6.790787165412258e-05,4.5205162772919016e-05
2249,"Selenium, Serum",2.2673632345568196e-05,321,4.5271914436081714e-05,4.5348217085491544e-05
2807,Influenza B Antibody IgG,2.2673632345568196e-05,321,7.9225850263143e-05,4.491905414777396e-05
1347,"Uric Acid, Body Fluid",2.2602997976890412e-05,320,2.2635957218040857e-05,4.549127139806407e-05
2659,Lyme disease (Borrelia burgdorferi) 39kD Antibody IgG,2.2602997976890412e-05,320,5.6589893045102146e-05,4.506210846034649e-05
2489,Lupus Anticoagulant,2.2391094870857064e-05,317,7.9225850263143e-05,4.434683689748385e-05
2462,Lyme disease (Borrelia burgdorferi) Western Blot IgM Qualitative Serum,2.2320460502179283e-05,316,4.5271914436081714e-05,4.4632945522628904e-05
2687,Chlamydia trachomatis Antibody IgG Titer,2.2320460502179283e-05,316,7.9225850263143e-05,4.420378258491132e-05
868,"Calcium/Ca, Urine",2.2320460502179283e-05,316,3.395393582706129e-05,4.477599983520143e-05
6957,"IgG, CSF Quantitative",2.22498261335015e-05,315,4.5271914436081714e-05,4.4489891210056376e-05
1808,Influenza A+B Antigen Qualitative,2.2108557396145935e-05,313,0.0,4.477599983520143e-05
1883,"Lactate Dehydrogenase (LDH), CSF",2.2108557396145935e-05,313,0.00010186180748118387,4.348851102204867e-05
2174,Acetylcholine Receptor Binding Antibody,2.203792302746815e-05,312,3.395393582706129e-05,4.420378258491132e-05
9826,Ethanol mmol/L Urine,2.203792302746815e-05,312,5.6589893045102146e-05,4.3917673959766264e-05
13392,CD3 Cells Count Blood,2.1896654290112587e-05,310,6.790787165412258e-05,4.348851102204867e-05
3824,Common Ragweed Antibody IgE (Ambrosia elatior),2.1896654290112587e-05,310,2.2635957218040857e-05,4.406072827233879e-05
2649,Lyme disease (Borrelia burgdorferi) 18kD Antibody IgG,2.1826019921434803e-05,309,5.6589893045102146e-05,4.348851102204867e-05
1647,Coxsackie Virus B3 Antibody,2.1755385552757022e-05,308,2.2635957218040857e-05,4.377461964719373e-05
1925,Amikacin Level,2.1755385552757022e-05,308,7.9225850263143e-05,4.305934808433109e-05
832,ASO Screen/Streptozyme Screen,2.1755385552757022e-05,308,0.00011317978609020429,4.2630185146613505e-05
2673,Lyme disease (Borrelia burgdorferi) 41kD Antibody IgM,2.1755385552757022e-05,308,5.6589893045102146e-05,4.3345456709476145e-05
7093,"MTHFR Gene c677c>T, Blood or Tissue Qualitative",2.1543482446723674e-05,305,1.1317978609020428e-05,4.348851102204867e-05
895,"Chloride, Body Fluid",2.147284807804589e-05,304,2.2635957218040857e-05,4.320240239690362e-05
7109,"Myeloperoxidase Antibody, Serum Quantitative",2.147284807804589e-05,304,3.395393582706129e-05,4.305934808433109e-05
6426,"Acetone Qualitative, Urine",2.140221370936811e-05,303,0.00019240563635334728,4.091353339574316e-05
6932,"Homocysteine, Serum/Plasma Quantitative",2.140221370936811e-05,303,1.1317978609020428e-05,4.320240239690362e-05
1728,"Oxalate, Urine 24 hr mg/24 hr",2.140221370936811e-05,303,0.0,4.3345456709476145e-05
1700,Mycoplasma pneumoniae Antibody,2.1331579340690326e-05,302,4.5271914436081714e-05,4.2630185146613505e-05
1087,Hematocrit Manual,2.1331579340690326e-05,302,4.5271914436081714e-05,4.2630185146613505e-05
1918,Alkaline Phosphatase Intestine,2.1331579340690326e-05,302,5.6589893045102146e-05,4.248713083404098e-05
835,"Beta-2-Microglobulin, Urine",2.1260944972012546e-05,301,0.0,4.305934808433109e-05
1215,"Phosphorus, Urine 24 hr",2.119031060333476e-05,300,2.2635957218040857e-05,4.2630185146613505e-05
630,HIV Antibody (AB) Western Blot,2.119031060333476e-05,300,0.000158451700526286,4.091353339574316e-05
1646,Coxsackie Virus B2 Antibody,2.1119676234656978e-05,299,2.2635957218040857e-05,4.248713083404098e-05
7129,"Neutrophils Band Form Percent, Body Fluid",2.0907773128623633e-05,296,5.6589893045102146e-05,4.16288049586058e-05
2584,Hepatitis C RNA log(10),2.083713875994585e-05,295,6.790787165412258e-05,4.1342696333460746e-05
2232,Heterophile Antibody,2.0766504391268065e-05,294,2.2635957218040857e-05,4.177185927117833e-05
2782,"Chlamydia trachomatis rRNA DNA Probe, Unspecified Specimen",2.0695870022590285e-05,293,2.2635957218040857e-05,4.16288049586058e-05
152,AFB Culture and Smear/Stain,2.06252356539125e-05,292,1.1317978609020428e-05,4.16288049586058e-05
6895,Hepatitis C RNA Log Viral Load PCR Serum/Plasma,2.06252356539125e-05,292,0.00021504159357138816,3.905382733230029e-05
1889,"Lead, Whole Blood",2.06252356539125e-05,292,4.5271914436081714e-05,4.119964202088822e-05
6882,Hepatitis Be Antibody Qualitative Serum Immunoassay,2.0554601285234717e-05,291,5.6589893045102146e-05,4.091353339574316e-05
251,Gardnerella DNA Probe,2.0483966916556937e-05,290,1.1317978609020428e-05,4.1342696333460746e-05
2461,Lyme disease (Borrelia burgdorferi) Western Blot IgG Qualitative Serum,2.0413332547879153e-05,289,5.6589893045102146e-05,4.0627424770598106e-05
1439,Differential Lymphocyte Variant,2.0342698179201372e-05,288,2.2635957218040857e-05,4.091353339574316e-05
6391,Alpha-1-Microglobulin.placental Vaginal Fluid (Amnisure ),2.027206381052359e-05,287,1.1317978609020428e-05,4.091353339574316e-05
1924,Aluminum,2.0201429441845805e-05,286,4.5271914436081714e-05,4.034131614545305e-05
6453,"Alpha-1-Fetoprotein (Multiple of the Median), Serum",2.0201429441845805e-05,286,1.1317978609020428e-05,4.0770479083170634e-05
190,Chlamydia DNA Probe,2.0130795073168024e-05,285,1.1317978609020428e-05,4.0627424770598106e-05
16738,Clostridium difficile Toxin A+B Units/volume Stool Immunoassay,1.998952633581246e-05,283,5.6589893045102146e-05,3.976909889516293e-05
2207,Cryoglobulin,1.9918891967134676e-05,282,0.000237677550789429,3.733717558142995e-05
18190,Clostridium difficile toxin B Presence Stool Probe and Target Amplification Method,1.9918891967134676e-05,282,0.00016976967913530643,3.8195501456865116e-05
2213,Epinephrine,1.9848257598456892e-05,281,2.2635957218040857e-05,3.991215320773546e-05
1654,"Glucose, Unknown Specimen 1 hr",1.977762322977911e-05,280,0.0,4.005520752030799e-05
2650,Lyme disease (Borrelia burgdorferi) 23kD Antibody IgG,1.977762322977911e-05,280,4.5271914436081714e-05,3.9482990270017875e-05
247,Enterovirus PCR,1.977762322977911e-05,280,2.2635957218040857e-05,3.976909889516293e-05
2476,Respiratory Syncytial Virus RNA PCR,1.9706988861101328e-05,279,2.2635957218040857e-05,3.96260445825904e-05
2342,"West Nile Virus Antibody IgG, Serum",1.9706988861101328e-05,279,1.1317978609020428e-05,3.976909889516293e-05
2265,"Vanillylmandelic Acid, Urine",1.9636354492423547e-05,278,2.2635957218040857e-05,3.9482990270017875e-05
6528,"BK Virus DNA Quantitative Viral Load, Serum PCR",1.9565720123745763e-05,277,0.0,3.96260445825904e-05
1096,Hemoglobin F (Fetal) Quantitative,1.9565720123745763e-05,277,0.00013581574330824515,3.790939283172006e-05
334,Trichomonas DNA Probe,1.949508575506798e-05,276,6.790787165412258e-05,3.862466439458271e-05
14215,Gamma Globulin/Protein Total Serum or Plasma Electrophoresis,1.949508575506798e-05,276,3.395393582706129e-05,3.905382733230029e-05
991,Epstein Barr Virus Antibody,1.949508575506798e-05,276,3.395393582706129e-05,3.905382733230029e-05
2715,Hepatitis A Antibody (Anti HAV) Qualitative,1.94244513863902e-05,275,0.00018108765774432685,3.705106695628489e-05
803,Albumin Index CSF,1.921254828035685e-05,272,5.6589893045102146e-05,3.8195501456865116e-05
7721,pH of Blood Adjusted to Patients Actual Temperature,1.9071279543001286e-05,270,2.2635957218040857e-05,3.833855576943765e-05
2454,Influenza A H1N1 (2009) RT-PCR,1.8788742068290154e-05,266,4.5271914436081714e-05,3.7480229894002476e-05
9014,Alpha hydroxyalprazolam Mass Concentrate Urine,1.8788742068290154e-05,266,0.0005772169090600418,3.075667720309363e-05
9027,Alprazolam Mass Concentrate Urine,1.864747333093459e-05,264,0.0005772169090600418,3.047056857794858e-05
9024,Alpha hydroxytriazolam ng/mL Urine,1.864747333093459e-05,264,0.0005772169090600418,3.047056857794858e-05
248,Fecal Fat Qualitative,1.8576838962256806e-05,263,0.00012449776469922473,3.604968676827719e-05
7789,Protein S Actual/Normal Platelet Poor Plasma Coagulation Assay,1.8435570224901242e-05,261,3.395393582706129e-05,3.6908012643712364e-05
1182,Mucin Clot Synovial,1.8435570224901242e-05,261,0.0,3.733717558142995e-05
6863,Hemoglobin Reticulocytes,1.836493585622346e-05,260,1.1317978609020428e-05,3.705106695628489e-05
1252,"Protein Total, Urine for ImmunoElectrophoresis",1.8294301487545678e-05,259,0.00011317978609020429,3.5620523830559605e-05
3119,Bakers yeast IgA Antibody (Saccharomyces cerevisiae),1.8294301487545678e-05,259,6.790787165412258e-05,3.619274108084972e-05
6034,Timothy Antibody IgE (Phleum pratense),1.8223667118867894e-05,258,1.1317978609020428e-05,3.6764958331139836e-05
1307,"Sodium, Body Fluid",1.8153032750190113e-05,257,1.1317978609020428e-05,3.662190401856731e-05
3198,Bermuda grass Antibody IgE (Cynodon dactylon),1.808239838151233e-05,256,1.1317978609020428e-05,3.647884970599478e-05
7865,Thiamine Quantitative Blood,1.808239838151233e-05,256,0.00021504159357138816,3.390387207968926e-05
6656,Cytomegalovirus Antibody IgM Quantitative Serum Immunoassay,1.808239838151233e-05,256,1.1317978609020428e-05,3.647884970599478e-05
7795,Proteinase 3 Antibody Serum Quantitative,1.801176401283455e-05,255,2.2635957218040857e-05,3.619274108084972e-05
746,Herpes simplex 1+2 Antibody,1.801176401283455e-05,255,4.5271914436081714e-05,3.590663245570466e-05
1350,"Uric Acid, Urine",1.801176401283455e-05,255,2.2635957218040857e-05,3.619274108084972e-05
4078,Egg white Antibody IgE,1.801176401283455e-05,255,0.0,3.647884970599478e-05
798,ACE (Angiotensin Converting Enzyme) CSF,1.7941129644156765e-05,254,1.1317978609020428e-05,3.619274108084972e-05
266,Herpes simplex PCR,1.787049527547898e-05,253,6.790787165412258e-05,3.533441520541455e-05
1926,"Amikacin Level, Peak",1.787049527547898e-05,253,6.790787165412258e-05,3.533441520541455e-05
6843,Hemoglobin A2/Hemoglobin Total Blood Electrophoresis,1.77998609068012e-05,252,6.790787165412258e-05,3.519136089284202e-05
6817,"Glucose, Serum/Plasma Fasting Quantitative",1.7729226538123417e-05,251,2.2635957218040857e-05,3.5620523830559605e-05
151,AFB Culture,1.7729226538123417e-05,251,1.1317978609020428e-05,3.576357814313213e-05
8341,Direct Antiglobulin Test Complement C3 Specific Reagent Red Blood Cells,1.7587957800767853e-05,249,0.00012449776469922473,3.404692639226179e-05
1804,Hepatitis C RIBA,1.7587957800767853e-05,249,0.00013581574330824515,3.390387207968926e-05
1038,"Glucose, Serum 2 hr pp",1.7376054694734504e-05,246,1.1317978609020428e-05,3.504830658026949e-05
6770,Fructosamine Serum/Plasma,1.7376054694734504e-05,246,4.5271914436081714e-05,3.461914364255191e-05
400,Hepatitis A Antibody (Anti HAV) IgG,1.7376054694734504e-05,246,0.00010186180748118387,3.390387207968926e-05
15678,Glucose Mass/volume Serum or Plasma 1 Hour Post Unspec Challenge,1.723478595737894e-05,244,6.790787165412258e-05,3.404692639226179e-05
6762,Fibronectin Fetal Qualitative Unspecified specimen,1.723478595737894e-05,244,2.2635957218040857e-05,3.461914364255191e-05
1173,Miscellaneous Note,1.723478595737894e-05,244,5.6589893045102146e-05,3.418998070483432e-05
1649,Coxsackie Virus B5 Antibody,1.6952248482667808e-05,240,0.0,3.4333035017406846e-05
1361,Viscosity Synovial,1.6952248482667808e-05,240,0.0,3.4333035017406846e-05
860,"Lyme disease (Borrelia burgdorferi) Antibody, CSF",1.6881614113990027e-05,239,3.395393582706129e-05,3.3760817767116734e-05
437,HIV1 P24 Antigen,1.6881614113990027e-05,239,5.6589893045102146e-05,3.347470914197168e-05
767,Chlamydia pneumoniae Antibody IgA,1.6740345376634463e-05,237,1.1317978609020428e-05,3.3760817767116734e-05
2661,Lyme disease (Borrelia burgdorferi) Antibody IgG 45kD,1.666971100795668e-05,236,3.395393582706129e-05,3.333165482939915e-05
1951,"Calcitonin, Serum",1.6599076639278895e-05,235,1.1317978609020428e-05,3.347470914197168e-05
6991,"Jo-1 Antibody, Serum Quantitative",1.6599076639278895e-05,235,0.0,3.3617763454544206e-05
1227,"Potassium, Urine 24 hr",1.6528442270601115e-05,234,2.2635957218040857e-05,3.318860051682662e-05
8374,Monocytes+Macrophages Percent Bone Marrow,1.6528442270601115e-05,234,0.0,3.347470914197168e-05
6501,"Barbiturates Qualitative, Urine",1.6175270427212202e-05,229,0.0003508573368796333,2.832475388936065e-05
4960,Milk Antibody IgE,1.6175270427212202e-05,229,0.0,3.275943757910904e-05
897,"Chloride, Urine 24 hr",1.610463605853442e-05,228,9.054382887216343e-05,3.147194876595628e-05
6919,"HIV 1+2 Antibodies, Serum Quantitative",1.589273295250107e-05,225,4.5271914436081714e-05,3.161500307852881e-05
2227,Factor XI Assay,1.589273295250107e-05,225,2.2635957218040857e-05,3.190111170367386e-05
11308,Tobramycin mg/L Serum or Plasma Random Post Extended Interval Dosing,1.589273295250107e-05,225,9.054382887216343e-05,3.1042785828238695e-05
1203,"Osmolality, Urine Random",1.582209858382329e-05,224,2.2635957218040857e-05,3.1758057391101335e-05
3113,Bakers yeast Antibody IgG (Saccharomyces cerevisiae),1.5751464215145506e-05,223,5.6589893045102146e-05,3.118584014081122e-05
1466,Differential Toxic Vacuoles,1.5680829846467722e-05,222,1.1317978609020428e-05,3.161500307852881e-05
4164,European house dust mite Antibody IgE (Dermatophagoides pteronyssinus),1.5680829846467722e-05,222,3.395393582706129e-05,3.132889445338375e-05
12239,HIV 1+2 Antibody and HIV1 p24 Antigen Serum Immunoassay Quantitative,1.5680829846467722e-05,222,3.395393582706129e-05,3.132889445338375e-05
1080,"HCG, Urine",1.5610195477789942e-05,221,2.2635957218040857e-05,3.132889445338375e-05
883,Cell Count Synovial,1.5539561109112158e-05,220,0.0,3.147194876595628e-05
745,Herpes simplex 1 Antibody,1.532765800307881e-05,217,3.395393582706129e-05,3.0613622890521104e-05
6431,"Actin Antibody IgG Quantitative, Serum",1.5257023634401028e-05,216,1.1317978609020428e-05,3.075667720309363e-05
542,Aspergillus Antibody,1.5257023634401028e-05,216,7.9225850263143e-05,2.9898351327658464e-05
15265,Beta Globulin Mass/volume Serum or Plasma Electrophoresis,1.5186389265723245e-05,215,2.2635957218040857e-05,3.047056857794858e-05
2058,"Creatinine Clearance, Urine 24 hr",1.5115754897045463e-05,214,5.6589893045102146e-05,2.9898351327658464e-05
2559,Clostridium difficile Toxin A and B Immunoassay,1.5115754897045463e-05,214,2.2635957218040857e-05,3.032751426537605e-05
267,HIV1 Antibody,1.5115754897045463e-05,214,5.6589893045102146e-05,2.9898351327658464e-05
12,"Creatinine, Urine-Timed",1.5115754897045463e-05,214,1.1317978609020428e-05,3.047056857794858e-05
2203,"Cortisol, Free",1.5045120528367681e-05,213,0.0,3.047056857794858e-05
1214,"Phosphorus, Body Fluid",1.4974486159689899e-05,212,2.2635957218040857e-05,3.0041405640230992e-05
2600,Prostate Specific Antigen (PSA) Free Percent,1.4903851791012115e-05,211,2.2635957218040857e-05,2.9898351327658464e-05
2238,"Lead, Venous",1.4833217422334333e-05,210,0.0,3.0041405640230992e-05
6608,"Cortisol Quantitative Serum/Plasma, 1 hr post dose corticotropin",1.4833217422334333e-05,210,2.2635957218040857e-05,2.9755297015085936e-05
2154,Streptococcus pneumoniae Antibody Type 14,1.476258305365655e-05,209,4.5271914436081714e-05,2.932613407736835e-05
638,Influenza A Antibody IgM,1.476258305365655e-05,209,4.5271914436081714e-05,2.932613407736835e-05
1216,"Phosphorus, Urine Random",1.476258305365655e-05,209,1.1317978609020428e-05,2.9755297015085936e-05
6638,Crystals Type Body Fluid Light Microscopy,1.4691948684978768e-05,208,2.2635957218040857e-05,2.946918838994088e-05
14076,CD3 CD16+CD56+Natural Killer Cells Count Blood,1.4621314316300986e-05,207,3.395393582706129e-05,2.918307976479582e-05
37,"Synovial Fluid, (Indicative Infection)",1.4550679947623202e-05,206,1.1317978609020428e-05,2.932613407736835e-05
331,TB Skin Test,1.4550679947623202e-05,206,0.00010186180748118387,2.818169957678812e-05
6523,"Bilirubin Total Quantitative, Body Fluid",1.448004557894542e-05,205,1.1317978609020428e-05,2.918307976479582e-05
8368,Methicillin Resistant Staphylococcus aureus (MRSA) Nose Organism Specific Culture,1.448004557894542e-05,205,0.000158451700526286,2.732337370135295e-05
14407,Cystatin C Quantitative Serum or Plasma,1.4409411210267638e-05,204,4.5271914436081714e-05,2.861086251450571e-05
1767,"Glucose, Urine 2 hr",1.4409411210267638e-05,204,0.0,2.918307976479582e-05
1217,PKU (Phenylketonuria) Newborn Screen Interpretation,1.4409411210267638e-05,204,0.0,2.918307976479582e-05
2255,Streptococcus pneumoniae Antibody Type 19F,1.4409411210267638e-05,204,4.5271914436081714e-05,2.861086251450571e-05
7043,"Lymphocytes, CSF Manual",1.4409411210267638e-05,204,3.395393582706129e-05,2.8753916827078236e-05
6870,Hepatitis B Core Antibody IgM Qualitative Serum/Plasma Immunoassay,1.4338776841589856e-05,203,0.00011317978609020429,2.760948232649801e-05
7130,"Neutrophils Band Form Percent, CSF",1.4338776841589856e-05,203,3.395393582706129e-05,2.861086251450571e-05
1138,Lead Level,1.4268142472912072e-05,202,3.395393582706129e-05,2.846780820193318e-05
2730,Hepatitis C Antibody IgG Qualitative,1.4268142472912072e-05,202,0.0005885348876690623,2.145814688587928e-05
391,"CD8 Count Suppressor T Cell (Count, %, or Absolute?)",1.4268142472912072e-05,202,0.00022635957218040858,2.6035884888200194e-05
1426,Differential Dacryocytes,1.419750810423429e-05,201,0.0,2.8753916827078236e-05
2430,Herpes simplex PCR Type 2,1.419750810423429e-05,201,3.395393582706129e-05,2.832475388936065e-05
879,"Catecholamines Total, Urine",1.419750810423429e-05,201,4.5271914436081714e-05,2.818169957678812e-05
2172,"5-HIAA, Urine",1.419750810423429e-05,201,1.1317978609020428e-05,2.861086251450571e-05
7927,von Willebrand Factor (vWf) Antigen Actual/Normal Platelet Poor Plasma Immunologic Method,1.4056239366878726e-05,199,0.0,2.846780820193318e-05
2259,Streptococcus pneumoniae Antibody Type 6B,1.3985604998200943e-05,198,4.5271914436081714e-05,2.7752536639070537e-05
3756,Cockroach Antibody IgE (Blatella germanica),1.3844336260845377e-05,196,3.395393582706129e-05,2.760948232649801e-05
684,Rubella Titer,1.3844336260845377e-05,196,1.1317978609020428e-05,2.7895590951643065e-05
2256,Streptococcus pneumoniae Antibody Type 23F,1.3773701892167595e-05,195,4.5271914436081714e-05,2.732337370135295e-05
7011,"Lidocaine, Serum/Plasma Quantitative",1.3773701892167595e-05,195,6.790787165412258e-05,2.7037265076207893e-05
2156,Streptococcus pneumoniae Antibody Type 7F,1.3703067523489813e-05,194,4.5271914436081714e-05,2.718031938878042e-05
7046,"Macrophages, Body Fluid",1.363243315481203e-05,193,1.1317978609020428e-05,2.7466428013925478e-05
2261,Streptococcus pneumoniae Antibody Type 9V,1.363243315481203e-05,193,4.5271914436081714e-05,2.7037265076207893e-05
301,Pneumocystis carinii DFA,1.3491164417456465e-05,191,1.1317978609020428e-05,2.718031938878042e-05
2254,Streptococcus pneumoniae Antibody Type 18C,1.3491164417456465e-05,191,4.5271914436081714e-05,2.6751156451062837e-05
979,Dopamine Level,1.3491164417456465e-05,191,2.2635957218040857e-05,2.7037265076207893e-05
1766,"Glucose, Urine 1 hr",1.3491164417456465e-05,191,0.0,2.732337370135295e-05
1483,"Lipase, Body Fluid",1.3491164417456465e-05,191,4.5271914436081714e-05,2.6751156451062837e-05
435,HIV1 Genotype,1.3420530048778683e-05,190,0.000158451700526286,2.5177559012765022e-05
5847,Soybean Antibody IgE (Glycine max),1.33498956801009e-05,189,0.0,2.7037265076207893e-05
6457,"Alpha-1-Fetoprotein Tumor Marker Quantitative, Serum",1.3208626942745335e-05,187,5.6589893045102146e-05,2.6035884888200194e-05
7116,"Neisseria gonorrhoeae rRNA Probe and Target Amplification, Unspecified Specimen",1.3137992574067552e-05,186,0.0,2.660810213849031e-05
2257,Streptococcus pneumoniae Antibody Type 4,1.306735820538977e-05,185,4.5271914436081714e-05,2.5892830575627666e-05
7041,"Lymphocytes, Body Fluid Manual",1.306735820538977e-05,185,1.1317978609020428e-05,2.632199351334525e-05
1225,"Potassium, Body Fluid",1.2926089468034204e-05,183,2.2635957218040857e-05,2.5892830575627666e-05
7183,"Oxycodone Confirmation, Urine Quantitative",1.2926089468034204e-05,183,0.00019240563635334728,2.3747015887039736e-05
1546,Respiratory Therapy Tidal Volume,1.2926089468034204e-05,183,2.2635957218040857e-05,2.5892830575627666e-05
773,Herpes simplex 1 Antibody IgM,1.2855455099356422e-05,182,0.00011317978609020429,2.4605341762474907e-05
6816,Glucose Quantitative Urine,1.2855455099356422e-05,182,2.2635957218040857e-05,2.5749776263055138e-05
8392,Monocytes+Macrophages Quantitative Body Fluid,1.2855455099356422e-05,182,1.1317978609020428e-05,2.5892830575627666e-05
6884,Hepatitis Be Antigen Qualitative Serum Immunoassay,1.2855455099356422e-05,182,4.5271914436081714e-05,2.546366763791008e-05
4653,Johnson grass Antibody IgE (Sorghum halepense),1.2855455099356422e-05,182,1.1317978609020428e-05,2.5892830575627666e-05
2157,Streptococcus pneumoniae Antibody Type 9N,1.278482073067864e-05,181,4.5271914436081714e-05,2.532061332533755e-05
2576,Factor V Leiden Mutation,1.278482073067864e-05,181,0.0,2.5892830575627666e-05
1205,"Oxalate, Urine Quantitative",1.2714186362000858e-05,180,0.0,2.5749776263055138e-05
640,Influenza B Antibody IgM,1.2714186362000858e-05,180,3.395393582706129e-05,2.532061332533755e-05
20768,Clostridium difficile toxin A+B (tcdA+tcdB) Genes Presence Stool Target Amp with Non-Probe Detection,1.2714186362000858e-05,180,5.6589893045102146e-05,2.5034504700192494e-05
1154,"Magnesium, Urine 24 hr",1.2643551993323074e-05,179,6.790787165412258e-05,2.474839607504744e-05
494,Parainfluenza Type3,1.2643551993323074e-05,179,0.0,2.5606721950482607e-05
2377,Metapneumo Virus PCR,1.2643551993323074e-05,179,2.2635957218040857e-05,2.532061332533755e-05
2252,Streptococcus pneumoniae Antibody Type 1,1.2643551993323074e-05,179,3.395393582706129e-05,2.5177559012765022e-05
6917,"Histoplasma capsulatum Yeast Phase Antibody Titer Complement Fixation, Serum",1.2643551993323074e-05,179,1.1317978609020428e-05,2.546366763791008e-05
1650,Coxsackie Virus B6 Antibody,1.2572917624645292e-05,178,1.1317978609020428e-05,2.532061332533755e-05
2258,Streptococcus pneumoniae Antibody Type 5,1.2572917624645292e-05,178,4.5271914436081714e-05,2.4891450387619966e-05
2155,Streptococcus pneumoniae Antibody Type 3,1.2572917624645292e-05,178,4.5271914436081714e-05,2.4891450387619966e-05
2099,Hepatitis B DNA Qualitative,1.2572917624645292e-05,178,4.5271914436081714e-05,2.4891450387619966e-05
1422,Differential Blast Percent,1.2572917624645292e-05,178,1.1317978609020428e-05,2.532061332533755e-05
6609,"Cortisol Quantitative Serum/Plasma, 30 minutes post dose corticotropin",1.2572917624645292e-05,178,5.6589893045102146e-05,2.474839607504744e-05
9596,Cyclosporine ug/L Blood Immunoassay,1.250228325596751e-05,177,1.1317978609020428e-05,2.5177559012765022e-05
309,Respiratory Syncytial Virus,1.250228325596751e-05,177,0.0,2.532061332533755e-05
8131,Syphilis (Treponema pallidum) RPR Quantitative Serum,1.2431648887289727e-05,176,0.00010186180748118387,2.3890070199612267e-05
6694,Epithelial Cell Renal Qualitative Urine Sediment Light Microscopy,1.2290380149934161e-05,174,3.395393582706129e-05,2.446228744990238e-05
627,Histoplasma Antigen,1.2219745781256379e-05,173,0.0,2.474839607504744e-05
262,Helicobacter pylori Test,1.2219745781256379e-05,173,3.395393582706129e-05,2.431923313732985e-05
7719,pH of Arterial cord Blood,1.2149111412578597e-05,172,0.0,2.4605341762474907e-05
6425,"Acetone Qualitative, Serum Screen",1.2149111412578597e-05,172,1.1317978609020428e-05,2.446228744990238e-05
6769,Free Hemoglobin Quantitative Plasma,1.2007842675223031e-05,170,0.0,2.431923313732985e-05
1712,Aspergillus fumigatus,1.2007842675223031e-05,170,6.790787165412258e-05,2.346090726189468e-05
7857,Testosterone bioavailable/Testosterone Total Serum or Plasma,1.2007842675223031e-05,170,7.9225850263143e-05,2.331785294932215e-05
2586,Hepatitis C RNA Quantitative Viral Load copies/mL,1.1937208306545249e-05,169,0.00033953935827061286,1.9884549447581466e-05
2429,Herpes simplex PCR Type 1,1.1937208306545249e-05,169,3.395393582706129e-05,2.3747015887039736e-05
2285,"Chlamydia trachomatis DNA, Urine",1.1866573937867467e-05,168,2.2635957218040857e-05,2.3747015887039736e-05
21195,Hemoglobin A/Hemoglobin Total Blood Electrophoresis,1.1866573937867467e-05,168,1.1317978609020428e-05,2.3890070199612267e-05
6899,Herpes simplex 1 Antibody IgG Quantitative Serum Immunoassay,1.1866573937867467e-05,168,0.0,2.4033124512184795e-05
1805,Herpes simplex 1+2 Stain,1.1795939569189684e-05,167,2.2635957218040857e-05,2.3603961574467208e-05
2228,Factor XII Assay,1.17253052005119e-05,166,3.395393582706129e-05,2.331785294932215e-05
6610,"Cortisol Quantitative Serum/Plasma, AM peak",1.1654670831834118e-05,165,2.2635957218040857e-05,2.331785294932215e-05
14069,CD19 Percent Blood,1.1654670831834118e-05,165,3.395393582706129e-05,2.3174798636749623e-05
2936,American house dust mite Antibody IgE (Dermatophagoides farinae),1.1584036463156336e-05,164,2.2635957218040857e-05,2.3174798636749623e-05
2499,Platelet function collagen and Epinephrine induced,1.1513402094478554e-05,163,0.0,2.331785294932215e-05
6604,Corticotropin Quantitative Plasma,1.1513402094478554e-05,163,0.0,2.331785294932215e-05
6925,"HIV1 RNA, Serum Interpretation",1.1442767725800772e-05,162,5.6589893045102146e-05,2.245952707388698e-05
929,Cold Agglutinin,1.1442767725800772e-05,162,2.2635957218040857e-05,2.2888690011604567e-05
6756,Fetal lung maturity Interpretation Amniotic Fluid,1.1442767725800772e-05,162,1.1317978609020428e-05,2.3031744324177095e-05
725,Toxoplasma Antibody IgM,1.1442767725800772e-05,162,3.395393582706129e-05,2.2745635699032036e-05
16440,Blood Gas Oxygen Saturation Calculated from Oxygen Partial Pressure Capillary Blood,1.1372133357122988e-05,161,7.9225850263143e-05,2.2030364136169396e-05
1645,Coxsackie Virus B1 Antibody,1.1230864619767424e-05,159,2.2635957218040857e-05,2.245952707388698e-05
12798,Respiratory Syncytial Virus B RNA Unspecified Specimen Probe and Target Amplification Method,1.1230864619767424e-05,159,1.1317978609020428e-05,2.2602581386459508e-05
2182,"BK Virus, Blood PCR",1.1230864619767424e-05,159,3.395393582706129e-05,2.2316472761314452e-05
2708,Hepatitis B DNA Quantitative Viral Load log 10 IU/mL,1.1230864619767424e-05,159,0.00016976967913530643,2.059982101044411e-05
13650,Reagin Antibody Qualitative Serum VDRL,1.1160230251089642e-05,158,1.1317978609020428e-05,2.245952707388698e-05
509,T Cells Mature CD3(LEU4/T3) Pan-T Cells,1.1160230251089642e-05,158,6.790787165412258e-05,2.1744255511024337e-05
81,Candida DNA Probe,1.108959588241186e-05,157,1.1317978609020428e-05,2.2316472761314452e-05
313,Rotavirus Antigen EIA,1.108959588241186e-05,157,3.395393582706129e-05,2.2030364136169396e-05
6733,Erythropoietin Quantitative Serum/Plasma,1.1018961513734076e-05,156,3.395393582706129e-05,2.1887309823596865e-05
3309,Boxelder Antibody IgE (Acer negundo),1.1018961513734076e-05,156,2.2635957218040857e-05,2.2030364136169396e-05
1124,"IgD (Immunoglobulin D), Serum Quantitative",1.0948327145056293e-05,155,1.1317978609020428e-05,2.2030364136169396e-05
1655,"Glucose, Unknown Specimen 2 hr",1.0948327145056293e-05,155,0.0,2.2173418448741924e-05
15439,Clotting Time Blood Thromboelastography,1.0877692776378511e-05,154,0.00011317978609020429,2.059982101044411e-05
2492,Aspergillus Antigen (Galactomannan),1.0807058407700729e-05,153,1.1317978609020428e-05,2.1744255511024337e-05
672,Parvovirus B19 Antibody,1.0736424039022945e-05,152,0.0,2.1744255511024337e-05
1424,Differential Codocytes,1.0665789670345163e-05,151,2.2635957218040857e-05,2.1315092573306752e-05
6220,Wheat Antibody IgE (Triticum aestivum),1.0665789670345163e-05,151,0.0,2.160120119845181e-05
2534,"Blood Gas PO2, Cord Blood Venous",1.059515530166738e-05,150,0.0,2.145814688587928e-05
2167,"17-Hydroxypregnenolone, Serum",1.059515530166738e-05,150,1.1317978609020428e-05,2.1315092573306752e-05
775,Herpes simplex 2 Antibody IgM,1.059515530166738e-05,150,0.00011317978609020429,2.0027603760153994e-05
1611,Vitamin K,1.0524520932989599e-05,149,3.395393582706129e-05,2.0885929635589165e-05
14387,Varicella zoster Antibody IgG Qualitative Serum,1.0524520932989599e-05,149,1.1317978609020428e-05,2.1172038260734224e-05
2890,Almond Antibody IgE (Prunus dulcis),1.0524520932989599e-05,149,0.0,2.1315092573306752e-05
3036,Aspergillus fumigatus Antibody IgE,1.0453886564311816e-05,148,4.5271914436081714e-05,2.059982101044411e-05
2246,Pyruvic Acid,1.0383252195634033e-05,147,2.2635957218040857e-05,2.0742875323016637e-05
2918,Alternaria sp. Antibody IgE,1.031261782695625e-05,146,0.0,2.0885929635589165e-05
747,Herpes simplex 2 Antibody,1.0241983458278468e-05,145,2.2635957218040857e-05,2.045676669787158e-05
2664,Lyme disease (Borrelia burgdorferi) 93kD Antibody IgG,1.0241983458278468e-05,145,3.395393582706129e-05,2.0313712385299053e-05
2721,"Hepatitis B DNA Quantitative Viral Load log 10 IU/mL, Unspecified Specimen",1.0171349089600686e-05,144,0.00011317978609020429,1.9169277884718825e-05
1578,UA Glitter Cells,1.0171349089600686e-05,144,2.2635957218040857e-05,2.0313712385299053e-05
1793,Cryptosporidium Antigen,1.0100714720922902e-05,143,0.0,2.045676669787158e-05
6688,Eosinophils Qualitative Urine Sediment Light Microscopy,1.0100714720922902e-05,143,2.2635957218040857e-05,2.0170658072726525e-05
948,"Creatine, Urine 24 hr",1.003008035224512e-05,142,0.00010186180748118387,1.9026223572146294e-05
6684,Eosinophils Body Fluid Manual Count,1.003008035224512e-05,142,3.395393582706129e-05,1.9884549447581466e-05
1987,Herpes Virus 6 Antibody IgG,9.959445983567338e-06,141,2.2635957218040857e-05,1.9884549447581466e-05
1803,Hepatitis B Test,9.959445983567338e-06,141,7.9225850263143e-05,1.9169277884718825e-05
5780,Shrimp Antibody IgE (Pandalus borealis),9.959445983567338e-06,141,0.0,2.0170658072726525e-05
16176,Maximum Clot Firmness Length Blood Thromboelastography,9.959445983567338e-06,141,0.00012449776469922473,1.859706063442871e-05
7363,Lyme disease (Borrelia burgdorferi) Antibody IgM Qualitative Serum Immunofluorescence,9.818177246211774e-06,139,0.0,1.9884549447581466e-05
424,HIV1 Antibody Western Blot,9.818177246211774e-06,139,0.00012449776469922473,1.8310952009283654e-05
419,HIV1 Antibody EIA,9.818177246211774e-06,139,6.790787165412258e-05,1.9026223572146294e-05
1706,Trichomonas vaginalis,9.74754287753399e-06,138,0.0,1.9741495135008938e-05
2175,Acetylcholine Receptor Blocking Antibody,9.74754287753399e-06,138,2.2635957218040857e-05,1.945538650986388e-05
2310,"Adenovirus Antibody IgG, Serum",9.74754287753399e-06,138,7.9225850263143e-05,1.8740114947001238e-05
7072,"Methotrexate, Serum/Plasma",9.676908508856208e-06,137,1.1317978609020428e-05,1.945538650986388e-05
6287,White Oak Antibody IgE (Quercus alba),9.676908508856208e-06,137,1.1317978609020428e-05,1.945538650986388e-05
770,Chlamydia trachomatis Antibody IgG,9.535639771500643e-06,135,2.2635957218040857e-05,1.9026223572146294e-05
7728,Phencyclidine Qualitative Urine Screen Method,9.535639771500643e-06,135,0.00014713372191726558,1.7452626133848482e-05
2573,Epstein Barr Virus early Antibody IgG,9.535639771500643e-06,135,2.2635957218040857e-05,1.9026223572146294e-05
457,HTLV I/II Antibody EIA,9.46500540282286e-06,134,2.2635957218040857e-05,1.8883169259573766e-05
252,Giardia lamblia Antigen,9.46500540282286e-06,134,1.1317978609020428e-05,1.9026223572146294e-05
1697,Influenza A Antibody,9.46500540282286e-06,134,0.0,1.9169277884718825e-05
1691,Epstein Barr Antibody DNA PCR,9.394371034145077e-06,133,3.395393582706129e-05,1.859706063442871e-05
7838,Smooth muscle Antibody Titer Serum,9.394371034145077e-06,133,3.395393582706129e-05,1.859706063442871e-05
2376,Measles (Rubeola) Antigen,9.394371034145077e-06,133,0.0,1.9026223572146294e-05
1743,Aspergillus flavus (ID),9.323736665467295e-06,132,6.790787165412258e-05,1.8024843384138595e-05
2344,"West Nile Virus Antibody IgM, Serum",9.323736665467295e-06,132,1.1317978609020428e-05,1.8740114947001238e-05
8708,Chlamydia trachomatis DNA Quantitative Unspecified Specimen PCR,9.253102296789513e-06,131,1.1317978609020428e-05,1.859706063442871e-05
2904,Alternaria alternata Antibody IgE,9.253102296789513e-06,131,2.2635957218040857e-05,1.8454006321856182e-05
6794,Gliadin Antibody IgA Quantitative Serum,9.253102296789513e-06,131,1.1317978609020428e-05,1.859706063442871e-05
1322,"Tetanus Immune Status, Serum",9.18246792811173e-06,130,3.395393582706129e-05,1.8167897696711123e-05
728,Tuberculosis (Mycobacterium tuberculosis) PCR,9.18246792811173e-06,130,4.5271914436081714e-05,1.8024843384138595e-05
7127,"Neutrophils Band Form Count, Blood",9.18246792811173e-06,130,0.000158451700526286,1.659430025841331e-05
2049,"Copper, Urine 24 Hr",9.18246792811173e-06,130,1.1317978609020428e-05,1.8454006321856182e-05
6894,Hepatitis C RNA Log Units/Volume Viral Load PCR Serum/Plasma,9.111833559433947e-06,129,0.00028294946522551073,1.4877648507542968e-05
12246,HIV 1+2 Antibody IgG Serum Qualitative,9.111833559433947e-06,129,2.2635957218040857e-05,1.8167897696711123e-05
1155,"Magnesium, Urine Random",9.111833559433947e-06,129,3.395393582706129e-05,1.8024843384138595e-05
463,Influenza A UKN Test,9.111833559433947e-06,129,1.1317978609020428e-05,1.8310952009283654e-05
1190,"Myoglobin, Urine Quantitative",9.111833559433947e-06,129,6.790787165412258e-05,1.759568044642101e-05
6269,White Elm Antibody IgE (Ulmus americana),9.111833559433947e-06,129,1.1317978609020428e-05,1.8310952009283654e-05
548,Bordetella pertussis Antibody IgA,9.041199190756165e-06,128,1.1317978609020428e-05,1.8167897696711123e-05
7060,"Metanephrine Free, Serum/Plasma",9.041199190756165e-06,128,2.2635957218040857e-05,1.8024843384138595e-05
15425,Clot Formation Time Blood Thromboelastography,9.041199190756165e-06,128,0.00013581574330824515,1.659430025841331e-05
7717,Pelger Huet Cells Qualitative Blood Light Microscopy,9.041199190756165e-06,128,0.0,1.8310952009283654e-05
7707,Carboxyhemoglobin Quantitative Blood,8.8999304534006e-06,126,3.395393582706129e-05,1.759568044642101e-05
1884,Lactate Dehydrogenase-1 (LDH),8.8999304534006e-06,126,0.0,1.8024843384138595e-05
7901,Troponin I Cardiac Quantitative Serum or Plasma Detection Limit <= 0.01 ng/mL,8.829296084722817e-06,125,7.9225850263143e-05,1.6880408883558367e-05
2297,JC Virus DNA,8.829296084722817e-06,125,3.395393582706129e-05,1.7452626133848482e-05
7929,von Willebrand Factor (vWf) Ristocetin Cofactor Actual/Normal Platelet Poor Plasma Aggregation,8.829296084722817e-06,125,1.1317978609020428e-05,1.773873475899354e-05
6487,"Arginine Quantitative, Serum",8.758661716045034e-06,124,0.0,1.773873475899354e-05
1888,Lactate Dehydrogenase-5 (LDH),8.758661716045034e-06,124,0.0,1.773873475899354e-05
249,Fecal Fat Quantitative,8.758661716045034e-06,124,9.054382887216343e-05,1.659430025841331e-05
6683,Eosinophils Body Fluid,8.758661716045034e-06,124,0.0,1.773873475899354e-05
2270,Vitamin C,8.688027347367252e-06,123,1.1317978609020428e-05,1.7452626133848482e-05
7032,"Lyme disease (Borrelia burgdorferi) Antibody IgG IgM Qualitative, Serum",8.688027347367252e-06,123,0.0,1.759568044642101e-05
11310,Tobramycin Quantitative Serum or Plasma Trough,8.61739297868947e-06,122,7.9225850263143e-05,1.6451245945840783e-05
626,Histoplasma Antibody,8.546758610011688e-06,121,1.1317978609020428e-05,1.7166517508703423e-05
1938,Bartonella henselae Antibody IgG Quantitative,8.476124241333904e-06,120,1.1317978609020428e-05,1.7023463196130895e-05
6930,HLA B27 Qualitative,8.476124241333904e-06,120,3.395393582706129e-05,1.673735457098584e-05
83,"Cryptococcus Antigen, CSF",8.405489872656122e-06,119,1.1317978609020428e-05,1.6880408883558367e-05
6489,"Asparagine Quantitative, Serum",8.33485550397834e-06,118,0.0,1.6880408883558367e-05
623,Herpes simplex 1+2 PCR,8.33485550397834e-06,118,0.0,1.6880408883558367e-05
3688,Cladosporium herbarum Antibody IgE,8.33485550397834e-06,118,3.395393582706129e-05,1.6451245945840783e-05
988,"Eosinophils, Synovial",8.33485550397834e-06,118,0.0,1.6880408883558367e-05
4457,Hazelnut Antibody IgE (Corylus avellana),8.33485550397834e-06,118,0.0,1.6880408883558367e-05
2652,Lyme disease (Borrelia burgdorferi) 28kD Antibody IgG,8.264221135300557e-06,117,3.395393582706129e-05,1.630819163326825e-05
6835,Hematocrit Volume Fraction of Blood Centrifugation,8.264221135300557e-06,117,0.0,1.673735457098584e-05
1885,Lactate Dehydrogenase-2 (LDH),8.264221135300557e-06,117,0.0,1.673735457098584e-05
480,Influenza B Antibody,8.264221135300557e-06,117,1.1317978609020428e-05,1.659430025841331e-05
6613,Cotinine Quantitative Urine,8.193586766622775e-06,116,1.1317978609020428e-05,1.6451245945840783e-05
7882,Tissue Transglutaminase Antibody IgA Quantitative Serum,8.193586766622775e-06,116,1.1317978609020428e-05,1.6451245945840783e-05
6865,Hemoglobin S/Hemoglobin Total Blood,8.193586766622775e-06,116,0.0,1.659430025841331e-05
12900,Coccidioides immitis Antibody IgG Quantitative Serum,8.193586766622775e-06,116,5.6589893045102146e-05,1.5879028695550667e-05
7143,"Nicotine, Urine",8.193586766622775e-06,116,2.2635957218040857e-05,1.630819163326825e-05
8242,Streptococcus pyogenes (Group A) Antigen Qualitative Throat,8.193586766622775e-06,116,1.1317978609020428e-05,1.6451245945840783e-05
581,Echovirus Antibody Quantitative Serum,8.122952397944991e-06,115,2.2635957218040857e-05,1.6165137320695724e-05
6249,White Ash Antibody IgE (Fraxinus americana),8.122952397944991e-06,115,1.1317978609020428e-05,1.630819163326825e-05
680,Rubella Antibody IgM,8.122952397944991e-06,115,2.2635957218040857e-05,1.6165137320695724e-05
443,HIV1 PCR either Viral Load or DNA Amplification,8.122952397944991e-06,115,0.0,1.6451245945840783e-05
6664,Dilute Russells Viper Venom Time (dRVVT) Actual/Normal Platelet Poor Plasma,8.05231802926721e-06,114,1.1317978609020428e-05,1.6165137320695724e-05
7067,"Methamphetamine Screen, Urine Qualitative",8.05231802926721e-06,114,0.00011317978609020429,1.4877648507542968e-05
642,Legionella Antibody,8.05231802926721e-06,114,3.395393582706129e-05,1.5879028695550667e-05
714,Streptococcus B Test,8.05231802926721e-06,114,0.0,1.630819163326825e-05
1095,Hemoglobin Electrophoresis,7.981683660589427e-06,113,0.0,1.6165137320695724e-05
13612,Retinol Free Quantitative Serum or Plasma,7.981683660589427e-06,113,2.2635957218040857e-05,1.5879028695550667e-05
6985,"Islet Cell 512 Antibody, Serum Quantitative",7.981683660589427e-06,113,3.395393582706129e-05,1.573597438297814e-05
2341,"West Nile Virus Antibody IgG, CSF",7.911049291911645e-06,112,0.0,1.6022083008123196e-05
1886,Lactate Dehydrogenase-3 (LDH),7.911049291911645e-06,112,0.0,1.6022083008123196e-05
420,HIV1 Antibody ELISA,7.911049291911645e-06,112,1.1317978609020428e-05,1.5879028695550667e-05
3880,Cottonwood Antibody IgE (Populus deltoides),7.840414923233861e-06,111,2.2635957218040857e-05,1.559292007040561e-05
2170,"5 Nucleotidase, Serum",7.840414923233861e-06,111,0.0,1.5879028695550667e-05
8363,Fibrin+Fibrinogen Fragments (Fibrin Split Products) ug/mL Platelet Poor Plasma,7.840414923233861e-06,111,5.6589893045102146e-05,1.5163757132688026e-05
1768,"Glucose, Urine 3 hr",7.840414923233861e-06,111,0.0,1.5879028695550667e-05
3064,Aspergillus sp. Antibody IgE,7.840414923233861e-06,111,0.0,1.5879028695550667e-05
6659,Cytomegalovirus DNA Viral Load PCR Serum/Plasma,7.840414923233861e-06,111,1.1317978609020428e-05,1.573597438297814e-05
2260,Streptococcus pneumoniae Antibody Type 8,7.769780554556079e-06,110,0.0,1.573597438297814e-05
15603,Creatinine Renal Clearance/1.73 sq M Unspecified Time,7.769780554556079e-06,110,2.2635957218040857e-05,1.5449865757833083e-05
1358,Vancomycin,7.769780554556079e-06,110,1.1317978609020428e-05,1.559292007040561e-05
7064,"Metanephrines, Urine 24 hr ng/mL",7.699146185878297e-06,109,1.1317978609020428e-05,1.5449865757833083e-05
141,KOH Prep,7.699146185878297e-06,109,1.1317978609020428e-05,1.5449865757833083e-05
1887,Lactate Dehydrogenase-4 (LDH),7.628511817200514e-06,108,0.0,1.5449865757833083e-05
6702,Epstein Barr Viral Capsid Antibody IgG Quantitative Serum,7.628511817200514e-06,108,2.2635957218040857e-05,1.5163757132688026e-05
1279,PTT/APTT Heparin Neutralization,7.628511817200514e-06,108,1.1317978609020428e-05,1.5306811445260552e-05
1695,HIV1+2 Antibodies Screen,7.628511817200514e-06,108,0.00011317978609020429,1.4019322632107796e-05
6873,Hepatitis B Core Antibody Qualitative Serum/Plasma Immunoassay,7.628511817200514e-06,108,0.00014713372191726558,1.359015969439021e-05
1088,"Hematocrit, Misc Fluid",7.557877448522732e-06,107,1.1317978609020428e-05,1.5163757132688026e-05
5330,Penicillium notatum Antibody IgE,7.557877448522732e-06,107,2.2635957218040857e-05,1.5020702820115496e-05
6547,"Blood Gas PO2 Transcutaneous O2 monitor, Capillary",7.557877448522732e-06,107,0.00020372361496236773,1.273183381895504e-05
752,Lyme disease (Borrelia burgdorferi) Antigen,7.487243079844949e-06,106,0.0,1.5163757132688026e-05
2177,Adenovirus PCR,7.416608711167166e-06,105,1.1317978609020428e-05,1.4877648507542968e-05
7886,Topiramate Quantitative Serum or Plasma,7.345974342489384e-06,104,0.0,1.4877648507542968e-05
148,Wet Prep,7.345974342489384e-06,104,2.2635957218040857e-05,1.459153988239791e-05
7082,"Mitochondria M2 Antibody IgG, Serum Quantitative",7.275339973811601e-06,103,1.1317978609020428e-05,1.459153988239791e-05
1551,Semen Sperm Count,7.204705605133819e-06,102,0.0,1.459153988239791e-05
951,"Creatinine, Urine 12 hr",7.204705605133819e-06,102,1.1317978609020428e-05,1.4448485569825382e-05
7761,Prolactin Serum or Plasma Quantitative,7.204705605133819e-06,102,6.790787165412258e-05,1.3733214006962739e-05
7155,"Normetanephrine, Urine 24 hr",7.134071236456036e-06,101,1.1317978609020428e-05,1.4305431257252854e-05
2303,"Phosphorus, Urine",7.134071236456036e-06,101,1.1317978609020428e-05,1.4305431257252854e-05
15373,Carbon Dioxide CO2 Partial Pressure Adjusted to Patients Actual Temperature Venous Blood,7.134071236456036e-06,101,0.0,1.4448485569825382e-05
2188,Carotene Quantitative Serum,7.063436867778254e-06,100,4.5271914436081714e-05,1.3733214006962739e-05
124,Fungal Identified Unspecified Culture,7.063436867778254e-06,100,1.1317978609020428e-05,1.4162376944680325e-05
1996,Parvovirus B19 DNA,7.063436867778254e-06,100,3.395393582706129e-05,1.3876268319535268e-05
7104,"Mycoplasma pneumoniae Antibody IgG Immunoassay, Serum Quantitative",7.063436867778254e-06,100,2.2635957218040857e-05,1.4019322632107796e-05
2653,Lyme disease (Borrelia burgdorferi) 30kD Antibody IgG,7.063436867778254e-06,100,2.2635957218040857e-05,1.4019322632107796e-05
6715,Epstein Barr Virus Nuclear Antibody Qualitative Serum,7.063436867778254e-06,100,3.395393582706129e-05,1.3876268319535268e-05
12468,Hepatitis B Virus DNA Viral Load Serum or Plasma Probe and Target Amplification Method,6.992802499100472e-06,99,3.395393582706129e-05,1.3733214006962739e-05
1206,"Oxalate, Urine",6.992802499100472e-06,99,0.0,1.4162376944680325e-05
7061,"Metanephrine, Serum/Plasma",6.992802499100472e-06,99,2.2635957218040857e-05,1.3876268319535268e-05
7151,"Norepinephrine, Urine 24 hr",6.992802499100472e-06,99,2.2635957218040857e-05,1.3876268319535268e-05
7892,Tricyclic Antidepressants Qualitative Urine,6.992802499100472e-06,99,5.6589893045102146e-05,1.3447105381817683e-05
1907,"Phenytoin (Dilantin), total",6.992802499100472e-06,99,0.0,1.4162376944680325e-05
2672,Lyme disease (Borrelia burgdorferi) 39kD Antibody IgM,6.992802499100472e-06,99,1.1317978609020428e-05,1.4019322632107796e-05
3482,Cashew Nut Antibody IgE (Anacardium occidentale),6.992802499100472e-06,99,0.0,1.4162376944680325e-05
16813,Hematocrit Volume Fraction Cord Blood Automated Count,6.922168130422689e-06,98,4.5271914436081714e-05,1.3447105381817683e-05
17730,Leukocytes Count/volume Synovial fluid,6.922168130422689e-06,98,0.0,1.4019322632107796e-05
5298,Pecan or Hickory Nut Antibody IgE (Carya illinoinensis),6.922168130422689e-06,98,0.0,1.4019322632107796e-05
13972,Neutrophils/100 Leukocytes Synovial Fluid,6.922168130422689e-06,98,1.1317978609020428e-05,1.3876268319535268e-05
6233,Wheat dust Antibody IgE RAST,6.922168130422689e-06,98,0.0,1.4019322632107796e-05
5016,Mugwort Antibody IgE (Artemisia vulgaris),6.8515337617449065e-06,97,1.1317978609020428e-05,1.3733214006962739e-05
2176,Acetylcholine Receptor Modulating Antibody,6.8515337617449065e-06,97,1.1317978609020428e-05,1.3733214006962739e-05
2109,Histoplasma Yeast Antibody,6.8515337617449065e-06,97,1.1317978609020428e-05,1.3733214006962739e-05
6864,Hemoglobin S Qualitative Blood Solubility test,6.8515337617449065e-06,97,6.790787165412258e-05,1.3017942444100097e-05
6660,Cytomegalovirus DNA Viral Load PCR Unspecified Specimen,6.8515337617449065e-06,97,0.0,1.3876268319535268e-05
1265,PT Mixing Study,6.8515337617449065e-06,97,0.0,1.3876268319535268e-05
1806,HIV 1+O+2 Antibody Qualitative Serum or Plasma,6.7808993930671235e-06,96,5.6589893045102146e-05,1.3017942444100097e-05
2949,American Sycamore Antibody IgE (Platanus occidentalis),6.7808993930671235e-06,96,1.1317978609020428e-05,1.359015969439021e-05
2819,HIV1 RNA Plasma Probe and Target Amplification Quantitative DL 20 cpy/mL,6.7808993930671235e-06,96,0.00010186180748118387,1.2445725193809983e-05
6956,"IgG Synthesis Rate, Serum and CSF",6.710265024389341e-06,95,2.2635957218040857e-05,1.3304051069245155e-05
748,Herpes simplex Identified Unspecified Organism Specific Culture,6.710265024389341e-06,95,2.2635957218040857e-05,1.3304051069245155e-05
2585,Hepatitis C RNA Probe Amplification,6.710265024389341e-06,95,0.00021504159357138816,1.0872127755512168e-05
7536,Syphilis (Treponema pallidum) Antibody Quantitative Serum,6.639630655711558e-06,94,2.2635957218040857e-05,1.3160996756672625e-05
1099,Hemoglobin Manual,6.639630655711558e-06,94,6.790787165412258e-05,1.2588779506382511e-05
20801,Norovirus genogroup I+II RNA Presence Stool Target Amplification with Non-Probe Based Detection,6.568996287033776e-06,93,0.0,1.3304051069245155e-05
6443,"Alkaline Phosphatase Liver/Alkaline Phosphatase Total, Serum",6.568996287033776e-06,93,2.2635957218040857e-05,1.3017942444100097e-05
2937,American house dust mite Antibody IgE RAST (Dermatophagoides farinae),6.568996287033776e-06,93,1.1317978609020428e-05,1.3160996756672625e-05
2591,HIV Antibody Antigen Test,6.498361918355993e-06,92,4.5271914436081714e-05,1.2588779506382511e-05
2837,Herpes simplex 1+2 Antibody IgM,6.498361918355993e-06,92,0.0,1.3160996756672625e-05
7919,Urobilinogen Quantitative Urine Test Strip,6.498361918355993e-06,92,3.395393582706129e-05,1.273183381895504e-05
789,Cytomegalovirus Ultraquant,6.498361918355993e-06,92,0.0,1.3160996756672625e-05
957,Crystal Analysis Synovial,6.498361918355993e-06,92,1.1317978609020428e-05,1.3017942444100097e-05
667,Mycoplasma Antibody Titer,6.498361918355993e-06,92,4.5271914436081714e-05,1.2588779506382511e-05
3849,Corn Antibody IgE (Zea mays),6.427727549678211e-06,91,0.0,1.3017942444100097e-05
1754,Influenza B Antibody,6.427727549678211e-06,91,1.1317978609020428e-05,1.2874888131527569e-05
6597,Codeine Quantitative Urine Confirmatory Method,6.427727549678211e-06,91,0.00019240563635334728,1.0586019130367112e-05
1656,"Glucose, Unknown Specimen 3 hr",6.427727549678211e-06,91,0.0,1.3017942444100097e-05
342,Virus Culture Cytomegalovirus,6.286458812322646e-06,89,0.0,1.273183381895504e-05
6986,"Isoleucine, Serum/Plasma Quantitative",6.286458812322646e-06,89,0.0,1.273183381895504e-05
4114,English Plantain Antibody IgE (Plantago lanceolata),6.286458812322646e-06,89,0.0,1.273183381895504e-05
6624,Creatinine Quantitative Amniotic Fluid,6.286458812322646e-06,89,0.0,1.273183381895504e-05
802,Albumin IgG Index,6.286458812322646e-06,89,3.395393582706129e-05,1.2302670881237454e-05
4681,Kentucky blue grass Antibody IgE (Poa pratensis),6.286458812322646e-06,89,1.1317978609020428e-05,1.2588779506382511e-05
30,Haemophilus influenzae Test,6.215824443644864e-06,88,2.2635957218040857e-05,1.2302670881237454e-05
2278,"Blood Urea Nitrogen, Arterial",6.215824443644864e-06,88,2.2635957218040857e-05,1.2302670881237454e-05
1687,White Blood Cell Population,6.215824443644864e-06,88,3.395393582706129e-05,1.2159616568664925e-05
1463,Differential Tear Form,6.215824443644864e-06,88,7.9225850263143e-05,1.1587399318374812e-05
576,Diphtheria (Corynebacterium diphtheriae) / Tetanus Antibody,6.215824443644864e-06,88,0.0,1.2588779506382511e-05
6920,"HIV1 Antibody Band Pattern Immunoblot, Serum Interpretation",6.145190074967081e-06,87,3.395393582706129e-05,1.2016562256092397e-05
4354,Goosefoot Antibody IgE (Chenopodium album) Lamb Quarters,6.145190074967081e-06,87,0.0,1.2445725193809983e-05
6639,Cyclic citrullinated peptide Antibody Quantitative Serum Immunoassay,6.0745557062892985e-06,86,1.1317978609020428e-05,1.2159616568664925e-05
7071,"Methionine, Serum/Plasma",6.0745557062892985e-06,86,0.0,1.2302670881237454e-05
7088,"Monocytes Percent, CSF Manual",6.0745557062892985e-06,86,2.2635957218040857e-05,1.2016562256092397e-05
3821,Common Pigweed Antibody IgE,6.0745557062892985e-06,86,1.1317978609020428e-05,1.2159616568664925e-05
12285,Adenovirus DNA Unspecified Specimen Probe and Target Amplification Method,6.0745557062892985e-06,86,1.1317978609020428e-05,1.2159616568664925e-05
894,"Chloride, CSF",6.0745557062892985e-06,86,1.1317978609020428e-05,1.2159616568664925e-05
6713,Epstein Barr Virus Nuclear Antibody IgG Quantitative Serum,6.0745557062892985e-06,86,1.1317978609020428e-05,1.2159616568664925e-05
944,"Cortisol, Urine 24 hr",6.0745557062892985e-06,86,1.1317978609020428e-05,1.2159616568664925e-05
1914,Prostatic Acid Phosphatase Quantitative Serum U/L,6.0039213376115155e-06,85,1.1317978609020428e-05,1.2016562256092397e-05
2713,Hepatitis A Antibody (Anti HAV) IgG Qualitative,6.0039213376115155e-06,85,1.1317978609020428e-05,1.2016562256092397e-05
2539,Chlamydia sp. DNA Probe Amplification,6.0039213376115155e-06,85,0.0,1.2159616568664925e-05
1843,Cytomegalovirus Antigen,6.0039213376115155e-06,85,0.0,1.2159616568664925e-05
5435,Pistachio Antibody IgE (Pistacia vera),5.933286968933733e-06,84,0.0,1.2016562256092397e-05
7807,Reticulocytes/100 Erythrocytes Blood Manual,5.933286968933733e-06,84,0.0,1.2016562256092397e-05
768,Chlamydia pneumoniae Antibody IgM,5.933286968933733e-06,84,1.1317978609020428e-05,1.1873507943519868e-05
2253,Streptococcus pneumoniae Antibody Type 12F,5.933286968933733e-06,84,0.0,1.2016562256092397e-05
7181,"Oxcarbazepine, Serum or Plasma Quantitative",5.86265260025595e-06,83,0.0,1.1873507943519868e-05
327,Stool pH,5.86265260025595e-06,83,2.2635957218040857e-05,1.1587399318374812e-05
7341,Lyme disease (Borrelia burgdorferi) Antibody IgG Qualitative Serum Immunoassay,5.86265260025595e-06,83,0.0,1.1873507943519868e-05
3912,Crab Antibody IgE (Cancer pagurus),5.86265260025595e-06,83,0.0,1.1873507943519868e-05
2596,Lyme disease (Borrelia burgdorferi) Antibody IgG and IgM by Immunoassay,5.792018231578168e-06,82,0.0,1.173045363094734e-05
2519,HIV1 P65 Antibody,5.792018231578168e-06,82,1.1317978609020428e-05,1.1587399318374812e-05
2020,Aspergillus fumigatus Antibody IgG Quantitative,5.792018231578168e-06,82,5.6589893045102146e-05,1.1015182068084698e-05
829,"Arsenic, Serum",5.792018231578168e-06,82,1.1317978609020428e-05,1.1587399318374812e-05
6419,"5-Hydroxyindoleacetate, Urine 24 hr",5.792018231578168e-06,82,2.2635957218040857e-05,1.1444345005802284e-05
6180,Walnut Antibody IgE (Juglans),5.721383862900386e-06,81,0.0,1.1587399318374812e-05
2516,HIV1 P40 Antibody,5.721383862900386e-06,81,1.1317978609020428e-05,1.1444345005802284e-05
6600,Complement C1 esterase inhibitor Quantitative Serum/Plasma,5.650749494222603e-06,80,1.1317978609020428e-05,1.1301290693229754e-05
1269,PT Serum Coag Screen,5.650749494222603e-06,80,2.2635957218040857e-05,1.1158236380657226e-05
611,Haemophilus influenzae B Antibody,5.650749494222603e-06,80,1.1317978609020428e-05,1.1301290693229754e-05
7005,"Lecithin/Sphingomyelin Ratio, Amniotic Fluid",5.650749494222603e-06,80,0.0,1.1444345005802284e-05
4024,Dog dander Antibody IgE RAST,5.650749494222603e-06,80,1.1317978609020428e-05,1.1301290693229754e-05
1898,Toxoplasma gondii PCR,5.580115125544821e-06,79,4.5271914436081714e-05,1.072907344293964e-05
12907,Coccidioides immitis Antibody IgM Quantitative Serum,5.580115125544821e-06,79,7.9225850263143e-05,1.0299910505222054e-05
617,Hepatitis B DNA Probe Quantitative IU/mL,5.580115125544821e-06,79,5.6589893045102146e-05,1.0586019130367112e-05
348,Legionella Identified Unspecified Organism Specific Culture,5.580115125544821e-06,79,5.6589893045102146e-05,1.0586019130367112e-05
1097,Hemoglobin Free Plasma/Serum,5.580115125544821e-06,79,0.0,1.1301290693229754e-05
2306,"Chloride, Sweat Left Arm",5.580115125544821e-06,79,5.6589893045102146e-05,1.0586019130367112e-05
2190,"Chromium, Serum",5.509480756867038e-06,78,2.2635957218040857e-05,1.0872127755512168e-05
7014,"Lipoprotein A, Serum/Plasma Quantitative",5.509480756867038e-06,78,1.1317978609020428e-05,1.1015182068084698e-05
2732,Hepatitis C RNA Qualitative Probe,5.509480756867038e-06,78,0.00014713372191726558,9.298530317214355e-06
562,Chlamydia Antigen,5.509480756867038e-06,78,0.0,1.1158236380657226e-05
3788,Codfish Antibody IgE (Gadus morhua),5.509480756867038e-06,78,0.0,1.1158236380657226e-05
567,Cryptococcus Antigen,5.509480756867038e-06,78,2.2635957218040857e-05,1.0872127755512168e-05
2685,Chlamydophila psittaci IgG Titer,5.438846388189256e-06,77,1.1317978609020428e-05,1.0872127755512168e-05
7800,Pyruvate Quantitative Blood,5.438846388189256e-06,77,0.0,1.1015182068084698e-05
467,Influenza A+B Antibody,5.368212019511473e-06,76,0.0,1.0872127755512168e-05
7732,Phenylalanine Serum or Plasma Quantitative,5.368212019511473e-06,76,0.0,1.0872127755512168e-05
18233,Hepatitis C Virus RNA [Units/volume] Viral Load Serum or Plasma Probe and Signal Amp Method,5.368212019511473e-06,76,6.790787165412258e-05,1.0013801880076997e-05
6567,"Cancer Antigen 27-29 Quantitative, Serum",5.368212019511473e-06,76,0.0,1.0872127755512168e-05
2268,Vitamin B2,5.29757765083369e-06,75,5.6589893045102146e-05,1.0013801880076997e-05
2034,"Blood Gas, Venous Cord Blood",5.29757765083369e-06,75,1.1317978609020428e-05,1.0586019130367112e-05
830,"Arsenic, Urine",5.29757765083369e-06,75,0.0,1.072907344293964e-05
7868,Threonine Quantitative Serum or Plasma,5.29757765083369e-06,75,0.0,1.072907344293964e-05
1760,UA Ammoniun Biurate Crystals,5.29757765083369e-06,75,0.0,1.072907344293964e-05
6035,Timothy Antibody IgE RAST (Phleum pratense),5.226943282155908e-06,74,1.1317978609020428e-05,1.0442964817794583e-05
2507,Hepatitis C Antibody c33c Protein,5.226943282155908e-06,74,3.395393582706129e-05,1.0156856192649526e-05
564,Coccidioides Antibody Complement Fixation Quantitative,5.226943282155908e-06,74,1.1317978609020428e-05,1.0442964817794583e-05
462,Influenza A Misc,5.226943282155908e-06,74,0.0,1.0586019130367112e-05
735,Varicella zoster PCR,5.156308913478125e-06,73,1.1317978609020428e-05,1.0299910505222054e-05
7830,Sjogrens Syndrome-B Extractable Nuclear Antibody Qualitative Serum Immunoassay,5.156308913478125e-06,73,0.0,1.0442964817794583e-05
2410,Herpes simplex Typing,5.156308913478125e-06,73,0.0,1.0442964817794583e-05
6830,Helicobacter pylori Antibody IgG Qualitative Serum,5.156308913478125e-06,73,0.0,1.0442964817794583e-05
2193,Complement Component 2,5.156308913478125e-06,73,1.1317978609020428e-05,1.0299910505222054e-05
2242,Plasminogen,5.156308913478125e-06,73,0.0,1.0442964817794583e-05
5763,Sheep Sorrel Antibody IgE (Rumex acetosella),5.156308913478125e-06,73,1.1317978609020428e-05,1.0299910505222054e-05
2343,"West Nile Virus Antibody IgM, CSF",5.156308913478125e-06,73,1.1317978609020428e-05,1.0299910505222054e-05
12615,Human coronavirus OC43 RNA Unspecified Specimen Probe and Target Amplification Method,5.156308913478125e-06,73,2.2635957218040857e-05,1.0156856192649526e-05
6407,Walnut Tree Antibody IgE (Juglans),5.156308913478125e-06,73,1.1317978609020428e-05,1.0299910505222054e-05
9595,Cyclosporine ng/mL Serum,5.085674544800343e-06,72,2.2635957218040857e-05,1.0013801880076997e-05
2932,American Cockroach Antibody IgE (Periplaneta americana),5.085674544800343e-06,72,1.1317978609020428e-05,1.0156856192649526e-05
6922,"HIV1 RNA Probe and Target Amplification, Serum/Plasma Qualitative",5.085674544800343e-06,72,2.2635957218040857e-05,1.0013801880076997e-05
23184,Escherichia coli DNA Presence Target Amp w Non Probe Based Detection Positive Blood Culture,5.085674544800343e-06,72,0.0,1.0299910505222054e-05
2136,Neisseria gonorrhoeae DNA Amp Qualitative Urine,5.01504017612256e-06,71,0.0,1.0156856192649526e-05
7029,"Lyme disease (Borrelia burgdorferi) Antibody IgM Band Pattern Interpretation, Serum Immunoblot (IB)",5.01504017612256e-06,71,0.0,1.0156856192649526e-05
3494,Cat dander Antibody IgE RAST,4.944405807444778e-06,70,1.1317978609020428e-05,9.870747567504469e-06
2025,"Bilirubin, Cord Blood",4.944405807444778e-06,70,0.0,1.0013801880076997e-05
3896,Cow milk Antibody IgE,4.944405807444778e-06,70,0.0,1.0013801880076997e-05
5284,Peanut recombinant (rAra h) 2 Antibody IgE (Arachis hypogaea),4.944405807444778e-06,70,0.0,1.0013801880076997e-05
20548,Influenza B Antigen Presence Nasopharynx Rapid immunoassay,4.944405807444778e-06,70,0.0,1.0013801880076997e-05
1156,"Magnesium, Urine",4.873771438766995e-06,69,1.1317978609020428e-05,9.72769325493194e-06
6886,Hepatitis C 100+5-1-1 AB Qualitative Serum Immunoblot (IB),4.873771438766995e-06,69,3.395393582706129e-05,9.441584629786883e-06
11952,Herpes simplex 1 Antibody IgG Titer,4.873771438766995e-06,69,0.0,9.870747567504469e-06
7826,Sjogrens Syndrome-A Extractable Nuclear Antibody Qualitative Serum Immunoassay,4.873771438766995e-06,69,0.0,9.870747567504469e-06
1187,"Myoglobin, Serum Baseline",4.873771438766995e-06,69,2.2635957218040857e-05,9.584638942359413e-06
7009,"Leucine, Serum/Plasma",4.873771438766995e-06,69,0.0,9.870747567504469e-06
4030,Dog epithelium Antibody IgE,4.873771438766995e-06,69,0.0,9.870747567504469e-06
4575,House dust AP Antibody IgE,4.873771438766995e-06,69,1.1317978609020428e-05,9.72769325493194e-06
7834,Smith Extractable Nuclear Antibody Qualitative Serum Immunoassay,4.803137070089213e-06,68,1.1317978609020428e-05,9.584638942359413e-06
2442,Influenza A H1 RT-PCR,4.803137070089213e-06,68,0.0,9.72769325493194e-06
6887,Hepatitis C 22-3 Antibody Qualitative Serum Immunoblot,4.803137070089213e-06,68,3.395393582706129e-05,9.298530317214355e-06
7902,Tryptase Quantitative Serum or Plasma,4.803137070089213e-06,68,0.0,9.72769325493194e-06
10862,Phenobarbital ug/mL Serum or Plasma Screen Method,4.803137070089213e-06,68,2.2635957218040857e-05,9.441584629786883e-06
807,Alkaline Phosphatase Isoenzymes,4.73250270141143e-06,67,1.1317978609020428e-05,9.441584629786883e-06
3315,Brazil Nut Antibody IgE (Bertholletia excelsa),4.73250270141143e-06,67,0.0,9.584638942359413e-06
7044,"Lysine, Serum/Plasma Quantitative",4.73250270141143e-06,67,0.0,9.584638942359413e-06
6893,Hepatitis C Genotype Serum/Plasma PCR,4.73250270141143e-06,67,0.00012449776469922473,8.011041504061598e-06
1946,Bordetella pertussis Antibody IgM,4.73250270141143e-06,67,0.0,9.584638942359413e-06
6417,17-Hydroxyprogesterone Quantitative,4.6618683327336475e-06,66,0.0,9.441584629786883e-06
7874,Thyroid Stimulating Immunoglobulins Actual/Normal Serum,4.6618683327336475e-06,66,0.0,9.441584629786883e-06
369,Fungal Identification,4.6618683327336475e-06,66,0.0,9.441584629786883e-06
1543,Respiratory Therapy Peep / CPAP,4.6618683327336475e-06,66,0.0,9.441584629786883e-06
2583,Hepatitis B Surface Antibody Serum,4.591233964055865e-06,65,0.0,9.298530317214355e-06
7211,"UA Oval Fat Bodies, Qualitative",4.591233964055865e-06,65,0.0,9.298530317214355e-06
771,Chlamydia trachomatis Antibody IgM,4.591233964055865e-06,65,1.1317978609020428e-05,9.155476004641827e-06
1570,UA Clinitest,4.591233964055865e-06,65,0.0,9.298530317214355e-06
2217,"Estrone, Serum",4.591233964055865e-06,65,0.0,9.298530317214355e-06
2313,"Amitriptyline, Serum",4.591233964055865e-06,65,4.5271914436081714e-05,8.726313066924241e-06
1715,Ehrlichia Antibody IgG,4.520599595378082e-06,64,0.0,9.155476004641827e-06
3037,Aspergillus fumigatus Antibody IgE RAST,4.520599595378082e-06,64,2.2635957218040857e-05,8.86936737949677e-06
6556,"Calcium phosphate crystals Qualitative, Urine Sediment Light Microscopy",4.4499652267003e-06,63,0.0,9.012421692069297e-06
7026,"Lyme disease (Borrelia burgdorferi) Antibody IgG Band Pattern Interpretation, Serum Immunoblot (IB)",4.4499652267003e-06,63,0.0,9.012421692069297e-06
6667,Dopamine Quantitative Urine,4.4499652267003e-06,63,1.1317978609020428e-05,8.86936737949677e-06
6875,Hepatitis B DNA Quantitative Serum,4.4499652267003e-06,63,1.1317978609020428e-05,8.86936737949677e-06
2189,"Catecholamines Fractionated, Urine",4.4499652267003e-06,63,0.0,9.012421692069297e-06
20776,Escherichia coli enteropathogenic eae gene Presence Stool Target Amp with Non-Probe Based Detection,4.4499652267003e-06,63,0.0,9.012421692069297e-06
7920,Valine Quantitative Serum or Plasma,4.4499652267003e-06,63,0.0,9.012421692069297e-06
7153,"Normetanephrine, Serum/Plasma",4.4499652267003e-06,63,1.1317978609020428e-05,8.86936737949677e-06
1277,PTT/APTT 1:1 Mix 60 min,4.379330858022517e-06,62,1.1317978609020428e-05,8.726313066924241e-06
1140,"Lead, Urine",4.379330858022517e-06,62,2.2635957218040857e-05,8.583258754351712e-06
2158,Streptococcus pneumoniae Antibody Type Specific,4.379330858022517e-06,62,0.0,8.86936737949677e-06
8925,Calcium Ionized Quantitative Capillary Blood,4.379330858022517e-06,62,0.00010186180748118387,7.581878566344013e-06
1036,"Glucose, Synovial",4.308696489344735e-06,61,0.0,8.726313066924241e-06
906,"Citric Acid, Urine",4.308696489344735e-06,61,0.0,8.726313066924241e-06
2180,B Cell Count Absolute,4.308696489344735e-06,61,4.5271914436081714e-05,8.154095816634126e-06
6767,Folate Quantitative Blood,4.238062120666952e-06,60,0.0,8.583258754351712e-06
1750,"Glucose GTT, Serum 1.5 hr",4.238062120666952e-06,60,0.0,8.583258754351712e-06
6916,"Histoplasma capsulatum mycelial phase Antibody Titer Complement Fixation, Serum",4.238062120666952e-06,60,0.0,8.583258754351712e-06
734,Varicella zoster Immunity Screen,4.238062120666952e-06,60,0.0,8.583258754351712e-06
3584,Chestnut Antibody IgE (Castanea sativa),4.238062120666952e-06,60,0.0,8.583258754351712e-06
1114,"Herpes simplex 1+2 Antibody, CSF",4.238062120666952e-06,60,3.395393582706129e-05,8.154095816634126e-06
3112,Bakers yeast Antibody IgG (Saccharomyces cerevisiae) mCnc,4.238062120666952e-06,60,6.790787165412258e-05,7.724932878916542e-06
673,Streptococcus pneumoniae Antibody,4.238062120666952e-06,60,0.0,8.583258754351712e-06
2081,"Eosinophils, Nasal",4.238062120666952e-06,60,0.0,8.583258754351712e-06
1521,Prothrombin Ratio,4.238062120666952e-06,60,0.0,8.583258754351712e-06
2196,Complement Component 5,4.16742775198917e-06,59,1.1317978609020428e-05,8.297150129206655e-06
1448,"Differential Normochromic, Normocytic",4.16742775198917e-06,59,0.0,8.440204441779183e-06
2243,"Porphobilinogen, Urine",4.16742775198917e-06,59,6.790787165412258e-05,7.581878566344013e-06
2241,"Manganese, Serum",4.16742775198917e-06,59,0.0,8.440204441779183e-06
506,T Cell Total Absolute,4.16742775198917e-06,59,0.00011317978609020429,7.009661316053898e-06
2389,Cryptococcus Antigen Titer,4.16742775198917e-06,59,1.1317978609020428e-05,8.297150129206655e-06
2565,Corynebacterium diphtheriae Antibody IgG Quantitative,4.16742775198917e-06,59,1.1317978609020428e-05,8.297150129206655e-06
7105,"Mycoplasma pneumoniae Antibody IgM Immunoassay, Serum Quantitative",4.16742775198917e-06,59,3.395393582706129e-05,8.011041504061598e-06
820,"Amylase, Urine",4.096793383311388e-06,58,0.0,8.297150129206655e-06
5707,Saltwort Antibody IgE (Salsola kali) (Russian Thistle),4.096793383311388e-06,58,0.0,8.297150129206655e-06
3757,Cockroach Antibody IgE RAST (Blatella germanica),4.096793383311388e-06,58,1.1317978609020428e-05,8.154095816634126e-06
2386,Bartonella henselae Antibody IgG Titer,4.096793383311388e-06,58,0.0,8.297150129206655e-06
1109,"Herpes simplex PCR, CSF",4.096793383311388e-06,58,0.0,8.297150129206655e-06
6908,"Heterophile Antibody Latex Agglutination, Serum Qualitative",4.096793383311388e-06,58,0.0,8.297150129206655e-06
9561,Cocaine ng/mL Urine Confirmatory Method,4.096793383311388e-06,58,4.5271914436081714e-05,7.724932878916542e-06
2229,Factor XIII Assay,4.096793383311388e-06,58,0.0,8.297150129206655e-06
8378,Monocytes+Macrophages Percent CSF Manual Count,4.026159014633605e-06,57,0.0,8.154095816634126e-06
1589,UA Other Crystals,4.026159014633605e-06,57,1.1317978609020428e-05,8.011041504061598e-06
6509,"Basophils, Body Fluid",4.026159014633605e-06,57,0.0,8.154095816634126e-06
4983,Mountain Juniper Antibody IgE (Juniperus sabinoides),4.026159014633605e-06,57,0.0,8.154095816634126e-06
7762,Proline Serum or Plasma Quantitative,4.026159014633605e-06,57,0.0,8.154095816634126e-06
563,Coccidioides Antibody,4.026159014633605e-06,57,4.5271914436081714e-05,7.581878566344013e-06
6818,Glucose-6-Phosphate dehydrogenase [Enzymatic activity/mass] Red Blood Cells,4.026159014633605e-06,57,0.0,8.154095816634126e-06
6288,White Oak Antibody IgE RAST (Quercus alba),4.026159014633605e-06,57,1.1317978609020428e-05,8.011041504061598e-06
7176,"Ornithine, Serum or Plasma",4.026159014633605e-06,57,0.0,8.154095816634126e-06
2235,"Homovanillic Acid, Urine",4.026159014633605e-06,57,0.0,8.154095816634126e-06
6437,"Albumin Quantitative, Urine Electrophoresis",4.026159014633605e-06,57,1.1317978609020428e-05,8.011041504061598e-06
6464,"Amphetamines Qualitative, Urine",4.026159014633605e-06,57,0.000158451700526286,6.151335440618727e-06
7856,Taurine Quantitative Serum or Plasma,4.026159014633605e-06,57,0.0,8.154095816634126e-06
3689,Cladosporium herbarum Antibody IgE RAST,4.026159014633605e-06,57,2.2635957218040857e-05,7.86798719148907e-06
4961,Milk Antibody IgE RAST,3.9555246459558225e-06,56,0.0,8.011041504061598e-06
769,Chlamydia trachomatis Antibody IgA,3.9555246459558225e-06,56,1.1317978609020428e-05,7.86798719148907e-06
7063,"Metanephrines, Serum/Plasma",3.9555246459558225e-06,56,0.0,8.011041504061598e-06
7529,Syphilis (Treponema pallidum) Antibody Qualitative Serum Immunoassay,3.9555246459558225e-06,56,2.2635957218040857e-05,7.724932878916542e-06
2275,Zinc Protoporphyrin (ZPP),3.9555246459558225e-06,56,0.0,8.011041504061598e-06
7156,"Nornicotine, Urine",3.9555246459558225e-06,56,2.2635957218040857e-05,7.724932878916542e-06
6642,Cystathionine Quantitative Serum/Plasma,3.9555246459558225e-06,56,0.0,8.011041504061598e-06
1245,Protein Synovial,3.9555246459558225e-06,56,1.1317978609020428e-05,7.86798719148907e-06
6181,Walnut Antibody IgE RAST (Juglans),3.9555246459558225e-06,56,1.1317978609020428e-05,7.86798719148907e-06
1247,Protein Total for Serum Immunoelectrophoresis,3.9555246459558225e-06,56,0.0,8.011041504061598e-06
275,Legionella Antigen Urine EIA,3.8848902772780395e-06,55,2.2635957218040857e-05,7.581878566344013e-06
5331,Penicillium notatum Antibody IgE RAST,3.8848902772780395e-06,55,2.2635957218040857e-05,7.581878566344013e-06
1995,"Mercury, Whole Blood",3.8848902772780395e-06,55,1.1317978609020428e-05,7.724932878916542e-06
181,Bordetella pertussis DNA Qualitative Unspecified Probe and Target Amplification Method,3.8848902772780395e-06,55,1.1317978609020428e-05,7.724932878916542e-06
3825,Common Ragweed Antibody IgE RAST (Ambrosia elatior),3.8848902772780395e-06,55,1.1317978609020428e-05,7.724932878916542e-06
12492,Hepatitis C Virus RNA Viral Load Serum or Plasma Probe/Target Amp detection limit = 5 iU/mL,3.8848902772780395e-06,55,7.9225850263143e-05,6.866607003481369e-06
4079,Egg white Antibody IgE RAST,3.8848902772780395e-06,55,0.0,7.86798719148907e-06
3310,Boxelder Antibody IgE RAST (Acer negundo),3.8848902772780395e-06,55,1.1317978609020428e-05,7.724932878916542e-06
6668,"Dopamine Quantitiative, Urine 24 hr",3.8848902772780395e-06,55,0.0,7.86798719148907e-06
16862,Leukocytes Count/area Vaginal Fluid Wet Preparation,3.8848902772780395e-06,55,0.0,7.86798719148907e-06
2069,Digitoxin,3.8848902772780395e-06,55,0.0,7.86798719148907e-06
6820,Glutamate decarboxylase 65 Antibody Quantitative Serum,3.8848902772780395e-06,55,1.1317978609020428e-05,7.724932878916542e-06
2119,"Legionella pneumonia Antigen, Urine",3.8848902772780395e-06,55,1.1317978609020428e-05,7.724932878916542e-06
6686,Eosinophils CSF Manual Count,3.814255908600257e-06,54,0.0,7.724932878916542e-06
527,Adenovirus Antibody,3.814255908600257e-06,54,0.0,7.724932878916542e-06
2307,"Chloride, Sweat Right Arm",3.814255908600257e-06,54,5.6589893045102146e-05,7.009661316053898e-06
5744,Sesame Seed Antibody IgE (Sesamum indicum),3.814255908600257e-06,54,0.0,7.724932878916542e-06
1735,Coxsackie Virus B Antibody,3.814255908600257e-06,54,0.0,7.724932878916542e-06
429,HIV1 Antibody Western Blot Band P31,3.814255908600257e-06,54,1.1317978609020428e-05,7.581878566344013e-06
1644,Coxsackie Virus A9 Antibody,3.814255908600257e-06,54,0.0,7.724932878916542e-06
7059,"Metamyelocytes, Blood",3.7436215399224747e-06,53,1.1317978609020428e-05,7.438824253771484e-06
6270,White Elm Antibody IgE RAST (Ulmus americana),3.7436215399224747e-06,53,1.1317978609020428e-05,7.438824253771484e-06
2035,Blood Urea Nitrogen Dialysate,3.7436215399224747e-06,53,2.2635957218040857e-05,7.295769941198955e-06
2595,Legionella pneumophila Antibody IgG,3.672987171244692e-06,52,0.0,7.438824253771484e-06
291,Ova and Parasite,3.672987171244692e-06,52,0.0,7.438824253771484e-06
5274,Peanut Antibody IgE RAST (Arachis hypogaea),3.672987171244692e-06,52,0.0,7.438824253771484e-06
1043,"Glucose, Urine Semi-Quantitative",3.672987171244692e-06,52,0.0,7.438824253771484e-06
5078,Oat Antibody IgE (Avena sativa),3.672987171244692e-06,52,0.0,7.438824253771484e-06
16575,Trichomonas vaginalis Qualitative Urine Computer Assisted Method,3.672987171244692e-06,52,4.5271914436081714e-05,6.866607003481369e-06
3140,Barley Antibody IgE (Hordeum vulgare),3.6023528025669095e-06,51,0.0,7.295769941198955e-06
290,Neisseria gonorrhoeae/Chlamydia DNA Probe,3.6023528025669095e-06,51,0.0,7.295769941198955e-06
7906,Tyrosine Quantitative Serum or Plasma,3.6023528025669095e-06,51,0.0,7.295769941198955e-06
2408,Streptococcus pyogenes (Group A) PCR,3.6023528025669095e-06,51,0.0,7.295769941198955e-06
2569,Ehrlichia chaffeensis Antibody IgG Quantitative,3.6023528025669095e-06,51,0.0,7.295769941198955e-06
1761,UA Cystine Crystals,3.6023528025669095e-06,51,0.0,7.295769941198955e-06
2012,UA Fatty Casts,3.6023528025669095e-06,51,1.1317978609020428e-05,7.152715628626427e-06
634,HIV2 Antibody,3.6023528025669095e-06,51,0.0,7.295769941198955e-06
1107,Hepatitis E Antibody (Anti HEV) IgM,3.6023528025669095e-06,51,1.1317978609020428e-05,7.152715628626427e-06
6763,Fibronectin Fetal Qualitative Vaginal Fluid,3.531718433889127e-06,50,0.0,7.152715628626427e-06
2103,"Herpes simplex 1 Antibody IgG, CSF",3.531718433889127e-06,50,0.0,7.152715628626427e-06
276,Legionella DFA,3.531718433889127e-06,50,0.0,7.152715628626427e-06
8758,Chlamydia trachomatis rRNA Qualitative Genital Fluid DNA Probe,3.531718433889127e-06,50,0.0,7.152715628626427e-06
6478,"Anaplasma phagocytophilum Antibody IgG Titer, Serum IFA",3.531718433889127e-06,50,2.2635957218040857e-05,6.866607003481369e-06
7121,"Neutrophil Cytoplasmic Antibody Classic Titer Immunofluorescence, Serum",3.531718433889127e-06,50,1.1317978609020428e-05,7.009661316053898e-06
3881,Cottonwood Antibody IgE RAST (Populus deltoides),3.531718433889127e-06,50,1.1317978609020428e-05,7.009661316053898e-06
6318,Whole Egg Antibody IgE,3.531718433889127e-06,50,0.0,7.152715628626427e-06
7684,Cadmium Quantitative Body Fluid,3.531718433889127e-06,50,3.395393582706129e-05,6.723552690908841e-06
7812,Ribonucleoprotein Extractable Nuclear Antibody Qualitative Serum Immunoassay,3.531718433889127e-06,50,1.1317978609020428e-05,7.009661316053898e-06
5848,Soybean Antibody IgE RAST (Glycine max),3.4610840652113444e-06,49,0.0,7.009661316053898e-06
11991,Adenosine deaminase Quantitative Body Fluid,3.4610840652113444e-06,49,1.1317978609020428e-05,6.866607003481369e-06
4165,European house dust mite Antibody IgE RAST (Dermatophagoides pteronyssinus),3.4610840652113444e-06,49,1.1317978609020428e-05,6.866607003481369e-06
7388,Lyme disease (Borrelia burgdorferi) Antibody Quantitative Serum,3.4610840652113444e-06,49,0.0,7.009661316053898e-06
337,Urine Culture,3.4610840652113444e-06,49,0.0,7.009661316053898e-06
1201,"Osmolality, Body Fluid",3.4610840652113444e-06,49,0.0,7.009661316053898e-06
558,Campylobacter Antigen Rapid Test,3.3904496965335618e-06,48,0.0,6.866607003481369e-06
2351,Copper Test,3.3904496965335618e-06,48,1.1317978609020428e-05,6.723552690908841e-06
1029,"Glucose GTT, Serum 4 hr",3.3904496965335618e-06,48,0.0,6.866607003481369e-06
6221,Wheat Antibody IgE RAST (Triticum aestivum),3.3904496965335618e-06,48,0.0,6.866607003481369e-06
4867,Macadamia Antibody IgE,3.3904496965335618e-06,48,0.0,6.866607003481369e-06
2684,Chlamydia pneumoniae Antibody IgM Titer,3.3904496965335618e-06,48,2.2635957218040857e-05,6.5804983783363125e-06
3199,Bermuda grass Antibody IgE RAST (Cynodon dactylon),3.3904496965335618e-06,48,1.1317978609020428e-05,6.723552690908841e-06
2231,Glucagon,3.3904496965335618e-06,48,1.1317978609020428e-05,6.723552690908841e-06
10650,Nortriptyline ug/mL Serum or Plasma,3.3904496965335618e-06,48,2.2635957218040857e-05,6.5804983783363125e-06
4999,Mouse urine proteins Antibody IgE,3.3904496965335618e-06,48,0.0,6.866607003481369e-06
819,"Amylase, Urine Random",3.319815327855779e-06,47,0.0,6.723552690908841e-06
20262,Respiratory Bacteria and Viruses DNA and RNA Panel Nasopharynx Probe and Target Amp Method,3.319815327855779e-06,47,0.0,6.723552690908841e-06
5781,Shrimp Antibody IgE RAST (Pandalus borealis),3.319815327855779e-06,47,0.0,6.723552690908841e-06
11957,Herpes simplex 2 Antibody IgG Titer,3.2491809591779966e-06,46,0.0,6.5804983783363125e-06
6977,"Insulin Antibody, Serum Quantitative",3.2491809591779966e-06,46,0.0,6.5804983783363125e-06
487,Parainfluenza Type1,3.2491809591779966e-06,46,0.0,6.5804983783363125e-06
6565,"Cancer Antigen 15-3 Quantitative, Serum",3.2491809591779966e-06,46,0.0,6.5804983783363125e-06
1947,"Cadmium, Serum",3.2491809591779966e-06,46,2.2635957218040857e-05,6.294389753191256e-06
7822,Serine Quantitative Serum or Plasma,3.1785465905002144e-06,45,0.0,6.4374440657637845e-06
2688,Chlamydia trachomatis Antibody IgM Titer,3.1785465905002144e-06,45,3.395393582706129e-05,6.008281128046199e-06
7811,Ribonucleoprotein Extractable Nuclear Antibody Qualitative Serum,3.1785465905002144e-06,45,1.1317978609020428e-05,6.294389753191256e-06
5305,Pecan or Hickory Tree Antibody IgE (Carya illinoinensis),3.1785465905002144e-06,45,0.0,6.4374440657637845e-06
11746,West Nile Virus Antibody IgM Qualitative Serum,3.1785465905002144e-06,45,0.0,6.4374440657637845e-06
137,Fungal Stain,3.107912221822432e-06,44,1.1317978609020428e-05,6.151335440618727e-06
12614,Human coronavirus NL63 RNA Unspecified Specimen Probe and Target Amplification Method,3.107912221822432e-06,44,0.0,6.294389753191256e-06
2829,Streptococcus pneumoniae 20 Antibody IgG,3.107912221822432e-06,44,0.0,6.294389753191256e-06
6666,DNA double strand Antibody Titer Serum,3.107912221822432e-06,44,0.0,6.294389753191256e-06
12822,Salmonella sp. DNA Unspecified Specimen Probe and Target Amplification Method,3.107912221822432e-06,44,1.1317978609020428e-05,6.151335440618727e-06
5017,Mugwort Antibody IgE RAST (Artemisia vulgaris),3.107912221822432e-06,44,1.1317978609020428e-05,6.151335440618727e-06
5569,Rat urine proteins Antibody IgE,3.107912221822432e-06,44,0.0,6.294389753191256e-06
6529,"BK Virus DNA Viral Load, Serum PCR",3.107912221822432e-06,44,0.0,6.294389753191256e-06
2295,Influenza A Antigen IFA Qualitative,3.107912221822432e-06,44,1.1317978609020428e-05,6.151335440618727e-06
2356,Herpes simplex 1 Antigen,3.107912221822432e-06,44,0.0,6.294389753191256e-06
2423,Streptococcus A PCR,3.0372778531446492e-06,43,1.1317978609020428e-05,6.008281128046199e-06
4836,Lobster Antibody IgE (Homarus gammarus),3.0372778531446492e-06,43,0.0,6.151335440618727e-06
431,"HIV1 Antibody Western Blot, Interpretation",3.0372778531446492e-06,43,3.395393582706129e-05,5.722172502901142e-06
1821,Respiratory Syncytial Virus Antibody Rapid Screen,3.0372778531446492e-06,43,0.0,6.151335440618727e-06
555,Branhamella catarrhalis test,3.0372778531446492e-06,43,0.0,6.151335440618727e-06
2830,Streptococcus pneumoniae 22 Antibody IgG,3.0372778531446492e-06,43,0.0,6.151335440618727e-06
12464,Hepatitis B Virus DNA Viral Load Log IU Serum or Plasma Probe and Target Amplification Method,3.0372778531446492e-06,43,1.1317978609020428e-05,6.008281128046199e-06
1202,"Osmolality, Urine 24 hr",3.0372778531446492e-06,43,2.2635957218040857e-05,5.86522681547367e-06
6627,"Creatinine Quantitative, Urine 24 hr",3.0372778531446492e-06,43,0.0,6.151335440618727e-06
20775,Escherichia coli enteroaggregative pAA plasmid aggR+aatA genes Stool Target Amp Non-Probe Detect,3.0372778531446492e-06,43,3.395393582706129e-05,5.722172502901142e-06
7837,Smooth muscle Antibody Qualitative Serum,3.0372778531446492e-06,43,0.0,6.151335440618727e-06
3913,Crab Antibody IgE RAST (Cancer pagurus),3.0372778531446492e-06,43,0.0,6.151335440618727e-06
384,"CD4 Helper T Cells Unk Result (Count, % or Absolute Count)",3.0372778531446492e-06,43,1.1317978609020428e-05,6.008281128046199e-06
16443,Blood Gas Oxygen Saturation Pure Mass Fraction Calculated from Oxygen Partial Pressure Arterial Bld,2.9666434844668666e-06,42,2.2635957218040857e-05,5.722172502901142e-06
6823,Glycine Quantitative Serum/Plasma,2.9666434844668666e-06,42,0.0,6.008281128046199e-06
806,Alkaline Phosphatase Fractionation,2.9666434844668666e-06,42,0.0,6.008281128046199e-06
1992,"Mercury, Serum",2.9666434844668666e-06,42,1.1317978609020428e-05,5.86522681547367e-06
6687,Eosinophils Qualitative Stool Wright stain,2.9666434844668666e-06,42,0.0,6.008281128046199e-06
654,Lyme disease (Borrelia burgdorferi) Western Blot,2.9666434844668666e-06,42,1.1317978609020428e-05,5.86522681547367e-06
6750,Fat neutral Qualitative Stool,2.9666434844668666e-06,42,0.0,6.008281128046199e-06
1807,HIV 1+2 Antibody Qualitative Rapid Immunoassay,2.9666434844668666e-06,42,3.395393582706129e-05,5.579118190328613e-06
12101,Proinsulin Quantitative Serum or Plasma,2.9666434844668666e-06,42,1.1317978609020428e-05,5.86522681547367e-06
5662,Rye Antibody IgE (Secale cereale),2.896009115789084e-06,41,0.0,5.86522681547367e-06
7098,"Mumps Antibody IgG Immunoassay, Serum Quantitative",2.896009115789084e-06,41,0.0,5.86522681547367e-06
14383,Mycobacterium tuberculosis Stimulated Gamma Interferon Quantitative Corrected for Background Blood,2.896009115789084e-06,41,1.1317978609020428e-05,5.722172502901142e-06
6602,Complement Total Hemolytic CH50 Quantitative Serum/Plasma,2.896009115789084e-06,41,0.0,5.86522681547367e-06
1967,Dengue Fever Antibody IgG Quantitative Serum,2.896009115789084e-06,41,0.0,5.86522681547367e-06
2357,Herpes simplex 2 Antigen,2.896009115789084e-06,41,0.0,5.86522681547367e-06
1756,Rickettsia rickettsii Antibody IgM,2.896009115789084e-06,41,1.1317978609020428e-05,5.722172502901142e-06
837,"Bicarbonate HCO3, Mixed Unknown Specimen",2.896009115789084e-06,41,0.0,5.86522681547367e-06
1018,Giardia lamblia Antibody IgG,2.896009115789084e-06,41,1.1317978609020428e-05,5.722172502901142e-06
721,Syphilis (Treponema pallidum) MHATP Antibody,2.896009115789084e-06,41,3.395393582706129e-05,5.436063877756084e-06
12759,Parainfluenza Virus 3 RNA Unspecified Specimen Probe and Target Amplification Method,2.896009115789084e-06,41,2.2635957218040857e-05,5.579118190328613e-06
522,Tularemia Antibody,2.896009115789084e-06,41,0.0,5.86522681547367e-06
2828,Streptococcus pneumoniae 2 Antibody IgG,2.8253747471113015e-06,40,0.0,5.722172502901142e-06
1327,"Toxic Screen, Urine",2.8253747471113015e-06,40,1.1317978609020428e-05,5.579118190328613e-06
12613,Human coronavirus HKU1 RNA Unspecified Specimen Probe and Target Amplification Method,2.8253747471113015e-06,40,0.0,5.722172502901142e-06
17728,Escherichia coli enteropathogenic PCR (EPEC),2.8253747471113015e-06,40,0.0,5.722172502901142e-06
167,AFB Smear/Stain,2.8253747471113015e-06,40,0.0,5.722172502901142e-06
2369,SARS Coronavirus RNA,2.8253747471113015e-06,40,0.0,5.722172502901142e-06
7101,"Mycophenolate, Serum/Plasma",2.8253747471113015e-06,40,1.1317978609020428e-05,5.579118190328613e-06
6903,Herpes simplex 1+2 Antibody IgG Quantitative Serum Immunoassay,2.754740378433519e-06,39,0.0,5.579118190328613e-06
3141,Barley Antibody IgE RAST (Hordeum vulgare),2.754740378433519e-06,39,0.0,5.579118190328613e-06
9056,Amiodarone ug/mL Serum or Plasma,2.754740378433519e-06,39,0.0,5.579118190328613e-06
4915,Marsh Elder Antibody IgE (Iva ciliata),2.754740378433519e-06,39,0.0,5.579118190328613e-06
12089,Norovirus 2 RNA Stool Probe and Target Amplification,2.754740378433519e-06,39,0.0,5.579118190328613e-06
2321,Purified Protein Derivative (PPD),2.754740378433519e-06,39,5.6589893045102146e-05,4.86384662746597e-06
5728,Scallop Antibody IgE (Pecten),2.754740378433519e-06,39,0.0,5.579118190328613e-06
2151,Streptococcus pneumoniae Antibody IgG Type 3,2.754740378433519e-06,39,0.0,5.579118190328613e-06
11733,West Nile Virus Antibody IgG Qualitative Serum,2.754740378433519e-06,39,0.0,5.579118190328613e-06
749,Lyme disease (Borrelia burgdorferi) ELISA,2.754740378433519e-06,39,1.1317978609020428e-05,5.436063877756084e-06
1782,Amoebic Antibody,2.754740378433519e-06,39,2.2635957218040857e-05,5.293009565183556e-06
823,Angiotensin I CSF,2.754740378433519e-06,39,1.1317978609020428e-05,5.436063877756084e-06
6907,"Herpes simplex Antibody IgM, Serum Qualitative",2.6841060097557363e-06,38,2.2635957218040857e-05,5.149955252611027e-06
6822,Glutamine Quantitative Serum/Plasma,2.6841060097557363e-06,38,0.0,5.436063877756084e-06
2003,Rickettsia Antibody,2.6841060097557363e-06,38,1.1317978609020428e-05,5.293009565183556e-06
9110,Amphetamine ng/mL Urine Confirmatory Method,2.6841060097557363e-06,38,0.0,5.436063877756084e-06
12975,Rubella Virus Antibody IgM Serum Immunoassay,2.6841060097557363e-06,38,0.0,5.436063877756084e-06
11939,Human Papilloma Virus High and Low Risk DNA Panel Cervix,2.6841060097557363e-06,38,0.0,5.436063877756084e-06
1220,"Porphobilinogen, Urine 24 hr",2.6841060097557363e-06,38,2.2635957218040857e-05,5.149955252611027e-06
6415,"10-Hydroxycarbazepine Quantitative, Serum",2.613471641077954e-06,37,0.0,5.293009565183556e-06
2602,Q Fever (Coxiella burnetii) Phase 2 Antibody IgG,2.613471641077954e-06,37,0.0,5.293009565183556e-06
2019,Aspergillus Antibody IgG,2.613471641077954e-06,37,1.1317978609020428e-05,5.149955252611027e-06
5079,Oat Antibody IgE RAST (Avena sativa),2.613471641077954e-06,37,0.0,5.293009565183556e-06
2827,Streptococcus pneumoniae 17 Antibody IgG,2.613471641077954e-06,37,0.0,5.293009565183556e-06
696,Salmonella Group - VI,2.613471641077954e-06,37,0.0,5.293009565183556e-06
7884,Tissue Transglutaminase Antibody IgG Quantitative Serum,2.613471641077954e-06,37,3.395393582706129e-05,4.86384662746597e-06
6263,White Birch Antibody IgE RAST (Betula populifolia),2.613471641077954e-06,37,1.1317978609020428e-05,5.149955252611027e-06
1091,Hemoglobin 1 Abnormal,2.613471641077954e-06,37,1.1317978609020428e-05,5.149955252611027e-06
5663,Rye Antibody IgE RAST (Secale cereale),2.613471641077954e-06,37,0.0,5.293009565183556e-06
6494,"Auer rods Qualitative, Blood Light Microscopy",2.5428372724001715e-06,36,1.1317978609020428e-05,5.006900940038498e-06
1168,MHATP (Microhemagglutination Treponema pallidum),2.5428372724001715e-06,36,0.0,5.149955252611027e-06
184,Clostridium difficile Toxin EIA Unspecified Toxin,2.5428372724001715e-06,36,0.0,5.149955252611027e-06
2785,HistoplasmaAntigen Urine,2.5428372724001715e-06,36,0.0,5.149955252611027e-06
7149,"Nordiazepam Screen, Serum/Plasma",2.472202903722389e-06,35,0.0,5.006900940038498e-06
8212,Streptococcal DNAse B Titer Serum,2.472202903722389e-06,35,0.0,5.006900940038498e-06
389,CD45 Leukocyte Common Antigen,2.472202903722389e-06,35,0.0,5.006900940038498e-06
4654,Johnson grass Antibody IgE RAST (Sorghum halepense),2.472202903722389e-06,35,0.0,5.006900940038498e-06
8937,Potassium Capillary Blood Quantitative,2.472202903722389e-06,35,5.6589893045102146e-05,4.291629377175856e-06
6611,"Cortisol Quantitative Serum/Plasma, PM trough",2.472202903722389e-06,35,0.0,5.006900940038498e-06
655,Measles (Rubeola) Antibody,2.472202903722389e-06,35,0.0,5.006900940038498e-06
657,Measles (Rubeola) Antibody IgM,2.472202903722389e-06,35,0.0,5.006900940038498e-06
2150,Streptococcus pneumoniae Antibody IgG Type 14,2.472202903722389e-06,35,0.0,5.006900940038498e-06
2152,Streptococcus pneumoniae Antibody IgG Type 7F,2.472202903722389e-06,35,0.0,5.006900940038498e-06
2826,Streptococcus pneumoniae 19 Antibody,2.472202903722389e-06,35,0.0,5.006900940038498e-06
11425,Valproate Free ug/mL Serum or Plasma,2.472202903722389e-06,35,0.0,5.006900940038498e-06
2905,Alternaria alternata Antibody IgE RAST,2.472202903722389e-06,35,1.1317978609020428e-05,4.86384662746597e-06
1792,Chlamydia trachomatis Test,2.472202903722389e-06,35,0.0,5.006900940038498e-06
11469,Voriconazole Mass Concentrate Serum or Plasma,2.472202903722389e-06,35,0.0,5.006900940038498e-06
2153,Streptococcus pneumoniae Antibody IgG Type 9N,2.472202903722389e-06,35,0.0,5.006900940038498e-06
7739,Phosphatidylserine Antibody IgG Qualitative Serum Immunoassay,2.4015685350446064e-06,34,0.0,4.86384662746597e-06
5283,Peanut recombinant (rAra h) 1 Antibody IgE (Arachis hypogaea),2.4015685350446064e-06,34,0.0,4.86384662746597e-06
6910,"Histidine, Serum/Plasma Quantitative",2.4015685350446064e-06,34,0.0,4.86384662746597e-06
8939,"Sodium, Capillary Blood Quantitative",2.4015685350446064e-06,34,5.6589893045102146e-05,4.148575064603328e-06
176,Bacterial Identification Miscellaneous,2.4015685350446064e-06,34,0.0,4.86384662746597e-06
23267,Klebsiella pneumoniae DNA Presence Target Amp w Non Probe Based Detection Positive Blood Culture,2.4015685350446064e-06,34,1.1317978609020428e-05,4.7207923148934415e-06
2211,"Cystine, Urine",2.4015685350446064e-06,34,1.1317978609020428e-05,4.7207923148934415e-06
2169,"18-Hydroxycorticosterone, Serum",2.4015685350446064e-06,34,0.0,4.86384662746597e-06
2047,Coccidioides immitis Antibody,2.4015685350446064e-06,34,1.1317978609020428e-05,4.7207923148934415e-06
12436,Escherichia coli DNA Unspecified Specimen Probe and Target Amplification Method,2.4015685350446064e-06,34,0.0,4.86384662746597e-06
1213,"Phosphorous, Urine",2.4015685350446064e-06,34,0.0,4.86384662746597e-06
1993,"Mercury, Urine",2.4015685350446064e-06,34,2.2635957218040857e-05,4.5777380023209135e-06
2312,"Aldosterone, Urine",2.4015685350446064e-06,34,0.0,4.86384662746597e-06
16528,Specific Gravity Urine Refractometry,2.4015685350446064e-06,34,0.0,4.86384662746597e-06
6897,Herpes simplex 1 Antibody IgG Qualitative Serum,2.3309341663668238e-06,33,0.0,4.7207923148934415e-06
1194,"N-Telopeptide, Urine",2.3309341663668238e-06,33,0.0,4.7207923148934415e-06
2950,American Sycamore Antibody IgE RAST (Platanus occidentalis),2.3309341663668238e-06,33,1.1317978609020428e-05,4.5777380023209135e-06
6866,Hepatitis A Antibody IgM Qualitative Serum/Plasma Immunoassay,2.3309341663668238e-06,33,1.1317978609020428e-05,4.5777380023209135e-06
6671,Ehrlichia chaffeensis Antibody IgG Titer Serum,2.3309341663668238e-06,33,0.0,4.7207923148934415e-06
971,Differential Blood,2.3309341663668238e-06,33,0.0,4.7207923148934415e-06
995,"Sedimentation Rate, Erythrocyte Wintrobe",2.3309341663668238e-06,33,0.0,4.7207923148934415e-06
1956,"Chloride, Sweat",2.3309341663668238e-06,33,0.0,4.7207923148934415e-06
2043,Chlamydia trachomatis Antigen,2.3309341663668238e-06,33,0.0,4.7207923148934415e-06
20810,Salmonella enterica+bongori DNA Presence Stool Target Amplification with Non-Probe Based Detection,2.3309341663668238e-06,33,0.0,4.7207923148934415e-06
14375,Mycobacterium tuberculosis Complex rRNA Qualitative Unspecified Specimen DNA probe,2.3309341663668238e-06,33,1.1317978609020428e-05,4.5777380023209135e-06
4547,Horse dander Antibody IgE,2.260299797689041e-06,32,0.0,4.5777380023209135e-06
6250,White Ash Antibody IgE RAST (Fraxinus americana),2.260299797689041e-06,32,1.1317978609020428e-05,4.434683689748385e-06
3822,Common Pigweed Antibody IgE RAST (Pigweed common),2.260299797689041e-06,32,1.1317978609020428e-05,4.434683689748385e-06
7774,Protein C Actual/Normal Platelet Poor Plasma Coagulation Assay,2.260299797689041e-06,32,0.0,4.5777380023209135e-06
2147,Salmonella H Agglutinins Group B,2.260299797689041e-06,32,1.1317978609020428e-05,4.434683689748385e-06
5764,Sheep Sorrel Antibody IgE RAST (Rumex acetosella),2.260299797689041e-06,32,1.1317978609020428e-05,4.434683689748385e-06
6281,White mulberry Antibody IgE RAST (Morus alba),2.260299797689041e-06,32,1.1317978609020428e-05,4.434683689748385e-06
7361,Lyme disease (Borrelia burgdorferi) Antibody IgM Qualitative Serum,2.260299797689041e-06,32,0.0,4.5777380023209135e-06
4355,Goosefoot Antibody IgE RAST (Chenopodium album) Lamb Quarters,2.260299797689041e-06,32,0.0,4.5777380023209135e-06
6349,Yellow Dock Antibody IgE (Rumex crispus),2.260299797689041e-06,32,0.0,4.5777380023209135e-06
36,"Cerebral Spinal Fluid, (Indicative Infection)",2.1896654290112586e-06,31,0.0,4.434683689748385e-06
17725,Escherichia coli enteroaggregative PCR (EAggEC),2.1896654290112586e-06,31,2.2635957218040857e-05,4.148575064603328e-06
1948,"Cadmium, Urine",2.1896654290112586e-06,31,2.2635957218040857e-05,4.148575064603328e-06
10596,Nicotine ng/mL Serum or Plasma,2.1896654290112586e-06,31,1.1317978609020428e-05,4.291629377175856e-06
545,Blastomyces dermatitidis Antibody Quantitative Serum,2.1896654290112586e-06,31,0.0,4.434683689748385e-06
2503,Ehrlichia chaffeensis DNA,2.1896654290112586e-06,31,0.0,4.434683689748385e-06
5354,Perennial rye grass Antibody IgE (Lolium perenne),2.1896654290112586e-06,31,0.0,4.434683689748385e-06
3178,Beef Antibody IgE,2.1896654290112586e-06,31,0.0,4.434683689748385e-06
664,Mumps Antibody IgM,2.1896654290112586e-06,31,0.0,4.434683689748385e-06
1874,"Glucose, Urine .5 hr",2.1896654290112586e-06,31,0.0,4.434683689748385e-06
2517,HIV1 P51 Antibody,2.1896654290112586e-06,31,0.0,4.434683689748385e-06
7113,"Neisseria gonorrhoeae DNA Probe and Target Amplification, Genital",2.1896654290112586e-06,31,1.1317978609020428e-05,4.291629377175856e-06
6429,"Acetylcholine Receptor Binding Antibody Quantitative, Serum",2.1896654290112586e-06,31,0.0,4.434683689748385e-06
278,Malaria Smear,2.119031060333476e-06,30,0.0,4.291629377175856e-06
976,Differential Synovial,2.119031060333476e-06,30,0.0,4.291629377175856e-06
1017,Giardia lamblia Antibody IgA,2.119031060333476e-06,30,1.1317978609020428e-05,4.148575064603328e-06
2108,Histoplasma Mycelia Antibody,2.119031060333476e-06,30,0.0,4.291629377175856e-06
1064,"HCG Beta, Unknown Specimen",2.119031060333476e-06,30,0.0,4.291629377175856e-06
5056,Nettle Antibody IgE (Urtica dioica),2.119031060333476e-06,30,0.0,4.291629377175856e-06
6441,"Alkaline Phosphatase Bone/Alkaline Phosphatase Total, Serum",2.119031060333476e-06,30,1.1317978609020428e-05,4.148575064603328e-06
20764,Campylobacter coli+jejuni+upsaliensis DNA Presence Stool Target Amp with Non-Probe Based Detection,2.119031060333476e-06,30,0.0,4.291629377175856e-06
3887,Cow dander Antibody IgE,2.119031060333476e-06,30,0.0,4.291629377175856e-06
1960,"Copper, Urine",2.119031060333476e-06,30,1.1317978609020428e-05,4.148575064603328e-06
20812,Shigella sp. +EIEC Invasion Plasmid Antigen H (ipaH) Gene Stool Target Amp with Non-Probe Detect,2.048396691655694e-06,29,0.0,4.148575064603328e-06
8765,Chlamydia trachomatis rRNA Qualitative Urine DNA Probe,2.048396691655694e-06,29,1.1317978609020428e-05,4.005520752030799e-06
1500,Mononuclear Percent Blood Manual Count,2.048396691655694e-06,29,0.0,4.148575064603328e-06
12612,Human coronavirus 229E RNA Unspecified Specimen Probe and Target Amplification Method,2.048396691655694e-06,29,1.1317978609020428e-05,4.005520752030799e-06
6813,Glucose Quantitative Serum/Plasma 3 hrs Post dose Glucose,2.048396691655694e-06,29,0.0,4.148575064603328e-06
718,Streptolysin Test,2.048396691655694e-06,29,1.1317978609020428e-05,4.005520752030799e-06
2162,Toxoplasma Antibody IgA,2.048396691655694e-06,29,0.0,4.148575064603328e-06
6677,Endomysium Antibody IgA Qualitative Serum,2.048396691655694e-06,29,0.0,4.148575064603328e-06
2023,Bartonella henselae Antibody IgM Qualitative,2.048396691655694e-06,29,0.0,4.148575064603328e-06
7173,"Opiates, Meconium Qualitative",2.048396691655694e-06,29,0.0,4.148575064603328e-06
7828,Sjogrens Syndrome-A Extractable Nuclear Antibody Serum,2.048396691655694e-06,29,2.2635957218040857e-05,3.862466439458271e-06
6280,White mulberry Antibody IgE (Morus alba),2.048396691655694e-06,29,0.0,4.148575064603328e-06
12848,Streptococcus sp. DNA Blood Probe and Target Amplification Method,1.9777623229779112e-06,28,2.2635957218040857e-05,3.719412126885742e-06
6749,Factor X Activity Actual/Normal Platelet Poor Plasma Coagulation Assay,1.9777623229779112e-06,28,1.1317978609020428e-05,3.862466439458271e-06
2714,Hepatitis A Antibody (Anti HAV) IgM Qualitative,1.9777623229779112e-06,28,1.1317978609020428e-05,3.862466439458271e-06
2146,Salmonella H Agglutinins Group A,1.9777623229779112e-06,28,0.0,4.005520752030799e-06
2114,Influenza A Type H1N1,1.9777623229779112e-06,28,1.1317978609020428e-05,3.862466439458271e-06
663,Mumps Antibody,1.9777623229779112e-06,28,0.0,4.005520752030799e-06
990,Epstein Barr Virus (EBV) PCR CSF,1.9777623229779112e-06,28,0.0,4.005520752030799e-06
2276,"Alpha-1 Antitrypsin, Stool",1.9777623229779112e-06,28,0.0,4.005520752030799e-06
2305,"Porphyrins, Urine 24 hr",1.9777623229779112e-06,28,1.1317978609020428e-05,3.862466439458271e-06
4115,English Plantain Antibody IgE RAST (Plantago lanceolata),1.9777623229779112e-06,28,0.0,4.005520752030799e-06
7926,von Willebrand Factor (vWf) Antibody Quantitative Platelet Poor Plasma Immunologic Method,1.9777623229779112e-06,28,0.0,4.005520752030799e-06
869,Candida Antibody,1.9777623229779112e-06,28,1.1317978609020428e-05,3.862466439458271e-06
7512,Syphilis (Treponema pallidum) Antibody IgG Quantitative Serum Immunofluorescence,1.9777623229779112e-06,28,0.0,4.005520752030799e-06
904,Cholesterol Total and Triglyceride,1.9777623229779112e-06,28,0.0,4.005520752030799e-06
2518,HIV1 P55 Antibody,1.9071279543001284e-06,27,0.0,3.862466439458271e-06
1070,"HCG Intact + Beta, Serum Quantitative",1.9071279543001284e-06,27,1.1317978609020428e-05,3.719412126885742e-06
11493,Zonisamide ug/mL Serum or Plasma,1.9071279543001284e-06,27,0.0,3.862466439458271e-06
8881,Rickettsia rickettsii Antibody IgG Titer Serum,1.9071279543001284e-06,27,0.0,3.862466439458271e-06
1576,UA Extons,1.9071279543001284e-06,27,0.0,3.862466439458271e-06
7152,"Normetanephrine Mass/Time, Urine 24 hr",1.9071279543001284e-06,27,1.1317978609020428e-05,3.719412126885742e-06
6477,"Anabasine Quantitative, Urine",1.9071279543001284e-06,27,1.1317978609020428e-05,3.719412126885742e-06
2756,Rickettsia typhi (Murine Typhus) Antibody IgG Quantitative,1.9071279543001284e-06,27,0.0,3.862466439458271e-06
794,Mycobacterium avium ID,1.836493585622346e-06,26,0.0,3.719412126885742e-06
312,Rickettsia rickettsii Antibody,1.836493585622346e-06,26,0.0,3.719412126885742e-06
6486,"Antithrombin Quantitative, Platelet Poor Plasma Chromogenic Method",1.836493585622346e-06,26,1.1317978609020428e-05,3.5763578143132136e-06
2319,"Haloperidol, Serum",1.836493585622346e-06,26,0.0,3.719412126885742e-06
7125,"Neutrophil Cytoplasmic Antibody Titer, Serum",1.836493585622346e-06,26,1.1317978609020428e-05,3.5763578143132136e-06
6606,"Cortisol Free Quantitative, Urine 24 hr",1.836493585622346e-06,26,0.0,3.719412126885742e-06
7131,"Neutrophils Band Form Percent, CSF Manual",1.836493585622346e-06,26,0.0,3.719412126885742e-06
6495,"Babesia microti Antibody IgG Titer, Serum",1.836493585622346e-06,26,0.0,3.719412126885742e-06
6978,"Insulin Free, Serum/Plasma Quantitative",1.836493585622346e-06,26,0.0,3.719412126885742e-06
1991,Legionella pneumophila Antibody IgM,1.836493585622346e-06,26,0.0,3.719412126885742e-06
6841,Hemoglobin A2/Hemoglobin Total Blood,1.836493585622346e-06,26,0.0,3.719412126885742e-06
2148,Salmonella H Agglutinins Group D,1.836493585622346e-06,26,0.0,3.719412126885742e-06
2801,Lyme disease (Borrelia burgdorferi) Antibody Quantitative,1.836493585622346e-06,26,0.0,3.719412126885742e-06
1263,PT Baseline,1.836493585622346e-06,26,1.1317978609020428e-05,3.5763578143132136e-06
7080,"Mitochondria Antibody Immunofluorescence, Serum Qualitative",1.836493585622346e-06,26,0.0,3.719412126885742e-06
1090,Hemoglobin and Hematocrit,1.836493585622346e-06,26,0.0,3.719412126885742e-06
1940,Bartonella quintana Antibody IgG,1.836493585622346e-06,26,0.0,3.719412126885742e-06
268,HIV1 Viral Load,1.836493585622346e-06,26,4.5271914436081714e-05,3.147194876595628e-06
5285,Peanut recombinant (rAra h) 3 Antibody IgE (Arachis hypogaea),1.836493585622346e-06,26,0.0,3.719412126885742e-06
5355,Perennial rye grass Antibody IgE RAST (Lolium perenne),1.836493585622346e-06,26,0.0,3.719412126885742e-06
20809,Rotavirus A RNA Presence Stool Target Amplification with Non-Probe Based Detection,1.836493585622346e-06,26,0.0,3.719412126885742e-06
4928,Meadow Fescue Antibody IgE (Festuca elatior),1.836493585622346e-06,26,0.0,3.719412126885742e-06
7813,Ribonucleoprotein Extractable Nuclear Antibody Quantitative Serum,1.7658592169445635e-06,25,1.1317978609020428e-05,3.4333035017406847e-06
7006,"Legionella pneumophilia 1 Antigen Immunoassay, Urine Qualitative",1.7658592169445635e-06,25,0.0,3.5763578143132136e-06
4587,House dust Hollister Stier Antibody IgE,1.7658592169445635e-06,25,1.1317978609020428e-05,3.4333035017406847e-06
2562,Copper Blood,1.7658592169445635e-06,25,0.0,3.5763578143132136e-06
6927,"HIV 1+2 Antibodies, Serum Interpretation",1.7658592169445635e-06,25,2.2635957218040857e-05,3.2902491891681563e-06
1932,Babesia microti Antibody IgG,1.7658592169445635e-06,25,0.0,3.5763578143132136e-06
3704,Clam Antibody IgE (Ruditapes),1.7658592169445635e-06,25,0.0,3.5763578143132136e-06
2059,"Creatinine, Dialysate",1.7658592169445635e-06,25,0.0,3.5763578143132136e-06
2324,Strongyloides sp. Antibody IgG Units/volume Serum,1.7658592169445635e-06,25,1.1317978609020428e-05,3.4333035017406847e-06
1941,Bartonella quintana Antibody IgM,1.7658592169445635e-06,25,0.0,3.5763578143132136e-06
2387,Bartonella quintana Antibody IgG Titer,1.7658592169445635e-06,25,0.0,3.5763578143132136e-06
800,"Acetest, Urine",1.7658592169445635e-06,25,0.0,3.5763578143132136e-06
2704,Babesia sp. Tissue by Giemsa stain,1.7658592169445635e-06,25,0.0,3.5763578143132136e-06
2984,Apple Antibody IgE (Malus sylvestris),1.7658592169445635e-06,25,0.0,3.5763578143132136e-06
6796,Gliadin Antibody IgG Quantitative Serum,1.7658592169445635e-06,25,0.0,3.5763578143132136e-06
1493,Mixing Studies,1.7658592169445635e-06,25,0.0,3.5763578143132136e-06
2083,Epstein Barr Viral Capsid Antibody,1.7658592169445635e-06,25,0.0,3.5763578143132136e-06
5639,Rice Antibody IgE (Oryza sativa),1.6952248482667809e-06,24,0.0,3.4333035017406847e-06
5657,Rough Pigweed Antibody IgE,1.6952248482667809e-06,24,0.0,3.4333035017406847e-06
23178,Enterococcus sp. DNA Presence Target Amp w Non Probe Based Detection Positive Blood Culture,1.6952248482667809e-06,24,1.1317978609020428e-05,3.2902491891681563e-06
20780,Escherichia coli Shiga-like toxin 1+2 (stx1+stx2) Genes Stool Target Amp with Non-Probe Detect,1.6952248482667809e-06,24,0.0,3.4333035017406847e-06
17758,Dengue Virus Antibody IgM Presence Serum,1.6952248482667809e-06,24,0.0,3.4333035017406847e-06
6442,"Alkaline Phosphatase Intestinal/Alkaline Phosphatase Total, Serum",1.6952248482667809e-06,24,0.0,3.4333035017406847e-06
2511,HIV1 Glycoprotein 160 Antibody,1.6952248482667809e-06,24,0.0,3.4333035017406847e-06
2483,Anaplasma Antibody IgG,1.6952248482667809e-06,24,0.0,3.4333035017406847e-06
2891,Almond Antibody IgE RAST (Prunus dulcis),1.6952248482667809e-06,24,0.0,3.4333035017406847e-06
7062,"Metanephrine, Urine 24 hr Mass/Time",1.6952248482667809e-06,24,1.1317978609020428e-05,3.2902491891681563e-06
505,T Cell Total Percent,1.6952248482667809e-06,24,2.2635957218040857e-05,3.147194876595628e-06
1404,Buffy Coat Smear,1.6952248482667809e-06,24,0.0,3.4333035017406847e-06
21186,Carnitine Moles/volume Serum or Plasma,1.6952248482667809e-06,24,1.1317978609020428e-05,3.2902491891681563e-06
1241,"Protein Electrophoresis, CSF",1.6952248482667809e-06,24,0.0,3.4333035017406847e-06
2215,"Estriol, Serum",1.6952248482667809e-06,24,0.0,3.4333035017406847e-06
2225,Factor VIII Inhibitor Assay,1.6952248482667809e-06,24,0.0,3.4333035017406847e-06
6620,Creatine Kinase MB/Creatine Kinase Total Serum/Plasma Electrophoresis,1.6952248482667809e-06,24,0.0,3.4333035017406847e-06
6692,"Epinephrine Quantitative, Urine 24 hr",1.6952248482667809e-06,24,1.1317978609020428e-05,3.2902491891681563e-06
492,Parainfluenza Type2,1.6952248482667809e-06,24,0.0,3.4333035017406847e-06
2510,HIV1 Glycoprotein 120 Antibody,1.6952248482667809e-06,24,0.0,3.4333035017406847e-06
4558,Horse hair and dander Antibody IgE RAST,1.6952248482667809e-06,24,0.0,3.4333035017406847e-06
4578,House dust Greer Antibody IgE,1.6952248482667809e-06,24,0.0,3.4333035017406847e-06
1696,HTLV I/II Antibody IgG,1.6952248482667809e-06,24,0.0,3.4333035017406847e-06
7123,"Neutrophil Cytoplasmic Antibody Perinuclear Titer Immunofluorescence, Serum",1.6952248482667809e-06,24,0.0,3.4333035017406847e-06
3888,Cow dander Antibody IgE RAST,1.6952248482667809e-06,24,0.0,3.4333035017406847e-06
3789,Codfish Antibody IgE RAST (Gadus morhua),1.6952248482667809e-06,24,0.0,3.4333035017406847e-06
322,Stool Culture E coli O157:H7,1.6952248482667809e-06,24,0.0,3.4333035017406847e-06
12963,Rubella Virus Antibody IgG Serum,1.6952248482667809e-06,24,0.0,3.4333035017406847e-06
12881,Varicella zoster Virus DNA Qualitative Serum Probe and Target Amplification Method,1.6952248482667809e-06,24,1.1317978609020428e-05,3.2902491891681563e-06
20779,Escherichia coli O157 DNA Presence Stool Target Amplification with Non-Probe Based Detection,1.6245904795889983e-06,23,0.0,3.2902491891681563e-06
1749,"Glucose GTT, Serum 0 hr",1.6245904795889983e-06,23,0.0,3.2902491891681563e-06
9986,Gentamicin umol/L Serum or Plasma Peak,1.6245904795889983e-06,23,1.1317978609020428e-05,3.147194876595628e-06
9854,Felbamate ug/mL Serum or Plasma,1.6245904795889983e-06,23,0.0,3.2902491891681563e-06
258,Streptococcus agalactiae Screen,1.6245904795889983e-06,23,0.0,3.2902491891681563e-06
5160,Oyster Antibody IgE (Ostrea edulis),1.6245904795889983e-06,23,0.0,3.2902491891681563e-06
2264,"Thallium, Urine",1.6245904795889983e-06,23,2.2635957218040857e-05,3.0041405640230994e-06
2601,Q Fever (Coxiella burnetii) Phase 1 Antibody IgG,1.6245904795889983e-06,23,0.0,3.2902491891681563e-06
365,Cryptosporidium,1.6245904795889983e-06,23,1.1317978609020428e-05,3.147194876595628e-06
6072,Tomato Antibody IgE (Lycopersicon lycopersicum),1.553956110911216e-06,22,0.0,3.147194876595628e-06
4579,House dust Greer Antibody IgE RAST,1.553956110911216e-06,22,0.0,3.147194876595628e-06
6901,Herpes simplex 1+2 Antibody IgM Quantitative Serum Immunoassay,1.553956110911216e-06,22,0.0,3.147194876595628e-06
13750,HIV1 RNA Viral Load Serum or Plasma DNA Probe,1.553956110911216e-06,22,0.0,3.147194876595628e-06
6980,"Insulin-like Growth Factor Binding Protien 3, Serum/Plasma Quantitative",1.553956110911216e-06,22,0.0,3.147194876595628e-06
12018,Citrulline Quantitative Serum or Plasma,1.553956110911216e-06,22,0.0,3.147194876595628e-06
3483,Cashew Nut Antibody IgE RAST (Anacardium occidentale),1.553956110911216e-06,22,0.0,3.147194876595628e-06
7743,Phosphatidylserine Antibody IgM Serum Immunoassay,1.553956110911216e-06,22,0.0,3.147194876595628e-06
378,CD45 Leukocyte Common Antigen Pathology Immunoperoxidase Stain,1.553956110911216e-06,22,0.0,3.147194876595628e-06
17754,Dengue Virus Antibody IgG Presence Serum,1.553956110911216e-06,22,0.0,3.147194876595628e-06
1866,"Blood Urea Nitrogen, Body Fluid",1.553956110911216e-06,22,0.0,3.147194876595628e-06
1727,"Lyme disease (Borrelia burgdorferi) Antibody IgG, CSF",1.553956110911216e-06,22,0.0,3.147194876595628e-06
5463,Pork Antibody IgE,1.553956110911216e-06,22,0.0,3.147194876595628e-06
4458,Hazelnut Antibody IgE RAST (Corylus avellana),1.553956110911216e-06,22,0.0,3.147194876595628e-06
842,"Bicarbonate HCO3, Serum",1.553956110911216e-06,22,0.0,3.147194876595628e-06
6628,Creatinine Renal Clearance 24 hr,1.553956110911216e-06,22,0.0,3.147194876595628e-06
3316,Brazil Nut Antibody IgE RAST (Bertholletia excelsa),1.553956110911216e-06,22,0.0,3.147194876595628e-06
6479,"Anaplasma phagocytophilum Antibody IgM Titer, Serum IFA",1.553956110911216e-06,22,0.0,3.147194876595628e-06
7815,Rickettsia rickettsii Antibody IgG Qualitative Serum Immunoassay,1.4833217422334333e-06,21,0.0,3.0041405640230994e-06
5286,Peanut recombinant (rAra h) 8 Antibody IgE (Arachis hypogaea),1.4833217422334333e-06,21,0.0,3.0041405640230994e-06
2497,Platelet Aggregation Ristocetin Induced,1.4833217422334333e-06,21,0.0,3.0041405640230994e-06
5692,Salmon Antibody IgE (Salmo salar),1.4833217422334333e-06,21,0.0,3.0041405640230994e-06
5299,Pecan or Hickory Nut Antibody IgE RAST (Carya illinoinensis nut),1.4833217422334333e-06,21,0.0,3.0041405640230994e-06
6848,Hemoglobin F Qualitative Blood Kleihauer-Betke Method,1.4833217422334333e-06,21,0.0,3.0041405640230994e-06
3098,Bahia grass Antibody IgE (Paspalum notatum),1.4833217422334333e-06,21,0.0,3.0041405640230994e-06
1261,PT 1:1 Mix 60 min,1.4833217422334333e-06,21,1.1317978609020428e-05,2.861086251450571e-06
8090,Echovirus 7 Antibody Serum,1.4833217422334333e-06,21,0.0,3.0041405640230994e-06
785,Chlamydophila psittaci IgG,1.4833217422334333e-06,21,0.0,3.0041405640230994e-06
12730,Mycoplasma pneumoniae DNA Unspecified Specimen Probe and Target Amplification Method,1.4833217422334333e-06,21,0.0,3.0041405640230994e-06
7922,Vanillylmandelate Quantitative 24 hr Urine,1.4833217422334333e-06,21,0.0,3.0041405640230994e-06
2135,Mycoplasma pneumoniae PCR,1.4833217422334333e-06,21,0.0,3.0041405640230994e-06
374,Varicella zoster DFA,1.4833217422334333e-06,21,0.0,3.0041405640230994e-06
4740,Latex Antibody IgE (Hevea braziliensis),1.4833217422334333e-06,21,0.0,3.0041405640230994e-06
1757,Hepatitis B Core Antibody (Anti HBc) IgG,1.4833217422334333e-06,21,2.2635957218040857e-05,2.718031938878042e-06
2488,Heavy Metal Screen,1.4833217422334333e-06,21,2.2635957218040857e-05,2.718031938878042e-06
849,Billing,1.4833217422334333e-06,21,1.1317978609020428e-05,2.861086251450571e-06
6122,Tuna Antibody IgE (Thunnus albacares),1.4833217422334333e-06,21,0.0,3.0041405640230994e-06
5008,Mucor racemosus Antibody IgE,1.4126873735556507e-06,20,0.0,2.861086251450571e-06
11739,West Nile Virus Antibody IgG Quantitative Serum Immunoassay,1.4126873735556507e-06,20,0.0,2.861086251450571e-06
5745,Sesame Seed Antibody IgE RAST (Sesamum indicum),1.4126873735556507e-06,20,0.0,2.861086251450571e-06
17727,Escherichia coli enteroinvasive PCR (EIEC),1.4126873735556507e-06,20,0.0,2.861086251450571e-06
5708,Saltwort Antibody IgE RAST (Salsola kali) (Russian Thistle),1.4126873735556507e-06,20,0.0,2.861086251450571e-06
5077,Oak wood dust Antibody IgE,1.4126873735556507e-06,20,0.0,2.861086251450571e-06
861,"Lyme disease (Borrelia burgdorferi) Antibody IgM, CSF",1.4126873735556507e-06,20,0.0,2.861086251450571e-06
454,HIV2 Antibody ImmunoBlot,1.4126873735556507e-06,20,2.2635957218040857e-05,2.5749776263055136e-06
16744,Clue cells Qualitative Vaginal Fluid Wet Preparation,1.4126873735556507e-06,20,0.0,2.861086251450571e-06
6570,"Cannabinoids Qualitative, Meconium Screen",1.4126873735556507e-06,20,0.0,2.861086251450571e-06
11233,Tetrahydrocannabinol Mass Concentrate Serum or Plasma,1.4126873735556507e-06,20,2.2635957218040857e-05,2.5749776263055136e-06
21187,CD16+CD56+ Cells Count/volume Blood,1.4126873735556507e-06,20,0.0,2.861086251450571e-06
7048,"Macrophages, CSF Manual",1.4126873735556507e-06,20,1.1317978609020428e-05,2.718031938878042e-06
14323,Liver Kidney Microsomal 1 Antibody Qualitative Serum Immunofluorescence,1.4126873735556507e-06,20,0.0,2.861086251450571e-06
6951,"IgG Index, Serum and CSF",1.3420530048778681e-06,19,1.1317978609020428e-05,2.5749776263055136e-06
652,Lyme disease (Borrelia burgdorferi) Antibody Interpretation Serum,1.3420530048778681e-06,19,0.0,2.718031938878042e-06
12429,Epstein Barr Virus DNA Viral Load Unspecified Specimen Probe and Target Amplification Method,1.3420530048778681e-06,19,0.0,2.718031938878042e-06
6834,Helicobacter pylori Qualitative Stomach Urea Breath Test,1.3420530048778681e-06,19,1.1317978609020428e-05,2.5749776263055136e-06
21185,Carnitine free (C0) Moles/volume Serum or Plasma,1.3420530048778681e-06,19,1.1317978609020428e-05,2.5749776263055136e-06
8861,Platelet Antibody Heparin Induced Quantitative Serum,1.3420530048778681e-06,19,0.0,2.718031938878042e-06
7081,"Mitochondria Antibody Titer Immunofluorescence, Serum",1.3420530048778681e-06,19,0.0,2.718031938878042e-06
422,HIV1 Antibody Interpretation,1.3420530048778681e-06,19,1.1317978609020428e-05,2.5749776263055136e-06
448,HIV1 RNA Quant Ultrasensitive,1.3420530048778681e-06,19,2.2635957218040857e-05,2.431923313732985e-06
1030,"Glucose GTT, Serum 5 hr",1.3420530048778681e-06,19,0.0,2.718031938878042e-06
3495,Cat dander Antibody IgE Ratio,1.3420530048778681e-06,19,0.0,2.718031938878042e-06
188,Chlamydia DFA,1.3420530048778681e-06,19,0.0,2.718031938878042e-06
1962,Coxsackie A Virus Antibody Type 4,1.3420530048778681e-06,19,0.0,2.718031938878042e-06
671,Parainfluenza Antibody,1.3420530048778681e-06,19,0.0,2.718031938878042e-06
4211,Firebush Antibody IgE (Kochia scoparia),1.3420530048778681e-06,19,0.0,2.718031938878042e-06
1913,Acid Phosphatase,1.3420530048778681e-06,19,0.0,2.718031938878042e-06
4091,Egg yolk Antibody IgE RAST,1.3420530048778681e-06,19,0.0,2.718031938878042e-06
4843,Locust tree Antibody IgE,1.3420530048778681e-06,19,0.0,2.718031938878042e-06
333,Trichomonas Genital Specimen Organism Specific Culture,1.3420530048778681e-06,19,0.0,2.718031938878042e-06
1122,"Hydroxyproline Total, Urine",1.3420530048778681e-06,19,0.0,2.718031938878042e-06
512,Adenovirus Antigen,1.3420530048778681e-06,19,0.0,2.718031938878042e-06
1721,Epstein Barr Virus Ultraquant,1.3420530048778681e-06,19,0.0,2.718031938878042e-06
2575,Factor II Prothrombin Mutation,1.3420530048778681e-06,19,0.0,2.718031938878042e-06
2048,Cold Agglutinin Titer,1.3420530048778681e-06,19,0.0,2.718031938878042e-06
6032,Tilapia Antibody IgE,1.2714186362000858e-06,18,0.0,2.5749776263055136e-06
7786,Protein Monoclonal/Protein Total Urine Electrophoresis,1.2714186362000858e-06,18,0.0,2.5749776263055136e-06
1871,Giardia specific Antigen,1.2714186362000858e-06,18,1.1317978609020428e-05,2.431923313732985e-06
23380,Pseudomonas aeruginosa DNA Presence Target Amp w Non Probe Based Detection Positive Blood Culture,1.2714186362000858e-06,18,1.1317978609020428e-05,2.431923313732985e-06
2501,Anaplasma phagocytophilum Antibody,1.2714186362000858e-06,18,0.0,2.5749776263055136e-06
410,Hepatitis E Antibody (Anti HEV) IgG,1.2714186362000858e-06,18,0.0,2.5749776263055136e-06
1910,"Shiga toxin test, Stool",1.2714186362000858e-06,18,0.0,2.5749776263055136e-06
261,Helicobacter pylori Screen,1.2714186362000858e-06,18,0.0,2.5749776263055136e-06
3132,Banana Antibody IgE (Musa),1.2714186362000858e-06,18,0.0,2.5749776263055136e-06
2705,Bacterial vaginosis DNA Probe,1.2714186362000858e-06,18,0.0,2.5749776263055136e-06
6871,Hepatitis B Core Antibody IgM Quantitative Serum Immunoassay,1.2714186362000858e-06,18,0.0,2.5749776263055136e-06
12335,Campylobacter sp. DNA Unspecified Specimen Probe and Target Amplification Method,1.2714186362000858e-06,18,0.0,2.5749776263055136e-06
645,Legionella pneumophila Antibody,1.2714186362000858e-06,18,0.0,2.5749776263055136e-06
7871,Thyroglobulin Antitbody Qualitative Serum,1.2714186362000858e-06,18,0.0,2.5749776263055136e-06
6276,White Hickory Antibody IgE (Carya tomentosa),1.2714186362000858e-06,18,0.0,2.5749776263055136e-06
16747,Collagen Crosslinked N-telopeptide/Creatinine Molar Ratio 24 hour Urine,1.2714186362000858e-06,18,0.0,2.5749776263055136e-06
7111,"Myoglobin, Urine Qualtitative",1.2714186362000858e-06,18,0.0,2.5749776263055136e-06
2064,"Cytomegalovirus Antibody IgG, CSF",1.2714186362000858e-06,18,0.0,2.5749776263055136e-06
293,Ova and Parasite Trichrome Stain,1.2714186362000858e-06,18,0.0,2.5749776263055136e-06
8369,Methicillin Resistant Staphylococcus aureus (MRSA) Unspecified Organism Specific Culture,1.2714186362000858e-06,18,0.0,2.5749776263055136e-06
224,Culture Staph Screen,1.2714186362000858e-06,18,0.0,2.5749776263055136e-06
2011,Toxocara canis Antibody IgG,1.2714186362000858e-06,18,2.2635957218040857e-05,2.2888690011604567e-06
2614,Toxoplasma gondii Antibody IgG,1.2714186362000858e-06,18,1.1317978609020428e-05,2.431923313732985e-06
628,Histoplasma Immunodiffusion,1.2714186362000858e-06,18,0.0,2.5749776263055136e-06
7423,Lyme disease (Borrelia burgdorferi) IgM Panel Serum Immunoblot (IB),1.2007842675223032e-06,17,0.0,2.431923313732985e-06
1151,Lyme disease (Borrelia burgdorferi) Antibody CSF dup,1.2007842675223032e-06,17,0.0,2.431923313732985e-06
1108,Hepatitis RNA PCR,1.2007842675223032e-06,17,1.1317978609020428e-05,2.2888690011604567e-06
4682,Kentucky blue grass Antibody IgE RAST (Poa pratensis),1.2007842675223032e-06,17,0.0,2.431923313732985e-06
5397,Pigeon droppings Antibody IgE,1.2007842675223032e-06,17,1.1317978609020428e-05,2.2888690011604567e-06
4588,House dust Hollister Stier Antibody IgE RAST,1.2007842675223032e-06,17,0.0,2.431923313732985e-06
2304,"Porphyrins, Urine",1.2007842675223032e-06,17,0.0,2.431923313732985e-06
13023,Campylobacter jejuni and Campylobacter coli Antigen Stool,1.2007842675223032e-06,17,0.0,2.431923313732985e-06
11738,West Nile Virus Antibody IgG Quantitative CSF Immunoassay,1.2007842675223032e-06,17,0.0,2.431923313732985e-06
8759,Chlamydia trachomatis rRNA Qualitative Genital Specimen DNA Probe,1.2007842675223032e-06,17,1.1317978609020428e-05,2.2888690011604567e-06
3081,Aureobasidium pullulans Antibody IgE,1.2007842675223032e-06,17,0.0,2.431923313732985e-06
11718,Abacavir Serum or Plasma Quantitative,1.2007842675223032e-06,17,0.0,2.431923313732985e-06
10957,Procainamide ug/mL Serum or Plasma,1.2007842675223032e-06,17,1.1317978609020428e-05,2.2888690011604567e-06
2165,"11-Deoxycortisol, Serum",1.2007842675223032e-06,17,0.0,2.431923313732985e-06
9987,Gentamicin umol/L Serum or Plasma Trough,1.2007842675223032e-06,17,0.0,2.431923313732985e-06
20811,Sapovirus Genogroups I+II+IV+V RNA Presence Stool Target Amp with Non-Probe Based Detection,1.1301498988445206e-06,16,0.0,2.2888690011604567e-06
6989,"JAK2 Gene P.V617F, Blood or Tissue",1.1301498988445206e-06,16,0.0,2.2888690011604567e-06
2212,"Diazepam, Serum",1.1301498988445206e-06,16,3.395393582706129e-05,1.859706063442871e-06
85,"Cryptococcus Antigen, Serum",1.1301498988445206e-06,16,0.0,2.2888690011604567e-06
621,Hepatitis Panel Unknown Tests,1.1301498988445206e-06,16,0.0,2.2888690011604567e-06
7842,Sodium Quantitative 24 hr Urine,1.1301498988445206e-06,16,2.2635957218040857e-05,2.0027603760153994e-06
182,Brucella Antibody,1.1301498988445206e-06,16,0.0,2.2888690011604567e-06
6465,"Amphetamines Qualitative, Urine Screen",1.1301498988445206e-06,16,0.0,2.2888690011604567e-06
147,Trichrome Stain,1.1301498988445206e-06,16,0.0,2.2888690011604567e-06
999,"Estrogen Total, Urine",1.1301498988445206e-06,16,0.0,2.2888690011604567e-06
5254,Pea Antibody IgE (Pisum sativum),1.1301498988445206e-06,16,0.0,2.2888690011604567e-06
14065,CD19 Cells Count Blood,1.1301498988445206e-06,16,0.0,2.2888690011604567e-06
5407,Pigeon serum Antibody by Immune diffusion,1.1301498988445206e-06,16,0.0,2.2888690011604567e-06
21184,Carnitine esters Moles/volume Serum or Plasma,1.1301498988445206e-06,16,0.0,2.2888690011604567e-06
1816,Mycobacterium tuberculosis AFB,1.1301498988445206e-06,16,0.0,2.2888690011604567e-06
7095,"Mullerian Inhibiting Substance, Serum/Plasma",1.1301498988445206e-06,16,0.0,2.2888690011604567e-06
8400,Mononuclear Cells Percent Body Fluid Manual Count,1.1301498988445206e-06,16,0.0,2.2888690011604567e-06
8396,Monocytes+Macrophages Quantitative Synovial Fluid,1.1301498988445206e-06,16,0.0,2.2888690011604567e-06
2311,"Adenovirus Antibody IgM, Serum",1.1301498988445206e-06,16,1.1317978609020428e-05,2.145814688587928e-06
3460,Carrot Antibody IgE (Daucus carota),1.1301498988445206e-06,16,0.0,2.2888690011604567e-06
2041,Brucella Antibody IgM,1.1301498988445206e-06,16,0.0,2.2888690011604567e-06
3425,Candida albicans Antibody IgE,1.1301498988445206e-06,16,1.1317978609020428e-05,2.145814688587928e-06
434,HIV1 DNA Amplification PCR Qualitative,1.1301498988445206e-06,16,2.2635957218040857e-05,2.0027603760153994e-06
2056,Coxsackie Virus B5 Antibody CSF,1.1301498988445206e-06,16,0.0,2.2888690011604567e-06
433,HIV1 DNA Amplification PCR,1.1301498988445206e-06,16,1.1317978609020428e-05,2.145814688587928e-06
1143,Legionella pneumonia Antigen,1.1301498988445206e-06,16,0.0,2.2888690011604567e-06
1711,"Amylase, Urine 2 hr",1.1301498988445206e-06,16,0.0,2.2888690011604567e-06
10170,Lacosamide ug/mL Serum or Plasma,1.059515530166738e-06,15,0.0,2.145814688587928e-06
2835,Cryptococcus Antigen Titer CSF,1.059515530166738e-06,15,0.0,2.145814688587928e-06
2209,Cyanide Level,1.059515530166738e-06,15,0.0,2.145814688587928e-06
20784,Herpes simplex Virus 2 DNA Presence Cerebral Spinal Fluid Target Amp with Non-Probe Based Detection,1.059515530166738e-06,15,1.1317978609020428e-05,2.0027603760153994e-06
6605,Cortisol Free Quantitative Urine,1.059515530166738e-06,15,0.0,2.145814688587928e-06
446,HIV1 RNA dDNA Viral Load Quantitative,1.059515530166738e-06,15,1.1317978609020428e-05,2.0027603760153994e-06
6811,Glucose Quantitative Serum/Plasma 2 hrs Post dose Glucose,1.059515530166738e-06,15,0.0,2.145814688587928e-06
308,Respiratory Syncytial Virus DFA,1.059515530166738e-06,15,0.0,2.145814688587928e-06
2106,Herpes simplex Antigen,1.059515530166738e-06,15,0.0,2.145814688587928e-06
458,Influenza A Antibody CF,1.059515530166738e-06,15,1.1317978609020428e-05,2.0027603760153994e-06
6738,Estrogen Quantitative Serum/Plasma,1.059515530166738e-06,15,0.0,2.145814688587928e-06
945,Coumadin,1.059515530166738e-06,15,0.0,2.145814688587928e-06
13457,Herpes simplex 2 Isolate Immunofluorescence,1.059515530166738e-06,15,0.0,2.145814688587928e-06
1968,Dengue Fever Antibody IgM Quantitative Serum,1.059515530166738e-06,15,0.0,2.145814688587928e-06
12752,Parainfluenza Virus 1 RNA Unspecified Specimen Probe and Target Amplification Method,1.059515530166738e-06,15,0.0,2.145814688587928e-06
2703,Babesia sp. by Thin film,1.059515530166738e-06,15,0.0,2.145814688587928e-06
1839,Campylobactor jejuni Antibody,1.059515530166738e-06,15,0.0,2.145814688587928e-06
5615,Red top grass Antibody IgE (Agrostis stolonifera),1.059515530166738e-06,15,0.0,2.145814688587928e-06
6946,"Hydromorphone, Urine Qualitative",1.059515530166738e-06,15,5.6589893045102146e-05,1.4305431257252855e-06
5473,Potato Antibody IgE (Solanum tuberosum),1.059515530166738e-06,15,0.0,2.145814688587928e-06
5332,Penicillium notatum Antibody IgG,1.059515530166738e-06,15,0.0,2.145814688587928e-06
5153,Ovalbumin Antibody IgE,1.059515530166738e-06,15,0.0,2.145814688587928e-06
7124,"Neutrophil Cytoplasmic Antibody Perinuclear Titer, Serum",1.059515530166738e-06,15,0.0,2.145814688587928e-06
1588,UA Other Casts,1.059515530166738e-06,15,0.0,2.145814688587928e-06
1105,"Hemosiderin, Urine",9.888811614889556e-07,14,0.0,2.0027603760153994e-06
2751,Rickettsia spotted fever group Antibody IgG Qualitative,9.888811614889556e-07,14,0.0,2.0027603760153994e-06
5616,Red top grass Antibody IgE RAST (Agrostis stolonifera),9.888811614889556e-07,14,0.0,2.0027603760153994e-06
7723,pH of Semen,9.888811614889556e-07,14,0.0,2.0027603760153994e-06
13509,HIV1 P24 Antibody Qualitative Serum,9.888811614889556e-07,14,0.0,2.0027603760153994e-06
12506,Herpes simplex 1 DNA Viral Load Body Fluid Probe and Target Amplification Method,9.888811614889556e-07,14,1.1317978609020428e-05,1.859706063442871e-06
8856,Dilute Russells Viper Venom Time (dRVVT) Factor Subst PPP Coag Assay After 1:2 addn Nrml Plasma,9.888811614889556e-07,14,0.0,2.0027603760153994e-06
12583,Histoplasma capsulatum DNA Unspecified Specimen Qualitative Probe and Target Amplification Method,9.888811614889556e-07,14,0.0,2.0027603760153994e-06
7189,"Parietal cell Antibody, Serum Quantitative",9.888811614889556e-07,14,0.0,2.0027603760153994e-06
8012,Echovirus 11 Antibody Serum,9.888811614889556e-07,14,0.0,2.0027603760153994e-06
4929,Meadow Fescue Antibody IgE RAST (Festuca elatior),9.888811614889556e-07,14,0.0,2.0027603760153994e-06
1994,"Mercury, Urine 24 hr",9.888811614889556e-07,14,0.0,2.0027603760153994e-06
644,Legionella Antibody Titer,9.888811614889556e-07,14,0.0,2.0027603760153994e-06
7784,Protein Monoclonal/Protein Total 24 hr Urine Electrophoresis,9.888811614889556e-07,14,0.0,2.0027603760153994e-06
11563,Cobalt umol/L Serum or Plasma,9.888811614889556e-07,14,0.0,2.0027603760153994e-06
5923,Strawberry Antibody IgE (Fragaria vesca),9.888811614889556e-07,14,0.0,2.0027603760153994e-06
8922,Porphobilinogen/Creatinine mg/g Urine,9.18246792811173e-07,13,0.0,1.859706063442871e-06
840,"Bicarbonate HCO3, Unknown Specimen",9.18246792811173e-07,13,0.0,1.859706063442871e-06
1819,Neisseria gonorrhoeae rRNA Qualitative Urine PCR,9.18246792811173e-07,13,0.0,1.859706063442871e-06
5371,Phoma betae Antibody IgE,9.18246792811173e-07,13,0.0,1.859706063442871e-06
7147,"Nonhematic Cells, CSF Manual",9.18246792811173e-07,13,0.0,1.859706063442871e-06
12377,Cytomegalovirus DNA Viral Load Blood Probe and Target Amplification Method,9.18246792811173e-07,13,0.0,1.859706063442871e-06
7915,Urea Nitrogen Quantitative 24 hr Urine,9.18246792811173e-07,13,0.0,1.859706063442871e-06
2053,Coxsackie Virus B2 Antibody CSF,9.18246792811173e-07,13,0.0,1.859706063442871e-06
1716,Ehrlichia Antibody IgM,9.18246792811173e-07,13,0.0,1.859706063442871e-06
7097,"Mumps Antibody IgG Immunoassay, Serum Qualitative",9.18246792811173e-07,13,0.0,1.859706063442871e-06
2066,"Delta (5)-Aminolevulinic Acid, Urine 24 hr",9.18246792811173e-07,13,0.0,1.859706063442871e-06
12528,Herpes simplex 2 DNA Viral Load Body Fluid Probe and Target Amplification Method,9.18246792811173e-07,13,1.1317978609020428e-05,1.7166517508703423e-06
1772,UA Bilirubin Crystals,9.18246792811173e-07,13,0.0,1.859706063442871e-06
21182,aPTT Factor Substitution Platelet Poor Plasma Coagulation Assay Immediately after Add Normal Plasma,9.18246792811173e-07,13,1.1317978609020428e-05,1.7166517508703423e-06
7030,"Lyme disease (Borrelia burgdorferi) Antibody IgM Quantitative, Serum Immunoassay",9.18246792811173e-07,13,0.0,1.859706063442871e-06
2237,"Lead, Capillary",9.18246792811173e-07,13,1.1317978609020428e-05,1.7166517508703423e-06
7760,Pregnenolone Serum or Plasma,9.18246792811173e-07,13,0.0,1.859706063442871e-06
9837,Ethosuximide ug/mL Serum or Plasma,9.18246792811173e-07,13,0.0,1.859706063442871e-06
7883,Tissue Transglutaminase Antibody IgA Quantitative Serum Immunoassay,9.18246792811173e-07,13,0.0,1.859706063442871e-06
3115,Bakers yeast Antibody IgG by Immunoassay (Saccharomyces cerevisiae),9.18246792811173e-07,13,1.1317978609020428e-05,1.7166517508703423e-06
546,Blastomyces dermatitidis Antibody Complement Fixation Serum,9.18246792811173e-07,13,0.0,1.859706063442871e-06
20770,Cryptosporidium sp. DNA Presence Stool Target Amplification with Non-Probe Based Detection,9.18246792811173e-07,13,1.1317978609020428e-05,1.7166517508703423e-06
6819,Glucose-6-Phosphate dehydrogenase Enzymatic Activity/Volume Red Blood Cells,9.18246792811173e-07,13,0.0,1.859706063442871e-06
21213,Triiodothyronine (T3) Free Mass/volume Serum or Plasma Dialysis,8.476124241333904e-07,12,0.0,1.7166517508703423e-06
6821,Glutamate Quantitative Serum/Plasma,8.476124241333904e-07,12,1.1317978609020428e-05,1.573597438297814e-06
11986,Hepatitis B Genotype,8.476124241333904e-07,12,0.0,1.7166517508703423e-06
7860,Testosterone Free/Testosterone Total Serum or Plasma,8.476124241333904e-07,12,0.0,1.7166517508703423e-06
2496,Platelet Aggregation Epinephrine Induced,8.476124241333904e-07,12,1.1317978609020428e-05,1.573597438297814e-06
1641,Coxsackie Virus A10 Antibody,8.476124241333904e-07,12,0.0,1.7166517508703423e-06
3779,Coconut Antibody IgE (Cocos nucifera),8.476124241333904e-07,12,0.0,1.7166517508703423e-06
8187,Bordetella pertussis DNA Qualitative Nasopharynx PCR,8.476124241333904e-07,12,0.0,1.7166517508703423e-06
5401,Pigeon droppings Antibody IgG,8.476124241333904e-07,12,0.0,1.7166517508703423e-06
756,Ova and Parasite Direct,8.476124241333904e-07,12,0.0,1.7166517508703423e-06
6592,Coccidioides immitis Antibody IgG Qualitative Serum Immunoassay,8.476124241333904e-07,12,0.0,1.7166517508703423e-06
21212,Thyroglobulin Antibody Units/volume Serum or Plasma Immunoassay,8.476124241333904e-07,12,0.0,1.7166517508703423e-06
6530,"BK Virus DNA Viral Load, Urine PCR",8.476124241333904e-07,12,0.0,1.7166517508703423e-06
12761,Parainfluenza Virus 4 RNA Unspecified Specimen Probe and Target Amplification Method,8.476124241333904e-07,12,0.0,1.7166517508703423e-06
16148,Lactate Mass/volume Cerebral Spinal Fluid,8.476124241333904e-07,12,0.0,1.7166517508703423e-06
8593,Chlamydia trachomatis Antibody IgG Titer Serum,8.476124241333904e-07,12,0.0,1.7166517508703423e-06
1931,"Arsenic, Urine 24 hr",8.476124241333904e-07,12,0.0,1.7166517508703423e-06
192,Chlamydia trachomatis Culture,8.476124241333904e-07,12,0.0,1.7166517508703423e-06
2052,Coxsackie Virus B1 Antibody CSF,8.476124241333904e-07,12,0.0,1.7166517508703423e-06
8863,Platelet Associated Antibody Blood,8.476124241333904e-07,12,0.0,1.7166517508703423e-06
187,Chlamydia Identified Unspecified Organism Specific Culture,8.476124241333904e-07,12,0.0,1.7166517508703423e-06
473,Influenza B Antibody CF,8.476124241333904e-07,12,1.1317978609020428e-05,1.573597438297814e-06
2055,Coxsackie Virus B4 Antibody CSF,8.476124241333904e-07,12,0.0,1.7166517508703423e-06
6468,"ANA Immunoassay, Serum Qualitative",8.476124241333904e-07,12,0.0,1.7166517508703423e-06
3086,Australian pine Antibody IgE (Casuarina equisetifolia),8.476124241333904e-07,12,0.0,1.7166517508703423e-06
7051,"Measles (Rubeola) Antibody IgG Immunoassay, Serum Qualitative",8.476124241333904e-07,12,0.0,1.7166517508703423e-06
12470,Hepatitis B Virus DNA Blood Probe and Target Amplification Method,8.476124241333904e-07,12,1.1317978609020428e-05,1.573597438297814e-06
3120,Bakers yeast IgA Antibody by Immunoassay (Saccharomyces cerevisiae),8.476124241333904e-07,12,1.1317978609020428e-05,1.573597438297814e-06
5287,Peanut recombinant (rAra h) 9 Antibody IgE (Arachis hypogaea),8.476124241333904e-07,12,0.0,1.7166517508703423e-06
18265,Influenza Virus A RNA Presence Nasopharynx Probe and Target Amplification Method,8.476124241333904e-07,12,0.0,1.7166517508703423e-06
852,Blood Urea Nitrogen Group Serum Post Dialysis,7.76978055455608e-07,11,0.0,1.573597438297814e-06
6797,Gliadin Antibody IgG Quantitative Serum Immunoassay,7.76978055455608e-07,11,0.0,1.573597438297814e-06
12460,Hepatitis B Virus DNA Viral Load Log Copies Serum or Plasma Probe Target Amplification Method,7.76978055455608e-07,11,0.0,1.573597438297814e-06
6463,"Amphetamines Qualitative, Serum Screen",7.76978055455608e-07,11,2.2635957218040857e-05,1.2874888131527568e-06
6466,"Amphetamines Quantitative, Urine",7.76978055455608e-07,11,2.2635957218040857e-05,1.2874888131527568e-06
6672,Ehrlichia chaffeensis Antibody IgM Titer Serum,7.76978055455608e-07,11,0.0,1.573597438297814e-06
2057,Coxsackie Virus B6 Antibody CSF,7.76978055455608e-07,11,0.0,1.573597438297814e-06
1836,Poliovirus Antibody Type 3,7.76978055455608e-07,11,0.0,1.573597438297814e-06
23103,Candida glabrata DNA Presence Target Amp w Non Probe Based Detection Positive Blood Culture,7.76978055455608e-07,11,1.1317978609020428e-05,1.4305431257252855e-06
1835,Poliovirus Antibody Type 2,7.76978055455608e-07,11,0.0,1.573597438297814e-06
23102,Candida albicans DNA Presence Target Amp w Non Probe Based Detection Positive Blood Culture,7.76978055455608e-07,11,1.1317978609020428e-05,1.4305431257252855e-06
7023,"Lupus Anticoagulant Neutraliztion Hexagonal Phase Phospholipid, Platelet Poor Plasma",7.76978055455608e-07,11,1.1317978609020428e-05,1.4305431257252855e-06
12088,Norovirus 1 RNA Stool Probe and Target Amplification,7.76978055455608e-07,11,0.0,1.573597438297814e-06
2447,Virus Culture Respiratory,7.76978055455608e-07,11,0.0,1.573597438297814e-06
2455,Influenza A RNA Presence Unspecified Specimen Probe and Target Amplification Method Panel,7.76978055455608e-07,11,0.0,1.573597438297814e-06
2836,Hepatitis B Surface Antibody Titer Serum,7.76978055455608e-07,11,1.1317978609020428e-05,1.4305431257252855e-06
4837,Lobster Antibody IgE RAST (Homarus gammarus),7.76978055455608e-07,11,0.0,1.573597438297814e-06
2181,Biotinidase,7.76978055455608e-07,11,0.0,1.573597438297814e-06
7016,"Liquefaction, Semen",7.76978055455608e-07,11,0.0,1.573597438297814e-06
11751,West Nile Virus Antibody IgM Quantitative CSF Immunoassay,7.76978055455608e-07,11,0.0,1.573597438297814e-06
20650,Meningitis+Encephalitis Pathogens DNA and RNA Panel CSF Target Amp with non Probe Based Detection,7.76978055455608e-07,11,0.0,1.573597438297814e-06
646,Legionella Serology,7.76978055455608e-07,11,0.0,1.573597438297814e-06
1857,"Aspartate Aminotransferase / SGOT, Body Fluid",7.76978055455608e-07,11,0.0,1.573597438297814e-06
23423,Staphylococcus sp. DNA Presence Target Amp w Non Probe Based Detection Positive Blood Culture,7.76978055455608e-07,11,2.2635957218040857e-05,1.2874888131527568e-06
1961,Coxsackie A Virus Antibody Type 2,7.76978055455608e-07,11,0.0,1.573597438297814e-06
3505,Catfish Antibody IgE (Ictalurus punctatus),7.76978055455608e-07,11,0.0,1.573597438297814e-06
5155,Ovomucoid Antibody IgE,7.76978055455608e-07,11,0.0,1.573597438297814e-06
2746,Rickettsia prowazekii (Typhus Fever) Antibody IgG Quantitative,7.76978055455608e-07,11,0.0,1.573597438297814e-06
1834,Poliovirus Antibody Type 1,7.76978055455608e-07,11,0.0,1.573597438297814e-06
573,Cytomegalovirus Antibody Screen,7.76978055455608e-07,11,0.0,1.573597438297814e-06
2054,Coxsackie Virus B3 Antibody CSF,7.76978055455608e-07,11,0.0,1.573597438297814e-06
8357,Escherichia coli shiga toxin gene Unspecified Probe and Target Amplification Method,7.76978055455608e-07,11,0.0,1.573597438297814e-06
1802,Hepatitis B Panel,7.063436867778254e-07,10,0.0,1.4305431257252855e-06
566,Cryptococcus Antibody,7.063436867778254e-07,10,0.0,1.4305431257252855e-06
1795,Giardia lamblia,7.063436867778254e-07,10,1.1317978609020428e-05,1.2874888131527568e-06
2206,"Creatine, Serum",7.063436867778254e-07,10,0.0,1.4305431257252855e-06
7340,Lyme disease (Borrelia burgdorferi) Antibody IgG Qualitative Serum,7.063436867778254e-07,10,0.0,1.4305431257252855e-06
633,HIV Test,7.063436867778254e-07,10,1.1317978609020428e-05,1.2874888131527568e-06
1128,"Immunoelectrophoresis, Urine",7.063436867778254e-07,10,0.0,1.4305431257252855e-06
1949,"Cadmium, Urine 24 hr",7.063436867778254e-07,10,0.0,1.4305431257252855e-06
2001,Q Fever (Coxiella burnetii) Antibody IgM,7.063436867778254e-07,10,0.0,1.4305431257252855e-06
20781,Giardia lamblia DNA Presence Stool Target Amplification with Non-Probe Based Detection,7.063436867778254e-07,10,1.1317978609020428e-05,1.2874888131527568e-06
8251,Streptococcus pyogenes (Group A) Enzyme Antibody Titer Serum,7.063436867778254e-07,10,0.0,1.4305431257252855e-06
186,Candida Skin Test,7.063436867778254e-07,10,0.0,1.4305431257252855e-06
15459,Color Body Fluid,7.063436867778254e-07,10,0.0,1.4305431257252855e-06
6615,Creatine Kinase BB/Creatine Kinase Total Serum/Plasma Electrophoresis,7.063436867778254e-07,10,0.0,1.4305431257252855e-06
8840,Legionella pneumophila 1+2+3+4+5+6 IgM Antibody Titer Serum,7.063436867778254e-07,10,0.0,1.4305431257252855e-06
3123,Bakers yeast IgA Antibody Titer (Saccharomyces cerevisiae),7.063436867778254e-07,10,0.0,1.4305431257252855e-06
12592,HIV1 RNA Viral Load Serum or Plasma Probe and Target Amplification Method,7.063436867778254e-07,10,0.0,1.4305431257252855e-06
816,"Amylase, Urine 24 hr",7.063436867778254e-07,10,1.1317978609020428e-05,1.2874888131527568e-06
4090,Egg yolk Antibody IgE,7.063436867778254e-07,10,0.0,1.4305431257252855e-06
122,Culture Wound,7.063436867778254e-07,10,0.0,1.4305431257252855e-06
15638,Epithelial Cells Renal Count/volume Urine Sediment,7.063436867778254e-07,10,0.0,1.4305431257252855e-06
12686,Mycobacterium avium complex DNA Unspecified Specimen Probe and Target Amplification Method,7.063436867778254e-07,10,0.0,1.4305431257252855e-06
3278,Blue mussel Antibody IgE (Mytilus edulis),7.063436867778254e-07,10,0.0,1.4305431257252855e-06
11719,HIV 1+2 Antibody Serum or Plasma Rapid Immunoassay Qualitative,7.063436867778254e-07,10,0.0,1.4305431257252855e-06
4485,Helminthosporium sp. Antibody IgE,7.063436867778254e-07,10,0.0,1.4305431257252855e-06
2515,HIV1 P31 Antibody,7.063436867778254e-07,10,0.0,1.4305431257252855e-06
20761,Adenovirus F(40+41) DNA Presence Stool Target Amplification with Non-Probe Based Detection,7.063436867778254e-07,10,0.0,1.4305431257252855e-06
1103,"Hemoglobin Total, Urine",7.063436867778254e-07,10,0.0,1.4305431257252855e-06
2513,HIV1 P18 Antibody,7.063436867778254e-07,10,1.1317978609020428e-05,1.2874888131527568e-06
2475,Ehrlichia / Anaplasma Smear,7.063436867778254e-07,10,0.0,1.4305431257252855e-06
5801,Silver Birch Antibody IgE (Betula verrucosa),7.063436867778254e-07,10,0.0,1.4305431257252855e-06
2149,Salmonella O Agglutinins Group D,7.063436867778254e-07,10,0.0,1.4305431257252855e-06
11752,West Nile Virus Antibody IgM Quantitative Serum Immunoassay,7.063436867778254e-07,10,0.0,1.4305431257252855e-06
5971,Sweet gum Antibody IgE (Liquidambar styraciflua),7.063436867778254e-07,10,0.0,1.4305431257252855e-06
2144,Respiratory Syncytial Virus Antibody IgG,7.063436867778254e-07,10,0.0,1.4305431257252855e-06
7346,Lyme disease (Borrelia burgdorferi) Antibody IgG Qualitative Unspecified Specimen Immunoblot (IB),7.063436867778254e-07,10,0.0,1.4305431257252855e-06
80,Candida Identified Unspecified Organism Specific Culture,7.063436867778254e-07,10,0.0,1.4305431257252855e-06
4303,Giant Ragweed Antibody IgE (Ambrosia trifida),7.063436867778254e-07,10,1.1317978609020428e-05,1.2874888131527568e-06
6808,Glucose Quantitative Serum/Plasma 1 hr Post dose Glucose,7.063436867778254e-07,10,0.0,1.4305431257252855e-06
2570,Ehrlichia chaffeensis Antibody IgM Quantitative,6.357093181000429e-07,9,0.0,1.2874888131527568e-06
7402,Lyme disease (Borrelia burgdorferi) C6 Antibody Qualitative Serum,6.357093181000429e-07,9,1.1317978609020428e-05,1.1444345005802284e-06
20359,Rickettsia typhi Antibody IgM Titer Serum,6.357093181000429e-07,9,0.0,1.2874888131527568e-06
6413,"1,3 Beta Glucan Quantitative, Serum",6.357093181000429e-07,9,0.0,1.2874888131527568e-06
2210,Cysticercosis Antibody IgG,6.357093181000429e-07,9,0.0,1.2874888131527568e-06
2512,HIV1 Glycoprotein 41 Antibody,6.357093181000429e-07,9,0.0,1.2874888131527568e-06
1846,Herpes simplex 6 DNA,6.357093181000429e-07,9,0.0,1.2874888131527568e-06
20762,Astrovirus Subtypes 1-8 RNA Presence Stool Target Amplification with Non-Probe Based Detection,6.357093181000429e-07,9,0.0,1.2874888131527568e-06
260,Helicobacter pylori Rapid Urea Test,6.357093181000429e-07,9,0.0,1.2874888131527568e-06
551,Bordetella pertussis PT IgG,6.357093181000429e-07,9,0.0,1.2874888131527568e-06
7712,Cholinesterase Enzymatic Activity/Volume Serum or Plasma,6.357093181000429e-07,9,0.0,1.2874888131527568e-06
7804,Renin Quantitative Plasma,6.357093181000429e-07,9,0.0,1.2874888131527568e-06
4901,Maple Antibody IgE,6.357093181000429e-07,9,0.0,1.2874888131527568e-06
2755,Rickettsia typhi (Murine Typhus) Antibody IgG Qualitative,6.357093181000429e-07,9,0.0,1.2874888131527568e-06
1794,Entamoeba histolytica Antibody,6.357093181000429e-07,9,0.0,1.2874888131527568e-06
9963,Gabapentin ug/mL Serum or Plasma,6.357093181000429e-07,9,0.0,1.2874888131527568e-06
3949,Cultivated Corn Antibody IgE (Zea mays),6.357093181000429e-07,9,0.0,1.2874888131527568e-06
1139,"Lead, Urine 24 hr",6.357093181000429e-07,9,0.0,1.2874888131527568e-06
1903,"West Nile Virus Antibody, Serum",6.357093181000429e-07,9,0.0,1.2874888131527568e-06
1221,"Porphyrins, Urine Random",6.357093181000429e-07,9,1.1317978609020428e-05,1.1444345005802284e-06
17729,Escherichia coli enterotoxigenic PCR (ETEC),6.357093181000429e-07,9,0.0,1.2874888131527568e-06
12129,Tryptophan Quantitative Serum or Plasma,6.357093181000429e-07,9,0.0,1.2874888131527568e-06
651,Lyme disease (Borrelia burgdorferi) PCR,6.357093181000429e-07,9,0.0,1.2874888131527568e-06
2062,"Cryptococcus neoformans Antigen, Body Fluid",6.357093181000429e-07,9,1.1317978609020428e-05,1.1444345005802284e-06
6634,Cryoglobulin Qualitative Serum,6.357093181000429e-07,9,0.0,1.2874888131527568e-06
1980,Hemoglobin E,6.357093181000429e-07,9,0.0,1.2874888131527568e-06
6691,Epinephrine Quantitative Urine,6.357093181000429e-07,9,0.0,1.2874888131527568e-06
3470,Casein Antibody IgE,6.357093181000429e-07,9,0.0,1.2874888131527568e-06
13456,Herpes simplex 1 Isolate Immunofluorescence,6.357093181000429e-07,9,0.0,1.2874888131527568e-06
13445,Hepatitis B Core Antibody IgG+IgM Qualitative Serum,6.357093181000429e-07,9,1.1317978609020428e-05,1.1444345005802284e-06
3767,Cocksfoot Antibody IgE (Dactylis glomerata) Orchard Grass,6.357093181000429e-07,9,0.0,1.2874888131527568e-06
20819,Yersinia enterocolitica DNA Presence Stool Target Amplification with Non-Probe Based Detection,6.357093181000429e-07,9,1.1317978609020428e-05,1.1444345005802284e-06
21179,Alpha aminobutyrate Moles/volume Serum or Plasma,5.650749494222603e-07,8,0.0,1.1444345005802284e-06
8189,Bordetella pertussis filamentous Hemagglutinin Antibody IgA Quantitative Serum,5.650749494222603e-07,8,0.0,1.1444345005802284e-06
6595,Coccidioides immitis Antibody Titer Serum Complement Fixation,5.650749494222603e-07,8,0.0,1.1444345005802284e-06
1818,Neisseria gonorrhoeae Screen,5.650749494222603e-07,8,0.0,1.1444345005802284e-06
5262,Peach Antibody IgE (Prunus persica),5.650749494222603e-07,8,0.0,1.1444345005802284e-06
13424,Rickettsia spotted fever group Antibody IgG Titer Serum Immunofluorescence,5.650749494222603e-07,8,0.0,1.1444345005802284e-06
12721,Mycobacterium tuberculosis Rifampin Resistance Gene Probe and Target Amplification Method,5.650749494222603e-07,8,0.0,1.1444345005802284e-06
6744,Ethylene glycol Quantitative Serum/Plasma,5.650749494222603e-07,8,0.0,1.1444345005802284e-06
6751,Fat Qualitative Stool,5.650749494222603e-07,8,0.0,1.1444345005802284e-06
8192,Bordetella pertussis filamentous Hemagglutinin Antibody IgG Quantitative Serum,5.650749494222603e-07,8,0.0,1.1444345005802284e-06
14237,Histoplasma capsulatum Antibody Qualitative Cerebral Spinal Fluid,5.650749494222603e-07,8,0.0,1.1444345005802284e-06
3701,Cladosporium sp. Antibody IgE,5.650749494222603e-07,8,0.0,1.1444345005802284e-06
6562,"Calcium Quantitative, Urine 24 hr",5.650749494222603e-07,8,0.0,1.1444345005802284e-06
1643,Coxsackie Virus A7 Antibody,5.650749494222603e-07,8,0.0,1.1444345005802284e-06
1642,Coxsackie Virus A16 Antibody,5.650749494222603e-07,8,0.0,1.1444345005802284e-06
8103,Echovirus 9 Antibody Serum,5.650749494222603e-07,8,0.0,1.1444345005802284e-06
6503,"Bartonella henselae Antibody IgM Titer, Serum",5.650749494222603e-07,8,0.0,1.1444345005802284e-06
685,Saint Louis Encephalitis Virus Antibody,5.650749494222603e-07,8,0.0,1.1444345005802284e-06
7087,"Monocytes Percent, CSF",5.650749494222603e-07,8,0.0,1.1444345005802284e-06
8366,Methicillin Resistant Staphylococcus aureus (MRSA) DNA Probe and Target Amplification Method,5.650749494222603e-07,8,0.0,1.1444345005802284e-06
14340,Norepinephrine Mass/Vol Plasma,5.650749494222603e-07,8,0.0,1.1444345005802284e-06
6496,"Babesia microti Antibody IgM Titer, Serum",5.650749494222603e-07,8,0.0,1.1444345005802284e-06
20353,Rickettsia typhi Antibody IgG Titer Serum,5.650749494222603e-07,8,0.0,1.1444345005802284e-06
6272,White Elm Antibody IgG (Ulmus americana),5.650749494222603e-07,8,0.0,1.1444345005802284e-06
2168,"17-Ketosteroids, Urine",5.650749494222603e-07,8,0.0,1.1444345005802284e-06
9543,Clozapine ng/mL Serum or Plasma,5.650749494222603e-07,8,0.0,1.1444345005802284e-06
7409,Lyme disease (Borrelia burgdorferi) DNA Qualitative Body Fluid PCR,5.650749494222603e-07,8,0.0,1.1444345005802284e-06
7835,Smith Extractable Nuclear Antibody Quantitative Serum,5.650749494222603e-07,8,0.0,1.1444345005802284e-06
11551,Cobalt Mass Concentrate Serum or Plasma,5.650749494222603e-07,8,0.0,1.1444345005802284e-06
7208,UA Mixed Cellular Casts,5.650749494222603e-07,8,0.0,1.1444345005802284e-06
6461,"Amphetamines Qualitative, Meconium",5.650749494222603e-07,8,0.0,1.1444345005802284e-06
9049,Amikacin umol/L Serum or Plasma Trough,5.650749494222603e-07,8,0.0,1.1444345005802284e-06
2272,Warfarin Level,5.650749494222603e-07,8,0.0,1.1444345005802284e-06
1933,Babesia microti Antibody IgG/IgM,5.650749494222603e-07,8,0.0,1.1444345005802284e-06
1718,Entamoeba histolytica Antibody IgG,5.650749494222603e-07,8,0.0,1.1444345005802284e-06
16577,Trichomonas vaginalis Qualitative Vaginal Fluid Wet Preparation,5.650749494222603e-07,8,0.0,1.1444345005802284e-06
2296,Influenza B Antigen IFA Qualitative,5.650749494222603e-07,8,1.1317978609020428e-05,1.0013801880076997e-06
1877,"Hemoglobin, Body Fluid",5.650749494222603e-07,8,0.0,1.1444345005802284e-06
20813,Streptococcus agalactiae DNA Presence Cerebral Spinal Fluid Target Amp with Non-Probe Detection,5.650749494222603e-07,8,0.0,1.1444345005802284e-06
23290,Methicillin resistance (mecA) gene Presence Targ Amp w Non Prb Based Detect Pos Bld Culture,5.650749494222603e-07,8,0.0,1.1444345005802284e-06
6987,"Isopropanol, Serum/Plasma Quantitative",5.650749494222603e-07,8,0.0,1.1444345005802284e-06
1396,"Blood Gas O2 Volume %, Arterial",5.650749494222603e-07,8,0.0,1.1444345005802284e-06
7802,Reducing Substances Qualitative Stool,5.650749494222603e-07,8,0.0,1.1444345005802284e-06
20777,Escherichia coli enterotoxigenic ltA+st1a+st1b genes Presence Stool Target Amp with Non-Probe Detect,5.650749494222603e-07,8,0.0,1.1444345005802284e-06
346,Virus Culture Herpes/Varicella zoster Identified Unspecified Organism Specific,5.650749494222603e-07,8,0.0,1.1444345005802284e-06
5693,Salmon Antibody IgE RAST (Salmo salar),5.650749494222603e-07,8,0.0,1.1444345005802284e-06
2541,Chlamydia trachomatis/Neisseria gonorrhoeae RNA probe,5.650749494222603e-07,8,0.0,1.1444345005802284e-06
2171,"5-Aminolevulinic Acid, Urine",5.650749494222603e-07,8,0.0,1.1444345005802284e-06
12756,Parainfluenza Virus 2 RNA Unspecified Specimen Probe and Target Amplification Method,4.944405807444778e-07,7,0.0,1.0013801880076997e-06
659,Measles (Rubeola) Titer,4.944405807444778e-07,7,0.0,1.0013801880076997e-06
18152,Bacterial Methicillin Resistance (mecA) Gene Pres Nucleic acid capture+Probe Detect Pos Bld Cult,4.944405807444778e-07,7,0.0,1.0013801880076997e-06
1928,"Amino Acids, Serum",4.944405807444778e-07,7,0.0,1.0013801880076997e-06
661,Neisseria meningitidis Antigen Screen,4.944405807444778e-07,7,0.0,1.0013801880076997e-06
2065,"Cytomegalovirus Antibody IgM, CSF",4.944405807444778e-07,7,0.0,1.0013801880076997e-06
12831,Shigella sp. DNA Unspecified Specimen Probe and Target Amplification Method,4.944405807444778e-07,7,0.0,1.0013801880076997e-06
23422,Staphylococcus aureus DNA Presence Target Amp w Non Probe Based Detection Positive Blood Culture,4.944405807444778e-07,7,1.1317978609020428e-05,8.583258754351712e-07
1784,Bordetella pertussis test,4.944405807444778e-07,7,0.0,1.0013801880076997e-06
1653,"Glucose, Unknown Specimen .5 hr",4.944405807444778e-07,7,0.0,1.0013801880076997e-06
289,Neisseria gonorrhoeae,4.944405807444778e-07,7,0.0,1.0013801880076997e-06
2620,Anaplasma phagocytophilum Antibody IgM,4.944405807444778e-07,7,0.0,1.0013801880076997e-06
3692,Cladosporium herbarum Antibody IgG,4.944405807444778e-07,7,0.0,1.0013801880076997e-06
1585,UA Mixed Cell Casts,4.944405807444778e-07,7,0.0,1.0013801880076997e-06
179,Bordetella pertussis Culture,4.944405807444778e-07,7,0.0,1.0013801880076997e-06
13757,Mumps Antibody IgM Qualitative Serum,4.944405807444778e-07,7,0.0,1.0013801880076997e-06
20815,Varicella zoster Virus DNA Presence Cerebral Spinal Fluid Target Amp with Non-Probe Based Detection,4.944405807444778e-07,7,0.0,1.0013801880076997e-06
6596,Codeine Qualitative Urine,4.944405807444778e-07,7,0.0,1.0013801880076997e-06
3429,Candida albicans Antibody IgG,4.944405807444778e-07,7,0.0,1.0013801880076997e-06
8081,Echovirus 6 Antibody Serum,4.944405807444778e-07,7,0.0,1.0013801880076997e-06
8049,Echovirus 30 Antibody Serum,4.944405807444778e-07,7,0.0,1.0013801880076997e-06
1051,Glutamine Quantitative CSF,4.944405807444778e-07,7,1.1317978609020428e-05,8.583258754351712e-07
2120,Legionella pneumophila 1 Antibody Units/volume Serum,4.944405807444778e-07,7,0.0,1.0013801880076997e-06
76,Blood Culture,4.944405807444778e-07,7,0.0,1.0013801880076997e-06
2686,Chlamydophila psittaci IgM Titer,4.944405807444778e-07,7,0.0,1.0013801880076997e-06
17178,Yeast Qualitative Vaginal Fluid Wet Preparation,4.944405807444778e-07,7,0.0,1.0013801880076997e-06
265,Herpes simplex DFA,4.944405807444778e-07,7,0.0,1.0013801880076997e-06
9560,Cocaine ng/mL Urine,4.944405807444778e-07,7,0.0,1.0013801880076997e-06
1850,Rabies Antibodies,4.944405807444778e-07,7,0.0,1.0013801880076997e-06
358,Respiratory Syncytial Virus Antibody,4.944405807444778e-07,7,0.0,1.0013801880076997e-06
4703,Lactalbumin alpha Antibody IgE,4.944405807444778e-07,7,0.0,1.0013801880076997e-06
31,HIV,4.944405807444778e-07,7,0.0,1.0013801880076997e-06
9875,Flecainide ug/mL Serum or Plasma,4.944405807444778e-07,7,0.0,1.0013801880076997e-06
2198,Complement Component 8,4.944405807444778e-07,7,0.0,1.0013801880076997e-06
550,Bordetella pertussis PT IgA,4.944405807444778e-07,7,0.0,1.0013801880076997e-06
1268,PT Reptilase,4.944405807444778e-07,7,0.0,1.0013801880076997e-06
1365,White Blood Cell Count Manual,4.944405807444778e-07,7,0.0,1.0013801880076997e-06
616,Hepatitis A Test,4.944405807444778e-07,7,0.0,1.0013801880076997e-06
1041,"Glucose, Urine 24 hr",4.944405807444778e-07,7,0.0,1.0013801880076997e-06
4072,Echinococcus sp. Antibody IgE,4.944405807444778e-07,7,0.0,1.0013801880076997e-06
13047,Plasmodium sp. Qualitative Blood Light Microscopy,4.238062120666952e-07,6,0.0,8.583258754351712e-07
6621,Creatine Kinase MM/Creatine Kinase Total Serum/Plasma Electrophoresis,4.238062120666952e-07,6,0.0,8.583258754351712e-07
13024,Coccidioides Antibody Presence Serum Complement fixation,4.238062120666952e-07,6,0.0,8.583258754351712e-07
3598,Chicken Antibody IgE Ratio,4.238062120666952e-07,6,0.0,8.583258754351712e-07
8169,Bordetella pertussis Antibody IgM Qualitative Serum Immunoblot (IB),4.238062120666952e-07,6,0.0,8.583258754351712e-07
5277,Peanut Antibody IgG (Arachis hypogaea),4.238062120666952e-07,6,0.0,8.583258754351712e-07
8876,Rickettsia rickettsii Antibody IgG Serum,4.238062120666952e-07,6,0.0,8.583258754351712e-07
1978,Hemoglobin Bart's,4.238062120666952e-07,6,0.0,8.583258754351712e-07
23450,Streptococcus pyogenes DNA Presence Target Amp w Non Probe Based Detection Positive Blood Culture,4.238062120666952e-07,6,0.0,8.583258754351712e-07
23176,Enterobacter cloacae complex DNA Presence Targ Amp w Non Prb Based Detect Pos Bld Culture,4.238062120666952e-07,6,0.0,8.583258754351712e-07
6593,Coccidioides immitis Antibody IgM Qualitative Serum Immunoassay,4.238062120666952e-07,6,0.0,8.583258754351712e-07
23413,Serratia marcescens DNA Presence Target Amp w Non Probe Based Detection Positive Blood Culture,4.238062120666952e-07,6,0.0,8.583258754351712e-07
7108,"Myeloperoxidase Antibody Immunoassay, Serum Quantitative",4.238062120666952e-07,6,0.0,8.583258754351712e-07
20783,Herpes simplex Virus 1 DNA Presence Cerebral Spinal Fluid Target Amp with Non-Probe Based Detection,4.238062120666952e-07,6,1.1317978609020428e-05,7.152715628626427e-07
2741,Hepatitis E Antibody (Anti HEV) Quantitative,4.238062120666952e-07,6,1.1317978609020428e-05,7.152715628626427e-07
2183,"BK Virus, Urine PCR",4.238062120666952e-07,6,0.0,8.583258754351712e-07
397,Haemophilus influenzae B Antibody IgG ELISA,4.238062120666952e-07,6,0.0,8.583258754351712e-07
4693,Kiwifruit Antibody IgE (Actinidia chinensis),4.238062120666952e-07,6,0.0,8.583258754351712e-07
2817,Legionella Antigen Unspecified Specimen,4.238062120666952e-07,6,0.0,8.583258754351712e-07
1801,Hantavirus Antibody IgM,4.238062120666952e-07,6,0.0,8.583258754351712e-07
9954,Fondaparinux ug/mL Serum or Plasma,4.238062120666952e-07,6,0.0,8.583258754351712e-07
525,Western Encephalitis Antibody Serum,4.238062120666952e-07,6,0.0,8.583258754351712e-07
1285,PTT/APTT Patient Baseline,4.238062120666952e-07,6,0.0,8.583258754351712e-07
9088,Amobarbital ug/mL Serum or Plasma,4.238062120666952e-07,6,1.1317978609020428e-05,7.152715628626427e-07
968,"Delta (5)-Aminolevulinic Acid, Urine",4.238062120666952e-07,6,1.1317978609020428e-05,7.152715628626427e-07
20774,Enterovirus RNA Presence Cerebral Spinal Fluid Target Amplification with Non-Probe Based Detection,4.238062120666952e-07,6,0.0,8.583258754351712e-07
579,Eastern Equine Encephalitis Antibody Quantitative Serum,4.238062120666952e-07,6,0.0,8.583258754351712e-07
6900,Herpes simplex 1 Antibody IgM Titer Serum Immunofluorescence,4.238062120666952e-07,6,0.0,8.583258754351712e-07
11726,Mumps Antibody IgG Titer CSF,4.238062120666952e-07,6,0.0,8.583258754351712e-07
1734,Coxsackie Virus A Antibody,4.238062120666952e-07,6,0.0,8.583258754351712e-07
4320,Gluten Antibody IgE,4.238062120666952e-07,6,0.0,8.583258754351712e-07
11732,West Nile Virus Antibody IgG Qualitative CSF,4.238062120666952e-07,6,0.0,8.583258754351712e-07
2121,Legionella pneumophila Antibody 1 IgM,4.238062120666952e-07,6,0.0,8.583258754351712e-07
20095,"HIV 1+2 Antibody and HIV1 p24 Antigen Identifier Serum, Plasma or Blood Rapid immunoassay",4.238062120666952e-07,6,0.0,8.583258754351712e-07
11744,West Nile Virus Antibody IgM Qualitative CSF,4.238062120666952e-07,6,0.0,8.583258754351712e-07
2844,Rubella Antibody Titer,4.238062120666952e-07,6,0.0,8.583258754351712e-07
9048,Amikacin umol/L Serum or Plasma Peak,4.238062120666952e-07,6,0.0,8.583258754351712e-07
9078,Amitriptyline+Nortriptyline ng/mL Serum or Plasma,4.238062120666952e-07,6,0.0,8.583258754351712e-07
8903,Q Fever (Coxiella burnetii) Phase 2 Antibody IgG Titer Serum,4.238062120666952e-07,6,0.0,8.583258754351712e-07
6755,Fentanyl Qualitative Urine,4.238062120666952e-07,6,0.0,8.583258754351712e-07
2072,Echinococcus Antibody IgG,4.238062120666952e-07,6,0.0,8.583258754351712e-07
8919,Magnesium Urine mg/24 hour,4.238062120666952e-07,6,0.0,8.583258754351712e-07
6789,Gas and Carbon Monoxide Panel Blood,4.238062120666952e-07,6,0.0,8.583258754351712e-07
16442,Blood Gas Oxygen Saturation Mixed Venous Blood,4.238062120666952e-07,6,0.0,8.583258754351712e-07
12797,Respiratory Syncytial Virus A RNA Unspecified Specimen Probe and Target Amplification Method,4.238062120666952e-07,6,0.0,8.583258754351712e-07
11761,West Nile Virus Antibody Qualitative Unspecified Immunoassay,4.238062120666952e-07,6,0.0,8.583258754351712e-07
4390,Green Bean Antibody IgE,4.238062120666952e-07,6,0.0,8.583258754351712e-07
11981,Dengue Virus Antibody IgG Serum Immunoassay,4.238062120666952e-07,6,0.0,8.583258754351712e-07
4260,Fusarium moniliforme Antibody IgE,4.238062120666952e-07,6,0.0,8.583258754351712e-07
11956,"Herpes simplex 1+2 IgG, CSF",4.238062120666952e-07,6,0.0,8.583258754351712e-07
11958,Herpes simplex 2 Antibody IgM Titer,4.238062120666952e-07,6,0.0,8.583258754351712e-07
1744,Chlamydia IgG,4.238062120666952e-07,6,1.1317978609020428e-05,7.152715628626427e-07
11727,Mumps Antibody IgM Titer CSF,4.238062120666952e-07,6,0.0,8.583258754351712e-07
2143,Respiratory Syncytial Virus Antibody IgA,4.238062120666952e-07,6,0.0,8.583258754351712e-07
1855,"Alanine Aminotransferase / SGPT, Body Fluid",4.238062120666952e-07,6,0.0,8.583258754351712e-07
11953,Herpes simplex 1 Antibody IgM Titer,4.238062120666952e-07,6,0.0,8.583258754351712e-07
7831,Sjogrens Syndrome-B Extractable Nuclear Antibody Quantitative Serum,4.238062120666952e-07,6,0.0,8.583258754351712e-07
2349,Bartonella henselae Antibody IgG Qualitative,3.531718433889127e-07,5,0.0,7.152715628626427e-07
6512,"Basophils, CSF Manual Count",3.531718433889127e-07,5,0.0,7.152715628626427e-07
8154,Bordetella pertussis Antibody IgA and IgG Panel Serum Immunoassay,3.531718433889127e-07,5,0.0,7.152715628626427e-07
12970,Rubella Virus Antibody IgM Quantitative Serum Immunoassay,3.531718433889127e-07,5,0.0,7.152715628626427e-07
757,Giardia lamblia DNA Qualitative Unspecified Specimen Probe and Target Amplification Method,3.531718433889127e-07,5,0.0,7.152715628626427e-07
21193,Cystine Moles/volume Serum or Plasma,3.531718433889127e-07,5,0.0,7.152715628626427e-07
786,Chlamydophila psittaci IgM,3.531718433889127e-07,5,0.0,7.152715628626427e-07
2589,Histoplasma capsulatum Yeast Phase Antibody by Complement Fixation,3.531718433889127e-07,5,0.0,7.152715628626427e-07
15273,Bicarbonate Moles/volume Mixed Venous Blood,3.531718433889127e-07,5,0.0,7.152715628626427e-07
15431,Clot Lysis Length Fraction Blood Thromboelastography 30 minutes post Maximum Clot Amplitude,3.531718433889127e-07,5,1.1317978609020428e-05,5.722172502901142e-07
2621,Anaplasma phagocytophilum Antigen,3.531718433889127e-07,5,0.0,7.152715628626427e-07
2619,Anaplasma phagocytophilum Antibody IgG,3.531718433889127e-07,5,0.0,7.152715628626427e-07
13524,HIV1 P41 Antibody Qualitative Serum Immunoblot (IB),3.531718433889127e-07,5,0.0,7.152715628626427e-07
3615,Chicken meat Antibody IgE,3.531718433889127e-07,5,0.0,7.152715628626427e-07
20826,Zika Virus Envelope (E) Gene Presence Urine Probe and Target Amplification Method,3.531718433889127e-07,5,0.0,7.152715628626427e-07
23446,Streptococcus pneumoniae DNA Presence Target Amp w Non Probe Based Detection Positive Blood Culture,3.531718433889127e-07,5,2.2635957218040857e-05,4.291629377175856e-07
1830,Varicella zoster Antibody IgG/IgM Serum Panel,3.531718433889127e-07,5,0.0,7.152715628626427e-07
20825,Zika Virus Envelope (E) Gene Presence Serum Probe and Target Amplification Method,3.531718433889127e-07,5,0.0,7.152715628626427e-07
4094,Egg yolk Antibody IgG,3.531718433889127e-07,5,0.0,7.152715628626427e-07
8889,Rickettsia rickettsii Antibody IgM Titer Serum,3.531718433889127e-07,5,0.0,7.152715628626427e-07
6364,Yellow Jacket Antibody IgE (Vespula),3.531718433889127e-07,5,0.0,7.152715628626427e-07
4348,Goose feather Antibody IgE,3.531718433889127e-07,5,0.0,7.152715628626427e-07
2290,"Glucose, Serum 15 min",3.531718433889127e-07,5,0.0,7.152715628626427e-07
7052,"Measles (Rubeola) Antibody IgG Immunoassay, Serum Quantitative",3.531718433889127e-07,5,0.0,7.152715628626427e-07
17683,CFTR Gene Allele 1 Qualitative Blood or Tissue Molecular Genetics Method,3.531718433889127e-07,5,0.0,7.152715628626427e-07
82,Candida Screen,3.531718433889127e-07,5,0.0,7.152715628626427e-07
2690,Giardia lamblia Antigen EIA,3.531718433889127e-07,5,0.0,7.152715628626427e-07
2691,Malaria Smear Thick,3.531718433889127e-07,5,0.0,7.152715628626427e-07
1713,Chlamydia pneumoniae PCR,3.531718433889127e-07,5,0.0,7.152715628626427e-07
425,HIV1 Antibody Western Blot Band GP120/160,3.531718433889127e-07,5,0.0,7.152715628626427e-07
1144,Legionella pneumophila Antibody Presence Serum,3.531718433889127e-07,5,0.0,7.152715628626427e-07
7904,Tyrosine Crystals Qualitative Urine Sediment Light Microscopy,3.531718433889127e-07,5,0.0,7.152715628626427e-07
7207,UA Leucine Crystals,3.531718433889127e-07,5,1.1317978609020428e-05,5.722172502901142e-07
427,HIV1 Antibody Western Blot Band GP41,3.531718433889127e-07,5,0.0,7.152715628626427e-07
6094,Trichophyton rubrum Antibody IgE,3.531718433889127e-07,5,0.0,7.152715628626427e-07
6134,Turkey feather Antibody IgE,3.531718433889127e-07,5,0.0,7.152715628626427e-07
7506,Syphilis (Treponema pallidum) Antibody IgG Qualitative Serum Immunoassay,3.531718433889127e-07,5,0.0,7.152715628626427e-07
11693,Norclozapine ng/mL Serum or Plasma,3.531718433889127e-07,5,0.0,7.152715628626427e-07
11567,Copper ug/dL 24 hour Urine,3.531718433889127e-07,5,0.0,7.152715628626427e-07
7794,Proteinase 3 Antibody Quantitative Serum Immunoassay,3.531718433889127e-07,5,0.0,7.152715628626427e-07
2834,Blastomyces dermatitidis Antigen Qualitative,3.531718433889127e-07,5,0.0,7.152715628626427e-07
2458,Influenza PCR Panel,3.531718433889127e-07,5,0.0,7.152715628626427e-07
9108,Amphetamine ng/mL Serum or Plasma,3.531718433889127e-07,5,0.0,7.152715628626427e-07
1250,"Protein Total, Urine 12 hr",3.531718433889127e-07,5,0.0,7.152715628626427e-07
560,Candida Antigen,3.531718433889127e-07,5,0.0,7.152715628626427e-07
5627,Rhizopus nigricans Antibody IgE,3.531718433889127e-07,5,0.0,7.152715628626427e-07
1071,HCG Qualitative Unknown specimen,3.531718433889127e-07,5,0.0,7.152715628626427e-07
2197,Complement Component 6,3.531718433889127e-07,5,0.0,7.152715628626427e-07
1346,"Uric Acid, Synovial",3.531718433889127e-07,5,0.0,7.152715628626427e-07
22598,Platelet Function Collagen + Adenosine diphosphate Induced and Epinephrine Induced Panel Blood,3.531718433889127e-07,5,0.0,7.152715628626427e-07
7741,Phosphatidylserine Antibody IgM Qualitative Serum Immunoassay,3.531718433889127e-07,5,0.0,7.152715628626427e-07
2484,Anaplasma Antibody IgM,3.531718433889127e-07,5,0.0,7.152715628626427e-07
3608,Chicken feather Antibody IgE,2.8253747471113015e-07,4,0.0,5.722172502901142e-07
744,Hepatitis D Antibody,2.8253747471113015e-07,4,0.0,5.722172502901142e-07
1702,Mycoplasma pneumoniae DNA,2.8253747471113015e-07,4,0.0,5.722172502901142e-07
17865,Herpes Virus 6 Antibody IgG and IgM Interpretation Serum Narrative,2.8253747471113015e-07,4,0.0,5.722172502901142e-07
1890,Legionella PCR,2.8253747471113015e-07,4,0.0,5.722172502901142e-07
20285,Yersinia enterocolitica recN Gene Presence Stool Probe and Target Amplification Method,2.8253747471113015e-07,4,1.1317978609020428e-05,4.291629377175856e-07
1881,Histoplasma Antibody IgM,2.8253747471113015e-07,4,0.0,5.722172502901142e-07
5189,Paper Wasp Antibody IgE (Polistes),2.8253747471113015e-07,4,0.0,5.722172502901142e-07
5127,Orange Antibody IgE (Citrus sinensis),2.8253747471113015e-07,4,0.0,5.722172502901142e-07
1851,Rabies Titer,2.8253747471113015e-07,4,0.0,5.722172502901142e-07
6678,Endomysium Antibody IgA Titer Serum,2.8253747471113015e-07,4,0.0,5.722172502901142e-07
3213,Beta lactoglobulin Antibody IgE,2.8253747471113015e-07,4,0.0,5.722172502901142e-07
3084,Aureobasidium pullulans Antibody IgG,2.8253747471113015e-07,4,0.0,5.722172502901142e-07
3039,Aspergillus fumigatus Antibody IgG,2.8253747471113015e-07,4,0.0,5.722172502901142e-07
2992,Apple Tree Antibody IgE (Malus sylvestris),2.8253747471113015e-07,4,0.0,5.722172502901142e-07
594,Febrile Panel,2.8253747471113015e-07,4,0.0,5.722172502901142e-07
6938,"HTLV I/II Antibody Immunoblot, Serum Qualitative",2.8253747471113015e-07,4,0.0,5.722172502901142e-07
1657,"Glucose, Unknown Specimen 4 hr",2.8253747471113015e-07,4,0.0,5.722172502901142e-07
1942,"Beta-2 Microglobulin, CSF",2.8253747471113015e-07,4,0.0,5.722172502901142e-07
5421,Pineapple Antibody IgE (Ananas comosus),2.8253747471113015e-07,4,0.0,5.722172502901142e-07
2747,Rickettsia prowazekii (Typhus Fever) Antibody IgM Quantitative,2.8253747471113015e-07,4,0.0,5.722172502901142e-07
7008,"Leptin, Serum/Plasma",2.8253747471113015e-07,4,0.0,5.722172502901142e-07
508,T Cells Activated,2.8253747471113015e-07,4,0.0,5.722172502901142e-07
6460,"Amphetamine Qualitative, Urine Screen",2.8253747471113015e-07,4,0.0,5.722172502901142e-07
4054,Duck feather Antibody IgE,2.8253747471113015e-07,4,0.0,5.722172502901142e-07
3972,Curvularia lunata Antibody IgE,2.8253747471113015e-07,4,0.0,5.722172502901142e-07
2692,Malaria Smear Thin,2.8253747471113015e-07,4,0.0,5.722172502901142e-07
486,Parainfluenza Type1 Antibody,2.8253747471113015e-07,4,0.0,5.722172502901142e-07
7074,"Microalbumin Panel, Urine 24 hr",2.8253747471113015e-07,4,0.0,5.722172502901142e-07
469,Influenza A+B,2.8253747471113015e-07,4,0.0,5.722172502901142e-07
4134,Epicoccum purpurascens Antibody IgE,2.8253747471113015e-07,4,0.0,5.722172502901142e-07
428,HIV1 Antibody Western Blot Band P24,2.8253747471113015e-07,4,0.0,5.722172502901142e-07
2580,Francisella tularensis Antibody IgG,2.8253747471113015e-07,4,0.0,5.722172502901142e-07
13471,HIV1 Antibody Qualitative Capillary Blood Immunoassay,2.8253747471113015e-07,4,0.0,5.722172502901142e-07
2014,"Zinc, Urine",2.8253747471113015e-07,4,0.0,5.722172502901142e-07
217,Culture Mycoplasma/Ureaplasma,2.8253747471113015e-07,4,0.0,5.722172502901142e-07
2009,Toxocara Antibody,2.8253747471113015e-07,4,0.0,5.722172502901142e-07
14113,Coproporphyrin 3 Mass/Time 24 hour Urine,2.8253747471113015e-07,4,1.1317978609020428e-05,4.291629377175856e-07
14090,Clostridium tetani Antibody IgG Units/Vol Serum Immunoassay,2.8253747471113015e-07,4,0.0,5.722172502901142e-07
14045,Beta Gamma Tocopherol Mass/Vol Serum or Plasma,2.8253747471113015e-07,4,0.0,5.722172502901142e-07
14303,Lactate Dehydrogenase (LDH) Enzymatic Activity/Vol Body Fluid Lactate to Pyruvate Reaction,2.8253747471113015e-07,4,0.0,5.722172502901142e-07
7178,"Oxalate, Urine 24 hr umol/24 hr",2.8253747471113015e-07,4,0.0,5.722172502901142e-07
2566,Cystic Fibrosis Newborn Screen Interpretation,2.8253747471113015e-07,4,0.0,5.722172502901142e-07
7429,Streptococcus pneumoniae 14 Antibody IgG Quantitative Serum,2.8253747471113015e-07,4,0.0,5.722172502901142e-07
7456,Streptococcus pneumoniae 51 Antibody IgG Quantitative Serum,2.8253747471113015e-07,4,0.0,5.722172502901142e-07
2533,"Blood Gas PO2, Cord Blood Arterial",2.8253747471113015e-07,4,0.0,5.722172502901142e-07
2525,Aspergillus fumigatus Antibody Quantitative,2.8253747471113015e-07,4,0.0,5.722172502901142e-07
7541,Syphilis (Treponema pallidum) Antibody Titer CSF,2.8253747471113015e-07,4,0.0,5.722172502901142e-07
7523,Syphilis (Treponema pallidum) Antibody Qualitative CSF,2.8253747471113015e-07,4,0.0,5.722172502901142e-07
7738,Phosphatidylserine Antibody IgA Serum Immunoassay,2.8253747471113015e-07,4,0.0,5.722172502901142e-07
7733,Phenylalanine/Tyrosine Molar Ratio Dried Blood Spot,2.8253747471113015e-07,4,0.0,5.722172502901142e-07
368,AFB Identification,2.8253747471113015e-07,4,0.0,5.722172502901142e-07
7914,Urate Quantitative 24 hr Urine,2.8253747471113015e-07,4,0.0,5.722172502901142e-07
292,Ova and Parasite Concentrated,2.8253747471113015e-07,4,0.0,5.722172502901142e-07
9335,Carbamazepine Free ug/mL Serum or Plasma,2.8253747471113015e-07,4,0.0,5.722172502901142e-07
9535,Clonazepam ug/mL Serum or Plasma,2.8253747471113015e-07,4,1.1317978609020428e-05,4.291629377175856e-07
2200,Complement Factor B,2.8253747471113015e-07,4,0.0,5.722172502901142e-07
6224,Wheat Antibody IgG (Triticum aestivum),2.8253747471113015e-07,4,0.0,5.722172502901142e-07
10928,Posaconazole ug/mL Serum or Plasma,2.8253747471113015e-07,4,0.0,5.722172502901142e-07
11044,Quinidine ug/mL Serum or Plasma,2.8253747471113015e-07,4,0.0,5.722172502901142e-07
6092,Trichophyton mentagrophytes var interdigitale Antibody IgE,2.8253747471113015e-07,4,0.0,5.722172502901142e-07
6090,Trichophyton mentagrophytes var goetzii Antibody IgE,2.8253747471113015e-07,4,0.0,5.722172502901142e-07
10948,Primidone ug/mL Serum or Plasma,2.8253747471113015e-07,4,0.0,5.722172502901142e-07
1360,VDRL,2.8253747471113015e-07,4,0.0,5.722172502901142e-07
1359,VDRL CSF,2.8253747471113015e-07,4,0.0,5.722172502901142e-07
2166,"17-Hydroxycorticosteroids, Urine",2.8253747471113015e-07,4,0.0,5.722172502901142e-07
12151,Norovirus Virus RNA Qualitative Stool Probe and Target Amplification Method,2.8253747471113015e-07,4,0.0,5.722172502901142e-07
12110,Thyroxine (T4) Binding Globulin Mass/volume Blood,2.8253747471113015e-07,4,0.0,5.722172502901142e-07
2113,"India Ink, CSF",2.8253747471113015e-07,4,0.0,5.722172502901142e-07
11381,Tricyclic antidepressants ug/L Serum or Plasma,2.8253747471113015e-07,4,0.0,5.722172502901142e-07
1411,Complete Blood Count Unidentified Cells,2.8253747471113015e-07,4,0.0,5.722172502901142e-07
11652,Zinc umol/L Serum or Plasma,2.8253747471113015e-07,4,0.0,5.722172502901142e-07
5924,Strawberry Antibody IgE RAST (Fragaria vesca),2.8253747471113015e-07,4,0.0,5.722172502901142e-07
5119,Onion Antibody IgE (Allium cepa),2.8253747471113015e-07,4,0.0,5.722172502901142e-07
5109,Olive Pollen Antibody IgE (Olea europaea),2.8253747471113015e-07,4,0.0,5.722172502901142e-07
1831,"Streptococcus pneumoniae Antigen, CSF",2.8253747471113015e-07,4,0.0,5.722172502901142e-07
20771,Cyclospora cayetanensis DNA Presence Stool Target Amplification with Non-Probe Based Detection,2.8253747471113015e-07,4,0.0,5.722172502901142e-07
20822,Zika Virus Antibody IgM Presence Serum Immunoassay,2.8253747471113015e-07,4,0.0,5.722172502901142e-07
20817,Vibrio cholerae+parahaemolyticus+vulnificus DNA Presence Stool Target Amp with Non-Probe Detection,2.8253747471113015e-07,4,0.0,5.722172502901142e-07
21181,aPTT Factor Substitution Platelet Poor Plasma 1 Hour Post Incubation,2.8253747471113015e-07,4,0.0,5.722172502901142e-07
20912,Escherichia coli shiga-like toxin 1+2 (stx1+stx2) Genes Presence Stool Probe and Target Amp Method,2.8253747471113015e-07,4,0.0,5.722172502901142e-07
21192,Complement Alternate Pathway AH50 Units/volume Serum or Plasma,2.8253747471113015e-07,4,0.0,5.722172502901142e-07
23202,Haemophilus influenzae DNA Presence Target Amp w Non Probe Based Detection Positive Blood Culture,2.8253747471113015e-07,4,0.0,5.722172502901142e-07
23503,Vancomycin resistance (vanA + vanB) genes Presence Targ Amp w Non Prb Based Detect Pos Bld Culture,2.8253747471113015e-07,4,0.0,5.722172502901142e-07
20806,Plesiomonas Shigelloides DNA Presence Stool Target Amplification with Non-Probe Based Detection,2.119031060333476e-07,3,0.0,4.291629377175856e-07
21207,Riboflavin Moles/volume Serum or Plasma,2.119031060333476e-07,3,0.0,4.291629377175856e-07
20742,Parasite Identified Isolate,2.119031060333476e-07,3,0.0,4.291629377175856e-07
1838,Aspergillus niger Antibody,2.119031060333476e-07,3,0.0,4.291629377175856e-07
3592,Chick Pea Antibody IgE (Cicer arietinus),2.119031060333476e-07,3,0.0,4.291629377175856e-07
783,Blood - Parasitology,2.119031060333476e-07,3,0.0,4.291629377175856e-07
3776,Cocoa Antibody IgE (Theobroma cacao),2.119031060333476e-07,3,0.0,4.291629377175856e-07
6123,Tuna Antibody IgE RAST (Thunnus albacares),2.119031060333476e-07,3,0.0,4.291629377175856e-07
4791,Lepidoglyphus destructor Antibody IgE RAST (Storage Dust Mite),2.119031060333476e-07,3,0.0,4.291629377175856e-07
4796,Lettuce Antibody IgE (Lactuca sativa),2.119031060333476e-07,3,0.0,4.291629377175856e-07
4790,Lepidoglyphus destructor Antibody IgE (Storage Dust Mite),2.119031060333476e-07,3,0.0,4.291629377175856e-07
12383,Cytomegalovirus DNA Viral Load Serum or Plasma Probe and Target Amplification Method,2.119031060333476e-07,3,0.0,4.291629377175856e-07
4731,Lamb Antibody IgE,2.119031060333476e-07,3,0.0,4.291629377175856e-07
11736,West Nile Virus Antibody IgG Qualitative Unspecified,2.119031060333476e-07,3,0.0,4.291629377175856e-07
12021,Citrulline Quantitative Urine,2.119031060333476e-07,3,0.0,4.291629377175856e-07
1778,Bordetella pertussis Antibody,2.119031060333476e-07,3,0.0,4.291629377175856e-07
2090,"Fecal Fat Quantitative, 72 hr",2.119031060333476e-07,3,0.0,4.291629377175856e-07
12371,Cryptosporidium sp. DNA Unspecified Specimen Probe and Target Amplification Method,2.119031060333476e-07,3,0.0,4.291629377175856e-07
8576,Chlamydia sp. rRNA Qualitative Urine DNA Probe,2.119031060333476e-07,3,0.0,4.291629377175856e-07
6356,Yellow Hornet Antibody IgE (Dolichovespula arenaria),2.119031060333476e-07,3,0.0,4.291629377175856e-07
8270,Vibrio sp. DNA Unspecified Probe and Target Amplification Method,2.119031060333476e-07,3,0.0,4.291629377175856e-07
8211,Streptococcal DNAse B Quantitative Serum,2.119031060333476e-07,3,0.0,4.291629377175856e-07
8226,Streptococcus pneumoniae 1 Antibody IgG Quantitative Serum,2.119031060333476e-07,3,0.0,4.291629377175856e-07
2314,BCR/ABL Gene,2.119031060333476e-07,3,0.0,4.291629377175856e-07
1118,"Herpes simplex 2, CSF",2.119031060333476e-07,3,0.0,4.291629377175856e-07
2431,Influenza A Porcine (H1N1) RNA PCR,2.119031060333476e-07,3,0.0,4.291629377175856e-07
1111,"Herpes simplex 1, CSF",2.119031060333476e-07,3,0.0,4.291629377175856e-07
7798,Protoporphyrin Free Quantitative Blood,2.119031060333476e-07,3,0.0,4.291629377175856e-07
6332,Willow Antibody IgE (Salix caprea),2.119031060333476e-07,3,0.0,4.291629377175856e-07
2364,Bordetella parapertussis DNA Qualitative Unspecified Probe and Target Amplification Method,2.119031060333476e-07,3,0.0,4.291629377175856e-07
2363,Hepatitis C Probe Quantitative (NR),2.119031060333476e-07,3,0.0,4.291629377175856e-07
2361,"Selenium, Whole Blood",2.119031060333476e-07,3,0.0,4.291629377175856e-07
7775,Protein C Antigen Actual/Normal Platelet Poor Plasma Immunologic Method,2.119031060333476e-07,3,0.0,4.291629377175856e-07
4476,Helminthosporium halodes Antibody IgE,2.119031060333476e-07,3,0.0,4.291629377175856e-07
6400,English Walnut Tree Antibody IgE (Juglans regia),2.119031060333476e-07,3,0.0,4.291629377175856e-07
270,Influenza A Antigen DFA Qualitative,2.119031060333476e-07,3,0.0,4.291629377175856e-07
269,Influenza A and/or B Virus Rapid Antigen Test Qualitative,2.119031060333476e-07,3,0.0,4.291629377175856e-07
8920,Magnesium mg/dL Red Blood Cells,2.119031060333476e-07,3,0.0,4.291629377175856e-07
2288,"Glucose, Dialysate",2.119031060333476e-07,3,0.0,4.291629377175856e-07
6137,Turkey meat Antibody IgE,2.119031060333476e-07,3,0.0,4.291629377175856e-07
4506,Honey Bee Antibody IgE (Apis mellifera),2.119031060333476e-07,3,0.0,4.291629377175856e-07
6303,Whitefaced Hornet Antibody IgE (Dolichovespula maculata),2.119031060333476e-07,3,0.0,4.291629377175856e-07
8915,Alpha-1-Fetoprotein ug/L CSF,2.119031060333476e-07,3,0.0,4.291629377175856e-07
2247,Pyruvic Acid CSF,2.119031060333476e-07,3,0.0,4.291629377175856e-07
2199,Complement Component 9,2.119031060333476e-07,3,0.0,4.291629377175856e-07
2234,"Homocystine, Urine",2.119031060333476e-07,3,0.0,4.291629377175856e-07
2245,Pyruvate Kinase,2.119031060333476e-07,3,0.0,4.291629377175856e-07
10089,Ibuprofen ug/mL Serum or Plasma,2.119031060333476e-07,3,0.0,4.291629377175856e-07
149,Adenovirus Antigen DFA,2.119031060333476e-07,3,0.0,4.291629377175856e-07
16219,Microalbumin Mass/volume Urine Test Strip,2.119031060333476e-07,3,0.0,4.291629377175856e-07
5228,Parrot feather Antibody IgE,2.119031060333476e-07,3,0.0,4.291629377175856e-07
1688,"Blood Urea Nitrogen, Serum Pre/Post Dialysis",2.119031060333476e-07,3,0.0,4.291629377175856e-07
1684,Streptococcus B Antigen,2.119031060333476e-07,3,0.0,4.291629377175856e-07
1950,"Cadmium, Whole Blood",2.119031060333476e-07,3,1.1317978609020428e-05,2.861086251450571e-07
2773,Measles (Rubeola) Antibody IgG CSF,2.119031060333476e-07,3,0.0,4.291629377175856e-07
1985,Hemoglobin O,2.119031060333476e-07,3,0.0,4.291629377175856e-07
2824,Q Fever (Coxiella burnetii) Phase 2 Antibody IgM,2.119031060333476e-07,3,0.0,4.291629377175856e-07
643,Legionella Antigen DFA,2.119031060333476e-07,3,0.0,4.291629377175856e-07
2985,Apple Antibody IgE RAST (Malus sylvestris),2.119031060333476e-07,3,0.0,4.291629377175856e-07
6485,"Antithrombin Antigen Quantitative, Platelet Poor Plasma Immunologic Method",2.119031060333476e-07,3,0.0,4.291629377175856e-07
6883,Hepatitis Be Antigen Qualitative Serum,2.119031060333476e-07,3,0.0,4.291629377175856e-07
2822,Legionella Antibody IgM Quantitative,2.119031060333476e-07,3,0.0,4.291629377175856e-07
2823,Q Fever (Coxiella burnetii) Phase 1 Antibody IgM,2.119031060333476e-07,3,0.0,4.291629377175856e-07
6959,"Immunofixation Interp, Serum/Plasma",2.119031060333476e-07,3,0.0,4.291629377175856e-07
3109,Bakers yeast Antibody IgE (Saccharomyces cerevisiae),2.119031060333476e-07,3,0.0,4.291629377175856e-07
649,Lyme disease (Borrelia burgdorferi) Antibody IgG Index Units/volume Serum and CSF,2.119031060333476e-07,3,0.0,4.291629377175856e-07
3900,Cow milk Antibody IgG,2.119031060333476e-07,3,0.0,4.291629377175856e-07
723,Toxoplasma Antibody,2.119031060333476e-07,3,0.0,4.291629377175856e-07
1787,Chlamydia Antibody,2.119031060333476e-07,3,0.0,4.291629377175856e-07
23004,Acinetobacter baumannii DNA Presence Target Amp w Non Probe Based Detection Positive Blood Culture,2.119031060333476e-07,3,0.0,4.291629377175856e-07
3597,Chicken Antibody IgE,2.119031060333476e-07,3,0.0,4.291629377175856e-07
6633,Cryofibrinogen Qualitative Plasma,2.119031060333476e-07,3,1.1317978609020428e-05,2.861086251450571e-07
1892,Murine typhus Antibody,2.119031060333476e-07,3,0.0,4.291629377175856e-07
17726,Escherichia coli enterohemorrhagic PCR (EHEC),2.119031060333476e-07,3,0.0,4.291629377175856e-07
17731,Legionella pneumophila DNA Presence Unspecified Specimen Probe and Target Amplification Method,2.119031060333476e-07,3,0.0,4.291629377175856e-07
1019,Giardia lamblia Antibody IgM,2.119031060333476e-07,3,0.0,4.291629377175856e-07
450,HIV2 Antibody EIA,2.119031060333476e-07,3,0.0,4.291629377175856e-07
2681,Tuberculosis (Mycobacterium tuberculosis) DNA,2.119031060333476e-07,3,0.0,4.291629377175856e-07
2752,Rickettsia spotted fever group Antibody IgM Qualitative,2.119031060333476e-07,3,0.0,4.291629377175856e-07
2707,Chlamydia trachomatis/Neisseria gonorrhoeae DNA Probe Genital,2.119031060333476e-07,3,0.0,4.291629377175856e-07
824,Anti-Hu CSF (Anti-Neuronal Nuclear Antibody Type-I),2.119031060333476e-07,3,0.0,4.291629377175856e-07
7204,UA Hippurate Crystals,2.119031060333476e-07,3,0.0,4.291629377175856e-07
14351,Streptococcus pneumoniae 23 Antibody IgG Mass/Vol Serum,2.119031060333476e-07,3,0.0,4.291629377175856e-07
13909,Lactate Dehydrogenase 4 (LDH) Enzymatic Activity / Volume Serum or Plasma,2.119031060333476e-07,3,0.0,4.291629377175856e-07
6428,"Acetylcholine Receptor Antibody Quantitative, Serum",2.119031060333476e-07,3,0.0,4.291629377175856e-07
2612,Streptococcus pneumoniae 5 Antibody IgG,2.119031060333476e-07,3,0.0,4.291629377175856e-07
2613,Streptococcus pneumoniae 8 Antibody IgG,2.119031060333476e-07,3,0.0,4.291629377175856e-07
544,Bartonella Antibody,2.119031060333476e-07,3,0.0,4.291629377175856e-07
7069,"Methanol, Serum/Plasma",2.119031060333476e-07,3,0.0,4.291629377175856e-07
4083,Egg white Antibody IgG,2.119031060333476e-07,3,0.0,4.291629377175856e-07
2634,Escherichia coli shiga toxin 1 Antigen,2.119031060333476e-07,3,0.0,4.291629377175856e-07
2635,Escherichia coli shiga toxin 2 Antigen,2.119031060333476e-07,3,0.0,4.291629377175856e-07
7076,"Microalbumin, Urine 24 hr",2.119031060333476e-07,3,0.0,4.291629377175856e-07
7450,Streptococcus pneumoniae 4 Antibody IgG Quantitative Serum,2.119031060333476e-07,3,0.0,4.291629377175856e-07
7459,Streptococcus pneumoniae 57 Antibody IgG Quantitative Serum,2.119031060333476e-07,3,0.0,4.291629377175856e-07
7466,Streptococcus pneumoniae 68 Antibody IgG Quantitative Serum,2.119031060333476e-07,3,0.0,4.291629377175856e-07
2482,"Hepatitis C Antibody (Anti HCV), DOH Report All",2.119031060333476e-07,3,0.0,4.291629377175856e-07
4277,Garlic Antibody IgE (Allium sativum),2.119031060333476e-07,3,0.0,4.291629377175856e-07
7522,Syphilis (Treponema pallidum) Antibody IgM Quantitative Serum Immunofluorescence,2.119031060333476e-07,3,0.0,4.291629377175856e-07
7483,Streptococcus pneumoniae 9 Antibody Qualitative Serum,2.119031060333476e-07,3,0.0,4.291629377175856e-07
7480,Streptococcus pneumoniae 9 Antibody IgG Quantitative Serum,2.119031060333476e-07,3,0.0,4.291629377175856e-07
7447,Streptococcus pneumoniae 34 Antibody IgG Quantitative Serum,2.119031060333476e-07,3,0.0,4.291629377175856e-07
7445,Streptococcus pneumoniae 3 Antibody IgG Quantitative Serum,2.119031060333476e-07,3,0.0,4.291629377175856e-07
7444,Streptococcus pneumoniae 26 Antibody IgG Quantitative Serum,2.119031060333476e-07,3,0.0,4.291629377175856e-07
7457,Streptococcus pneumoniae 54 Antibody IgG Quantitative Serum,2.119031060333476e-07,3,0.0,4.291629377175856e-07
2045,"Chlamydia trachomatis Antigen, Urine",2.119031060333476e-07,3,0.0,4.291629377175856e-07
1550,Semen Analysis,2.119031060333476e-07,3,0.0,4.291629377175856e-07
12918,Coccidioides immitis Antibody Titer Cerebral Spinal Fluid Complement Fixation,2.119031060333476e-07,3,0.0,4.291629377175856e-07
13013,Streptococcus pneumoniae 12 Antibody IgG Mass/volume Serum,2.119031060333476e-07,3,0.0,4.291629377175856e-07
4865,Lysozyme Antibody IgE,2.119031060333476e-07,3,0.0,4.291629377175856e-07
13043,Plasmodium sp. Blood Thin Film,2.119031060333476e-07,3,0.0,4.291629377175856e-07
250,Francisella tularensis Antibody,2.119031060333476e-07,3,0.0,4.291629377175856e-07
3538,Celery Antibody IgE (Apium graveolens),2.119031060333476e-07,3,0.0,4.291629377175856e-07
676,Q Fever (Coxiella burnetii) Antibody,2.119031060333476e-07,3,0.0,4.291629377175856e-07
674,Poliovirus Antibody,2.119031060333476e-07,3,0.0,4.291629377175856e-07
17785,Sapovirus RNA Presence Unspecified Specimen Probe and Target Amplification Method,2.119031060333476e-07,3,0.0,4.291629377175856e-07
6676,Endomysium Antibody Titer Serum,2.119031060333476e-07,3,0.0,4.291629377175856e-07
3133,Banana Antibody IgE RAST (Musa),2.119031060333476e-07,3,0.0,4.291629377175856e-07
2381,Sulfhemoglobin,1.4126873735556507e-07,2,0.0,2.861086251450571e-07
2360,Parvovirus PCR,1.4126873735556507e-07,2,0.0,2.861086251450571e-07
298,Parainfluenza 3 Antigen DFA,1.4126873735556507e-07,2,0.0,2.861086251450571e-07
8735,Chlamydia trachomatis L2 Antibody IgG Qualitative Serum,1.4126873735556507e-07,2,0.0,2.861086251450571e-07
8595,Chlamydia trachomatis Antibody IgG Titer Serum Immunofluorescence,1.4126873735556507e-07,2,0.0,2.861086251450571e-07
8604,Chlamydia trachomatis Antibody IgM Titer Serum,1.4126873735556507e-07,2,0.0,2.861086251450571e-07
8236,Streptococcus pneumoniae DNA Unspecified Probe and Target Amplification Method,1.4126873735556507e-07,2,0.0,2.861086251450571e-07
8235,Streptococcus pneumoniae DNA Qualitative Unspecified Probe and Target Amplification Method,1.4126873735556507e-07,2,0.0,2.861086251450571e-07
8161,Bordetella pertussis Antibody IgG Qualitative Serum,1.4126873735556507e-07,2,0.0,2.861086251450571e-07
10357,Methamphetamine Mass Concentrate Serum or Plasma,1.4126873735556507e-07,2,0.0,2.861086251450571e-07
9763,Doxepin ng/mL Serum or Plasma,1.4126873735556507e-07,2,0.0,2.861086251450571e-07
9033,Alprazolam ng/mL Serum or Plasma,1.4126873735556507e-07,2,0.0,2.861086251450571e-07
5982,Sweet Vernal grass Antibody IgE (Anthoxanthum odoratum),1.4126873735556507e-07,2,0.0,2.861086251450571e-07
9679,Diazepam+Nordiazepam ng/mL Serum or Plasma,1.4126873735556507e-07,2,0.0,2.861086251450571e-07
10117,Imipramine ug/mL Serum or Plasma,1.4126873735556507e-07,2,0.0,2.861086251450571e-07
10132,Infliximab ug/mL Serum or Plasma,1.4126873735556507e-07,2,0.0,2.861086251450571e-07
10178,Leflunomide ng/mL Serum or Plasma,1.4126873735556507e-07,2,0.0,2.861086251450571e-07
9982,Gentamicin ug/mL Body Fluid,1.4126873735556507e-07,2,0.0,2.861086251450571e-07
2262,Strongyloides sp. Antibody Units/volume Serum,1.4126873735556507e-07,2,0.0,2.861086251450571e-07
274,Influenza B Antigen DFA Qualitative,1.4126873735556507e-07,2,0.0,2.861086251450571e-07
8966,7-Aminoclonazepam ng/mL Urine,1.4126873735556507e-07,2,0.0,2.861086251450571e-07
8913,Q Fever (Coxiella burnetii) Phase 2 Antibody IgM Titer Serum,1.4126873735556507e-07,2,0.0,2.861086251450571e-07
9080,Amitriptyline+Nortriptyline umol/L Serum or Plasma,1.4126873735556507e-07,2,0.0,2.861086251450571e-07
2294,Hepatitis C RNA Quantitative and Genotype,1.4126873735556507e-07,2,1.1317978609020428e-05,1.4305431257252855e-07
2298,"JC Virus DNA PCR, CSF",1.4126873735556507e-07,2,0.0,2.861086251450571e-07
2299,"JC Virus DNA, Urine",1.4126873735556507e-07,2,0.0,2.861086251450571e-07
5918,Stemphylium botryosum Antibody IgG,1.4126873735556507e-07,2,0.0,2.861086251450571e-07
10829,Phencyclidine ng/mL Urine Confirmatory Method,1.4126873735556507e-07,2,0.0,2.861086251450571e-07
6549,"Broad Casts, Urine Sediment Microscopy LPF",1.4126873735556507e-07,2,0.0,2.861086251450571e-07
3705,Clam Antibody IgE RAST (Ruditapes),1.4126873735556507e-07,2,0.0,2.861086251450571e-07
6561,"Calcium Quantitative, Urine",1.4126873735556507e-07,2,0.0,2.861086251450571e-07
1765,"Glucose, Urine Fasting",1.4126873735556507e-07,2,0.0,2.861086251450571e-07
20354,Rickettsia typhi Antibody IgG Titer Serum Immunofluorescence,1.4126873735556507e-07,2,0.0,2.861086251450571e-07
3780,Coconut Antibody IgE RAST (Cocos nucifera),1.4126873735556507e-07,2,0.0,2.861086251450571e-07
1763,UA Sulfa Crystals,1.4126873735556507e-07,2,0.0,2.861086251450571e-07
3836,Common Sagebrush Antibody IgE (Artemisia tridentata),1.4126873735556507e-07,2,0.0,2.861086251450571e-07
6551,"Calcium carbonate crystals Qualitative, Urine Sediment Light Microscopy",1.4126873735556507e-07,2,0.0,2.861086251450571e-07
4609,Insulin porcine Antibody IgE,1.4126873735556507e-07,2,0.0,2.861086251450571e-07
1779,"Glucose, Unknown Specimen 1.5 Hr",1.4126873735556507e-07,2,0.0,2.861086251450571e-07
1785,La Crosse Virus Antibody IgG Quantitative Serum,1.4126873735556507e-07,2,0.0,2.861086251450571e-07
32,"Bilirubin, Total and Direct",1.4126873735556507e-07,2,0.0,2.861086251450571e-07
5120,Onion Antibody IgE RAST (Allium cepa),1.4126873735556507e-07,2,0.0,2.861086251450571e-07
2133,Legionella pneumophila Antibody 8 IgM,1.4126873735556507e-07,2,0.0,2.861086251450571e-07
2132,Legionella pneumophila Antibody 7 IgM,1.4126873735556507e-07,2,0.0,2.861086251450571e-07
2124,Legionella pneumophila Antibody 12 IgM,1.4126873735556507e-07,2,0.0,2.861086251450571e-07
2117,Lactase Dehydrogenase (LDH) Ts,1.4126873735556507e-07,2,0.0,2.861086251450571e-07
4610,Insulin porcine Antibody IgE RAST,1.4126873735556507e-07,2,0.0,2.861086251450571e-07
4694,Kiwifruit Antibody IgE RAST (Actinidia chinensis),1.4126873735556507e-07,2,0.0,2.861086251450571e-07
11982,Dengue Virus Antibody IgM Serum Immunoassay,1.4126873735556507e-07,2,0.0,2.861086251450571e-07
11342,Trazodone ug/mL Serum or Plasma,1.4126873735556507e-07,2,0.0,2.861086251450571e-07
2091,Granulocyte Antibody,1.4126873735556507e-07,2,0.0,2.861086251450571e-07
1499,Mononuclear Absolute,1.4126873735556507e-07,2,0.0,2.861086251450571e-07
12438,Escherichia coli O157:H7 DNA Qualitative Unspecified Specimen Probe and Target Amplification Method,1.4126873735556507e-07,2,0.0,2.861086251450571e-07
5851,Soybean Antibody IgG (Glycine max),1.4126873735556507e-07,2,0.0,2.861086251450571e-07
2104,"Herpes simplex 1+2 Antibody IgM, CSF",1.4126873735556507e-07,2,0.0,2.861086251450571e-07
2105,Herpes simplex 2 Antibody IgG CSF,1.4126873735556507e-07,2,0.0,2.861086251450571e-07
12111,Thyroxine (T4) Binding Globulin Mass/volume Serum or Plasma,1.4126873735556507e-07,2,0.0,2.861086251450571e-07
6076,Tomato Antibody IgG (Lycopersicon lycopersicum),1.4126873735556507e-07,2,0.0,2.861086251450571e-07
7791,Protein S Free Antigen Actual/Normal Platelet Poor Plasma Immunologic Method,1.4126873735556507e-07,2,0.0,2.861086251450571e-07
7821,SCL-70 Extractable Nuclear Antibody Quantitative Serum,1.4126873735556507e-07,2,0.0,2.861086251450571e-07
2401,"Trypsin, Fecal",1.4126873735556507e-07,2,0.0,2.861086251450571e-07
354,Virus Culture Varicella zoster,1.4126873735556507e-07,2,0.0,2.861086251450571e-07
4421,Guinea pig epithelium Antibody IgE,1.4126873735556507e-07,2,0.0,2.861086251450571e-07
6412,Coccidioides immitis Antibody IgG Serum Immune Diffusion,1.4126873735556507e-07,2,0.0,2.861086251450571e-07
479,Influenza B Interp,1.4126873735556507e-07,2,0.0,2.861086251450571e-07
7049,"Magnesium, Red Blood Cell",1.4126873735556507e-07,2,0.0,2.861086251450571e-07
14347,Streptococcus pneumoniae 19 Antibody IgG Mass/Vol Serum,1.4126873735556507e-07,2,0.0,2.861086251450571e-07
180,Bordetella pertussis DFA Qualitative,1.4126873735556507e-07,2,0.0,2.861086251450571e-07
7212,"UA Oval Fat Bodies, Quantitative",1.4126873735556507e-07,2,0.0,2.861086251450571e-07
1003,"Fat Stain Qualitative, Urine",1.4126873735556507e-07,2,0.0,2.861086251450571e-07
449,HIV 1+2 Antibody Qualitative Serum or Plasma Immunoassay,1.4126873735556507e-07,2,0.0,2.861086251450571e-07
13662,Chikungunya Virus Antibody IgM Titer Serum or Plasma Immunofluorescence,1.4126873735556507e-07,2,0.0,2.861086251450571e-07
5374,Phoma betae Antibody IgG,1.4126873735556507e-07,2,0.0,2.861086251450571e-07
411,HIV 1+O+2 Antibody Quantitative Serum or Plasma,1.4126873735556507e-07,2,0.0,2.861086251450571e-07
5476,Potato Antibody IgG (Solanum tuberosum),1.4126873735556507e-07,2,0.0,2.861086251450571e-07
1539,Respiratory Therapy Oxygen Saturation Percent,1.4126873735556507e-07,2,0.0,2.861086251450571e-07
1533,Respiratory Therapy O2 Capacity,1.4126873735556507e-07,2,0.0,2.861086251450571e-07
1522,Protime Control,1.4126873735556507e-07,2,0.0,2.861086251450571e-07
2024,"Bilirubin Direct, Cord Blood",1.4126873735556507e-07,2,0.0,2.861086251450571e-07
13019,Streptococcus pneumoniae 56 Antibody IgG Mass/volume Serum,1.4126873735556507e-07,2,0.0,2.861086251450571e-07
13025,Coccidioides Antibody Titer Serum Complement fixation,1.4126873735556507e-07,2,0.0,2.861086251450571e-07
236,Cytomegalovirus Blood DNA by Hybrid Capture,1.4126873735556507e-07,2,0.0,2.861086251450571e-07
2538,Campylobacter Identified Unspecified Organism Specific Culture,1.4126873735556507e-07,2,0.0,2.861086251450571e-07
7470,Streptococcus pneumoniae 70 Antibody IgG Quantitative Serum,1.4126873735556507e-07,2,0.0,2.861086251450571e-07
12936,Ehrlichia chaffeensis Antibody IgG Titer Serum Immunofluorescence,1.4126873735556507e-07,2,0.0,2.861086251450571e-07
7335,Lyme disease (Borrelia burgdorferi) Antibody IgG and IgM Qualitative Serum Immunoblot (IB),1.4126873735556507e-07,2,0.0,2.861086251450571e-07
13460,Varicella zoster virus Antibody IgG Quantitative Serum Immunoassay,1.4126873735556507e-07,2,0.0,2.861086251450571e-07
13506,HIV1 P23 Antibody IgM,1.4126873735556507e-07,2,0.0,2.861086251450571e-07
1078,"HCG, Serum Quantitative Male",1.4126873735556507e-07,2,0.0,2.861086251450571e-07
7452,Streptococcus pneumoniae 43 Antibody IgG Quantitative Serum,1.4126873735556507e-07,2,0.0,2.861086251450571e-07
2718,Hepatitis B Core Antibody (Anti HBc) IgM Quantitative,1.4126873735556507e-07,2,0.0,2.861086251450571e-07
658,Measles (Rubeola) Immunity Screen,1.4126873735556507e-07,2,0.0,2.861086251450571e-07
3091,Avocado Antibody IgE (Persea americana),1.4126873735556507e-07,2,0.0,2.861086251450571e-07
2923,American Beech Antibody IgE (Fagus grandifolia),1.4126873735556507e-07,2,0.0,2.861086251450571e-07
6947,"Hydrocodone, Urine Qualitative",1.4126873735556507e-07,2,0.0,2.861086251450571e-07
2783,Coccidioides Antibody Immune diffusion,1.4126873735556507e-07,2,0.0,2.861086251450571e-07
3953,Cultivated Rye Antibody IgE (Secale cereale),1.4126873735556507e-07,2,0.0,2.861086251450571e-07
6504,"Bartonella quintana Antibody IgM Titer, Serum",1.4126873735556507e-07,2,0.0,2.861086251450571e-07
1677,Neisseria meningitidis C and W135 Antigen,1.4126873735556507e-07,2,0.0,2.861086251450571e-07
1935,Babesia microti DNA,1.4126873735556507e-07,2,0.0,2.861086251450571e-07
1988,Herpes Virus 6 Antibody IgM,1.4126873735556507e-07,2,0.0,2.861086251450571e-07
1661,Haemophilus influenzae B Antigen,1.4126873735556507e-07,2,0.0,2.861086251450571e-07
1989,Human Parvovirus DNA,1.4126873735556507e-07,2,0.0,2.861086251450571e-07
177,Blood Culture AFB,1.4126873735556507e-07,2,0.0,2.861086251450571e-07
2758,Rickettsia typhi (Murine Typhus) Antibody IgM Quantitative,1.4126873735556507e-07,2,0.0,2.861086251450571e-07
1759,Q Fever (Coxiella burnetii) Antibody IgG,1.4126873735556507e-07,2,0.0,2.861086251450571e-07
6625,Creatinine Quantitative Body Fluid,1.4126873735556507e-07,2,0.0,2.861086251450571e-07
1737,"Glucose, Unknown Specimen 5 hr",1.4126873735556507e-07,2,0.0,2.861086251450571e-07
18114,Klebsiella pneumoniae DNA Presence Unspecified  Probe and Target Amplification Method,1.4126873735556507e-07,2,0.0,2.861086251450571e-07
5290,Pear Antibody IgE (Pyrus communis),1.4126873735556507e-07,2,0.0,2.861086251450571e-07
3253,Black Walnut Antibody IgE RAST (Juglans nigra),1.4126873735556507e-07,2,0.0,2.861086251450571e-07
681,Rubella Antibody IgM Titer,1.4126873735556507e-07,2,0.0,2.861086251450571e-07
6617,Creatine Kinase macromolecular type 1/Creatine Kinase Total Serum/Plasma,1.4126873735556507e-07,2,0.0,2.861086251450571e-07
3907,Cow whey Antibody IgE,1.4126873735556507e-07,2,0.0,2.861086251450571e-07
3570,Cheese mold type Antibody IgE RAST,1.4126873735556507e-07,2,0.0,2.861086251450571e-07
3569,Cheese mold type Antibody IgE,1.4126873735556507e-07,2,0.0,2.861086251450571e-07
3445,Canyon Ragweed Antibody IgE (Ambrosia ambrosioides),1.4126873735556507e-07,2,0.0,2.861086251450571e-07
3650,Chocolate Antibody IgE,1.4126873735556507e-07,2,0.0,2.861086251450571e-07
3654,Chocolate Antibody IgG,1.4126873735556507e-07,2,0.0,2.861086251450571e-07
3651,Chocolate Antibody IgE RAST,1.4126873735556507e-07,2,0.0,2.861086251450571e-07
23112,Carbapenem resistance blaKPC gene Presence Targ Amp w Non Prb Based Detect Pos Bld Culture,1.4126873735556507e-07,2,0.0,2.861086251450571e-07
23080,Blood pathogens Panel Target Amplification with Non Probe Based Detection Positive Blood culture,1.4126873735556507e-07,2,0.0,2.861086251450571e-07
6409,Hepatitis C RNA Quantitative Viral Load kIU/mL,7.063436867778254e-08,1,0.0,1.4305431257252855e-07
306,Respiratory Syncytial Virus Antigen EIA,7.063436867778254e-08,1,0.0,1.4305431257252855e-07
2382,Adenovirus Antibody Titer,7.063436867778254e-08,1,0.0,1.4305431257252855e-07
1134,"LD/LDH Total, Serum",7.063436867778254e-08,1,0.0,1.4305431257252855e-07
7866,Thiamine Quantitative Serum or Plasma,7.063436867778254e-08,1,0.0,1.4305431257252855e-07
2390,CSF VDRL Titer,7.063436867778254e-08,1,0.0,1.4305431257252855e-07
2397,Lymphogranuloma venereum Antibody,7.063436867778254e-08,1,0.0,1.4305431257252855e-07
2412,Alanine Aminotransferase / SGPT for Hepatitis,7.063436867778254e-08,1,0.0,1.4305431257252855e-07
7779,Protein Fractions Oligoclonal Bands CSF Electrophoresis,7.063436867778254e-08,1,0.0,1.4305431257252855e-07
7742,Phosphatidylserine Antibody IgM Quantitative Serum,7.063436867778254e-08,1,0.0,1.4305431257252855e-07
1092,Hemoglobin 2 Abnormal,7.063436867778254e-08,1,0.0,1.4305431257252855e-07
6527,"Biotinidase Qualitative, Dried Blood spot",7.063436867778254e-08,1,0.0,1.4305431257252855e-07
4264,Fusarium moniliforme Antibody IgG,7.063436867778254e-08,1,0.0,1.4305431257252855e-07
4278,Garlic Antibody IgE RAST (Allium sativum),7.063436867778254e-08,1,0.0,1.4305431257252855e-07
4304,Giant Ragweed Antibody IgE RAST (Ambrosia trifida),7.063436867778254e-08,1,0.0,1.4305431257252855e-07
4370,Grape Antibody IgE (Vitis vinifera),7.063436867778254e-08,1,0.0,1.4305431257252855e-07
2522,Arbovirus Panel CSF,7.063436867778254e-08,1,0.0,1.4305431257252855e-07
7467,Streptococcus pneumoniae 68 Antibody IgG Quantitative Serum,7.063436867778254e-08,1,0.0,1.4305431257252855e-07
2524,Aspergillus fumigatus Antibody Qualitative,7.063436867778254e-08,1,0.0,1.4305431257252855e-07
1060,Haemophilus influenzae B,7.063436867778254e-08,1,0.0,1.4305431257252855e-07
7442,Streptococcus pneumoniae 26 Antibody IgG Quantitative Serum,7.063436867778254e-08,1,0.0,1.4305431257252855e-07
7455,Streptococcus pneumoniae 51 Antibody IgG Quantitative Serum,7.063436867778254e-08,1,0.0,1.4305431257252855e-07
826,Anti-YO CSF (Purkinje Cell Cytoplasmic Antibodies),7.063436867778254e-08,1,0.0,1.4305431257252855e-07
7722,pH of Gastric Fluid,7.063436867778254e-08,1,0.0,1.4305431257252855e-07
9425,Chlordiazepoxide ng/mL Serum or Plasma,7.063436867778254e-08,1,0.0,1.4305431257252855e-07
1260,PT 1:1 Mix 30 min,7.063436867778254e-08,1,0.0,1.4305431257252855e-07
1262,PT Automated,7.063436867778254e-08,1,0.0,1.4305431257252855e-07
282,Mycoplasma pneumoniae Culture,7.063436867778254e-08,1,0.0,1.4305431257252855e-07
2273,Wright Stain,7.063436867778254e-08,1,0.0,1.4305431257252855e-07
8860,Lipoprotein Associated Phospholipase A2 Quantitative Serum or Plasma,7.063436867778254e-08,1,0.0,1.4305431257252855e-07
8909,Q Fever (Coxiella burnetii) Phase 1 Antibody IgM Titer Serum,7.063436867778254e-08,1,0.0,1.4305431257252855e-07
8732,Chlamydia trachomatis L2 Antibody IgA Qualitative Serum,7.063436867778254e-08,1,0.0,1.4305431257252855e-07
8689,Chlamydia trachomatis D+K Antibody IgG Qualitative Serum,7.063436867778254e-08,1,0.0,1.4305431257252855e-07
4340,Goldenrod Antibody IgE (Solidago virgaurea),7.063436867778254e-08,1,0.0,1.4305431257252855e-07
6226,Wheat Bran Antibody IgE,7.063436867778254e-08,1,0.0,1.4305431257252855e-07
8001,Yersinia sp. DNA Unspecified Probe and Target Amplification,7.063436867778254e-08,1,0.0,1.4305431257252855e-07
297,Parainfluenza 2 Antigen DFA,7.063436867778254e-08,1,0.0,1.4305431257252855e-07
300,Pinworm Prep,7.063436867778254e-08,1,0.0,1.4305431257252855e-07
305,Respiratory Screen,7.063436867778254e-08,1,0.0,1.4305431257252855e-07
2336,"Saint Louis Encephalitis Virus Antibody IgG, CSF",7.063436867778254e-08,1,0.0,1.4305431257252855e-07
2339,"Syphilis (Treponema pallidum) FTA Antibody, CSF Total",7.063436867778254e-08,1,0.0,1.4305431257252855e-07
2322,"Schistosoma Antibody IgG, Serum",7.063436867778254e-08,1,0.0,1.4305431257252855e-07
8245,Streptococcus pyogenes (Group A) DNA Qualitative Throat Probe and Target Amplification Method,7.063436867778254e-08,1,0.0,1.4305431257252855e-07
8202,Bordetella pertussis toxin Antibody IgG Quantitative Serum,7.063436867778254e-08,1,0.0,1.4305431257252855e-07
2359,Bartonella PCR,7.063436867778254e-08,1,0.0,1.4305431257252855e-07
2371,Herpes Virus 7 Antibody IgG,7.063436867778254e-08,1,0.0,1.4305431257252855e-07
7985,Yersinia sp. Antibody IgA Qualitative Serum Immunoblot (IB),7.063436867778254e-08,1,0.0,1.4305431257252855e-07
7992,Yersinia sp. Antibody IgM Qualitative Serum Immunoblot (IB),7.063436867778254e-08,1,0.0,1.4305431257252855e-07
296,Parainfluenza 1 Antigen DFA,7.063436867778254e-08,1,0.0,1.4305431257252855e-07
7028,"Lyme disease (Borrelia burgdorferi) Antibody IgG Quantitative, Serum Immunoassay",7.063436867778254e-08,1,0.0,1.4305431257252855e-07
2757,Rickettsia typhi (Murine Typhus) Antibody IgM Qualitative,7.063436867778254e-08,1,0.0,1.4305431257252855e-07
2767,14-3-3 Protein CSF Quantitative,7.063436867778254e-08,1,0.0,1.4305431257252855e-07
2774,Measles (Rubeola) Antibody IgM CSF,7.063436867778254e-08,1,0.0,1.4305431257252855e-07
3954,Cultivated Rye Antibody IgE RAST (Secale cereale),7.063436867778254e-08,1,0.0,1.4305431257252855e-07
2781,"Varicella zoster Antibody IgM, CSF",7.063436867778254e-08,1,0.0,1.4305431257252855e-07
2786,Legionella pneumophila Antigen DFA,7.063436867778254e-08,1,0.0,1.4305431257252855e-07
565,Coxsackie Virus Antibody,7.063436867778254e-08,1,0.0,1.4305431257252855e-07
2797,HIV1 Antibody Qualitative,7.063436867778254e-08,1,0.0,1.4305431257252855e-07
2838,Herpes Virus 6 DNA Qualitative PCR,7.063436867778254e-08,1,0.0,1.4305431257252855e-07
6881,Hepatitis B Surface Antigen Qualitative Serum/Plasma Neutralization test,7.063436867778254e-08,1,0.0,1.4305431257252855e-07
7413,Lyme disease (Borrelia burgdorferi) DNA Qualitative Tick PCR,7.063436867778254e-08,1,0.0,1.4305431257252855e-07
587,Entamoeba Test,7.063436867778254e-08,1,0.0,1.4305431257252855e-07
596,Fungal Serology,7.063436867778254e-08,1,0.0,1.4305431257252855e-07
2903,Alternaria alternata Antibody,7.063436867778254e-08,1,0.0,1.4305431257252855e-07
2924,American Beech Antibody IgE RAST (Fagus grandifolia),7.063436867778254e-08,1,0.0,1.4305431257252855e-07
620,Hepatitis D,7.063436867778254e-08,1,1.1317978609020428e-05,0.0
2841,"Lyme disease (Borrelia burgdorferi) Western Blot IgG Qualitative, CSF",7.063436867778254e-08,1,0.0,1.4305431257252855e-07
2842,"Lyme disease (Borrelia burgdorferi) Western Blot IgM Qualitative, CSF",7.063436867778254e-08,1,0.0,1.4305431257252855e-07
2946,American house dust mite recombinant (rDer f) 2 Antibody IgE (Dermatophagoides farinae),7.063436867778254e-08,1,0.0,1.4305431257252855e-07
3022,Asparagus Antibody IgE (Asparagus officinalis),7.063436867778254e-08,1,0.0,1.4305431257252855e-07
3025,Asparagus Antibody IgG (Asparagus officinalis),7.063436867778254e-08,1,0.0,1.4305431257252855e-07
793,Leptospira Antibody,7.063436867778254e-08,1,0.0,1.4305431257252855e-07
580,Echinococcus Antibody,7.063436867778254e-08,1,0.0,1.4305431257252855e-07
2557,Chromosome Analysis Products of Conception,7.063436867778254e-08,1,0.0,1.4305431257252855e-07
2563,"Copper/Creatinine Mass Ratio, Urine",7.063436867778254e-08,1,0.0,1.4305431257252855e-07
2564,Corynebacterium diphtheriae Antibody,7.063436867778254e-08,1,0.0,1.4305431257252855e-07
7235,HIV1 Antibody Rapid Test,7.063436867778254e-08,1,0.0,1.4305431257252855e-07
441,HIV1 P24 Interpretaton,7.063436867778254e-08,1,0.0,1.4305431257252855e-07
7180,"Oxazepam, Urine Qualititative",7.063436867778254e-08,1,0.0,1.4305431257252855e-07
2581,Francisella tularensis Antibody IgM,7.063436867778254e-08,1,0.0,1.4305431257252855e-07
2592,HTLV 1 and 2 Antibody,7.063436867778254e-08,1,0.0,1.4305431257252855e-07
423,HIV1 Antibody SUDS,7.063436867778254e-08,1,0.0,1.4305431257252855e-07
2599,Norovirus RNA Qualitative Probe and Target Amplification,7.063436867778254e-08,1,0.0,1.4305431257252855e-07
2605,Saint Louis Encephalitis Virus Antibody IgG,7.063436867778254e-08,1,0.0,1.4305431257252855e-07
7019,"Liver Kidney Microsomal 1 Antibody, Serum Quantitative",7.063436867778254e-08,1,0.0,1.4305431257252855e-07
4181,False ragweed Antibody IgE (Franseria acanthicarpa),7.063436867778254e-08,1,0.0,1.4305431257252855e-07
6430,"Acetylcholine Receptor Modulation Ab/Acetylcholine Ab Total, Serum",7.063436867778254e-08,1,0.0,1.4305431257252855e-07
7150,"Nordiazepam, Urine Qualitative",7.063436867778254e-08,1,0.0,1.4305431257252855e-07
1031,"Glucose GTT, Serum 6 hr",7.063436867778254e-08,1,0.0,1.4305431257252855e-07
2615,Toxoplasma gondii Antibody IgM,7.063436867778254e-08,1,0.0,1.4305431257252855e-07
493,Parainfluenza Type3 Antibody,7.063436867778254e-08,1,0.0,1.4305431257252855e-07
982,"Drugs of Abuse, Urine",7.063436867778254e-08,1,0.0,1.4305431257252855e-07
3977,Curvularia sp. Antibody IgE,7.063436867778254e-08,1,0.0,1.4305431257252855e-07
3984,Dandelion Antibody IgE (Taraxacum vulgare),7.063436867778254e-08,1,0.0,1.4305431257252855e-07
4031,Dog epithelium Antibody IgE RAST,7.063436867778254e-08,1,0.0,1.4305431257252855e-07
4033,Dog epithelium Antibody IgG,7.063436867778254e-08,1,0.0,1.4305431257252855e-07
974,Differential Red Blood Cell Morphology,7.063436867778254e-08,1,0.0,1.4305431257252855e-07
4173,European house dust mite native (nDer p) 1 Antibody IgE (Dermatophagoides pteronyssinus),7.063436867778254e-08,1,0.0,1.4305431257252855e-07
16214,Microalbumin Mass/time Unspecified Time Urine,7.063436867778254e-08,1,0.0,1.4305431257252855e-07
1966,Dengue Fever Antibody Serum Quantitative,7.063436867778254e-08,1,0.0,1.4305431257252855e-07
1986,Herpes Virus 6 Antibody,7.063436867778254e-08,1,0.0,1.4305431257252855e-07
191,Chlamydia pneumoniae Culture,7.063436867778254e-08,1,0.0,1.4305431257252855e-07
5585,Red dye Antibody IgE,7.063436867778254e-08,1,0.0,1.4305431257252855e-07
14391,Varicella zoster Antibody IgG Quantitative Cerebral Spinal Fluid Immunoassay,7.063436867778254e-08,1,0.0,1.4305431257252855e-07
14516,CFTR Gene Mutations Identifier Blood or Tissue Molecular Genetics Method Nominal,7.063436867778254e-08,1,0.0,1.4305431257252855e-07
14055,Catecholamines Mass/Vol Plasma,7.063436867778254e-08,1,0.0,1.4305431257252855e-07
14098,Coproporphyrin 1 Mass/Time 24 hour Urine,7.063436867778254e-08,1,0.0,1.4305431257252855e-07
14134,Coproporphyrin Mass/Vol Serum or Plasma,7.063436867778254e-08,1,0.0,1.4305431257252855e-07
13767,Varicella zoster virus Antibody IgM Qualitative Serum Immunoassay,7.063436867778254e-08,1,0.0,1.4305431257252855e-07
9279,Butabarbital Mass Concentrate Urine,7.063436867778254e-08,1,1.1317978609020428e-05,0.0
13758,Mumps Antibody IgM Qualitative Serum Immunoassay,7.063436867778254e-08,1,0.0,1.4305431257252855e-07
13540,HIV1 P93 Antibody IgG,7.063436867778254e-08,1,0.0,1.4305431257252855e-07
2017,"Arsenic, Hair",7.063436867778254e-08,1,0.0,1.4305431257252855e-07
13521,HIV1 P39 Antibody IgM,7.063436867778254e-08,1,0.0,1.4305431257252855e-07
13459,"Mumps Antibody IgM Immunoassay, Serum Quantitative",7.063436867778254e-08,1,0.0,1.4305431257252855e-07
13042,Plasmodium sp. Blood Light Microscopy,7.063436867778254e-08,1,0.0,1.4305431257252855e-07
5661,Russian olive Antibody IgE (Elaeagnus angustifolia),7.063436867778254e-08,1,0.0,1.4305431257252855e-07
5464,Pork Antibody IgE RAST,7.063436867778254e-08,1,0.0,1.4305431257252855e-07
5474,Potato Antibody IgE RAST (Solanum tuberosum),7.063436867778254e-08,1,0.0,1.4305431257252855e-07
13021,Streptococcus pneumoniae 56 Antibody IgG Quantitative Serum,7.063436867778254e-08,1,0.0,1.4305431257252855e-07
12943,Ehrlichia chaffeensis Antibody IgM Titer Serum Immunofluorescence,7.063436867778254e-08,1,0.0,1.4305431257252855e-07
13659,Chikungunya Virus Antibody IgG Titer Serum or Plasma Immunofluorescence,7.063436867778254e-08,1,0.0,1.4305431257252855e-07
5011,Mucor racemosus Antibody IgG,7.063436867778254e-08,1,0.0,1.4305431257252855e-07
5039,Mustard Antibody IgE,7.063436867778254e-08,1,0.0,1.4305431257252855e-07
23266,Klebsiella oxytoca DNA Presence Target Amp w Non Probe Based Detection Positive Blood Culture,7.063436867778254e-08,1,0.0,1.4305431257252855e-07
20814,Streptococcus pneumoniae DNA Presence Cerebral Spinal Fluid Target Amp with Non-Probe Detection,7.063436867778254e-08,1,0.0,1.4305431257252855e-07
1800,Hantavirus Antibody IgG,7.063436867778254e-08,1,0.0,1.4305431257252855e-07
20816,Vibrio cholerae DNA Presence Stool Target Amplification with Non-Probe Based Detection,7.063436867778254e-08,1,0.0,1.4305431257252855e-07
1832,Brucella Agglutinin,7.063436867778254e-08,1,0.0,1.4305431257252855e-07
20785,Herpes Virus 6 DNA Presence Cerebral Spinal Fluid Target Amp with Non-Probe Based Detection,7.063436867778254e-08,1,0.0,1.4305431257252855e-07
1841,Colorado Tick Fever Antibody IgG,7.063436867778254e-08,1,0.0,1.4305431257252855e-07
5128,Orange Antibody IgE RAST (Citrus sinensis),7.063436867778254e-08,1,0.0,1.4305431257252855e-07
20286,Zika Virus RNA Presence Unspecified Specimen Probe and Target Amplification Method,7.063436867778254e-08,1,0.0,1.4305431257252855e-07
15770,Glucose Mass/volume Serum or Plasma 3 Hours Post Unspec Challenge,7.063436867778254e-08,1,0.0,1.4305431257252855e-07
1726,HIV2 Antibody IgG,7.063436867778254e-08,1,0.0,1.4305431257252855e-07
17724,Adenovirus C(40)+B(41) Antigen Qualitative Stool Immunoassay,7.063436867778254e-08,1,0.0,1.4305431257252855e-07
17634,Measles (Rubeola) Antibody IgM Titer Serum Immunofluorescence,7.063436867778254e-08,1,0.0,1.4305431257252855e-07
1736,Giardia lamblia DFA,7.063436867778254e-08,1,0.0,1.4305431257252855e-07
17684,CFTR Gene Allele 2 Qualitative Blood or Tissue Molecular Genetics Method,7.063436867778254e-08,1,0.0,1.4305431257252855e-07
17223,Immature Granulocytes Count/volume Blood,7.063436867778254e-08,1,0.0,1.4305431257252855e-07
146,Culture Throat,7.063436867778254e-08,1,0.0,1.4305431257252855e-07
1707,"Urine, Glucose 2 hr",7.063436867778254e-08,1,0.0,1.4305431257252855e-07
1934,Babesia microti Antibody IgM,7.063436867778254e-08,1,0.0,1.4305431257252855e-07
5418,Pine Nut Antibody IgE (Pinus edulis),7.063436867778254e-08,1,0.0,1.4305431257252855e-07
5436,Pistachio Antibody IgE RAST (Pistacia vera),7.063436867778254e-08,1,0.0,1.4305431257252855e-07
1936,Bartonella henselae Antibody IgM Quantitative,7.063436867778254e-08,1,0.0,1.4305431257252855e-07
1904,"West Nile Virus, PCR",7.063436867778254e-08,1,0.0,1.4305431257252855e-07
2122,Legionella pneumophila Antibody 10 IgM,7.063436867778254e-08,1,0.0,1.4305431257252855e-07
2126,Legionella pneumophila Antibody 14 IgM,7.063436867778254e-08,1,0.0,1.4305431257252855e-07
2128,Legionella pneumophila Antibody 3 IgM,7.063436867778254e-08,1,0.0,1.4305431257252855e-07
2129,Legionella pneumophila Antibody 4 IgM,7.063436867778254e-08,1,0.0,1.4305431257252855e-07
11701,Nordoxepin ng/mL Serum or Plasma,7.063436867778254e-08,1,0.0,1.4305431257252855e-07
11748,West Nile Virus Antibody IgM Qualitative Unspecified,7.063436867778254e-08,1,0.0,1.4305431257252855e-07
2131,Legionella pneumophila Antibody 6 IgM,7.063436867778254e-08,1,0.0,1.4305431257252855e-07
2134,Legionella pneumophila Antibody 9 IgM,7.063436867778254e-08,1,0.0,1.4305431257252855e-07
1437,Differential Large Unstained Cell Absolute,7.063436867778254e-08,1,0.0,1.4305431257252855e-07
2163,"Zinc, Urine 24 hr",7.063436867778254e-08,1,0.0,1.4305431257252855e-07
11207,Temazepam Mass Concentrate Urine Confirmatory Method,7.063436867778254e-08,1,0.0,1.4305431257252855e-07
2021,Bartonella Antibody IgG,7.063436867778254e-08,1,0.0,1.4305431257252855e-07
10716,Oxycodone ng/mL Serum or Plasma,7.063436867778254e-08,1,0.0,1.4305431257252855e-07
10341,Methadone ng/mL Serum or Plasma,7.063436867778254e-08,1,1.1317978609020428e-05,0.0
10359,Methamphetamine Mass Concentrate Urine,7.063436867778254e-08,1,0.0,1.4305431257252855e-07
10236,Lorazepam ng/mL Serum or Plasma,7.063436867778254e-08,1,0.0,1.4305431257252855e-07
10243,Lorazepam nmol/L Urine,7.063436867778254e-08,1,0.0,1.4305431257252855e-07
1304,"Syphilis (Treponema pallidum) RPR, Serum Maternal",7.063436867778254e-08,1,0.0,1.4305431257252855e-07
2220,Factor IX Inhibitor Assay,7.063436867778254e-08,1,0.0,1.4305431257252855e-07
9867,Fentanyl ug/mL Serum or Plasma,7.063436867778254e-08,1,0.0,1.4305431257252855e-07
1289,Pyruvate CSF,7.063436867778254e-08,1,0.0,1.4305431257252855e-07
9623,Desipramine ng/mL Serum or Plasma,7.063436867778254e-08,1,0.0,1.4305431257252855e-07
9274,Busulfan ng/mL Serum or Plasma,7.063436867778254e-08,1,0.0,1.4305431257252855e-07
11070,Risperidone ng/mL Serum or Plasma,7.063436867778254e-08,1,0.0,1.4305431257252855e-07
12792,Pneumocystis jiroveci DNA Unspecified Specimen Qualitative Probe and Target Amplification Method,7.063436867778254e-08,1,0.0,1.4305431257252855e-07
12793,Pseudomonas aeruginosa DNA Unspecified Specimen Probe and Target Amplification Method,7.063436867778254e-08,1,0.0,1.4305431257252855e-07
2071,Echinococcus Antibody IgE,7.063436867778254e-08,1,0.0,1.4305431257252855e-07
12585,HIV1 RNA Viral Load Cerebral Spinal Fluid Probe and Target Amplification Method,7.063436867778254e-08,1,0.0,1.4305431257252855e-07
12665,JC Virus DNA Cerebral Spinal Fluid Probe and Target Amplification Method,7.063436867778254e-08,1,0.0,1.4305431257252855e-07
2080,"Eosinophils, Eye",7.063436867778254e-08,1,0.0,1.4305431257252855e-07
2082,"Eosinophils, Sputum",7.063436867778254e-08,1,0.0,1.4305431257252855e-07
12471,Hepatitis B Virus DNA Serum or Plasma Probe and Target Amplification Method,7.063436867778254e-08,1,0.0,1.4305431257252855e-07
4732,Lamb Antibody IgE RAST,7.063436867778254e-08,1,0.0,1.4305431257252855e-07
4741,Latex Antibody IgE Blood (Hevea braziliensis),7.063436867778254e-08,1,0.0,1.4305431257252855e-07
4742,Latex Antibody IgE RAST (Hevea braziliensis),7.063436867778254e-08,1,0.0,1.4305431257252855e-07
4573,House dust Antibody IgE,7.063436867778254e-08,1,0.0,1.4305431257252855e-07
4797,Lettuce Antibody IgE RAST (Lactuca sativa),7.063436867778254e-08,1,0.0,1.4305431257252855e-07
12486,Hepatitis C Virus RNA Viral Load Log Copies Unspecified Specimen Probe Target Amplification Method,7.063436867778254e-08,1,0.0,1.4305431257252855e-07
2107,Histoplasma capsulatum Antibody,7.063436867778254e-08,1,0.0,1.4305431257252855e-07
12406,Entamoeba histolytica DNA Unspecified Specimen Probe and Target Amplification Method,7.063436867778254e-08,1,0.0,1.4305431257252855e-07
12419,Enterovirus RNA Serum Probe and Target Amplification Method,7.063436867778254e-08,1,0.0,1.4305431257252855e-07
12379,Cytomegalovirus DNA Viral Load Bronchoalveolar Lavage Probe and Target Amplification Method,7.063436867778254e-08,1,0.0,1.4305431257252855e-07
12249,HIV 1+2 Antibody Unspecified Specimen Qualitative,7.063436867778254e-08,1,0.0,1.4305431257252855e-07
12078,Neutrophil Cytoplasmic Antibody Perinuclear.Atypical Titer Serum Immunofluorescence,7.063436867778254e-08,1,1.1317978609020428e-05,0.0
12131,Ursodeoxycholate Quantitative Serum,7.063436867778254e-08,1,0.0,1.4305431257252855e-07
2130,Legionella pneumophila Antibody 5 IgM,7.063436867778254e-08,1,0.0,1.4305431257252855e-07
915,CKMB Chemical,7.063436867778254e-08,1,0.0,1.4305431257252855e-07
928,Coccidioides Antibody CSF,7.063436867778254e-08,1,0.0,1.4305431257252855e-07
5863,Spinach Antibody IgE (Spinacia oleracea),7.063436867778254e-08,1,0.0,1.4305431257252855e-07
811,"Amino Acids, Urine",7.063436867778254e-08,1,0.0,1.4305431257252855e-07
939,Coombs Direct Antiglobulin Test Poly Specific Reagent Red Blood Cells,7.063436867778254e-08,1,0.0,1.4305431257252855e-07
3682,Cladosporium cladosporioides Antibody IgG,7.063436867778254e-08,1,0.0,1.4305431257252855e-07
3539,Celery Antibody IgE RAST (Apium graveolens),7.063436867778254e-08,1,0.0,1.4305431257252855e-07
3332,Broccoli Antibody IgE (Brassica oleracea var italica),7.063436867778254e-08,1,0.0,1.4305431257252855e-07
3576,Cherry Antibody IgE (Prunus avium),7.063436867778254e-08,1,0.0,1.4305431257252855e-07
697,Salmonella Group Serotyping,7.063436867778254e-08,1,0.0,1.4305431257252855e-07
3850,Corn Antibody IgE RAST (Zea mays),7.063436867778254e-08,1,0.0,1.4305431257252855e-07
3099,Bahia grass Antibody IgE RAST (Paspalum notatum),7.063436867778254e-08,1,0.0,1.4305431257252855e-07
3288,Blueberry Antibody IgE (Vaccinium myrtillus),7.063436867778254e-08,1,0.0,1.4305431257252855e-07
6590,Cocaine Qualitative Meconium,7.063436867778254e-08,1,0.0,1.4305431257252855e-07
3800,Coffee Antibody IgE,7.063436867778254e-08,1,0.0,1.4305431257252855e-07
6736,Estriol (E3) Unconjugated Multiple of the Median Serum/Plasma,7.063436867778254e-08,1,0.0,1.4305431257252855e-07
3279,Blue mussel Antibody IgE RAST (Mytilus edulis),7.063436867778254e-08,1,0.0,1.4305431257252855e-07
3749,Cocklebur Antibody IgE (Xanthium commune),7.063436867778254e-08,1,0.0,1.4305431257252855e-07
3461,Carrot Antibody IgE RAST (Daucus carota),7.063436867778254e-08,1,0.0,1.4305431257252855e-07
3616,Chicken meat Antibody IgE RAST,7.063436867778254e-08,1,0.0,1.4305431257252855e-07
3333,Broccoli Antibody IgE RAST (Brassica oleracea var italica),7.063436867778254e-08,1,0.0,1.4305431257252855e-07
21216,Tyrosine Mass/volume Dried Blood Spot,7.063436867778254e-08,1,0.0,1.4305431257252855e-07
6742,Ethanol Quantitative Urine,7.063436867778254e-08,1,0.0,1.4305431257252855e-07
23106,Candida tropicalis DNA Presence Target Amp w Non Probe Based Detection Positive Blood Culture,7.063436867778254e-08,1,0.0,1.4305431257252855e-07
668,Mycoplasma Serology,7.063436867778254e-08,1,0.0,1.4305431257252855e-07
6780,Galactomannan (Aspergillus) Antigen Quantitative Serum/Plasma,7.063436867778254e-08,1,0.0,1.4305431257252855e-07
6792,Giardia lamblia Antigen Qualitative Stool Immunoassay,7.063436867778254e-08,1,0.0,1.4305431257252855e-07
3750,Cocklebur Antibody IgE RAST (Xanthium commune),7.063436867778254e-08,1,0.0,1.4305431257252855e-07
3873,Cottonseed Antibody IgE,7.063436867778254e-08,1,0.0,1.4305431257252855e-07
6685,Eosinophils CSF,7.063436867778254e-08,1,0.0,1.4305431257252855e-07
6734,Escherichia coli shiga-like Qualitative Stool Immunoassay,7.063436867778254e-08,1,0.0,1.4305431257252855e-07
6607,Cortisol Quantitative Saliva,7.063436867778254e-08,1,0.0,1.4305431257252855e-07
3179,Beef Antibody IgE RAST,7.063436867778254e-08,1,0.0,1.4305431257252855e-07
3807,Coffee bean Antibody IgE RAST,7.063436867778254e-08,1,0.0,1.4305431257252855e-07
13134,Eastern Equine Encephalitis Virus Antibody IgG Titer Cerebral Spinal Fluid,0.0,0,0.0,0.0
234,Cyclospora Stain Stool,0.0,0,0.0,0.0
13136,Eastern Equine Encephalitis Virus Antibody IgG Titer Serum,0.0,0,0.0,0.0
233,Culture Wound Superficial,0.0,0,0.0,0.0
232,Culture Urogenital,0.0,0,0.0,0.0
13137,Eastern Equine Encephalitis Virus Antibody IgG Titer Serum Immunofluorescence,0.0,0,0.0,0.0
12959,Rubella Virus Antibody IgG Quantitative Serum Immunoassay,0.0,0,0.0,0.0
12974,Rubella Virus Antibody IgM Serum,0.0,0,0.0,0.0
755,Mumps Antibody IgM / IgG,0.0,0,0.0,0.0
231,Culture Urethral,0.0,0,0.0,0.0
225,Stool Culture,0.0,0,0.0,0.0
228,Culture Upper Respiratory,0.0,0,0.0,0.0
229,Culture Ureaplasma Identified Unspecified Organism Specific,0.0,0,0.0,0.0
237,Cytomegalovirus DFA,0.0,0,0.0,0.0
13208,La Crosse virus Antibody Interpretation Serum,0.0,0,0.0,0.0
13234,Saint Louis Encephalitis Virus Antibody IgG and IgM Interpretation Serum,0.0,0,0.0,0.0
13240,Saint Louis Encephalitis Virus Antibody IgG Titer Cerebral Spinal Fluid,0.0,0,0.0,0.0
13242,Saint Louis Encephalitis Virus Antibody IgG Titer Serum,0.0,0,0.0,0.0
13243,Saint Louis Encephalitis Virus Antibody IgG Titer Serum Immunofluorescence,0.0,0,0.0,0.0
13032,Listeria sp. Antibody Quantitative Cerebral Spinal Fluid,0.0,0,0.0,0.0
13033,Listeria sp. Antibody Titer Cerebral Spinal Fluid,0.0,0,0.0,0.0
3742,Cockatiel feather Antibody IgE,0.0,0,0.0,0.0
13049,Influenza A and B Antigen Nose Rapid immunoassay,0.0,0,0.0,0.0
4810,Lima Bean Antibody IgE (Phaseolus limensis),0.0,0,0.0,0.0
4815,Lime Antibody IgE (Citrus aurantifolia),0.0,0,0.0,0.0
4823,Linden Antibody IgE (Tilia cordata),0.0,0,0.0,0.0
5640,Rice Antibody IgE RAST (Oryza sativa),0.0,0,0.0,0.0
5641,Rice Antibody IgE Ratio (Oryza sativa),0.0,0,0.0,0.0
13118,Blastomyces dermatitidis Antibody Titer Serum Complement Fixation,0.0,0,0.0,0.0
5658,Rough Pigweed Antibody IgE RAST (Pigweed rough),0.0,0,0.0,0.0
3717,Clove Antibody IgE (Syzygium aromaticum),0.0,0,0.0,0.0
5685,Sage Antibody IgE (Salvia officinalis),0.0,0,0.0,0.0
3703,Cladosporium sphaerospermum Antibody IgE,0.0,0,0.0,0.0
6550,"Buprenorphine Qualitative, Urine",0.0,0,0.0,0.0
5518,Quack grass Antibody IgE RAST (Agropyron repens),0.0,0,0.0,0.0
5530,Rabbit epithelium Antibody IgE,0.0,0,0.0,0.0
5553,Raspberry Antibody IgE (Rubus idaeus),0.0,0,0.0,0.0
13054,Influenza A Antigen Qualitative Nasopharynx,0.0,0,0.0,0.0
13083,Influenza B Antigen Qualitative Nasopharynx,0.0,0,0.0,0.0
13097,Q Fever (Coxiella burnetii) Antibody Interpretation Serum,0.0,0,0.0,0.0
13111,Blastomyces dermatitidis Antibody Qualitative Serum,0.0,0,0.0,0.0
240,Ectoparasite Identification,0.0,0,0.0,0.0
13121,Eastern Equine Encephalitis Virus Antibody IgG and IgM Interpretation Serum,0.0,0,0.0,0.0
13130,Eastern Equine Encephalitis Virus Antibody IgG Qualitative Serum Immunofluorescence,0.0,0,0.0,0.0
5643,Rice Antibody IgG (Oryza sativa),0.0,0,0.0,0.0
12782,Parvovirus B19 RNA Tissue Probe and Target Amplification Method,0.0,0,0.0,0.0
12787,Pneumocystis jiroveci DNA Bronchoalveolar Lavage Probe and Target Amplification Method,0.0,0,0.0,0.0
6552,"Calcium carbonate crystals, Urine Sediment Microscopy HPF",0.0,0,0.0,0.0
742,Culture and Gram Stain Respiratory,0.0,0,0.0,0.0
12799,Respiratory Syncytial Virus RNA Unspecified Specimen Probe and Target Amplification Method,0.0,0,0.0,0.0
12801,Rickettsia rickettsii DNA Unspecified Specimen Probe and Target Amplification Method,0.0,0,0.0,0.0
12809,Rotavirus RNA Isolate Probe and Target Amplification Method,0.0,0,0.0,0.0
12812,Rotavirus RNA Unspecified Specimen Qualitative Probe and Target Amplification Method,0.0,0,0.0,0.0
2060,Cryptococcus neoformans Antibody,0.0,0,0.0,0.0
2061,Deprecated Cryptococcus neoformans Antigen,0.0,0,0.0,0.0
2063,"Deprecated Cryptococcus neoformans Antigen,CSF",0.0,0,0.0,0.0
12813,Rubella Virus RNA Serum or Plasma Probe and Target Amplification Method,0.0,0,0.0,0.0
6557,"Calcium phosphate crystals, Urine Sediment Microscopy HPF",0.0,0,0.0,0.0
12853,Toxoplasma gondii DNA Cerebral Spinal Fluid Probe and Target Amplification Method,0.0,0,0.0,0.0
12859,Toxoplasma gondii DNA Qualitative Cerebral Spinal Fluid Probe and Target Amplification Method,0.0,0,0.0,0.0
12735,Neisseria gonorrhoeae DNA Cervical mucus Probe and Target Amplification Method,0.0,0,0.0,0.0
12740,Neisseria gonorrhoeae DNA Vaginal Fluid Probe and Target Amplification Method,0.0,0,0.0,0.0
1532,Respiratory Therapy Nasal Cannula O2,0.0,0,0.0,0.0
1535,Respiratory Therapy O2 CT,0.0,0,0.0,0.0
1541,Respiratory Therapy Peak Pressure,0.0,0,0.0,0.0
1545,Respiratory Therapy Pulse Oximetry,0.0,0,0.0,0.0
1549,Respiratory Therapy WB Temp,0.0,0,0.0,0.0
1552,Streptokinase,0.0,0,0.0,0.0
2070,Eastern Equine Encephalitis Antibody IgM Quantitative Serum,0.0,0,0.0,0.0
736,Virus Culture Respiratory Syncytial Virus Unspecified Organism Specific,0.0,0,0.0,0.0
12744,Neisseria gonorrhoeae rRNA Throat Probe and Target Amplification Method,0.0,0,0.0,0.0
12850,Toxoplasma gondii DNA Blood Probe and Target Amplification Method,0.0,0,0.0,0.0
12933,Ehrlichia chaffeensis Antibody IgG Serum Immunoassay,0.0,0,0.0,0.0
12939,Ehrlichia chaffeensis Antibody IgM Serum,0.0,0,0.0,0.0
12940,Ehrlichia chaffeensis Antibody IgM Serum Immunoassay,0.0,0,0.0,0.0
753,Measles (Rubeola) Antibody IgG/IgM,0.0,0,0.0,0.0
12944,Ehrlichia chaffeensis Antibody Serum,0.0,0,0.0,0.0
2022,Bartonella Antibody IgM,0.0,0,0.0,0.0
2027,Blastomyces dermatitidis Antibody Quantitative CSF,0.0,0,0.0,0.0
2033,"Blood Gas, Venous",0.0,0,0.0,0.0
2038,Bordetella parapertussis Culture,0.0,0,0.0,0.0
2039,Bordetella parapertussis DFA Qualitative,0.0,0,0.0,0.0
2040,Brucella Antibody IgA,0.0,0,0.0,0.0
2044,"Chlamydia trachomatis Antigen, PCR",0.0,0,0.0,0.0
12955,Rubella Virus Antibody IgG Interpretation Serum,0.0,0,0.0,0.0
12932,Ehrlichia chaffeensis Antibody IgG Serum,0.0,0,0.0,0.0
12872,Varicella zoster Virus DNA Viral Load Bronchoalveolar Lavage Probe and Target Amplification Method,0.0,0,0.0,0.0
12873,Varicella zoster Virus DNA Viral Load Cerebral Spinal Fluid Probe and Target Amplification Method,0.0,0,0.0,0.0
12874,Varicella zoster Virus DNA Viral Load Serum or Plasma Probe and Target Amplification Method,0.0,0,0.0,0.0
12879,Varicella zoster Virus DNA Qualitative Cerebral Spinal Fluid Probe and Target Amplification Method,0.0,0,0.0,0.0
12894,Coccidioides immitis Antibody Cerebral Spinal Fluid Complement Fixation,0.0,0,0.0,0.0
12899,Coccidioides immitis Antibody IgG Quantitative Cerebral Spinal Fluid,0.0,0,0.0,0.0
12902,Coccidioides immitis Antibody IgG Cerebral Spinal Fluid,0.0,0,0.0,0.0
12904,Coccidioides immitis Antibody IgG Serum,0.0,0,0.0,0.0
12906,Coccidioides immitis Antibody IgM Quantitative Cerebral Spinal Fluid,0.0,0,0.0,0.0
12909,Coccidioides immitis Antibody IgM Serum,0.0,0,0.0,0.0
12911,Coccidioides immitis Antibody IgM Unspecified Specimen Immunoassay,0.0,0,0.0,0.0
12913,Coccidioides immitis Antibody Serum Complement Fixation,0.0,0,0.0,0.0
12917,Coccidioides immitis Antibody Titer Cerebral Spinal Fluid,0.0,0,0.0,0.0
12862,Trichomonas vaginalis rRNA Cervix Probe and Target Amplification Method,0.0,0,0.0,0.0
219,Culture Nose,0.0,0,0.0,0.0
220,Culture Nose/Nasopharynx,0.0,0,0.0,0.0
13658,Chikungunya Virus Antibody IgG Qualitative Serum or Plasma Immunofluorescence,0.0,0,0.0,0.0
13660,Chikungunya Virus Antibody IgM Qualitative Serum,0.0,0,0.0,0.0
13661,Chikungunya Virus Antibody IgM Qualitative Serum or Plasma Immunofluorescence,0.0,0,0.0,0.0
13663,Chikungunya Virus Antibody Qualitative Serum,0.0,0,0.0,0.0
13666,Chikungunya Virus RNA Qualitative Serum or Plasma Probe and Target Amplification Method,0.0,0,0.0,0.0
13667,Chikungunya Virus RNA Qualitative Unspecified Specimen Probe and Target Amplification Method,0.0,0,0.0,0.0
13693,Hantavirus Antibody IgG Qualitative Serum,0.0,0,0.0,0.0
13694,Hantavirus Antibody IgM Qualitative Serum,0.0,0,0.0,0.0
13695,Hantavirus Antibody Qualitative Serum,0.0,0,0.0,0.0
13749,HIV1 RNA Viral Load Plasma Probe and Signal Amplification Method,0.0,0,0.0,0.0
13755,Mumps Antibody IgM Qualitative Cerebral Spinal Fluid,0.0,0,0.0,0.0
13187,La Crosse virus Antibody IgG Qualitative Serum Immunofluorescence,0.0,0,0.0,0.0
13762,Mumps Antibody IgM Titer Serum,0.0,0,0.0,0.0
13763,Mumps Antibody IgM Titer Serum Immunofluorescence,0.0,0,0.0,0.0
6533,"Blood Gas Base Deficit, Venous Blood",0.0,0,0.0,0.0
13543,HIV2 Antibody IgG Qualitative Serum Immunoblot (IB),0.0,0,0.0,0.0
13545,HIV2 Antibody Qualitative Serum,0.0,0,0.0,0.0
13570,VAP cholesterol Panel Serum or Plasma,0.0,0,0.0,0.0
13572,Mercury/Creatinine Mass Ratio Urine,0.0,0,0.0,0.0
13578,Calcidiol and Calciferol and Calcitriol Panel Quantitative Serum or Plasma,0.0,0,0.0,0.0
13589,Calcidiol+Calciferol Quantitative Serum or Plasma,0.0,0,0.0,0.0
13591,Calciferol (Vit D2) Quantitative Serum or Plasma,0.0,0,0.0,0.0
13603,Alpha-2-Retinol Binding Protein Quantitative Urine,0.0,0,0.0,0.0
13604,Carotene Alpha Quantitative Serum,0.0,0,0.0,0.0
13627,Bacteria Bronchoalveolar Lavage Aerobe culture,0.0,0,0.0,0.0
6534,"Blood Gas Base Deficit, Venous Cord Blood",0.0,0,0.0,0.0
14126,Coproporphyrin 3/Creatinine Molar Ratio Urine,0.0,0,0.0,0.0
14133,Coproporphyrin Mass/Vol Blood,0.0,0,0.0,0.0
3833,Common Reed Antibody IgE (Phragmites communis),0.0,0,0.0,0.0
222,Culture Skin,0.0,0,0.0,0.0
223,Culture Staphylococcus Identified Unspecified Organism Specific,0.0,0,0.0,0.0
13859,Eosinophils Count Blood Manual,0.0,0,0.0,0.0
13900,Lactate Dehydrogenase 1 (LDH) / Lactate Dehydrogenase 2 Enzymatic Activity Ratio Serum or Plasma,0.0,0,0.0,0.0
13922,Neutrophil Oxidative Burst Qualitative Blood Flow Cytometry (FC),0.0,0,0.0,0.0
1625,"Blood Gas CO Saturation Percent, Venous",0.0,0,0.0,0.0
1631,"Blood Gas O2 Volume %, Venous",0.0,0,0.0,0.0
2008,Toxocara canis Antibody IgM,0.0,0,0.0,0.0
13927,Neutrophils Band Form/100 Leukocytes Body Fluid Manual Count,0.0,0,0.0,0.0
13934,Neutrophils Count Blood Manual,0.0,0,0.0,0.0
215,Culture Miscellaneous,0.0,0,0.0,0.0
13950,Neutrophils Segmented/100 Leukocytes Cerebral Spinal Fluid Manual Count,0.0,0,0.0,0.0
14006,Platelets Reticulated/100 Platelets Blood Automated Count,0.0,0,0.0,0.0
14022,Target Cells Qualitative Blood Light Microscopy,0.0,0,0.0,0.0
13765,Varicella zoster virus Antibody IgM Qualitative Cerebral Spinal Fluid Immunoassay,0.0,0,0.0,0.0
13766,Varicella zoster virus Antibody IgM Qualitative Serum,0.0,0,0.0,0.0
13787,Carbon Dioxide CO2 Partial Pressure Adjusted to Patients Actual Temperature Capillary Blood,0.0,0,0.0,0.0
13857,Differential Cell Count Method Blood,0.0,0,0.0,0.0
195,Chlamydia,0.0,0,0.0,0.0
206,Culture Catheter,0.0,0,0.0,0.0
207,Culture Catheter Tip,0.0,0,0.0,0.0
208,Culture Ear,0.0,0,0.0,0.0
209,Culture Eye,0.0,0,0.0,0.0
211,Culture Genital,0.0,0,0.0,0.0
212,Culture IV Catheter,0.0,0,0.0,0.0
13947,Neutrophils Segmented/100 Leukocytes Body Fluid Manual Count,0.0,0,0.0,0.0
13507,HIV1 P23 Antibody Qualitative Serum Immunoblot (IB),0.0,0,0.0,0.0
13250,Saint Louis Encephalitis Virus Antibody IgM Qualitative Serum,0.0,0,0.0,0.0
13254,Saint Louis Encephalitis Virus Antibody IgM Titer Cerebral Spinal Fluid,0.0,0,0.0,0.0
13256,Saint Louis Encephalitis Virus Antibody IgM Titer Serum,0.0,0,0.0,0.0
13257,Saint Louis Encephalitis Virus Antibody IgM Titer Serum Immunofluorescence,0.0,0,0.0,0.0
13293,Western Equine Encephalitis Virus Antibody IgG and IgM Panel Serum Immunofluorescence,0.0,0,0.0,0.0
13294,Western Equine Encephalitis Virus Antibody IgG and IgM Serum,0.0,0,0.0,0.0
13296,Western Equine Encephalitis Virus Antibody IgG Qualitative Serum,0.0,0,0.0,0.0
13297,Western Equine Encephalitis Virus Antibody IgG Titer CSF,0.0,0,0.0,0.0
13299,Western Equine Encephalitis Virus Antibody IgG Titer Serum,0.0,0,0.0,0.0
13300,Western Equine Encephalitis Virus Antibody IgG Titer Serum Immunofluorescence,0.0,0,0.0,0.0
13302,Western Equine Encephalitis Virus Antibody IgM Qualitative Serum,0.0,0,0.0,0.0
13304,Western Equine Encephalitis Virus Antibody IgM Titer CSF,0.0,0,0.0,0.0
13629,Bacteria Sputum Respiratory culture,0.0,0,0.0,0.0
13307,Western Equine Encephalitis Virus Antibody IgM Titer Serum Immunofluorescence,0.0,0,0.0,0.0
13341,Bordetella Identified Unspecified Organism Specific Culture,0.0,0,0.0,0.0
13372,Salmonella/Shigella Identified Unspecified Organism Specific Culture,0.0,0,0.0,0.0
13142,Eastern Equine Encephalitis Virus Antibody IgM Qualitative Serum,0.0,0,0.0,0.0
13146,Eastern Equine Encephalitis Virus Antibody IgM Titer Cerebral Spinal Fluid,0.0,0,0.0,0.0
13148,Eastern Equine Encephalitis Virus Antibody IgM Titer Serum,0.0,0,0.0,0.0
12760,Parainfluenza Virus 4 RNA Isolate Probe and Target Amplification Method,0.0,0,0.0,0.0
13191,La Crosse virus Antibody IgG Titer Cerebral Spinal Fluid,0.0,0,0.0,0.0
13193,La Crosse virus Antibody IgG Titer Serum,0.0,0,0.0,0.0
13194,La Crosse virus Antibody IgG Titer Serum Immunofluorescence,0.0,0,0.0,0.0
13198,La Crosse virus Antibody IgM Qualitative Serum,0.0,0,0.0,0.0
13203,La Crosse virus Antibody IgM Titer Cerebral Spinal Fluid,0.0,0,0.0,0.0
13205,La Crosse virus Antibody IgM Titer Serum,0.0,0,0.0,0.0
13207,La Crosse virus Antibody IgM Titer Serum Immunofluorescence,0.0,0,0.0,0.0
13306,Western Equine Encephalitis Virus Antibody IgM Titer Serum,0.0,0,0.0,0.0
13630,Bacteria Throat Aerobe culture,0.0,0,0.0,0.0
13633,Bacteria extended spectrum beta lactamase resistant Anal Organism specific culture,0.0,0,0.0,0.0
13636,Cryptosporidium sp. Antigen Qualitative Stool Immunofluorescence,0.0,0,0.0,0.0
13654,Reagin Antibody Quantitative Cerebral Spinal Fluid VDRL,0.0,0,0.0,0.0
13515,HIV1 P28 Antibody Qualitative Serum Immunoblot (IB),0.0,0,0.0,0.0
13516,HIV1 P30 Antibody IgG,0.0,0,0.0,0.0
2010,Toxocara canis Antibody,0.0,0,0.0,0.0
1590,UA Other Epithelial,0.0,0,0.0,0.0
1591,UA Other Formed Elements,0.0,0,0.0,0.0
1596,UA Renal Tubular Cell,0.0,0,0.0,0.0
1555,Total White Blood Cell (WBC) Counted,0.0,0,0.0,0.0
3777,Cocoa Antibody IgE RAST (Theobroma cacao),0.0,0,0.0,0.0
2018,"Arterial Blood Gases, Cord Blood",0.0,0,0.0,0.0
13501,HIV1 P17 Antibody Qualitative Serum Immunoblot (IB),0.0,0,0.0,0.0
13526,HIV1 P45 Antibody IgG,0.0,0,0.0,0.0
13527,HIV1 P51 Antibody,0.0,0,0.0,0.0
13531,HIV1 P58 Antibody IgG,0.0,0,0.0,0.0
13538,HIV1 P66 Antibody Qualitative Serum Immunoblot (IB),0.0,0,0.0,0.0
13401,Urea Reduction Ratio Serum or Plasma,0.0,0,0.0,0.0
13409,Brucella Antibody IgG Qualitative Immunoassay,0.0,0,0.0,0.0
13410,Brucella Antibody IgM Qualitative Immunoassay,0.0,0,0.0,0.0
13416,Hepatitis B Surface Antibody Signal/Cutoff Serum,0.0,0,0.0,0.0
13417,HIV2 Antibody Signal/Cutoff Serum Immunoassay,0.0,0,0.0,0.0
13421,Rickettsia spotted fever group Antibody IgG Titer Serum,0.0,0,0.0,0.0
13432,Rickettsia spotted fever group Antibody IgM Titer Serum Immunofluorescence,0.0,0,0.0,0.0
13458,Measles (Rubeola) Antibody IgM Quantitative Serum Immunoassay,0.0,0,0.0,0.0
13461,Varicella zoster virus Antibody IgM Quantitative Serum Immunoassay,0.0,0,0.0,0.0
13476,HIV1 Antibody Qualitative Saliva Oral Fluid Immunoassay,0.0,0,0.0,0.0
13520,HIV1 P39 Antibody IgG,0.0,0,0.0,0.0
3372,Bumble Bee Antibody IgE (Bombus terrestris),0.0,0,0.0,0.0
2142,Neisseria meningitidis/E Coli Antigen CSF,0.0,0,0.0,0.0
2145,Saint Louis Encephalitis Virus Antibody IgM,0.0,0,0.0,0.0
6641,Cyclosporine Quantitative Blood 2 Hour post dose,0.0,0,0.0,0.0
11706,Norhydrocodone ng/mL Urine Confirmatory Method,0.0,0,0.0,0.0
11709,Noroxycodone ng/mL Urine Confirmatory Method,0.0,0,0.0,0.0
11724,Plasmodium sp. Antigen Presence Blood,0.0,0,0.0,0.0
11728,West Nile Virus Antibody IgG and IgM Panel Serum,0.0,0,0.0,0.0
6636,Cryptosporidium parvum Antigen Stool Immunoassay,0.0,0,0.0,0.0
11758,West Nile Virus Antibody Qualitative CSF,0.0,0,0.0,0.0
11760,West Nile Virus Antibody Qualitative Unspecified,0.0,0,0.0,0.0
11779,West Nile Virus RNA Qualitative CSF Probe and Target Amplification Method,0.0,0,0.0,0.0
11783,Coccidia Identified Stool Acid Fast Stain,0.0,0,0.0,0.0
12584,HIV1 DNA Blood Probe and Target Amplification Method,0.0,0,0.0,0.0
11788,Colorado Tick Fever Antibody IgG and IgM Serum Interp,0.0,0,0.0,0.0
11790,Colorado Tick Fever Antibody IgG Immunofluorescence Serum Qualitative,0.0,0,0.0,0.0
11602,Mercury nmol/L Blood,0.0,0,0.0,0.0
11612,Mercury ug/L Urine,0.0,0,0.0,0.0
11644,Zinc Solution Concentrate Red Blood Cells,0.0,0,0.0,0.0
11674,Isopropanol mg/dL Blood,0.0,0,0.0,0.0
11675,Isopropanol mg/dL Urine,0.0,0,0.0,0.0
11688,Norclomipramine ng/mL Serum or Plasma,0.0,0,0.0,0.0
3897,Cow milk Antibody IgE RAST,0.0,0,0.0,0.0
3889,Cow dander Antibody IgE Ratio,0.0,0,0.0,0.0
2137,Neisseria meningitidis A Antigen CSF,0.0,0,0.0,0.0
1450,Differential Other,0.0,0,0.0,0.0
1453,Differential Plasma Cells Percent,0.0,0,0.0,0.0
2140,Neisseria meningitidis W135 Antigen CSF,0.0,0,0.0,0.0
11787,Colorado Tick Fever Antibody IgG and IgM Panel Serum,0.0,0,0.0,0.0
12000,Adenosine deaminase Quantitative Red Blood Cells,0.0,0,0.0,0.0
12023,Citrulline Serum or Plasma,0.0,0,0.0,0.0
12043,Hydroxyproline Serum or Plasma,0.0,0,0.0,0.0
12058,Neutrophil Cytoplasmic Antibody Classic Qualitative Serum,0.0,0,0.0,0.0
12069,Neutrophil Cytoplasmic Antibody Interpretation Serum,0.0,0,0.0,0.0
11791,Colorado Tick Fever Antibody IgG Titer Serum Immunofluorescence,0.0,0,0.0,0.0
11793,Colorado Tick Fever Antibody IgM Titer Serum,0.0,0,0.0,0.0
11797,Colorado Tick Fever Antibody Titer Serum,0.0,0,0.0,0.0
11851,Herpes Virus 8 DNA,0.0,0,0.0,0.0
11854,Human Papilloma Virus 16 and 18 and 31+33+35+39+45+51+52+56+58+59+66+68 DNA Cervix,0.0,0,0.0,0.0
2115,Influenza A Type H3N2,0.0,0,0.0,0.0
3438,Cantaloupe Antibody IgE (Cucumis melo cantalupenisis),0.0,0,0.0,0.0
926,"Cytomegalovirus, CSF",0.0,0,0.0,0.0
3384,Cabbage Antibody IgE (Brassica oleracea var capitata),0.0,0,0.0,0.0
930,Complete Blood Count,0.0,0,0.0,0.0
931,Complete Blood Count Manual,0.0,0,0.0,0.0
4559,Horse hair Horse dander Antibody IgE,0.0,0,0.0,0.0
3414,Canary feather Antibody IgE RAST,0.0,0,0.0,0.0
5940,Sugar Cane Antibody IgE (Saccharum officinarum),0.0,0,0.0,0.0
5945,Sugar Cane IgG4 Antibody (Saccharum officinarum),0.0,0,0.0,0.0
5729,Scallop Antibody IgE RAST (Pecten),0.0,0,0.0,0.0
4598,Hypersensitivity pneumonitis panel,0.0,0,0.0,0.0
2118,Lead and Zinc Protoporphyrin,0.0,0,0.0,0.0
3413,Canary feather Antibody IgE,0.0,0,0.0,0.0
2123,Legionella pneumophila Antibody 11 IgM,0.0,0,0.0,0.0
2125,Legionella pneumophila Antibody 13 IgM,0.0,0,0.0,0.0
3404,California Walnut Pollen Antibody IgE (Juglans california),0.0,0,0.0,0.0
2127,Legionella pneumophila Antibody 2 IgM,0.0,0,0.0,0.0
3437,Candida sp. Antibody IgG,0.0,0,0.0,0.0
6544,"Blood Gas Oxygen Saturation, Venous Cord Blood",0.0,0,0.0,0.0
11208,Temazepam ng/mL Blood,0.0,0,0.0,0.0
11216,Tenofovir ug/mL Serum or Plasma,0.0,0,0.0,0.0
2164,"Western Equine Encephalitis Antibody IgM, Serum",0.0,0,0.0,0.0
1410,Complete Blood Count Progranulocyte,0.0,0,0.0,0.0
1376,Arterial Blood Gas Conditions,0.0,0,0.0,0.0
1372,Albumin / Globulin Ratio Calculation,0.0,0,0.0,0.0
11225,Teriflunomide ng/mL Serum or Plasma,0.0,0,0.0,0.0
11228,Tetracycline ug/mL Unspecified Specimen,0.0,0,0.0,0.0
11234,Tetrahydrocannabinol Mass Concentrate Serum or Plasma Confirmatory Method,0.0,0,0.0,0.0
11235,Tetrahydrocannabinol Mass Concentrate Urine,0.0,0,0.0,0.0
11239,Thallium mg/L Blood,0.0,0,0.0,0.0
11287,Tiagabine ug/mL Serum or Plasma,0.0,0,0.0,0.0
2141,Neisseria meningitidis Y Antigen CSF,0.0,0,0.0,0.0
10986,Propoxyphene Cutoff ng/mL Urine Screen Method,0.0,0,0.0,0.0
10988,Propoxyphene ng/mL Meconium,0.0,0,0.0,0.0
10989,Propoxyphene ng/mL Serum or Plasma,0.0,0,0.0,0.0
10993,Propoxyphene ng/mL Urine Confirmatory Method,0.0,0,0.0,0.0
6025,Thermoactinomyces vulgaris Antibody IgG RAST,0.0,0,0.0,0.0
6073,Tomato Antibody IgE RAST (Lycopersicon lycopersicum),0.0,0,0.0,0.0
6086,Trichoderma viride Antibody IgE,0.0,0,0.0,0.0
6097,Trichophyton sp. Antibody IgE,0.0,0,0.0,0.0
6113,Trout Antibody IgE (Oncorhynchus mykiss),0.0,0,0.0,0.0
6114,Trout Antibody IgE RAST (Oncorhynchus mykiss),0.0,0,0.0,0.0
5870,Spiny lobster Antibody IgE (Palinurus),0.0,0,0.0,0.0
5885,Squash Antibody IgE,0.0,0,0.0,0.0
5887,Squid Antibody IgE (Loligo),0.0,0,0.0,0.0
5915,Stemphylium botryosum Antibody IgE,0.0,0,0.0,0.0
10943,Pregabalin ug/mL Serum or Plasma,0.0,0,0.0,0.0
11402,Trimipramine ng/mL Serum or Plasma,0.0,0,0.0,0.0
11478,Zidovudine ug/mL Serum or Plasma,0.0,0,0.0,0.0
11490,Zolpidem mg/L Urine,0.0,0,0.0,0.0
11547,Chromium ug/L 24 hour Urine,0.0,0,0.0,0.0
11550,Cobalt Mass Concentrate Blood,0.0,0,0.0,0.0
1436,Differential Large Unstained Cell,0.0,0,0.0,0.0
6518,"Benzoylecgonine Qualitative, Urine",0.0,0,0.0,0.0
1414,CK Calculation,0.0,0,0.0,0.0
2161,Syphilis (Treponema pallidum) RPR Cord Blood,0.0,0,0.0,0.0
6517,"Benzoylecgonine Qualitative, Meconium",0.0,0,0.0,0.0
11553,Cobalt Mass Concentrate Urine,0.0,0,0.0,0.0
11565,Copper Mass Concentrate Red Blood Cells,0.0,0,0.0,0.0
11578,Lead ng/mL 24 hour Urine,0.0,0,0.0,0.0
11398,Trimethoprim+Sulfamethoxazole ug/mL Unspecified Specimen,0.0,0,0.0,0.0
11591,Manganese ng/mL Blood,0.0,0,0.0,0.0
11290,Ticarcillin+Clavulanate Mass Concentrate Serum or Plasma,0.0,0,0.0,0.0
11318,Tolazamide Mass Concentrate Unspecified Specimen,0.0,0,0.0,0.0
11319,Tolazamide ug/mL Serum or Plasma,0.0,0,0.0,0.0
11322,Tolbutamide Mass Concentrate Unspecified Specimen,0.0,0,0.0,0.0
11323,Tolbutamide ug/mL Serum or Plasma,0.0,0,0.0,0.0
11327,Topiramate ug/mL Blood,0.0,0,0.0,0.0
11331,Topiramate umol/L Serum or Plasma,0.0,0,0.0,0.0
11334,Tramadol Mass Concentrate Serum or Plasma,0.0,0,0.0,0.0
11335,Tramadol Mass Concentrate Urine,0.0,0,0.0,0.0
11345,Trazodone umol/L Serum or Plasma,0.0,0,0.0,0.0
11354,Triamterene ng/mL Serum or Plasma,0.0,0,0.0,0.0
11379,Tricyclic antidepressants ng/mL Urine Screen Method,0.0,0,0.0,0.0
11382,Tricyclic antidepressants umol/L Serum or Plasma,0.0,0,0.0,0.0
11587,Lead umol/L Serum or Plasma,0.0,0,0.0,0.0
12563,Herpes simplex 6B DNA Unspecified Specimen Probe and Target Amplification Method,0.0,0,0.0,0.0
12425,Epstein Barr Virus DNA Viral Load Bronchoalveolar Lavage Probe and Target Amplification Method,0.0,0,0.0,0.0
12431,Epstein Barr Virus DNA Blood Probe and Target Amplification Method,0.0,0,0.0,0.0
3641,Chinese Elm Antibody IgE (Ulmus pumila),0.0,0,0.0,0.0
12474,Hepatitis B Virus Precore TAG Serum Probe and Target Amplification Method,0.0,0,0.0,0.0
12476,Hepatitis B Virus Sequencing Serum Probe and Target Amplification Method,0.0,0,0.0,0.0
3629,Chili Pepper Antibody IgE (Capsicum frutescens),0.0,0,0.0,0.0
3609,Chicken feather Antibody IgE RAST,0.0,0,0.0,0.0
4748,Latex glove extract ammoniated Antibody IgE,0.0,0,0.0,0.0
4751,Latex glove extract Antibody IgE,0.0,0,0.0,0.0
5802,Silver Birch Antibody IgE RAST (Betula verrucosa),0.0,0,0.0,0.0
5837,Sole Antibody IgE (Solea solea),0.0,0,0.0,0.0
5864,Spinach Antibody IgE RAST (Spinacia oleracea),0.0,0,0.0,0.0
11999,Adenosine deaminase Quantitative Pleural Fluid,0.0,0,0.0,0.0
4785,Lentils Antibody IgE (Lens esculenta),0.0,0,0.0,0.0
3561,Cheese cheddar type Antibody IgE,0.0,0,0.0,0.0
12478,Hepatitis C Virus Genotype Blood Probe and Target Amplification Method,0.0,0,0.0,0.0
12497,Hepatitis C Virus RNA Panel Viral Load Serum or Plasma Probe and Target Amplification Method,0.0,0,0.0,0.0
12514,Herpes simplex 1 DNA Cerebral Spinal Fluid Probe and Target Amplification Method,0.0,0,0.0,0.0
12515,Herpes simplex 1 DNA Serum or Plasma Probe and Target Amplification Method,0.0,0,0.0,0.0
12518,Herpes simplex 1+2 DNA Viral Load Bronchoalveolar Lavage Probe and Target Amplification Method,0.0,0,0.0,0.0
12524,Herpes simplex 1+2 DNA Cerebral Spinal Fluid Probe and Target Amplification Method,0.0,0,0.0,0.0
12531,Herpes simplex 2 DNA Viral Load Cerebral Spinal Fluid Probe and Target Amplification Method,0.0,0,0.0,0.0
12537,Herpes simplex 2 DNA Serum or Plasma Probe and Target Amplification Method,0.0,0,0.0,0.0
12545,Herpes simplex 6 DNA Viral Load Bronchoalveolar Lavage Probe and Target Amplification Method,0.0,0,0.0,0.0
2092,Streptococcus agalactiae Antigen CSF,0.0,0,0.0,0.0
2093,"Haemophilus influenzae B Antigen, CSF",0.0,0,0.0,0.0
2098,Hepatitis A Panel,0.0,0,0.0,0.0
4781,Lenscale Antibody IgE (Atriplex lentiformis),0.0,0,0.0,0.0
12768,Parvovirus B19 DNA Viral Load Bronchoalveolar Lavage Probe and Target Amplification Method,0.0,0,0.0,0.0
12566,Herpes simplex 7 DNA Viral Load Bronchoalveolar Lavage Probe and Target Amplification Method,0.0,0,0.0,0.0
12569,Herpes simplex 7 DNA Viral Load Unspecified Specimen Probe and Target Amplification Method,0.0,0,0.0,0.0
12574,Herpes simplex 8 DNA Viral Load Bronchoalveolar Lavage Probe and Target Amplification Method,0.0,0,0.0,0.0
12578,Herpes simplex 8 DNA Viral Load Unspecified Specimen Probe and Target Amplification Method,0.0,0,0.0,0.0
12580,Herpes simplex 8 DNA Serum or Plasma Probe and Target Amplification Method,0.0,0,0.0,0.0
14114,Coproporphyrin 3 Mass/Vol 24 hour Urine,0.0,0,0.0,0.0
733,Varicella zoster Antibody Titer,0.0,0,0.0,0.0
12590,HIV1 RNA Viral Load Serum or Plasma Probe/Target Amp Detection limit = 1.7 log copies/mL,0.0,0,0.0,0.0
12593,HIV1 RNA Blood Probe and Target Amplification Method,0.0,0,0.0,0.0
12602,HIV2 proviral DNA Serum or Plasma Probe and Target Amplification Method,0.0,0,0.0,0.0
12662,JC Virus DNA Viral Load Serum or Plasma Probe and Target Amplification Method,0.0,0,0.0,0.0
726,Trichinella Antibody,0.0,0,0.0,0.0
12558,Herpes simplex 6A DNA Cerebral Spinal Fluid Probe and Target Amplification Method,0.0,0,0.0,0.0
12685,Mumps Virus RNA Unspecified Specimen Probe and Target Amplification Method,0.0,0,0.0,0.0
12703,Mycobacterium tuberculosis complex DNA Unspecified Specimen Probe and Target Amplification Method,0.0,0,0.0,0.0
12707,Mycobacterium tuberculosis DNA Cerebral Spinal Fluid Probe and Target Amplification Method,0.0,0,0.0,0.0
12548,Herpes simplex 6 DNA Viral Load Unspecified Specimen Probe and Target Amplification Method,0.0,0,0.0,0.0
2078,"Entamoeba Test -Entamoeba histolytica Antigen, Stool",0.0,0,0.0,0.0
3672,Cinnamon Antibody IgE (Cinnamomum),0.0,0,0.0,0.0
2084,"Epstein Barr Viral Capsid Antibody IgG, Body Fluid",0.0,0,0.0,0.0
2085,"Epstein Barr Viral Capsid Antibody IgM, Body Fluid",0.0,0,0.0,0.0
1514,Platelet Population,0.0,0,0.0,0.0
1526,Red Blood Cell Population,0.0,0,0.0,0.0
1529,Respiratory Therapy IMV / Rate,0.0,0,0.0,0.0
12552,Herpes simplex 6 DNA Blood Probe and Target Amplification Method,0.0,0,0.0,0.0
12553,Herpes simplex 6 DNA Cerebral Spinal Fluid Probe and Target Amplification Method,0.0,0,0.0,0.0
12557,Herpes simplex 6 DNA Unspecified Specimen Probe and Target Amplification Method,0.0,0,0.0,0.0
12668,JC Virus DNA Unspecified Specimen Probe and Target Amplification Method,0.0,0,0.0,0.0
12281,Adenovirus DNA Viral Load Urine Log Copies Probe and Target Amplification Method,0.0,0,0.0,0.0
12282,Adenovirus DNA Bronchoalveolar Lavage Probe and Target Amplification Method,0.0,0,0.0,0.0
12288,Anaplasma phagocytophilum DNA Blood Probe and Target Amplification Method,0.0,0,0.0,0.0
12289,Anaplasma phagocytophilum DNA Unspecified Specimen Probe and Target Amplification Method,0.0,0,0.0,0.0
12291,Aspergillus sp. DNA Unspecified Specimen Probe and Target Amplification Method,0.0,0,0.0,0.0
12292,Aspergillus terreus DNA Unspecified Specimen Probe and Target Amplification Method,0.0,0,0.0,0.0
12297,Bartonella henselae DNA Blood Probe and Target Amplification Method,0.0,0,0.0,0.0
12300,Bartonella quintana DNA Blood Probe and Target Amplification Method,0.0,0,0.0,0.0
12072,Neutrophil Cytoplasmic Antibody Pattern Interpretation Serum Immunofluorescence Narrative,0.0,0,0.0,0.0
12075,Neutrophil Cytoplasmic Antibody Perinuclear Qualitative Serum Immunofluorescence,0.0,0,0.0,0.0
6614,"C-reactive protein Qualitative, Serum",0.0,0,0.0,0.0
12079,Neutrophil Cytoplasmic Antibody Qualitative Serum,0.0,0,0.0,0.0
12080,Neutrophil Cytoplasmic Antibody Qualitative Serum Immunofluorescence,0.0,0,0.0,0.0
1464,Differential Total Cells Counted,0.0,0,0.0,0.0
12100,Proinsulin Mass/volume Serum or Plasma,0.0,0,0.0,0.0
12115,Transcortin Quantitative Serum,0.0,0,0.0,0.0
6612,Corynebacterium diphtheriae Antibody IgG Quantitative Serum EIA,0.0,0,0.0,0.0
12144,CD34 Percent Blood,0.0,0,0.0,0.0
12146,CD34 cells Count Blood,0.0,0,0.0,0.0
12169,Trypanosoma cruzi Antibody IgG Quantitative Serum Immunoassay,0.0,0,0.0,0.0
12176,Trypanosoma cruzi Antibody IgM Quantitative Serum,0.0,0,0.0,0.0
11858,Human Papilloma Virus 16 DNA Unspecified Specimen Probe and Target Amplification Method,0.0,0,0.0,0.0
11873,Human Papilloma Virus 18 DNA Unspecified Specimen Probe and Target Amplification Method,0.0,0,0.0,0.0
11944,Human Papilloma Virus rRNA Tissue Probe and Target Amplification Method,0.0,0,0.0,0.0
11987,Q Fever (Coxiella burnetii) Phase 2 Antibody,0.0,0,0.0,0.0
11990,Adenosine deaminase Quantitative Blood,0.0,0,0.0,0.0
11992,Adenosine deaminase Quantitative Cerebral spinal Fluid,0.0,0,0.0,0.0
11998,Adenosine deaminase Quantitative Peritoneal Fluid,0.0,0,0.0,0.0
12086,Neutrophil Cytoplasmic Antibody Titer Serum Immunofluorescence,0.0,0,0.0,0.0
3525,Cedar Antibody IgE (Libocedrus decurrens),0.0,0,0.0,0.0
2112,"Hydroxyproline Total, Urine 24 hr",0.0,0,0.0,0.0
12386,Cytomegalovirus DNA Viral Load Plasma Probe and Target Amplification Method,0.0,0,0.0,0.0
12391,Cytomegalovirus DNA Cerebral Spinal Fluid Probe and Target Amplification Method,0.0,0,0.0,0.0
3520,Cayenne Antibody IgE,0.0,0,0.0,0.0
12416,Enterovirus RNA Viral Load Unspecified Specimen Probe and Target Amplification Method,0.0,0,0.0,0.0
3512,Cauliflower Antibody IgE (Brassica oleracea var botrytis),0.0,0,0.0,0.0
12424,Epstein Barr Virus DNA Viral Load Bone Marrow Probe and Target Amplification Method,0.0,0,0.0,0.0
12304,BK Virus DNA Viral Load Cerebral Spinal Fluid Probe and Target Amplification Method,0.0,0,0.0,0.0
12321,Bordetella parapertussis DNA Nasopharynx Probe and Target Amplification Method,0.0,0,0.0,0.0
12336,Campylobacter sp. DNA Diarrheagenic Stool Probe and Target Amplification Method,0.0,0,0.0,0.0
12338,Candida albicans DNA Vaginal Fluid Probe and Target Amplification Method,0.0,0,0.0,0.0
12340,Candida glabrata DNA Vaginal Fluid Probe and Target Amplification Method,0.0,0,0.0,0.0
12280,Adenovirus DNA Viral Load Unspecified Log Copies Specimen Probe and Target Amplification Method,0.0,0,0.0,0.0
12349,Candida tropicalis DNA Vaginal Fluid Probe and Target Amplification Method,0.0,0,0.0,0.0
12352,Chlamydia trachomatis/Neisseria gonorrhoeae rRNA Panel Urine Probe and Target Amplification Method,0.0,0,0.0,0.0
12373,Cyclospora cayetanensis DNA Unspecified Specimen Probe and Target Amplification Method,0.0,0,0.0,0.0
12378,Cytomegalovirus DNA Viral Load Bone Marrow Probe and Target Amplification Method,0.0,0,0.0,0.0
3497,Cat dander Antibody IgG,0.0,0,0.0,0.0
12381,Cytomegalovirus DNA Viral Load Urine Probe and Target Amplification Method,0.0,0,0.0,0.0
12384,Cytomegalovirus DNA Viral Log Load Unspecified Specimen Probe and Target Amplification Method,0.0,0,0.0,0.0
12245,HIV 1+2 Antibody IgG Serum or Plasma Rapid Immunoassay Qualitative,0.0,0,0.0,0.0
3489,Castor Bean Antibody IgE (Ricinus communis),0.0,0,0.0,0.0
12256,Adenovirus B+E DNA Nasopharynx Probe and Target Amplification Method,0.0,0,0.0,0.0
12257,Adenovirus C DNA Nasopharynx Probe and Target Amplification Method,0.0,0,0.0,0.0
12259,Adenovirus DNA Viral Load Body Fluid Probe and Target Amplification Method,0.0,0,0.0,0.0
12264,Adenovirus DNA Viral Load Serum or Plasma Probe and Target Amplification Method,0.0,0,0.0,0.0
12268,Adenovirus DNA Viral Load Unspecified Specimen Probe and Target Amplification Method,0.0,0,0.0,0.0
12345,Candida parapsilosis DNA Vaginal Fluid Probe and Target Amplification Method,0.0,0,0.0,0.0
19920,Voriconazole Susceptibility Minimum Inhibitory Concentration (MIC),0.0,0,0.0,0.0
19942,Candida albicans Antibody IgG Presence Serum,0.0,0,0.0,0.0
19943,"Neisseria meningitidis A,B,C,w135,Y Antigen Presence Cerebral Spinal Fluid Latex agglutination",0.0,0,0.0,0.0
19947,Plasmodium falciparum Antigen Presence Blood Rapid Immunoassay,0.0,0,0.0,0.0
19953,Giardia lamblia Antigen Presence Stool,0.0,0,0.0,0.0
18132,Aspergillus sp. DNA Presence Bronchoalveolar Lavage Probe and Target Amplification Method,0.0,0,0.0,0.0
18133,Atopobium vaginae DNA Presence Vaginal Fluid Probe and Target Amplification Method,0.0,0,0.0,0.0
18154,Bacterial Vancomycin Resistance (vanA) Gene Pres Nucleic acid capture+Probe Detect Pos Bld Cult,0.0,0,0.0,0.0
18156,Bacterial Vancomycin Resistance (vanB) Gene Pres Nucleic acid capture+Probe Detect Pos Bld Cult,0.0,0,0.0,0.0
18201,Enterobacter sp. (gyrB+metB) Genes Presence Nucleic Acid Capture + Probe Detect Pos Blood Culture,0.0,0,0.0,0.0
18243,Human metapneumovirus RNA Identifier Unspecified Specimen Probe and Target Amplification Method,0.0,0,0.0,0.0
18274,Kingella kingae DNA Presence Unspecified Specimen Probe and Target Amplification Method,0.0,0,0.0,0.0
18325,Respiratory syncytial Virus A RNA Presence Nasopharynx Probe and Target Amplification Method,0.0,0,0.0,0.0
14079,CD3 CD16+CD56+Natural Killer Cells Count Unspecified Specimen,0.0,0,0.0,0.0
18330,Rhinovirus RNA Identifier Unspecified Specimen Probe and Target Amplification Method,0.0,0,0.0,0.0
18332,Rhinovirus RNA Presence Unspecified Specimen Probe and Target Amplification Method,0.0,0,0.0,0.0
18459,Anidulafungin Susceptibility Minimum Inhibitory Concentration (MIC),0.0,0,0.0,0.0
18554,Caspofungin Susceptibility,0.0,0,0.0,0.0
19140,Fungal Susceptibility Panel,0.0,0,0.0,0.0
19180,HIV genotype Susceptibility,0.0,0,0.0,0.0
19181,HIV integrase inhibitor Susceptibility Panel Genotype Method,0.0,0,0.0,0.0
17701,CFTR Gene p R117H+5T variant Qualitative Blood or Tissue Molecular Genetics Method,0.0,0,0.0,0.0
21921,Chlamydia trachomatis rRNA Presence Throat Probe and Target Amplification Method,0.0,0,0.0,0.0
17784,Plesiomonas shigelloides DNA Presence Stool Probe and Target Amplification Method,0.0,0,0.0,0.0
17815,Cryptococcus Antigen Presence Cerebral Spinal Fluid Immunoassay,0.0,0,0.0,0.0
17823,Cryptococcus Antigen Presence Unspecified Specimen Latex Agglutination,0.0,0,0.0,0.0
17880,Herpes Virus 6 Antibody IgM Presence Serum Immunoassay,0.0,0,0.0,0.0
17894,Legionella pneumophila 1 Antibody IgG Titer Serum Immunofluorescence,0.0,0,0.0,0.0
18326,Respiratory syncytial Virus B RNA Presence Nasopharynx Probe and Target Amplification Method,0.0,0,0.0,0.0
1876,Hemoglobin Phenotype,0.0,0,0.0,0.0
1880,Histoplasma Antibody IgG,0.0,0,0.0,0.0
21652,"t(9;22)(q34 1;q11)(ABL1,BCR) b2a2+b3a2 Fusion Trans/ctl Trans Cnt Ratio Bld Tissue Mol Gen Mthd",0.0,0,0.0,0.0
20317,Campylobacter jejuni Antibody IgG Titer Serum Immunofluorescence,0.0,0,0.0,0.0
19970,Bartonella henselae Antibody IgG Presence Cerebral Spinal Fluid,0.0,0,0.0,0.0
19980,Bartonella henselae Antibody IgM Presence Cerebral Spinal Fluid,0.0,0,0.0,0.0
19994,Hepatitis D virus Antigen Presence Serum Immunoassay,0.0,0,0.0,0.0
20048,Legionella sp. Antigen Presence Urine Immunofluorescence,0.0,0,0.0,0.0
70,Urinalysis without Microscopy,0.0,0,0.0,0.0
73,"Aerobic/Anaerobic Culture, Wound",0.0,0,0.0,0.0
74,Amphotericin B MIC,0.0,0,0.0,0.0
75,Anaerobic Culture CSF,0.0,0,0.0,0.0
78,Blood Culture Fungus,0.0,0,0.0,0.0
19588,Posaconazole Susceptibility Minimum Inhibitory Concentration (MIC),0.0,0,0.0,0.0
87,Cryptosporidium EIA,0.0,0,0.0,0.0
88,Cryptosporidium Stain,0.0,0,0.0,0.0
89,Cryptosporidium/Giardia DFA,0.0,0,0.0,0.0
20160,"Syphilis (Treponema pallidum) RPR, Serum Prenatal",0.0,0,0.0,0.0
20161,Syphilis (Treponema pallidum) RPR Titer Prenatal,0.0,0,0.0,0.0
20177,Bacterial shiga like toxin 1 (stx1) Gene Presence Stool Probe and Target Amplification Method,0.0,0,0.0,0.0
19353,Micafungin Susceptibility Minimum Inhibitory Concentration (MIC),0.0,0,0.0,0.0
19392,Mycobacterial Susceptibility Panel,0.0,0,0.0,0.0
1896,Scrub typhus Antibody,0.0,0,0.0,0.0
1899,Toxoplasma PCR,0.0,0,0.0,0.0
1902,"West Nile Virus Antibody, CSF",0.0,0,0.0,0.0
21651,"t(9;22)(q34 1;q11)(ABL1,BCR) b2a2+b3a2 Fusion Trans/ctl Trans (Interntl Scl) Bld Tissue Mol Gen Mthd",0.0,0,0.0,0.0
1724,Hepatitis D Total Qualitative,0.0,0,0.0,0.0
21622,Protein monoclonal band 3 Mass/volume Serum or Plasma Electrophoresis,0.0,0,0.0,0.0
86,"Cryptococcus Antigen, Urine",0.0,0,0.0,0.0
17500,Cells Counted Total Body Fluid,0.0,0,0.0,0.0
17575,Lipemic Index Serum or Plasma,0.0,0,0.0,0.0
17608,PEEP (Positive End Expiratory Pressure) Respiratory System,0.0,0,0.0,0.0
17611,Renal Function 2000 Panel Serum or Plasma,0.0,0,0.0,0.0
17037,Phencyclidine Qualitative Urine Screen Method >25 ng/mL,0.0,0,0.0,0.0
17064,Plasminogen Actual/Normal Platelet Poor Plasma Chromogenic Method,0.0,0,0.0,0.0
17075,Poliovirus 1 Antibody Titer Serum Neutralization Test,0.0,0,0.0,0.0
17089,Poliovirus 2 Antibody Titer Serum Neutralization Test,0.0,0,0.0,0.0
17103,Poliovirus 3 Antibody Titer Serum Neutralization Test,0.0,0,0.0,0.0
17138,Propoxyphene Qualitative Meconium Screen Method,0.0,0,0.0,0.0
17148,Propoxyphene Qualitative Serum or Plasma Screen Method,0.0,0,0.0,0.0
17155,Propoxyphene Qualitative Urine Confirmatory Method,0.0,0,0.0,0.0
17175,Yeast Qualitative Unspecified Specimen KOH Preparation,0.0,0,0.0,0.0
17989,Legionella pneumophila Antibody IgG Titer Serum Immunofluorescence,0.0,0,0.0,0.0
23552,Cyclospora sp. identified Stool Safranin Stain,0.0,0,0.0,0.0
17224,Immature Granulocytes Count/volume Blood Automated Count,0.0,0,0.0,0.0
17227,Immature Granulocytes/100 Leukocytes Blood,0.0,0,0.0,0.0
17256,Lymphocytes Count/volume Blood Manual Count,0.0,0,0.0,0.0
17306,Oxygen Alveolar Arterial Partial Pressure Difference Respiratory System,0.0,0,0.0,0.0
17338,Q Fever (Coxiella burnetii) Phase 1 Antibody IgG Qualitative Serum,0.0,0,0.0,0.0
101,Culture Body Fluid,0.0,0,0.0,0.0
103,Culture Bone Marrow,0.0,0,0.0,0.0
104,Culture Bronchial,0.0,0,0.0,0.0
105,Culture Bronchial Brush/Wash/Lavage,0.0,0,0.0,0.0
106,Culture Cerebrospinal Fluid Bacteria Identified,0.0,0,0.0,0.0
108,Culture Fluid (Broth only),0.0,0,0.0,0.0
109,Culture Joint Fluid,0.0,0,0.0,0.0
112,Culture Respiratory Bacteria Identified Unspecified,0.0,0,0.0,0.0
17182,Basophils Count/volume Blood Automated Count,0.0,0,0.0,0.0
18039,Reagin and Treponema pallidum Antibody IgG and IgM Interpretation Serum or Plasma,0.0,0,0.0,0.0
18041,Reagin Antibody Presence Serum,0.0,0,0.0,0.0
18116,Klebsiella oxytoca DNA Presence Blood Probe and Target Amplification Method,0.0,0,0.0,0.0
17620,Icteric Index Serum or Plasma,0.0,0,0.0,0.0
21841,Borrelia mayonii (oppA1) gene Presence Unspecified Specimen Target Amp w non Probe Based Detctn,0.0,0,0.0,0.0
17640,Blood Group Antibody Investigation Interpretation Plasma or RBC,0.0,0,0.0,0.0
1730,Viral Serology,0.0,0,0.0,0.0
1731,Arboviral Encephalitis Antibody IgG,0.0,0,0.0,0.0
1732,Arboviral Encephalitis Antibody IgM,0.0,0,0.0,0.0
1733,Chlamydia pneumoniae Antibody,0.0,0,0.0,0.0
21839,Borrelia garinii+afzelii (oppA1) gene Presence Unspecified Spec Target Amp w non Probe Based Detctn,0.0,0,0.0,0.0
1739,LD/LDH Isoenzymes %,0.0,0,0.0,0.0
1909,Creutzfeldt-Jakob Disease Antigen,0.0,0,0.0,0.0
17491,Aspergillus fumigatus Antibody Qualitative Serum Immune Diffusion (ID),0.0,0,0.0,0.0
17654,Blood Group Antibody Screen Qualitative Serum or Plasma,0.0,0,0.0,0.0
21838,Borrelia garinii+afzelii (oppA1) gene Presence Bld Target Amplification w non Probe Based Detctn,0.0,0,0.0,0.0
17689,CFTR Gene c 3199del6 Qualitative Blood or Tissue Molecular Genetics Method,0.0,0,0.0,0.0
17339,Q Fever (Coxiella burnetii) Phase 1 Antibody IgG Qualitative Serum Immunofluorescence,0.0,0,0.0,0.0
17341,Q Fever (Coxiella burnetii) Phase 1 Antibody IgM Qualitative Serum,0.0,0,0.0,0.0
17345,Q Fever (Coxiella burnetii) Phase 1 Antibody Titer Serum,0.0,0,0.0,0.0
17354,Q Fever (Coxiella burnetii) Phase 2 Antibody IgG Qualitative Serum,0.0,0,0.0,0.0
17355,Q Fever (Coxiella burnetii) Phase 2 Antibody IgG Qualitative Serum Immunoassay,0.0,0,0.0,0.0
17356,Q Fever (Coxiella burnetii) Phase 2 Antibody IgG Qualitative Serum Immunofluorescence,0.0,0,0.0,0.0
17359,Q Fever (Coxiella burnetii) Phase 2 Antibody IgM Qualitative Serum,0.0,0,0.0,0.0
17361,Q Fever (Coxiella burnetii) Phase 2 Antibody IgM Qualitative Serum Immunofluorescence,0.0,0,0.0,0.0
17397,Varicella zoster Virus Antibody Titer Cerebral Spinal Fluid,0.0,0,0.0,0.0
17448,Appearance Cerebral Spinal Fluid,0.0,0,0.0,0.0
17470,Appearance Stone,0.0,0,0.0,0.0
1921,"Alpha Fetoprotein, Amnio",0.0,0,0.0,0.0
21215,Turbidity Presence of Cerebral Spinal Fluid Qualitative,0.0,0,0.0,0.0
23105,Candida parapsilosis DNA Presence Target Amp w Non Probe Based Detection Positive Blood Culture,0.0,0,0.0,0.0
1774,"Amino Acids, CSF",0.0,0,0.0,0.0
1776,Leptospira Antibody IgM,0.0,0,0.0,0.0
21200,Monocytes+Macrophages/100 leukocytes Body Fluid Manual Count,0.0,0,0.0,0.0
21201,Organic Acids Presence Urine,0.0,0,0.0,0.0
21202,Other Cells Count Cerebral Spinal Fluid Manual Count,0.0,0,0.0,0.0
21203,Oxycodone Presence Urine Screen Method,0.0,0,0.0,0.0
21205,Propoxyphene + Norpropoxyphene Presence Urine Screen Method,0.0,0,0.0,0.0
21206,Rh Type Blood,0.0,0,0.0,0.0
21208,Streptococcus pneumoniae 1 Antibody IgG Antibody Mass/volume Serum Immunoassay,0.0,0,0.0,0.0
21209,Streptococcus pneumoniae 14 Antibody IgG Antibody Mass/volume Serum Immunoassay,0.0,0,0.0,0.0
21210,Streptococcus pneumoniae 4 Antibody IgG Antibody Mass/volume Serum Immunoassay,0.0,0,0.0,0.0
1867,Clostridium difficile Culture,0.0,0,0.0,0.0
21102,Hemolysis Index Serum or Plasma,0.0,0,0.0,0.0
21104,Cells Counted Total Blood,0.0,0,0.0,0.0
21140,Lymphocyte Proliferation Candida albicans Maximum/CD45 Blood Flow Cytometry FC,0.0,0,0.0,0.0
21141,Lymphocyte Proliferation tetanus toxoid Maximum/CD45 Blood Flow Cytometry FC,0.0,0,0.0,0.0
21175,Procalcitonin Mass/volume Serum or Plasma Immunoassay,0.0,0,0.0,0.0
21176,"1,25-Dihydroxyvitamin D2 Mass/volume Serum or Plasma",0.0,0,0.0,0.0
21177,ABO and Rh group Type Blood from Newborn,0.0,0,0.0,0.0
21178,Alloisoleucine Moles/volume Serum or Plasma,0.0,0,0.0,0.0
21180,Amphetamines Presence Urine Screen Method >500 ng/mL,0.0,0,0.0,0.0
21183,Beta Hydroxybutyrate Moles/volume Serum or Plasma,0.0,0,0.0,0.0
45,Urine Culture/Sensitivity,0.0,0,0.0,0.0
21188,Cells Counted Total Count Cerebral Spinal Fluid,0.0,0,0.0,0.0
21190,Cholecalciferol (Vit D3) Mass/volume Serum or Plasma,0.0,0,0.0,0.0
20798,Listeria monocytogenes DNA Presence Cerebral Spinal Fluid Target Amp with Non-Probe Based Detection,0.0,0,0.0,0.0
21083,Nuclear Antibody Titer Serum Hep2 Substrate,0.0,0,0.0,0.0
21198,Leukocytes Count/volume Body Fluid Manual Count,0.0,0,0.0,0.0
21199,Mannose-binding Protein Mass/volume Serum,0.0,0,0.0,0.0
5193,Paper Wasp Antibody IgG (Polistes),0.0,0,0.0,0.0
5197,Paprika Antibody IgE (Capsicum annuum),0.0,0,0.0,0.0
5217,Parmesan Cheese Antibody IgE,0.0,0,0.0,0.0
21197,HLA-B Type High Resolution,0.0,0,0.0,0.0
5031,Mushroom Antibody IgE (Agaricus hortensis),0.0,0,0.0,0.0
23222,Herpes Virus 7 DNA Presence Blood Probe and Target Amplification Method,0.0,0,0.0,0.0
5040,Mustard Antibody IgE RAST,0.0,0,0.0,0.0
5041,Mustard Antibody IgE Ratio,0.0,0,0.0,0.0
5057,Nettle Antibody IgE RAST (Urtica dioica),0.0,0,0.0,0.0
5070,Nut allergen panel,0.0,0,0.0,0.0
21211,Tetrahydrocannabinol Presence Urine Screen Method >50 ng/mL,0.0,0,0.0,0.0
21214,Turbidity Presence of Body Fluid Qualitative,0.0,0,0.0,0.0
1770,"Glucose, Urine 5 hr",0.0,0,0.0,0.0
22274,Heavy Metals Panel Blood,0.0,0,0.0,0.0
22277,Heavy Metals Panel Urine,0.0,0,0.0,0.0
23104,Candida krusei DNA Presence Target Amp w Non Probe Based Detection Positive Blood Culture,0.0,0,0.0,0.0
22840,"t(15;17)(q24 1;q21 1)(PML,RARA) cells/Cells Total Blood or Tissue Molecular Genetics Method",0.0,0,0.0,0.0
5104,Olive Antibody IgE,0.0,0,0.0,0.0
23,,0.0,0,0.0,0.0
21218,Volume of Cerebral Spinal Fluid,0.0,0,0.0,0.0
21219,Volume of Sweat,0.0,0,0.0,0.0
21610,Protein monoclonal band 1 Mass/volume Serum or Plasma Electrophoresis,0.0,0,0.0,0.0
21615,Protein monoclonal band 2 Mass/volume Serum or Plasma Electrophoresis,0.0,0,0.0,0.0
1786,La Crosse Virus Antibody IgM Quantitative Serum,0.0,0,0.0,0.0
1789,Chlamydia LCR,0.0,0,0.0,0.0
1791,Chlamydia trachomatis Antibody Panel,0.0,0,0.0,0.0
1769,"Glucose, Urine 4 hr",0.0,0,0.0,0.0
1745,Chlamydia IgM,0.0,0,0.0,0.0
1758,Mumps Virus,0.0,0,0.0,0.0
1840,Colorado Tick Fever Antibody,0.0,0,0.0,0.0
23511,Zika Virus RNA Presence Serum Probe and Target Amplification Method,0.0,0,0.0,0.0
1842,Colorado Tick Fever Antibody IgM,0.0,0,0.0,0.0
1844,Escherichia coli O157 typing,0.0,0,0.0,0.0
1849,"Neisseria meningitidis A, C and Y Antigen",0.0,0,0.0,0.0
20188,Chlamydia trachomatis+Neisseria gonorrhoeae rRNA Presence Cervix Probe and Target Amp Method,0.0,0,0.0,0.0
20229,Lactobacillus sp. DNA Log Cnt/volume Vaginal Fluid Probe and Target Amplification Method,0.0,0,0.0,0.0
20230,Megasphaera sp. DNA Log Cnt/volume Vaginal Fluid Probe and Target Amplification Method,0.0,0,0.0,0.0
20238,Neisseria gonorrhoeae rRNA Presence Rectum Probe and Target Amplification Method,0.0,0,0.0,0.0
1852,Streptococcus Identified Unspecified Organism Specific Culture,0.0,0,0.0,0.0
4868,Macadamia Antibody IgE RAST,0.0,0,0.0,0.0
20800,Neisseria meningitidis DNA Presence Cerebral Spinal Fluid Target Amp with Non-Probe Based Detection,0.0,0,0.0,0.0
4873,Mackerel Antibody IgE RAST (Scomber scombrus),0.0,0,0.0,0.0
4883,Malt Antibody IgE,0.0,0,0.0,0.0
4895,Mango Antibody IgE (Mangifera indica),0.0,0,0.0,0.0
4902,Maple Antibody IgE RAST,0.0,0,0.0,0.0
4916,Marsh Elder Antibody IgE RAST (Iva ciliata),0.0,0,0.0,0.0
4945,Mesquite Antibody IgE (Prosopis juliflora),0.0,0,0.0,0.0
4971,Miscellaneous allergen Antibody IgE RAST (Allergen.miscellaneous),0.0,0,0.0,0.0
22295,HIV 1 and 2 Antibody and HIV 1 p24 Antigen Panel Serum or Plasma Immunoassay,0.0,0,0.0,0.0
5140,Oregano Antibody IgE (Origanum vulgare),0.0,0,0.0,0.0
5161,Oyster Antibody IgE RAST (Ostrea edulis),0.0,0,0.0,0.0
5190,Paper Wasp Antibody IgE RAST (Polistes),0.0,0,0.0,0.0
1853,Vibrio Culture Identified Unspecified Organism Specific,0.0,0,0.0,0.0
1854,"AFB Stain, Kinyoun Modified",0.0,0,0.0,0.0
1856,APT Fetal/Maternal HGB Test,0.0,0,0.0,0.0
4872,Mackerel Antibody IgE (Scomber scombrus),0.0,0,0.0,0.0
20808,Rhinovirus+Enterovirus RNA Presence Nasopharynx Target Amplification with Non-Probe Based Detection,0.0,0,0.0,0.0
21194,Elastase pancreatic Mass/mass Stool,0.0,0,0.0,0.0
1798,Streptococcus agalactiae Antigen,0.0,0,0.0,0.0
1799,Haemophilus influenzae Antigen CSF,0.0,0,0.0,0.0
21191,Chromosome Analysis Overall Interpretation Qualitative,0.0,0,0.0,0.0
1810,Neisseria meningitidis A Antigen,0.0,0,0.0,0.0
1811,Neisseria meningitidis B Antigen,0.0,0,0.0,0.0
1813,Neisseria meningitidis W135 Antigen,0.0,0,0.0,0.0
1814,Neisseria meningitidis Y Antigen,0.0,0,0.0,0.0
1815,Mycobacterium kansasii AFB,0.0,0,0.0,0.0
23520,Herpes simplex virus 2 Antibody IgM Presence Cerebral Spinal Fluid Immunofluorescence,0.0,0,0.0,0.0
20769,Cryptococcus gattii+neoformans DNA Presence Cerebral Spinal Fluid Target Amp with Non-Probe Detect,0.0,0,0.0,0.0
20772,Cytomegalovirus DNA Presence Cerebral Spinal Fluid Target Amp with Non-Probe Based Detection,0.0,0,0.0,0.0
20773,Entamoeba histolytica DNA Presence Stool Target Amplification with Non-Probe Based Detection,0.0,0,0.0,0.0
20757,Escherichia coli shiga like toxin 1 and 2 (stx1 and stx2) genes Panel Stool Probe and Target Amp,0.0,0,0.0,0.0
1817,Neisseria gonorrhoeae LCR,0.0,0,0.0,0.0
1824,Streptococcus pneumoniae Antibody IgG,0.0,0,0.0,0.0
1825,Syphilis Serology,0.0,0,0.0,0.0
23513,Herpes simplex virus 1 Antibody IgM Presence Cerebral Spinal Fluid Immunoassay,0.0,0,0.0,0.0
1837,Aspergillus flavus Antibody,0.0,0,0.0,0.0
1742,Parvovirus Antibody IgG/IgM,0.0,0,0.0,0.0
20782,Haemophilus influenzae DNA Presence Cerebral Spinal Fluid Target Amp with Non-Probe Based Detection,0.0,0,0.0,0.0
23512,Zika Virus RNA Presence Urine Probe and Target Amplification Method,0.0,0,0.0,0.0
20791,Human parechovirus RNA Presence Cerebral Spinal Fluid Target Amp with Non-Probe Based Detection,0.0,0,0.0,0.0
20341,Respiratory Syncytial Virus Antigen Presence Nasopharynx Rapid Immunoassay,0.0,0,0.0,0.0
53,HIV Antigen Testing,0.0,0,0.0,0.0
20360,Rickettsia typhi Antibody IgM Titer Serum Immunofluorescence,0.0,0,0.0,0.0
20655,Escherichia coli K1 Antigen Presence Unspecified specimen,0.0,0,0.0,0.0
20734,Ova and Parasites Identified Stool Immune Stain,0.0,0,0.0,0.0
20778,Escherichia coli K1 DNA Presence Cerebral Spinal Fluid Target Amp with Non-Probe Based Detection,0.0,0,0.0,0.0
15262,Base Excess Venous Cord Blood Calculation,0.0,0,0.0,0.0
15264,Benzaldehyde Qualitative Urine,0.0,0,0.0,0.0
15280,Bicarbonate Moles/volume Urine,0.0,0,0.0,0.0
15282,Blasts/100 Leukocytes Blood,0.0,0,0.0,0.0
15285,Blasts/100 Leukocytes Cerebral Spinal Fluid,0.0,0,0.0,0.0
15349,Cannabinoids Qualitative Meconium Confirmatory Method,0.0,0,0.0,0.0
15353,Cannabinoids Qualitative Serum or Plasma Screen Method,0.0,0,0.0,0.0
15358,Cannabinoids Qualitative Urine Confirmatory Method,0.0,0,0.0,0.0
15370,Carbon Dioxide CO2 Partial Pressure Adjusted to Patients Actual Temperature Arterial Cord Blood,0.0,0,0.0,0.0
15372,Carbon Dioxide CO2 Partial Pressure Adjusted to Patients Actual Temperature Mixed Venous Blood,0.0,0,0.0,0.0
15146,Alkaline phosphatase Other Fractions/Alkaline phosphatase Total Serum or Plasma,0.0,0,0.0,0.0
15153,Alkaline phosphatase Placental/Alkaline phosphatase Total Serum or Plasma,0.0,0,0.0,0.0
1970,Ehrlichia DNA,0.0,0,0.0,0.0
113,Culture Respiratory Cystic Fibrosis,0.0,0,0.0,0.0
1662,"HCG Total, Unknown Specimen",0.0,0,0.0,0.0
1979,Hemoglobin D,0.0,0,0.0,0.0
1981,Hemoglobin G,0.0,0,0.0,0.0
6598,Collagen crosslinked N-telopeptide Quantitative Urine,0.0,0,0.0,0.0
6591,Cocaine Qualitative Screen Serum/Plasma,0.0,0,0.0,0.0
14648,FMR1 Gene Mutations Identifier Blood or Tissue Molecular Genetics Method Nominal,0.0,0,0.0,0.0
14709,HIV 1 Integrase Gene Mutations Detected Identifier,0.0,0,0.0,0.0
14711,HIV Nucleoside Reverse Transcriptase Gene Mutations Detected Identifier,0.0,0,0.0,0.0
14712,HIV Protease Gene Mutations Detected Identifier,0.0,0,0.0,0.0
14713,HIV Protease Gene Mutations Genotype Method,0.0,0,0.0,0.0
14717,HIV Reverse Transcriptase+Protease Gene Mutations Detected Identifier,0.0,0,0.0,0.0
14746,JAK2 Gene Exon 12 Mutations Tested Blood or Tissue Molecular Genetics Method Nominal,0.0,0,0.0,0.0
14951,RET Gene Mutations Identifier Blood or Tissue Molecular Genetics Method Nominal,0.0,0,0.0,0.0
14982,SERPINA1 Gene Mutations Identifier Blood or Tissue Molecular Genetics Method Nominal,0.0,0,0.0,0.0
1658,"Glucose, Unknown Specimen 6 hr",0.0,0,0.0,0.0
15592,Creatinine Moles/volume Urine Test Strip,0.0,0,0.0,0.0
15605,Crystals Amorphous Count/Area Urine Sediment Microscopy High Power Field,0.0,0,0.0,0.0
150,Anaerobe+Aerobe Bacteria Identified Unspecified Culture,0.0,0,0.0,0.0
154,AFB Culture Blood,0.0,0,0.0,0.0
155,AFB Culture Body Fluid,0.0,0,0.0,0.0
157,AFB Culture Bronchial Wash,0.0,0,0.0,0.0
159,AFB Culture CSF,0.0,0,0.0,0.0
160,AFB Culture Miscellaneous,0.0,0,0.0,0.0
161,AFB Culture Respiratory,0.0,0,0.0,0.0
162,AFB Culture Sputum,0.0,0,0.0,0.0
15391,"Carbon Dioxide CO2, Total Moles/volume Arterial Cord Blood",0.0,0,0.0,0.0
15398,"Carbon Dioxide CO2, Total Moles/volume Mixed Venous Blood",0.0,0,0.0,0.0
15399,"Carbon Dioxide CO2, Total Moles/volume Mixed Venous Blood Calculation",0.0,0,0.0,0.0
15261,Base Excess Standard Venous Blood Calculation,0.0,0,0.0,0.0
1953,La Crosse Virus Antibody IgM Quantitative CSF,0.0,0,0.0,0.0
1676,Neisseria meningitidis A and Y Antigen,0.0,0,0.0,0.0
1678,Neisseria meningitidis/E Coli Antigen,0.0,0,0.0,0.0
1683,Streptococcus Antibody Titer,0.0,0,0.0,0.0
6603,Composition Stone,0.0,0,0.0,0.0
15406,"Carbon Dioxide CO2, Total Moles/volume Venous Cord Blood",0.0,0,0.0,0.0
15416,Clarity Cerebral Spinal Fluid,0.0,0,0.0,0.0
15419,Clarity Unspecified Specimen,0.0,0,0.0,0.0
15440,Clotting Time Blood Thromboelastography After Addition Heparinase,0.0,0,0.0,0.0
15170,Coccidioides sp. Antibody IgG Qualitative Unspecified Specimen Immunoassay,0.0,0,0.0,0.0
15175,Coccidioides sp. TP Antibody Qualitative Serum Immune Diffusion (ID),0.0,0,0.0,0.0
15234,Carboxyhemoglobin/Hemoglobin Venous Blood,0.0,0,0.0,0.0
15254,Barbiturate Screen Present Urine,0.0,0,0.0,0.0
15259,Base Excess Mixed Venous Blood Calculation,0.0,0,0.0,0.0
1952,La Crosse Virus Antibody IgG Quantitative CSF,0.0,0,0.0,0.0
14514,CFTR Gene Mutation Analysis Blood or Tissue Molecular Genetics Method Narrative,0.0,0,0.0,0.0
6583,"Chlamydia trachomatis DNA Qualitative, Cervix PCR",0.0,0,0.0,0.0
14611,F7 Gene Mutations Tested Blood or Tissue Molecular Genetics Method Nominal,0.0,0,0.0,0.0
14633,FGFR2 Gene Mutations Identifier Blood or Tissue Molecular Genetics Method Nominal,0.0,0,0.0,0.0
14157,Drugs Identified Meconium Screen Method,0.0,0,0.0,0.0
14159,Drugs Identified Serum or Plasma Screen Method,0.0,0,0.0,0.0
14179,Francisella tularensis Antibody IgM Qualitative Serum,0.0,0,0.0,0.0
14241,Histoplasma capsulatum Antibody Qualitative Serum Complement Fixation,0.0,0,0.0,0.0
14243,Histoplasma capsulatum Antibody Qualitative Serum Immunoassay,0.0,0,0.0,0.0
14245,Histoplasma capsulatum Antibody Titer Serum,0.0,0,0.0,0.0
14251,Histoplasma capsulatum Antigen Mass/Vol Urine,0.0,0,0.0,0.0
14254,Histoplasma capsulatum Antigen Qualitative Urine Immunoassay,0.0,0,0.0,0.0
14258,Histoplasma capsulatum Antigen Units/Vol Cerebral Spinal Fluid Immunoassay,0.0,0,0.0,0.0
15059,TPMT Gene Mutations Tested Blood or Tissue Molecular Genetics Method Nominal,0.0,0,0.0,0.0
14277,Histoplasma capsulatum mycelial Phase Antibody Qualitative Serum Complement Fixation,0.0,0,0.0,0.0
14282,Histoplasma capsulatum mycelial Phase Antibody Titer Cerebral Spinal Fluid Complement Fixation,0.0,0,0.0,0.0
14290,Histoplasma capsulatum Yeast Phase Antibody Qualitative Serum Complement Fixation,0.0,0,0.0,0.0
14295,Histoplasma capsulatum Yeast Phase Antibody Titer Serum,0.0,0,0.0,0.0
14305,Lactate Dehydrogenase (LDH) Enzymatic Activity/Vol Cerebral Spinal Fluid Lactate to Pyruvate React,0.0,0,0.0,0.0
14023,Urinalysis Dipstick with Reflex Culture Panel Urine,0.0,0,0.0,0.0
14042,Babesia duncani Antibody Qualitative Serum,0.0,0,0.0,0.0
6581,"Casts, Urine Sediment Microscopy HPF",0.0,0,0.0,0.0
14075,CD19 Percent Unspecified Specimen,0.0,0,0.0,0.0
907,CK Isoenzyme Fraction and Total,0.0,0,0.0,0.0
14083,CD3 CD16+CD56+Natural Killer Percent Unspecified Specimen,0.0,0,0.0,0.0
6580,"Cardiolipin Antibody IgG and IgM Panel, Serum",0.0,0,0.0,0.0
14099,Coproporphyrin 1 Mass/Vol 24 hour Urine,0.0,0,0.0,0.0
14110,Coproporphyrin 1/Creatinine Molar Ratio Urine,0.0,0,0.0,0.0
14260,Histoplasma capsulatum Antigen Units/Vol Serum Immunoassay,0.0,0,0.0,0.0
15098,M tuberculosis tuberculin stimulated gamma interferon/Mitogen stim gamma interferon Quant Contrl Bld,0.0,0,0.0,0.0
15099,Mitogen stimulated gamma interferon Positive Control Spot Count Blood,0.0,0,0.0,0.0
15106,Alkaline phosphatase Enzymatic activity/volume Body Fluid,0.0,0,0.0,0.0
15114,Alkaline phosphatase Isoenzymes Enzymatic activity/volume Serum or Plasma Heat Stability,0.0,0,0.0,0.0
15125,Alkaline phosphatase Heat Stable Qualitative Serum or Plasma Heat Stability,0.0,0,0.0,0.0
15145,Alkaline phosphatase Macrohepatic/Alkaline phosphatase Total Serum or Plasma,0.0,0,0.0,0.0
14339,Lymphocyte Proliferation Panel Blood,0.0,0,0.0,0.0
14348,Streptococcus pneumoniae 19 Antibody IgG Mass/Vol Serum Immunoassay,0.0,0,0.0,0.0
14352,Streptococcus pneumoniae 23 Antibody IgG Mass/Vol Serum Immunoassay,0.0,0,0.0,0.0
14362,Bacterial shiga toxin 1 gene (STX1) Qualitative Unspecified Probe and Target Amp Method,0.0,0,0.0,0.0
5554,Raspberry Antibody IgE RAST (Rubus idaeus),0.0,0,0.0,0.0
5580,Red Cedar Antibody IgE (Juniperus virginiana),0.0,0,0.0,0.0
5587,Red Imported Fire Ant Antibody IgE (Solenopsis invicta),0.0,0,0.0,0.0
5591,Red Kidney Bean Antibody IgE,0.0,0,0.0,0.0
14410,Glomerular Filtration Rate/1.73 sq M Predicted Cystatin Based Formula,0.0,0,0.0,0.0
5609,Red Snapper Antibody IgE,0.0,0,0.0,0.0
5630,Rhizopus nigricans Antibody IgG,0.0,0,0.0,0.0
4754,Latex glove extract buffered Antibody IgE,0.0,0,0.0,0.0
4773,Lemon Antibody IgE (Citrus limon),0.0,0,0.0,0.0
4990,Mouse epithelium Antibody IgE,0.0,0,0.0,0.0
5306,Pecan or Hickory Tree Antibody IgE RAST (Carya illinoinensis),0.0,0,0.0,0.0
5316,Penicillin G Antibody IgE,0.0,0,0.0,0.0
5320,Penicillin V Antibody IgE,0.0,0,0.0,0.0
5347,Perch Antibody IgE (Perca),0.0,0,0.0,0.0
14363,Bacterial shiga toxin 2 gene (STX2) Qualitative Unspecified Probe and Target Amp Method,0.0,0,0.0,0.0
14367,Mycobacterium sp. Identified Isolate,0.0,0,0.0,0.0
14370,Mycobacterium sp. rRNA Qualitative Unspecified Specimen DNA probe,0.0,0,0.0,0.0
14388,Varicella zoster Antibody IgG Qualitative Serum Immunoassay,0.0,0,0.0,0.0
6585,"Chlamydia trachomatis rRNA Qualitative, Cervix PCR",0.0,0,0.0,0.0
5602,Red mulberry Antibody IgE RAST (Morus rubra),0.0,0,0.0,0.0
16751,Collagen Crosslinked N-telopeptide/Creatinine Ratio Urine,0.0,0,0.0,0.0
16752,Creatinine/Protein Mass Ratio Urine,0.0,0,0.0,0.0
16770,Entamoeba histolytica Antibody Units/volume Serum Immunoassay,0.0,0,0.0,0.0
16772,Entamoeba histolytica Antigen Qualitative Stool Immunoassay,0.0,0,0.0,0.0
16779,Epinephrine/Creatinine Mass Ratio Urine,0.0,0,0.0,0.0
16790,Estrogen Mass/volume Serum or Plasma calculation,0.0,0,0.0,0.0
16800,Fungus Qualitative Unspecified Specimen KOH Preparation,0.0,0,0.0,0.0
16802,Galactomannan (Aspergillus) Antigen Qualitative Serum or Plasma Immunoassay,0.0,0,0.0,0.0
16825,Homovanillate Mass/time 24 hour Urine,0.0,0,0.0,0.0
16826,Homovanillate Mass/volume 24 hour Urine,0.0,0,0.0,0.0
16494,Oxygen Partial Pressure Saturation Adjusted to 0.5 Capillary Blood,0.0,0,0.0,0.0
16495,Oxygen Partial Pressure Saturation Adjusted to 0.5 Mixed Venous Blood,0.0,0,0.0,0.0
16496,Oxygen Partial Pressure Saturation Adjusted to 0.5 Venous Blood,0.0,0,0.0,0.0
15572,Creatinine Moles/volume Urine,0.0,0,0.0,0.0
16510,Protein Fractions Interpretation Serum or Plasma Electrophoresis Narrative,0.0,0,0.0,0.0
16607,Angiotensin II Mass/volume Plasma,0.0,0,0.0,0.0
16636,Aspartate Moles/volume Serum or Plasma,0.0,0,0.0,0.0
16645,Bacteria Qualitative Genital Specimen Wet Preparation,0.0,0,0.0,0.0
16662,Barbiturates Qualitative Meconium Confirmatory Method,0.0,0,0.0,0.0
16663,Barbiturates Qualitative Meconium Screen Method,0.0,0,0.0,0.0
16666,Barbiturates Qualitative Serum or Plasma Screen Method,0.0,0,0.0,0.0
16670,Barbiturates Qualitative Urine Confirmatory Method,0.0,0,0.0,0.0
16671,Barbiturates Qualitative Urine Screen Method >200 ng/mL,0.0,0,0.0,0.0
16693,Benzodiazepines Qualitative Meconium Screen Method,0.0,0,0.0,0.0
16697,Benzodiazepines Qualitative Serum or Plasma Screen Method,0.0,0,0.0,0.0
16707,Biotinidase Enzymatic activity/volume Serum or Plasma from Normal Control,0.0,0,0.0,0.0
139,India Ink,0.0,0,0.0,0.0
140,Itraconazole MIC,0.0,0,0.0,0.0
16500,pH Mixed Venous Blood Adjusted to Patients Actual Temperature,0.0,0,0.0,0.0
114,Culture Sputum,0.0,0,0.0,0.0
118,Culture Tissue,0.0,0,0.0,0.0
119,Culture Tracheal Aspirate,0.0,0,0.0,0.0
121,Culture Vaginal,0.0,0,0.0,0.0
17023,Phencyclidine Qualitative Meconium Confirmatory Method,0.0,0,0.0,0.0
17027,Phencyclidine Qualitative Serum or Plasma Screen Method,0.0,0,0.0,0.0
17034,Phencyclidine Qualitative Urine Confirmatory Method,0.0,0,0.0,0.0
16863,Leukocytes Qualitative Unspecified Specimen Wet Preparation,0.0,0,0.0,0.0
16876,Methadone Qualitative Meconium,0.0,0,0.0,0.0
16881,Methadone Qualitative Serum or Plasma Screen Method,0.0,0,0.0,0.0
16884,Methadone Qualitative Urine Confirmatory Method,0.0,0,0.0,0.0
16897,Methamphetamine Qualitative Serum or Plasma,0.0,0,0.0,0.0
16899,Methamphetamine Qualitative Urine Confirmatory Method,0.0,0,0.0,0.0
16746,Collagen Crosslinked N-telopeptide Moles/volume Serum,0.0,0,0.0,0.0
16918,Microscopic Observation Vaginal Fluid Wet Preparation,0.0,0,0.0,0.0
16923,Mycoplasma pneumoniae Antibody IgG Qualitative Serum Immunoassay,0.0,0,0.0,0.0
16939,Mycoplasma pneumoniae Antibody IgM Qualitative Serum Immunoassay,0.0,0,0.0,0.0
16972,Occult Blood Panel Stool Immunologic Method,0.0,0,0.0,0.0
16990,Opiates Qualitative Meconium Confirmatory Method,0.0,0,0.0,0.0
16993,Opiates Qualitative Serum or Plasma Confirmatory Method,0.0,0,0.0,0.0
16994,Opiates Qualitative Serum or Plasma Screen Method,0.0,0,0.0,0.0
90,Cryptosporidium/Microsporidium Antigen,0.0,0,0.0,0.0
91,Culture and Gram Stain Body Fluid,0.0,0,0.0,0.0
16715,Borrelia hermsii Antibody IgG Titer Serum Immunofluorescence,0.0,0,0.0,0.0
16717,Borrelia hermsii Antibody IgM Titer Serum Immunofluorescence,0.0,0,0.0,0.0
16722,Candida albicans Antibody Qualitative Serum Immune Diffusion (ID),0.0,0,0.0,0.0
16743,Clue cells Qualitative Unspecified Specimen Wet Preparation,0.0,0,0.0,0.0
16745,Collagen Crosslinked N-telopeptide Moles/volume 24 hour Urine,0.0,0,0.0,0.0
16913,Microscopic Observation Tissue KOH Preparation,0.0,0,0.0,0.0
1937,Bartonella DNA,0.0,0,0.0,0.0
1939,Bartonella quintana Antibody,0.0,0,0.0,0.0
1693,Herpes simplex IgG/IgM,0.0,0,0.0,0.0
1698,LDL/HDL Risk Interp,0.0,0,0.0,0.0
130,Fungal Culture CSF,0.0,0,0.0,0.0
131,Fungal Culture Hair/Skin/Nails,0.0,0,0.0,0.0
138,Gram Stain,0.0,0,0.0,0.0
166,AFB MIC,0.0,0,0.0,0.0
169,Anaerobic Culture Bacteria Identified Unspecified,0.0,0,0.0,0.0
172,Bacterial Antigen Unknown Source,0.0,0,0.0,0.0
173,Bacterial Antigens CSF,0.0,0,0.0,0.0
15623,Epithelial Cells Non Squamous Count/Area Urine Sediment Microscopy High Power Field,0.0,0,0.0,0.0
15634,Epithelial Cells Qualitative Unspecified Specimen Wet Preparation,0.0,0,0.0,0.0
142,KOH Prep/Calcofluor White,0.0,0,0.0,0.0
6545,"Blood Gas PCO2 Adjusted to patients actual temperature, Blood",0.0,0,0.0,0.0
15855,Glucose Mass/volume Serum or Plasma Baseline,0.0,0,0.0,0.0
16146,Lactate Mass/volume Body Fluid,0.0,0,0.0,0.0
16182,Methaqualone Cutoff Mass/volume Urine Screen Method,0.0,0,0.0,0.0
16191,Methaqualone Mass/volume Urine,0.0,0,0.0,0.0
16192,Methaqualone Mass/volume Urine Confirmatory Method,0.0,0,0.0,0.0
16204,Methaqualone Qualitative Urine Confirmatory Method,0.0,0,0.0,0.0
16207,Methemoglobin/Hemoglobin Total Mixed Venous Blood,0.0,0,0.0,0.0
3593,Chick Pea Antibody IgE RAST (Cicer arietinus),0.0,0,0.0,0.0
15456,Cocaine Qualitative Urine Confirmatory Method,0.0,0,0.0,0.0
15461,Color Cerebral Spinal Fluid,0.0,0,0.0,0.0
15468,Color Semen,0.0,0,0.0,0.0
15470,Color Spun Cerebral Spinal Fluid,0.0,0,0.0,0.0
15508,Babesia sp. Antibody IgG Qualitative Serum,0.0,0,0.0,0.0
15651,Fractional Oxyhemoglobin Mixed Venous Blood,0.0,0,0.0,0.0
144,Pneumocystis carinii Prep,0.0,0,0.0,0.0
145,Pneumocystis Stain,0.0,0,0.0,0.0
22056,Dengue virus 2+4 RNA Presence Serum Probe and Target Amplification Method,0.0,0,0.0,0.0
1714,"Cytomegalovirus, CSF dup",0.0,0,0.0,0.0
1720,Enterovirus Antibody,0.0,0,0.0,0.0
1723,Hepatitis D Antibody IgM Qualitative,0.0,0,0.0,0.0
1929,Amylase IsoEnzymes,0.0,0,0.0,0.0
22055,Dengue virus 1+3 RNA Presence Serum Probe and Target Amplification Method,0.0,0,0.0,0.0
16476,Mucus Count/Area Urine Sediment Microscopy High Power Field,0.0,0,0.0,0.0
16486,Oxygen Partial Pressure Adjusted to Patients Actual Temperature Capillary Blood,0.0,0,0.0,0.0
16490,Oxygen Partial Pressure Adjusted to Patients Actual Temperature Venous Cord Blood,0.0,0,0.0,0.0
16218,Microalbumin Mass/volume Urine Detection Limit <= 1.0 mg/L,0.0,0,0.0,0.0
16222,Microalbumin/Creatinine Ratio Urine,0.0,0,0.0,0.0
16306,Microscopic Observation Qualitative Unspecified Specimen Acid Fast Stain,0.0,0,0.0,0.0
764,Blood Culture and Gram Stain,0.0,0,0.0,0.0
5387,Phthalic anhydride Antibody IgG,0.0,0,0.0,0.0
5404,Pigeon feather Antibody IgE RAST,0.0,0,0.0,0.0
5409,Pigeon serum Antibody IgE,0.0,0,0.0,0.0
5411,Pigeon serum proteins+feathers+droppings Antibody IgG,0.0,0,0.0,0.0
784,Chlamydophila psittaci IgA,0.0,0,0.0,0.0
5419,Pine Nut Antibody IgE RAST (Pinus edulis),0.0,0,0.0,0.0
5422,Pineapple Antibody IgE RAST (Ananas comosus),0.0,0,0.0,0.0
765,Bordetella parapertussis,0.0,0,0.0,0.0
5443,Plum Antibody IgE (Prunus domestica),0.0,0,0.0,0.0
5071,Nutmeg Antibody IgE,0.0,0,0.0,0.0
5239,Parsley Antibody IgE (Petroselinum crispum),0.0,0,0.0,0.0
5240,Parsley Antibody IgE RAST (Petroselinum crispum),0.0,0,0.0,0.0
5255,Pea Antibody IgE RAST (Pisum sativum),0.0,0,0.0,0.0
5263,Peach Antibody IgE RAST (Prunus persica),0.0,0,0.0,0.0
123,Fluconazole MIC,0.0,0,0.0,0.0
2560,Clostridium tetani Antibody Quantitative,0.0,0,0.0,0.0
2561,Clostridium tetani Antibody IgG Quantitative,0.0,0,0.0,0.0
940,Coombs Indirect,0.0,0,0.0,0.0
2568,Ehrlichia chaffeensis DNA Probe Amplification Qualitative,0.0,0,0.0,0.0
7349,Lyme disease (Borrelia burgdorferi) Antibody IgG Quantitative CSF Immunoassay,0.0,0,0.0,0.0
7356,Lyme disease (Borrelia burgdorferi) Antibody IgM Band Pattern CSF Immunoblot (IB),0.0,0,0.0,0.0
7362,Lyme disease (Borrelia burgdorferi) Antibody IgM Qualitative Serum Immunoassay,0.0,0,0.0,0.0
7369,Lyme disease (Borrelia burgdorferi) Antibody IgM Quantitative CSF Immunoassay,0.0,0,0.0,0.0
7370,Lyme disease (Borrelia burgdorferi) Antibody IgM Quantitative CSF Immunoblot (IB),0.0,0,0.0,0.0
7376,Lyme disease (Borrelia burgdorferi) Antibody Index Presence Serum and CSF,0.0,0,0.0,0.0
409,Hepatitis D Antigen (HDAg),0.0,0,0.0,0.0
413,HIV Reverse Transcriptase Mutations Genotype Method,0.0,0,0.0,0.0
414,HIV Genotype dup,0.0,0,0.0,0.0
6537,"Blood Gas O2 inspired Gas Setting Volume Fraction, Ventilator",0.0,0,0.0,0.0
416,HIV Phenotype,0.0,0,0.0,0.0
421,HIV1 Antibody IFA,0.0,0,0.0,0.0
938,Complete Blood Count without Differential,0.0,0,0.0,0.0
7236,TORCH Antibody IgG,0.0,0,0.0,0.0
7238,TORCH Antibody IgM,0.0,0,0.0,0.0
7323,Lyme disease (Borrelia burgdorferi) Antibody Band Pattern Serum Immunoblot (IB),0.0,0,0.0,0.0
7334,"Lyme disease (Borrelia burgdorferi) Antibody IgA, IgG, and IgM Serum Immunoassay",0.0,0,0.0,0.0
7337,Lyme disease (Borrelia burgdorferi) Antibody IgG Band Pattern CSF Immunoblot (IB),0.0,0,0.0,0.0
2547,Chromosome Analysis Cancer Blood,0.0,0,0.0,0.0
2553,Chromosome Analysis Lymph Node,0.0,0,0.0,0.0
935,Complete Blood Count with Differential,0.0,0,0.0,0.0
444,HIV1 PROVIRAL DNA,0.0,0,0.0,0.0
7179,"Oxazepam Confirmation, Urine",0.0,0,0.0,0.0
415,HIV Genotype/Phenotype,0.0,0,0.0,0.0
7399,Lyme disease (Borrelia burgdorferi) Antigen Quantitative Serum,0.0,0,0.0,0.0
7400,Lyme disease (Borrelia burgdorferi) Antigen Quantitative Urine,0.0,0,0.0,0.0
6446,"Alpha 1 Globulin/Protein Total, Urine 24 hr Electrophoresis",0.0,0,0.0,0.0
6447,"Alpha 1 Globulin/Protein Total, Urine Electrophoresis",0.0,0,0.0,0.0
6449,"Alpha 2 Globulin/Protein Total, Urine 24 hr Electrophoresis",0.0,0,0.0,0.0
6450,"Alpha 2 Globulin/Protein Total, Urine Electrophoresis",0.0,0,0.0,0.0
6451,"Alpha 2 Globulin/Protein Total, Urine Electrophoresis Unspecified Time",0.0,0,0.0,0.0
825,Anti-Ri (Anti-Neuronal Nuclear Antibody Type-II),0.0,0,0.0,0.0
831,Arterial Blood Gases,0.0,0,0.0,0.0
6452,"Alpha-1-Fetoprotein (Multiple of the Median) Adjusted, Serum",0.0,0,0.0,0.0
878,Cardiac Group,0.0,0,0.0,0.0
846,Bilirubin Panel,0.0,0,0.0,0.0
4207,Finch feather Antibody IgE,0.0,0,0.0,0.0
2558,Chromosome Analysis Tissue FISH,0.0,0,0.0,0.0
4234,Flounder Antibody IgE,0.0,0,0.0,0.0
4242,Food allergen panel,0.0,0,0.0,0.0
7405,Lyme disease (Borrelia burgdorferi) C6 Antibody Quantitative Serum,0.0,0,0.0,0.0
7406,Lyme disease (Borrelia burgdorferi) C6 Antibody Quantitative Serum Immunoassay,0.0,0,0.0,0.0
7407,Lyme disease (Borrelia burgdorferi) DNA Qualitative Blood PCR,0.0,0,0.0,0.0
7411,Lyme disease (Borrelia burgdorferi) DNA Qualitative CSF Probe with Amplification,0.0,0,0.0,0.0
952,"Creatinine, Urine 2 hr",0.0,0,0.0,0.0
7415,Lyme disease (Borrelia burgdorferi) DNA Qualitative Urine PCR,0.0,0,0.0,0.0
7422,Lyme disease (Borrelia burgdorferi) IgG Panel Serum Immunoblot (IB),0.0,0,0.0,0.0
7425,Streptococcus pneumoniae 1 Antibody Quantitative Serum,0.0,0,0.0,0.0
7430,Streptococcus pneumoniae 14 Antibody Quantitative Serum,0.0,0,0.0,0.0
2555,Chromosome Analysis microarray copy number change panel,0.0,0,0.0,0.0
2556,Chromosome Analysis Peripheral Blood,0.0,0,0.0,0.0
941,Coombs Test Direct Antiglobulin Test IgG Specific Reagent Red Blood Cells Interp,0.0,0,0.0,0.0
4223,Flax Antibody IgE (Linum usitatissimum),0.0,0,0.0,0.0
4168,European house dust mite Antibody IgG (Dermatophagoides pteronyssinus),0.0,0,0.0,0.0
3110,Bakers yeast Antibody IgE RAST (Saccharomyces cerevisiae),0.0,0,0.0,0.0
3106,Bakers yeast Antibody (Saccharomyces cerevisiae),0.0,0,0.0,0.0
4197,Ferret epithelium Antibody IgE,0.0,0,0.0,0.0
4200,Ficus sp. Antibody IgE,0.0,0,0.0,0.0
6462,"Amphetamines Qualitative, Meconium Screen",0.0,0,0.0,0.0
6470,"ANA Immunofluorescence, Serum",0.0,0,0.0,0.0
6471,"ANA Nucleolar Titer, Serum",0.0,0,0.0,0.0
6427,"Acetone Quantitative, Serum",0.0,0,0.0,0.0
647,Leptospira Antibody Titer,0.0,0,0.0,0.0
6438,"Albumin/Protein Total, Unspecified Time Urine Electrophoresis",0.0,0,0.0,0.0
6440,"Albumin/Protein Total, Urine Electrophoresis",0.0,0,0.0,0.0
6445,"Alpha 1 Globulin/Protein Total, Unspecified time Urine Electrophoresis",0.0,0,0.0,0.0
6737,Estriol (E3) Unconjugated Quantitative Serum/Plasma,0.0,0,0.0,0.0
2611,Streptococcus pneumoniae 4 Antibody IgG,0.0,0,0.0,0.0
6754,Fatty acids very long chain Quantitative Serum/Plasma,0.0,0,0.0,0.0
7154,"Normetanephrine, Serum/Plasma (Moles)",0.0,0,0.0,0.0
7162,"Nucleated Red Blood Cell Ratio, Blood Manual",0.0,0,0.0,0.0
7164,Ova and Parasite Stool,0.0,0,0.0,0.0
7165,"Obstetric Panel, Serum and Blood",0.0,0,0.0,0.0
7169,"Opiates Confirmation, Urine Qualitative",0.0,0,0.0,0.0
2626,Culture Gastric,0.0,0,0.0,0.0
7107,"Myelocytes Percent, Blood",0.0,0,0.0,0.0
7114,"Neisseria gonorrhoeae rRNA DNA Probe, Cervix",0.0,0,0.0,0.0
7118,"Neural Tube Defect Risk, Fetus",0.0,0,0.0,0.0
7120,"Neutrophil Cytoplasmic Antibody Atypical Immunofluorescence, Serum",0.0,0,0.0,0.0
451,HIV2 Antibody ELISA,0.0,0,0.0,0.0
455,HIV2 Antibody Western Blot,0.0,0,0.0,0.0
2610,Streptococcus pneumoniae 1 Antibody IgG,0.0,0,0.0,0.0
7186,"Oxymorphone Confirmation, Urine Quantitative",0.0,0,0.0,0.0
7193,"Parvovirus B19 Antibody IgG, Serum Qualitative",0.0,0,0.0,0.0
7199,"PTT/APTT, Platelet po Coagulation 1:1 saline",0.0,0,0.0,0.0
7201,Respiratory Virus DNA and RNA Panel Unspecified Specimen Probe and Target Amplification,0.0,0,0.0,0.0
7215,"UA White Blood Cell, Qualitative",0.0,0,0.0,0.0
7216,Unspecified Hemoglobin/Hemoglobin Total Blood Electrophoresis,0.0,0,0.0,0.0
7218,"White Blood Cell Count, Blood",0.0,0,0.0,0.0
7223,"White Blood Cell Count, Stool Manual",0.0,0,0.0,0.0
7232,"White Blood Cell, Stool Qualitative",0.0,0,0.0,0.0
7170,"Opiates Screen, Meconium Qualitative",0.0,0,0.0,0.0
7174,"Opiates, Urine Quantitative",0.0,0,0.0,0.0
2571,Entamoeba histolytica Antigen Quantitative,0.0,0,0.0,0.0
2572,Enterovirus RNA CSF,0.0,0,0.0,0.0
4151,Ethylene oxide Antibody IgE,0.0,0,0.0,0.0
2577,Factor V Mutation,0.0,0,0.0,0.0
2579,Fragile X Gene CGG Repeats,0.0,0,0.0,0.0
2582,HFE Gene Mutation Analysis Blood or Tissue Molecular Genetics Method Narrative,0.0,0,0.0,0.0
2588,Histoplasma capsulatum mycelial phase Antibody Complement Fixation,0.0,0,0.0,0.0
2590,HIV1 Glycoprotein 40 Antibody,0.0,0,0.0,0.0
6735,Estriol (E3) Unconjugated Multiple of the Median Adjusted Serum/Plasma,0.0,0,0.0,0.0
3170,Bayberry Pollen Antibody IgE (Myrica),0.0,0,0.0,0.0
438,HIV1 P24 Antigen Quantitative,0.0,0,0.0,0.0
3155,Basil Antibody IgE (Ocimum basilicum),0.0,0,0.0,0.0
2603,Rickettsia rickettsii Antibody IgG Quantitative Serum,0.0,0,0.0,0.0
2604,Rickettsia rickettsii Antibody IgM Quantitative Serum,0.0,0,0.0,0.0
3127,Bald Cypress Antibody IgE (Taxodium distichum),0.0,0,0.0,0.0
2606,Salmonella typhi Antibody IgG,0.0,0,0.0,0.0
2607,Salmonella typhi Antibody IgM,0.0,0,0.0,0.0
2574,Escherichia coli shiga toxin 1 and 2 Antigen,0.0,0,0.0,0.0
7755,Polymorphonuclear Cells per 100 Leukocytes Body Fluid,0.0,0,0.0,0.0
7756,Polymorphonuclear Cells per 100 Leukocytes CSF,0.0,0,0.0,0.0
2459,"Respiratory Syncytial Virus, Influenza A and B Direct Testing",0.0,0,0.0,0.0
2463,Florida Department of Health Notification,0.0,0,0.0,0.0
2471,Ova and Parasite Cryptosporidum Antigen,0.0,0,0.0,0.0
2472,Ova and Parasite Giardia / Cryptosporidum Antigen,0.0,0,0.0,0.0
2473,Ova and Parasite Giardia Antigen,0.0,0,0.0,0.0
1083,HDL LDL CHD Risk,0.0,0,0.0,0.0
677,Respiratory Syncytial Virus Antibody IgM,0.0,0,0.0,0.0
2474,Plasmodium vivax Antibody,0.0,0,0.0,0.0
2477,Adenovirus Smear,0.0,0,0.0,0.0
385,T-cell Subsets CD4 and CD8 Panel Blood,0.0,0,0.0,0.0
386,CD4 Interpretation,0.0,0,0.0,0.0
7391,Lyme disease (Borrelia burgdorferi) Antibody Quantitative Serum Immunoassay,0.0,0,0.0,0.0
675,Chlamydophila psittaci Antibody,0.0,0,0.0,0.0
7726,Phencyclidine Qualitative Meconium Screen Method,0.0,0,0.0,0.0
2478,Acanthamoeba/Naegleria Identification,0.0,0,0.0,0.0
2498,Platelet Aggregation Thrombin Induced,0.0,0,0.0,0.0
2500,Cryptosporidium/Giardia EIA,0.0,0,0.0,0.0
2502,Ehrlichia / Anaplasma PCR,0.0,0,0.0,0.0
2504,Ehrlichia ewingii DNA,0.0,0,0.0,0.0
2506,Hepatitis C Antibody c22 Peptide,0.0,0,0.0,0.0
7735,Phosphate Urine Quantitative,0.0,0,0.0,0.0
7737,Phosphatidylglycerol/Surfactant Total Amniotic Fluid,0.0,0,0.0,0.0
7629,Arsenic Inorganic Quantitative Urine,0.0,0,0.0,0.0
7637,Arsenic Mass/Time 24 hr Urine,0.0,0,0.0,0.0
7639,Arsenic Methylated Quantitative Urine,0.0,0,0.0,0.0
7649,Arsenic Organic Moles/Vol Urine,0.0,0,0.0,0.0
7711,Cholinesterase Enzymatic Activity/Volume Red Blood Cells,0.0,0,0.0,0.0
1104,Hemogram and Platelet Count,0.0,0,0.0,0.0
1106,Hepatic Function Panel,0.0,0,0.0,0.0
1110,"Herpes simplex, CSF",0.0,0,0.0,0.0
1113,"Herpes simplex 1 Antibody IgM, CSF",0.0,0,0.0,0.0
1116,"Herpes simplex 2 Antibody IgM, CSF",0.0,0,0.0,0.0
2448,Virus Culture Respiratory Rapid,0.0,0,0.0,0.0
2451,Virus Culture Influenzae A,0.0,0,0.0,0.0
7801,Red Blood Cell casts Qualitative Urine Sediment Light Microscopy,0.0,0,0.0,0.0
7808,Retinyl Palmitate Quantitative Serum or Plasma,0.0,0,0.0,0.0
7809,Rheumatoid Factor Qualitative Serum Latex Agglutination,0.0,0,0.0,0.0
7765,Promyelocytes/100 Leukocytes Blood Manual Count,0.0,0,0.0,0.0
7766,Propoxyphene Qualitative Urine,0.0,0,0.0,0.0
7768,Propoxyphene Urine Quantitative,0.0,0,0.0,0.0
7747,Platelet Distribution Width Blood Automated Count,0.0,0,0.0,0.0
7780,Protein Fractions Serum or Plasma Electrophoresis,0.0,0,0.0,0.0
7782,Protein Fractions Urine Electrophoresis,0.0,0,0.0,0.0
7783,Protein Monoclonal Serum or Plasma Electrophoresis,0.0,0,0.0,0.0
363,Virus Culture Cytomegalovirus Blood,0.0,0,0.0,0.0
367,Fluorocytosine MIC,0.0,0,0.0,0.0
370,Fungal Undefined,0.0,0,0.0,0.0
372,Parasitology Undefined,0.0,0,0.0,0.0
373,Viral Undefined,0.0,0,0.0,0.0
376,Acute Hepatitis Profile,0.0,0,0.0,0.0
7790,Protein S Antigen Actual/Normal Platelet Poor Plasma Immunologic Method,0.0,0,0.0,0.0
7740,Phosphatidylserine Antibody IgG Quantitative Serum Immunoassay,0.0,0,0.0,0.0
678,Respiratory Syncytial Virus Antigen dup,0.0,0,0.0,0.0
7744,Platelet Aggregation Epinephrine Induced Qualitative Platelet Rich Plasma,0.0,0,0.0,0.0
7745,Platelet Aggregation Platelet Poor Plasma,0.0,0,0.0,0.0
679,Respiratory Syncytial Virus Titer,0.0,0,0.0,0.0
7555,Bacteria Anal Culture,0.0,0,0.0,0.0
7568,Bacteria Cervix Aerobe Culture,0.0,0,0.0,0.0
7593,Bacteria Tissue Aerobe Culture,0.0,0,0.0,0.0
7600,Bacteria Wound Aerobe Culture,0.0,0,0.0,0.0
7604,Bacteria Wound Deep Culture,0.0,0,0.0,0.0
7605,Bordetella pertussis Qualitative Nasopharynx Organism Culture,0.0,0,0.0,0.0
7616,Streptococcus pyogenes (Group A) Qualitative Throat Culture,0.0,0,0.0,0.0
7619,Urinalysis Complete W Reflex Culture Panel Urine,0.0,0,0.0,0.0
6705,Epstein Barr Viral Capsid Antibody IgM Qualitative Serum Immunoassay,0.0,0,0.0,0.0
7469,Streptococcus pneumoniae 7 Antibody IgG Quantitative Serum Immunoassay,0.0,0,0.0,0.0
6739,Ethanol Qualitative Blood,0.0,0,0.0,0.0
2526,Babesia sp. Antibody IgG Quantitative,0.0,0,0.0,0.0
2527,Babesia sp. Antibody IgM Quantitative,0.0,0,0.0,0.0
7653,Arsenic Qualitative Blood,0.0,0,0.0,0.0
2542,Chromosome Analysis Amniotic Fluid,0.0,0,0.0,0.0
2544,Chromosome Analysis Blood FISH,0.0,0,0.0,0.0
2545,Chromosome Analysis Bone Marrow,0.0,0,0.0,0.0
7481,Streptococcus pneumoniae 9 Antibody IgG Quantitative Serum Immunoassay,0.0,0,0.0,0.0
7434,Streptococcus pneumoniae 18 Antibody IgG Quantitative Serum,0.0,0,0.0,0.0
7435,Streptococcus pneumoniae 18 Antibody IgG Quantitative Serum Immunoassay,0.0,0,0.0,0.0
7440,Streptococcus pneumoniae 23 Antibody IgG Panel Quantitative Serum,0.0,0,0.0,0.0
3244,Black Pepper Antibody IgE (Piper nigrum),0.0,0,0.0,0.0
7454,Streptococcus pneumoniae 5 Antibody IgG Quantitative Serum Immunoassay,0.0,0,0.0,0.0
3191,Bell Pepper Antibody IgE,0.0,0,0.0,0.0
7463,Streptococcus pneumoniae 6 Antibody IgG Quantitative Serum Immunoassay,0.0,0,0.0,0.0
7380,Lyme disease (Borrelia burgdorferi) Antibody Qualitative CSF Immunoassay,0.0,0,0.0,0.0
7384,Lyme disease (Borrelia burgdorferi) Antibody Qualitative Synovial Fluid Immunoblot (IB),0.0,0,0.0,0.0
7387,Lyme disease (Borrelia burgdorferi) Antibody Quantitative CSF Immunoassay,0.0,0,0.0,0.0
3252,Black Walnut Antibody IgE (Juglans nigra),0.0,0,0.0,0.0
7657,Arsenic Qualitative Unspecified Specimen,0.0,0,0.0,0.0
666,Mycoplasma Antibody IgG/IgM,0.0,0,0.0,0.0
6722,Erythrocytes Body Fluid Automated Count,0.0,0,0.0,0.0
4310,Ginger Antibody IgE (Zingiber officinale),0.0,0,0.0,0.0
4321,Gluten Antibody IgE RAST,0.0,0,0.0,0.0
4323,Gluten Antibody IgG mCnc,0.0,0,0.0,0.0
4334,Goat milk Antibody IgE,0.0,0,0.0,0.0
6421,"6-Monoacetylmorphine (6-MAM) Quantitative, Urine confirmatory",0.0,0,0.0,0.0
6422,"Acetaminophen Qualitative, Urine",0.0,0,0.0,0.0
4349,Goose feather Antibody IgE RAST,0.0,0,0.0,0.0
6712,Epstein Barr Virus Nuclear Antibody IgG Qualitative Serum Immunoassay,0.0,0,0.0,0.0
4371,Grape Antibody IgE RAST (Vitis vinifera),0.0,0,0.0,0.0
4378,Grapefruit Antibody IgE (Citrus paradisis),0.0,0,0.0,0.0
7553,Bacteria 24 hr Urine Culture,0.0,0,0.0,0.0
4412,Grey Alder Antibody IgE (Alnus incana),0.0,0,0.0,0.0
7663,Arsenic Quantitative Urine,0.0,0,0.0,0.0
7675,Cadmium Mass/Time 24 hr Urine,0.0,0,0.0,0.0
2514,HIV1 P24 Antibody,0.0,0,0.0,0.0
1061,HCG Absolute,0.0,0,0.0,0.0
2521,Aerobic Culture Bacteria Identified Unspecified,0.0,0,0.0,0.0
6708,Epstein Barr Virus Early Antibody IgG Qualitative Serum Immunoassay,0.0,0,0.0,0.0
7682,Cadmium Quantitative 24 hr Urine,0.0,0,0.0,0.0
7689,Cadmium Quantitative Urine,0.0,0,0.0,0.0
7691,Cadmium/Creatinine Mass Ratio 24 hr Urine,0.0,0,0.0,0.0
7508,Syphilis (Treponema pallidum) Antibody IgG Qualitative Serum Immunofluorescence,0.0,0,0.0,0.0
7510,Syphilis (Treponema pallidum) Antibody IgG Quantitative CSF Immunofluorescence,0.0,0,0.0,0.0
7511,Syphilis (Treponema pallidum) Antibody IgG Quantitative Serum Immunoassay,0.0,0,0.0,0.0
7514,Syphilis (Treponema pallidum) Antibody IgG+IgM Qualitative Serum Immunoassay,0.0,0,0.0,0.0
4406,Green Pepper Antibody IgE,0.0,0,0.0,0.0
2769,Coccidioides Antibody Latex Agglutination,0.0,0,0.0,0.0
2771,Histoplasma capsulatum Yeast Phase Antibody by Complement Fixation CSF,0.0,0,0.0,0.0
6906,"Herpes simplex Antibody IgM Immunoassay, Serum Qualitative",0.0,0,0.0,0.0
2788,Lymphocytic choriomeningitis Virus Antibody IgG,0.0,0,0.0,0.0
2789,Lymphocytic choriomeningitis Virus Antibody IgM,0.0,0,0.0,0.0
653,Lyme disease (Borrelia burgdorferi) Titer,0.0,0,0.0,0.0
2799,Blastomyces dermatitidis Antibody Serum Immune diffusion,0.0,0,0.0,0.0
2800,Neisseria gonorrhoeae rRNA Probe PCR Qualitative,0.0,0,0.0,0.0
2802,Chlamydia trachomatis DFA,0.0,0,0.0,0.0
2805,Dengue Fever Antibody IgG/IgM Interpretation,0.0,0,0.0,0.0
2810,Rabies Virus Antibody IgG,0.0,0,0.0,0.0
2813,Toxoplasma gondii Antibody IgG and IgM panel,0.0,0,0.0,0.0
2814,"Toxoplasma gondii Antibody, CSF",0.0,0,0.0,0.0
470,Influenza A/B Antigen DFA Immunofluorescence,0.0,0,0.0,0.0
2816,Borrelia sp. DNA,0.0,0,0.0,0.0
2820,Herpes Virus 8 Antibody Qualitative,0.0,0,0.0,0.0
6911,"Histoplasma capsulatum Antigen Immunoassay, Serum Qualitative",0.0,0,0.0,0.0
6918,History of Neural Tube Defect,0.0,0,0.0,0.0
650,Lyme disease (Borrelia burgdorferi) Panel,0.0,0,0.0,0.0
6874,Hepatitis B Core Antibody Quantitative Serum Immunoassay,0.0,0,0.0,0.0
934,Complete Blood Count with Automated Differential,0.0,0,0.0,0.0
6898,Herpes simplex 1 Antibody IgG Qualitative Serum Immunoassay,0.0,0,0.0,0.0
6902,Herpes simplex 1+2 DNA Qualitative PCR Unspecified Specimen,0.0,0,0.0,0.0
578,Direct O and P,0.0,0,0.0,0.0
629,HIV 1+2 Antibody Qualitative Immunoassay,0.0,0,0.0,0.0
582,Ehrlichia Antibody,0.0,0,0.0,0.0
595,Francisella tularensis Agglutinins,0.0,0,0.0,0.0
3076,Aspergillus versicolor Antibody IgG,0.0,0,0.0,0.0
2815,Bordetella pertussis and Bordetella parapertussis DNA Qualitative,0.0,0,0.0,0.0
6510,"Basophils, Body Fluid Manual Count",0.0,0,0.0,0.0
6511,"Basophils, CSF",0.0,0,0.0,0.0
6513,"Benzodiazepines Qualitative, Serum",0.0,0,0.0,0.0
6514,"Benzodiazepines Qualitative, Urine confirmatory",0.0,0,0.0,0.0
6472,"ANA Pattern Homogenous Titer, Serum",0.0,0,0.0,0.0
6473,"ANA Pattern Immunofluorescence, Serum",0.0,0,0.0,0.0
6474,"ANA Pattern, Serum",0.0,0,0.0,0.0
6475,"ANA Speckled Titer, Serum",0.0,0,0.0,0.0
6768,Follitropin Quantitative Serum/Plasma,0.0,0,0.0,0.0
2779,"Neisseria meningitidis C, W135 Antigen CSF",0.0,0,0.0,0.0
2780,"Varicella zoster Antibody IgG, Cerebral Spinal Fluid Quantitative",0.0,0,0.0,0.0
6766,FMR1 Gene Mutation Analysis Blood or Tissue Molecular Genetics Method Narrative,0.0,0,0.0,0.0
2784,Corynebacterium diphtheriae Antibody Quantitative Immunoassasy,0.0,0,0.0,0.0
2768,Brucella Antibody IgG,0.0,0,0.0,0.0
6958,"Immunoelectorphoresis Interp, Serum/Plasma",0.0,0,0.0,0.0
6960,"Immunofixation Interp, Urine",0.0,0,0.0,0.0
6969,"Influenza A/B RNA Probe and Target Amplification, Unspecified Specimen",0.0,0,0.0,0.0
6928,"HLA A/B/C (Class 1) Antibody, Serum",0.0,0,0.0,0.0
6929,"HLA B27 Probe and Target Amplification, Qualitative",0.0,0,0.0,0.0
6931,"HLA DP/DQ/DR (Class II) Antibody, Serum",0.0,0,0.0,0.0
6937,"HTLV I/II Antibody Immunoassay, Serum Qualitative",0.0,0,0.0,0.0
6940,"Human Papilloma Virus 16/18/31/33/35/39/45/51/52/56/59/68 DNA Probe, Cervix Qualitative",0.0,0,0.0,0.0
6948,"Hypochromia Automated Count, Blood",0.0,0,0.0,0.0
559,Campylobacter ID,0.0,0,0.0,0.0
561,Chlamydia Antibody Panel,0.0,0,0.0,0.0
660,Neisseria meningitidis Antigen Panel,0.0,0,0.0,0.0
570,Culture Routine,0.0,0,0.0,0.0
571,Cytomegalovirus Antibody Titer,0.0,0,0.0,0.0
6765,First Trimester Maternal Screen Panel Serum/Plasma,0.0,0,0.0,0.0
2843,Rubella Antibody Qualitative,0.0,0,0.0,0.0
631,HIV DNA,0.0,0,0.0,0.0
6814,Glucose Quantitative Serum/Plasma 30 minutes Post 75 g Glucose PO,0.0,0,0.0,0.0
6815,Glucose Quantitative Serum/Plasma Pre 100 g Glucose PO,0.0,0,0.0,0.0
817,"Amylase, Urine 24 hr Calc",0.0,0,0.0,0.0
2967,Anchovy Antibody IgE (Engraulis encrasicolus),0.0,0,0.0,0.0
2968,Anchovy Antibody IgE RAST (Engraulis encrasicolus),0.0,0,0.0,0.0
2971,Anisakis Antibody IgE,0.0,0,0.0,0.0
810,"Amino Acids Screen, Urine",0.0,0,0.0,0.0
3033,Aspergillus amstelodami Antibody IgE,0.0,0,0.0,0.0
3035,Aspergillus flavus Antibody IgE,0.0,0,0.0,0.0
6824,Granular Casts Qualitative Urine Sediment Light Microscopy,0.0,0,0.0,0.0
6828,Heinz bodies Qualitative Blood Light Microscopy,0.0,0,0.0,0.0
605,Gram Stain Fluid,0.0,0,0.0,0.0
6805,Glucose Quantitative Serum/Plasma 1 hr Post 100 g Glucose PO,0.0,0,0.0,0.0
6812,Glucose Quantitative Serum/Plasma 3 hrs Post 100 g Glucose PO,0.0,0,0.0,0.0
3040,Aspergillus fumigatus Antibody IgG RAST,0.0,0,0.0,0.0
3057,Aspergillus nidulans Antibody IgE,0.0,0,0.0,0.0
3921,Cranberry Antibody IgE (Vaccinium oxycoccos),0.0,0,0.0,0.0
3928,Crawfish Antibody IgE (Astacus astacus),0.0,0,0.0,0.0
3929,Crawfish Antibody IgE RAST (Astacus astacus),0.0,0,0.0,0.0
3940,Cucumber Antibody IgE (Cucumis sativus),0.0,0,0.0,0.0
787,Chlamydia Serology,0.0,0,0.0,0.0
788,Coccidioides Antibody Titer,0.0,0,0.0,0.0
792,HTLV I Antibody,0.0,0,0.0,0.0
6488,"Arsenic Quantitative, Blood",0.0,0,0.0,0.0
796,ABO and RH Type,0.0,0,0.0,0.0
6482,"Anisocytosis Qualitative, Blood Automated Count",0.0,0,0.0,0.0
6802,Glomerular Filtration Rate/1.73 sq M Predicted Creatinine Based Formula (MDRD),0.0,0,0.0,0.0
606,Gram Stain Genital,0.0,0,0.0,0.0
610,Gram Stain Wound,0.0,0,0.0,0.0
2847,Adenovirus Antibody Titer CSF,0.0,0,0.0,0.0
2850,Babesia ID in Unspecified Specimen,0.0,0,0.0,0.0
2851,"Cryptococcus Antibody, CSF",0.0,0,0.0,0.0
2852,"Echovirus Antibody, CSF",0.0,0,0.0,0.0
2870,Aedes mosquito Antibody IgE (Aedes communis),0.0,0,0.0,0.0
2875,Alfalfa Antibody IgE (Medicago sativa),0.0,0,0.0,0.0
3074,Aspergillus versicolor Antibody IgE,0.0,0,0.0,0.0
2919,Alternaria sp. Antibody IgE RAST,0.0,0,0.0,0.0
3069,Aspergillus terreus Antibody IgE,0.0,0,0.0,0.0
2821,Legionella Antibody IgG Qualitative,0.0,0,0.0,0.0
2832,Varicella zoster Antibody CSF,0.0,0,0.0,0.0
3060,Aspergillus niger Antibody IgE,0.0,0,0.0,0.0
6832,Helicobacter pylori Antibody IgG Quantitative Serum,0.0,0,0.0,0.0
6833,Helicobacter pylori Antigen Qualitative Stool,0.0,0,0.0,0.0
6838,Hemoglobin A/Hemoglobin Total Blood,0.0,0,0.0,0.0
6840,Hemoglobin A2 Prime/Hemoglobin Total Blood,0.0,0,0.0,0.0
6845,Hemoglobin C/Hemoglobin Total Blood,0.0,0,0.0,0.0
6847,Hemoglobin E/Hemoglobin Total Blood,0.0,0,0.0,0.0
6856,Hemoglobin Lepore/Hemoglobin Total Blood,0.0,0,0.0,0.0
6857,Hemoglobin Other/Hemoglobin Total Blood,0.0,0,0.0,0.0
6859,Hemoglobin Pattern Interpretation Blood Electrophoresis,0.0,0,0.0,0.0
6862,Hemoglobin Qualitative Urine Test strip,0.0,0,0.0,0.0
613,Hantavirus Antibody,0.0,0,0.0,0.0
3066,Aspergillus sp. Antibody IgE Ratio,0.0,0,0.0,0.0
622,Hepatitis Test,0.0,0,0.0,0.0
3063,Aspergillus niger IgG4 Antibody,0.0,0,0.0,0.0
2833,Varicella zoster Antigen,0.0,0,0.0,0.0
1001,E-Test Sensitivity Listeria CSF,0.0,0,0.0,0.0
7057,"Meperidine, Urine Qualitative",0.0,0,0.0,0.0
7068,"Methamphetamine, Urine Qualitative",0.0,0,0.0,0.0
7070,"Methaqualone, Urine Qualitative",0.0,0,0.0,0.0
2682,Acute Hepatitis Panel,0.0,0,0.0,0.0
980,"Drug Screen Overdose, Urine",0.0,0,0.0,0.0
6743,Ethyl glucuronide Quantitative Urine,0.0,0,0.0,0.0
983,"D-Xylose, Urine",0.0,0,0.0,0.0
984,Eastern Equine Encephalitis Antibody Qualitative CSF,0.0,0,0.0,0.0
985,"Electrolytes, Urine",0.0,0,0.0,0.0
2689,Ehrlichia chaffeensis Antibody Serum,0.0,0,0.0,0.0
489,"Parainfluenza Type1,2,3 Antibody",0.0,0,0.0,0.0
490,"Parainfluenza Type1,2,3",0.0,0,0.0,0.0
6500,"Barbiturates Qualitative, Serum, Plasma or Blood",0.0,0,0.0,0.0
524,Typhoid O Antibody,0.0,0,0.0,0.0
529,Mycobacterium sp. DNA Unspecified Probe and Target Amplification Method,0.0,0,0.0,0.0
7045,"Macrocytes, Blood Qualitative",0.0,0,0.0,0.0
7047,"Macrophages, Body Fluid Manual",0.0,0,0.0,0.0
2693,"Neisseria meningitidis A, C, W135, and Y Antigen CSF",0.0,0,0.0,0.0
3963,Cumin Antibody IgE (Cuminum cyminum),0.0,0,0.0,0.0
6740,Ethanol Quantitative Blood,0.0,0,0.0,0.0
4004,Dermatophagoides microceras Antibody IgE RAST,0.0,0,0.0,0.0
6790,Gas Panel Blood,0.0,0,0.0,0.0
4055,Duck feather Antibody IgE RAST,0.0,0,0.0,0.0
4066,Eastern White Pine Antibody IgE (Pinus strobus),0.0,0,0.0,0.0
6455,"Alpha-1-Fetoprotein Interpretation, Serum",0.0,0,0.0,0.0
6456,"Alpha-1-Fetoprotein Quantitative, Amniotic Fluid",0.0,0,0.0,0.0
4099,Eggplant Antibody IgE (Solanum melongena),0.0,0,0.0,0.0
491,Parainfluenza Type2 Antibody,0.0,0,0.0,0.0
7138,"Neutrophils Percent, CSF Manual",0.0,0,0.0,0.0
7144,"Nidus, Stone",0.0,0,0.0,0.0
7148,"Nordiazepam Confirmation, Urine",0.0,0,0.0,0.0
2594,LDL Cholesterol VAP,0.0,0,0.0,0.0
2597,MTHFR Gene Mutation Analysis Blood or Tissue Molecular Genetics Method Narrative,0.0,0,0.0,0.0
2654,Lyme disease (Borrelia burgdorferi) 30kD Antibody IgG Dup,0.0,0,0.0,0.0
2678,"Chlamydia trachomatis/Neisseria gonorrhoeae DNA Probe and Amp, Urine",0.0,0,0.0,0.0
7089,Monocytes+Macrophages Percent Body Fluid,0.0,0,0.0,0.0
7091,"Morphine, Urine Qualitative",0.0,0,0.0,0.0
7092,"Morphology, Blood Interp",0.0,0,0.0,0.0
7096,Multiple pregnancy,0.0,0,0.0,0.0
7099,"Mumps Antibody IgG, Serum Qualitative",0.0,0,0.0,0.0
7102,"Mycoplasma hominis Culture, Unspecified Specimen",0.0,0,0.0,0.0
2633,Ehrlichia muris-like,0.0,0,0.0,0.0
6748,Factor X Activity Actual/Normal Platelet Poor Plasma Chromogenic Method,0.0,0,0.0,0.0
1032,Glucose Reagent Test,0.0,0,0.0,0.0
6746,F5 Gene Mutations Identifier Blood or Tissue Molecular Genetics Method Nominal,0.0,0,0.0,0.0
2618,West Nile Virus RNA,0.0,0,0.0,0.0
2623,Culture Biopsy,0.0,0,0.0,0.0
6745,F2 gene p.G20210A Qualitative Blood or Tissue Molecular genetics Method,0.0,0,0.0,0.0
495,Parainfluenza Interp,0.0,0,0.0,0.0
497,T and B Lymphocyte Panel,0.0,0,0.0,0.0
499,T Cell % Relative Antibody,0.0,0,0.0,0.0
500,T Cell Antibody Specificity,0.0,0,0.0,0.0
7079,"Microcytes, Blood",0.0,0,0.0,0.0
2628,Culture Surgical,0.0,0,0.0,0.0
2631,Ehrlichia chaffeensis Antigen,0.0,0,0.0,0.0
2632,Ehrlichia ewingii / canis,0.0,0,0.0,0.0
1016,Giardia lamblia Antibody,0.0,0,0.0,0.0
6785,Gamma Globulin/Protein Total Unspecified time Urine Electrophoresis,0.0,0,0.0,0.0
7021,"Lupus Anticoagulant Neutralization Platelet, Platelet Poor Plasma",0.0,0,0.0,0.0
7022,"Lupus Anticoagulant Neutraliztion Dilute Phospholipid, Platelet Poor Plasma",0.0,0,0.0,0.0
7024,"Lutropin, Serum/Plasma Quantitative",0.0,0,0.0,0.0
7025,"Lyme disease (Borrelia burgdorferi) Antibody IgG / Antibody IgM Ratio, Serum",0.0,0,0.0,0.0
6781,Galactomannan (Aspergillus) Antigen Quantitative Serum/Plasma Immunoassay,0.0,0,0.0,0.0
7031,"Lyme disease (Borrelia burgdorferi) Antibody Qualitative, Serum Immunoassay",0.0,0,0.0,0.0
6972,Inhaled Oxygen Concentration,0.0,0,0.0,0.0
6988,"Isospora belli Modified Acid Fast Stain, Unspecified Specimen",0.0,0,0.0,0.0
531,Amoeba ID,0.0,0,0.0,0.0
532,Anaerobic ID,0.0,0,0.0,0.0
541,Arbovirus Panel,0.0,0,0.0,0.0
2745,Mycobacterium tuberculosis complex rRNA (MC MTD),0.0,0,0.0,0.0
4133,Eosinophil cationic protein (ECP) Serum,0.0,0,0.0,0.0
2753,Rickettsia spotted fever group Antibody Qualitative,0.0,0,0.0,0.0
2760,Rickettsia rickettsii Antibody IgG and IgM Panel Serum,0.0,0,0.0,0.0
2761,Rickettsia rickettsii Antibody Qualitative Serum,0.0,0,0.0,0.0
2764,Trypanosoma sp. Identified Blood Light microscopy,0.0,0,0.0,0.0
6779,Fungus 4 Identified Unspecified Specimen Culture,0.0,0,0.0,0.0
6772,Fungal Culture Skin,0.0,0,0.0,0.0
2775,Neisseria meningitidis A and Y Antigen CSF,0.0,0,0.0,0.0
2776,"Neisseria meningitidis A, C, W135, and Y Antigen",0.0,0,0.0,0.0
2777,Neisseria meningitidis B / E Coli K1 Antigen,0.0,0,0.0,0.0
2778,Neisseria meningitidis B / E Coli K1 Antigen CSF,0.0,0,0.0,0.0
6492,"Aspergillus sp. Antibody Qualitative, Serum Immune diffusion (ID)",0.0,0,0.0,0.0
6493,"Aspergillus sp. Antibody Titer, Serum Complement Fixation",0.0,0,0.0,0.0
6497,"Bacteria Identified, Isolate",0.0,0,0.0,0.0
6499,"Bacteria, Urine Sediment Microscopy HPF",0.0,0,0.0,0.0
2749,Rickettsia prowazekii (Typhus Fever) Antibody Quantitative,0.0,0,0.0,0.0
2695,Neisseria meningitidis B / E Coli K1 Antigen Urine,0.0,0,0.0,0.0
2701,Yersinia Antibody IgM,0.0,0,0.0,0.0
2706,Culture Cervix,0.0,0,0.0,0.0
2711,"Lyme disease (Borrelia burgdorferi) DNA, CSF",0.0,0,0.0,0.0
2716,Hepatitis A RNA Probe,0.0,0,0.0,0.0
2720,Hepatitis B DNA Probe Quantitative IU/mL Unspecified Specimen,0.0,0,0.0,0.0
2722,Hepatitis B rRNA Qualitative Unspecified Specimen,0.0,0,0.0,0.0
958,CSF Routine Panel,0.0,0,0.0,0.0
961,Culture Lower Respiratory,0.0,0,0.0,0.0
963,"Cytology, CSF",0.0,0,0.0,0.0
966,"Cytology, Urine",0.0,0,0.0,0.0
970,Differential Automated Blood,0.0,0,0.0,0.0
973,Differential CSF,0.0,0,0.0,0.0
7013,Lipid Risk Factors,0.0,0,0.0,0.0
975,Differential Manual Blood,0.0,0,0.0,0.0
2731,Hepatitis C Antibody IgG Quantitative,0.0,0,0.0,0.0
2736,Hepatitis D Antibody IgM Qualitative,0.0,0,0.0,0.0
2738,Hepatitis E Antibody (Anti HEV) IgG Quantitative,0.0,0,0.0,0.0
2739,Hepatitis E Antibody (Anti HEV) IgM Quantitative,0.0,0,0.0,0.0
503,T Cell Panel,0.0,0,0.0,0.0
513,C diphtheriae Test,0.0,0,0.0,0.0
514,Cryptococcus Test,0.0,0,0.0,0.0
547,Blood Culture Virus,0.0,0,0.0,0.0
556,Brucella abortus Agglutinins,0.0,0,0.0,0.0
557,La Crosse Virus Antibody Quantitative Serum,0.0,0,0.0,0.0
6990,"Jo-1 Antibody Immunoassay, Serum Qualitative",0.0,0,0.0,0.0
6996,"Ketones, Serum/Plasma Quantitative",0.0,0,0.0,0.0
7012,"Lipid Panel, Serum/Plasma",0.0,0,0.0,0.0
6786,Gamma Globulin/Protein Total Urine 24 hr Electrophoresis,0.0,0,0.0,0.0
9420,Chlordiazepoxide Mass Concentrate Urine Confirmatory Method,0.0,0,0.0,0.0
6695,Epithelial Cells Qualitative Urine Sediment Light Microscopy,0.0,0,0.0,0.0
9457,Chlorpromazine ng/mL Serum or Plasma,0.0,0,0.0,0.0
9464,Chlorpropamide ug/mL Serum or Plasma,0.0,0,0.0,0.0
9170,Barbiturates mg/dL Serum or Plasma,0.0,0,0.0,0.0
9171,Barbiturates ng/mL Blood Confirmatory Method,0.0,0,0.0,0.0
9173,Barbiturates ng/mL Meconium,0.0,0,0.0,0.0
9174,Barbiturates ng/mL Serum or Plasma Screen Method,0.0,0,0.0,0.0
9176,Barbiturates ng/mL Urine Confirmatory Method,0.0,0,0.0,0.0
9178,Barbiturates other ng/mL Urine,0.0,0,0.0,0.0
9179,Barbiturates umol/L Serum or Plasma,0.0,0,0.0,0.0
9193,Benzodiazepines Cutoff ng/mL Urine Screen Method,0.0,0,0.0,0.0
9195,Benzodiazepines ng/mL Blood Confirmatory Method,0.0,0,0.0,0.0
7799,PT Panel Platelet Poor Plasma Coagulation Assay,0.0,0,0.0,0.0
9198,Benzodiazepines ng/mL Serum or Plasma,0.0,0,0.0,0.0
9199,Benzodiazepines ng/mL Serum or Plasma Confirmatory Method,0.0,0,0.0,0.0
9203,Benzodiazepines ng/mL Urine Confirmatory Method,0.0,0,0.0,0.0
9207,Benzodiazepines umol/L Serum or Plasma,0.0,0,0.0,0.0
9266,Buprenorphine Mass Concentrate Urine Confirmatory Method,0.0,0,0.0,0.0
9269,Bupropion ng/mL Serum or Plasma,0.0,0,0.0,0.0
9095,Amoxapine ng/mL Serum or Plasma,0.0,0,0.0,0.0
9100,Amoxapine+8-Hydroxyamoxapine ng/mL Serum or Plasma,0.0,0,0.0,0.0
9104,Amoxicillin+Clavulanate ug/mL Serum or Plasma,0.0,0,0.0,0.0
9106,Amphetamine Cutoff ng/mL Urine Screen Method,0.0,0,0.0,0.0
9107,Amphetamine ng/mL Blood Confirmatory Method,0.0,0,0.0,0.0
1258,"PT, INR and PTT/APTT",0.0,0,0.0,0.0
1259,PT and PTT/APTT,0.0,0,0.0,0.0
9197,Benzodiazepines ng/mL Meconium,0.0,0,0.0,0.0
256,Streptococcus agalactiae Culture,0.0,0,0.0,0.0
263,Helicobacter pylori Urease,0.0,0,0.0,0.0
9783,Efavirenz ug/mL Serum or Plasma,0.0,0,0.0,0.0
9465,Chlorpropamide ug/mL Urine,0.0,0,0.0,0.0
9507,Clobazam ug/mL Serum or Plasma,0.0,0,0.0,0.0
9515,Clomipramine ng/mL Serum or Plasma,0.0,0,0.0,0.0
9525,Clonazepam Mass Concentrate Urine Confirmatory Method,0.0,0,0.0,0.0
9526,Clonazepam ng/mL Blood,0.0,0,0.0,0.0
9537,Clonidine ng/mL Serum or Plasma,0.0,0,0.0,0.0
9550,Clozapine+Norclozapine Mass Concentrate Serum or Plasma,0.0,0,0.0,0.0
9553,Cocaine Cutoff ng/mL Urine Screen Method,0.0,0,0.0,0.0
9557,Cocaine ng/mL Serum or Plasma Confirmatory Method,0.0,0,0.0,0.0
9572,Codeine Mass Concentrate Urine,0.0,0,0.0,0.0
9360,Carisoprodol ug/mL Urine,0.0,0,0.0,0.0
9581,Cyclobenzaprine Mass Concentrate Serum or Plasma,0.0,0,0.0,0.0
9597,Cyclosporine ug/L Blood Immunoassay Trough,0.0,0,0.0,0.0
6632,Cryocrit of Serum Spun Westergren,0.0,0,0.0,0.0
9626,Desipramine ng/mL Urine Confirmatory Method,0.0,0,0.0,0.0
6626,Creatinine Quantitative Unspecified Time Urine,0.0,0,0.0,0.0
6618,Creatine Kinase macromolecular type 2/Creatine Kinase Total Serum/Plasma,0.0,0,0.0,0.0
9282,Butabarbital ug/mL Serum or Plasma,0.0,0,0.0,0.0
9290,Butalbital ug/mL Serum or Plasma,0.0,0,0.0,0.0
9310,Cannabinoids Cutoff ng/mL Urine Screen Method,0.0,0,0.0,0.0
9311,Cannabinoids ng/mL Blood Confirmatory Method,0.0,0,0.0,0.0
9314,Cannabinoids ng/mL Serum or Plasma,0.0,0,0.0,0.0
9319,Cannabinoids ng/mL Urine Confirmatory Method,0.0,0,0.0,0.0
9351,Carboxy tetrahydrocannabinol ng/mL Serum or Plasma,0.0,0,0.0,0.0
9355,Carboxy tetrahydrocannabinol ng/mL Urine Confirmatory Method,0.0,0,0.0,0.0
9573,Codeine mg/dL Serum or Plasma,0.0,0,0.0,0.0
8998,Acetohexamide ug/mL Serum or Plasma,0.0,0,0.0,0.0
8999,Acetohexamide ug/mL Unspecified Specimen,0.0,0,0.0,0.0
9000,Acetohexamide ug/mL Urine,0.0,0,0.0,0.0
9015,Alpha hydroxyalprazolam ng/mL Blood,0.0,0,0.0,0.0
8917,Enterovirus RNA CSF Probe and Target Amplification Method,0.0,0,0.0,0.0
2263,Thallium,0.0,0,0.0,0.0
6673,Electrolytes 1998 Panel Serum/Plasma,0.0,0,0.0,0.0
4503,Honey Antibody IgE RAST,0.0,0,0.0,0.0
4507,Honey Bee Antibody IgE RAST (Apis mellifera),0.0,0,0.0,0.0
4510,Honey Bee Antibody IgG (Apis mellifera),0.0,0,0.0,0.0
4531,Hop Antibody IgE (Humulus lupus),0.0,0,0.0,0.0
4548,Horse dander Antibody IgE RAST,0.0,0,0.0,0.0
4549,Horse dander Antibody IgE Ratio,0.0,0,0.0,0.0
6693,Epithelial Casts Qualitative Urine Sediment Light Microscopy,0.0,0,0.0,0.0
6299,White Poplar Antibody IgE (Populus alba),0.0,0,0.0,0.0
6138,Turkey meat Antibody IgE RAST,0.0,0,0.0,0.0
6152,Vanilla Antibody IgE (Vanilla planifolia),0.0,0,0.0,0.0
6171,Virginia Live Oak Antibody IgE (Quercus virginiana),0.0,0,0.0,0.0
6187,Wasp venom Antibody IgE,0.0,0,0.0,0.0
6188,Wasp venom Antibody IgE RAST,0.0,0,0.0,0.0
2280,Brucella abortus Antibody,0.0,0,0.0,0.0
2281,Brucella abortus Antibody IgG,0.0,0,0.0,0.0
2282,Brucella abortus Antibody IgM,0.0,0,0.0,0.0
2291,"Glucose, Serum 30 min",0.0,0,0.0,0.0
8921,Neutrophil Cytoplasmic Antibody Pattern Interpretation Serum Immunofluorescence,0.0,0,0.0,0.0
273,Influenza A/B Antigen EIA Immunoassay,0.0,0,0.0,0.0
8820,Chlamydophila psittaci DNA Qualitative Unspecified Specimen PCR,0.0,0,0.0,0.0
8831,Corynebacterium diphtheriae Toxin Antibody IgG Serum Quantitative,0.0,0,0.0,0.0
6256,White Bean Antibody IgE,0.0,0,0.0,0.0
1233,"Pregnanetriol, Urine",0.0,0,0.0,0.0
1235,Profile Thyroid Profile,0.0,0,0.0,0.0
9109,Amphetamine ng/mL Serum or Plasma Confirmatory Method,0.0,0,0.0,0.0
9113,Amphetamine+Methamphetamine ng/mL Urine Screen Method,0.0,0,0.0,0.0
9117,Amphetamines mg/dL Serum or Plasma,0.0,0,0.0,0.0
9122,Amphetamines ng/mL Unspecified Specimen,0.0,0,0.0,0.0
9169,Barbiturates Cutoff ng/mL Urine Screen Method,0.0,0,0.0,0.0
9019,Alpha hydroxyalprazolam ng/mL Serum or Plasma,0.0,0,0.0,0.0
9021,Alpha hydroxyalprazolam ng/mL Urine Confirmatory Method,0.0,0,0.0,0.0
9023,Alpha hydroxytriazolam Mass Concentrate Urine Confirmatory Method,0.0,0,0.0,0.0
2250,"Selenium, Urine",0.0,0,0.0,0.0
1189,"Myoglobin, Unknown Specimen",0.0,0,0.0,0.0
1199,"Organic Acid (Screen or Quantitative), Urine",0.0,0,0.0,0.0
8969,7-Aminoflunitrazepam ng/mL Urine,0.0,0,0.0,0.0
9035,Alprazolam ng/mL Urine Confirmatory Method,0.0,0,0.0,0.0
9042,Amikacin mg/L Serum or Plasma,0.0,0,0.0,0.0
9060,Amiodarone+Desethylamiodarone ug/mL Serum or Plasma,0.0,0,0.0,0.0
9061,Amitriptyline and Nortriptyline Panel Mass Concentrate Serum or Plasma,0.0,0,0.0,0.0
9085,Amobarbital ng/mL Urine,0.0,0,0.0,0.0
277,Leptospira Identified Unspecified Organism Specific Culture,0.0,0,0.0,0.0
279,Malaria Smear Thick and Thin,0.0,0,0.0,0.0
281,Mumps Skin Test,0.0,0,0.0,0.0
6674,Electrolytes Panel Blood,0.0,0,0.0,0.0
283,Mycoplasma/Ureaplasma,0.0,0,0.0,0.0
284,Neisseria gonorrhoeae Culture,0.0,0,0.0,0.0
8941,Stool Weight,0.0,0,0.0,0.0
8952,6-Monoacetylmorphine (6-MAM) ng/mL Serum or Plasma,0.0,0,0.0,0.0
8959,7-Aminoclonazepam Mass Concentrate Urine Confirmatory Method,0.0,0,0.0,0.0
1200,"Organic Acid Quantitative, Urine",0.0,0,0.0,0.0
10656,Olanzapine ng/mL Blood,0.0,0,0.0,0.0
10667,Opiates Cutoff Mass Concentrate Urine Screen Method,0.0,0,0.0,0.0
10671,Opiates ng/mL Serum or Plasma,0.0,0,0.0,0.0
10673,Opiates ng/mL Unspecified Specimen,0.0,0,0.0,0.0
10674,Opiates ng/mL Urine Confirmatory Method,0.0,0,0.0,0.0
10685,Oxacillin Mass Concentrate Serum or Plasma,0.0,0,0.0,0.0
10696,Oxazepam ng/mL Serum or Plasma,0.0,0,0.0,0.0
10711,Oxycodone Cutoff Mass Concentrate Urine Confirmatory Method,0.0,0,0.0,0.0
10715,Oxycodone Free ng/mL Urine Confirmatory Method,0.0,0,0.0,0.0
10339,Methadone ng/mL Meconium,0.0,0,0.0,0.0
6536,Blood Gas FIO2 Gas Dilution Rebreath,0.0,0,0.0,0.0
10344,Methadone ng/mL Unspecified Specimen Confirmatory Method,0.0,0,0.0,0.0
10345,Methadone ng/mL Urine Confirmatory Method,0.0,0,0.0,0.0
254,Streptococcus pyogenes Beta (Group A) Culture,0.0,0,0.0,0.0
3874,Cottonseed Antibody IgE RAST,0.0,0,0.0,0.0
10375,Methotrexate Mass Concentrate Serum or Plasma,0.0,0,0.0,0.0
10417,Methylenedioxyamphetamine Mass Concentrate Urine,0.0,0,0.0,0.0
10425,Methylenedioxyethylamphetamine Mass Concentrate Urine,0.0,0,0.0,0.0
10437,Methylenedioxymethamphetamine ng/mL Urine,0.0,0,0.0,0.0
10477,Midazolam Mass Concentrate Urine Confirmatory Method,0.0,0,0.0,0.0
10482,Midazolam ng/mL Serum or Plasma,0.0,0,0.0,0.0
10517,Morphine ng/mL Serum or Plasma,0.0,0,0.0,0.0
10551,N-desalkylflurazepam Mass Concentrate Urine Confirmatory Method,0.0,0,0.0,0.0
10564,Nelfinavir ug/mL Serum or Plasma,0.0,0,0.0,0.0
10073,Hydroxytriazolam ng/mL Blood,0.0,0,0.0,0.0
10105,Imipenem ug/mL Unspecified Specimen,0.0,0,0.0,0.0
10114,Imipramine nmol/L Serum or Plasma,0.0,0,0.0,0.0
10118,Imipramine+Desipramine ng/mL Serum or Plasma,0.0,0,0.0,0.0
10349,Methadone ug/L Urine,0.0,0,0.0,0.0
11002,Propoxyphene+Norpropoxyphene ng/mL Serum or Plasma Confirmatory Method,0.0,0,0.0,0.0
11034,Quetiapine ng/mL Serum or Plasma,0.0,0,0.0,0.0
11066,Repaglinide ng/mL Serum or Plasma,0.0,0,0.0,0.0
6542,"Blood Gas Oxygen Saturation, Arterial Cord Blood",0.0,0,0.0,0.0
11072,Risperidone+9-Hydroxyrisperidone ng/mL Serum or Plasma,0.0,0,0.0,0.0
11083,Rufinamide ug/mL Serum or Plasma,0.0,0,0.0,0.0
11089,Salicylamide ug/mL Urine,0.0,0,0.0,0.0
11098,Secobarbital Mass Concentrate Urine,0.0,0,0.0,0.0
11131,Stavudine ug/mL Serum or Plasma,0.0,0,0.0,0.0
10718,Oxycodone ng/mL Urine,0.0,0,0.0,0.0
10729,Oxymorphone ug/L Serum or Plasma,0.0,0,0.0,0.0
10774,Penicillin Mass Concentrate Serum or Plasma,0.0,0,0.0,0.0
10792,Pentobarbital Mass Concentrate Urine,0.0,0,0.0,0.0
10642,Nortramadol Mass Concentrate Urine,0.0,0,0.0,0.0
10797,Pentobarbital ug/mL Serum or Plasma,0.0,0,0.0,0.0
10822,Phencyclidine Cutoff ng/mL Urine Screen Method,0.0,0,0.0,0.0
10823,Phencyclidine mg/dL Serum or Plasma,0.0,0,0.0,0.0
10826,Phencyclidine ng/mL Meconium,0.0,0,0.0,0.0
10855,Phenobarbital Free ug/mL Serum or Plasma,0.0,0,0.0,0.0
10866,Phenobarbital umol/L Urine,0.0,0,0.0,0.0
10916,Piperacillin ug/mL Serum or Plasma,0.0,0,0.0,0.0
10932,Prazepam Mass Concentrate Urine Confirmatory Method,0.0,0,0.0,0.0
10576,Nevirapine ug/mL Serum or Plasma,0.0,0,0.0,0.0
10598,Nicotine nmol/L Unspecified Specimen,0.0,0,0.0,0.0
10611,Nitrofurantoin Mass Concentrate Serum or Plasma,0.0,0,0.0,0.0
10624,Nordiazepam ng/mL Serum or Plasma,0.0,0,0.0,0.0
10630,Nordiazepam umol/L Urine Confirmatory Method,0.0,0,0.0,0.0
10635,Norflunitrazepam ng/mL Serum or Plasma,0.0,0,0.0,0.0
10795,Pentobarbital ug/mL Blood,0.0,0,0.0,0.0
10034,Hydrocodone ng/mL Serum or Plasma,0.0,0,0.0,0.0
10045,Hydromorphone Mass Concentrate Serum or Plasma,0.0,0,0.0,0.0
10047,Hydromorphone Mass Concentrate Urine Confirmatory Method,0.0,0,0.0,0.0
10060,Hydroxyethylflurazepam Mass Concentrate Urine,0.0,0,0.0,0.0
10061,Hydroxyethylflurazepam Mass Concentrate Urine Confirmatory Method,0.0,0,0.0,0.0
10066,Hydroxyethylflurazepam ng/mL Serum or Plasma,0.0,0,0.0,0.0
9822,Ethanol mg/dL Urine Confirmatory Method,0.0,0,0.0,0.0
9852,Everolimus Mass Concentrate Blood,0.0,0,0.0,0.0
9864,Fentanyl Mass Concentrate Urine,0.0,0,0.0,0.0
2201,Complement Protein Factor H,0.0,0,0.0,0.0
1294,Red Blood Cell Filtered WBCs,0.0,0,0.0,0.0
1301,"Rheumatoid Factor (RF), Synovial",0.0,0,0.0,0.0
3853,Corn Antibody IgG (Zea mays),0.0,0,0.0,0.0
10120,Indinavir ug/mL Serum or Plasma,0.0,0,0.0,0.0
1324,Thyroid Group (T4 Free and TSH),0.0,0,0.0,0.0
1325,Thyroid Panel,0.0,0,0.0,0.0
9865,Fentanyl ng/mL Urine Confirmatory Method,0.0,0,0.0,0.0
3848,Core respiratory allergens panel,0.0,0,0.0,0.0
9912,Fluoxetine ng/mL Serum or Plasma,0.0,0,0.0,0.0
9635,Dexamethasone ng/g Serum or Plasma,0.0,0,0.0,0.0
9666,Diazepam Mass Concentrate Urine Confirmatory Method,0.0,0,0.0,0.0
9671,Diazepam ng/mL Serum or Plasma,0.0,0,0.0,0.0
9696,Didanosine ug/mL Serum or Plasma,0.0,0,0.0,0.0
1276,PTT/APTT 1:1 Mix 30 min,0.0,0,0.0,0.0
6635,Cryoglobulin Qualitative Serum 1 day cold incubation,0.0,0,0.0,0.0
1290,QA/QC,0.0,0,0.0,0.0
2240,Listeria Antibody,0.0,0,0.0,0.0
9709,Digoxin Free ng/mL Serum or Plasma,0.0,0,0.0,0.0
1341,TSH with ReflexThyroxine (T4) Free,0.0,0,0.0,0.0
10139,Itraconazole ug/mL Serum or Plasma,0.0,0,0.0,0.0
10175,Lamotrigine umol/L Serum or Plasma,0.0,0,0.0,0.0
10239,Lorazepam ng/mL Urine Confirmatory Method,0.0,0,0.0,0.0
3863,Cottage Cheese Antibody IgE,0.0,0,0.0,0.0
10315,Meropenem ug/mL Serum or Plasma,0.0,0,0.0,0.0
10334,Methadone Cutoff Mass Concentrate Urine Screen Method,0.0,0,0.0,0.0
9924,Fluphenazine ng/mL Serum or Plasma,0.0,0,0.0,0.0
9940,Flurazepam ng/mL Urine Confirmatory Method,0.0,0,0.0,0.0
9985,Gentamicin umol/L Serum or Plasma,0.0,0,0.0,0.0
9992,Glipizide Mass Concentrate Unspecified Specimen,0.0,0,0.0,0.0
9993,Glipizide ug/mL Serum or Plasma,0.0,0,0.0,0.0
886,Chem Panel Comprehensive,0.0,0,0.0,0.0
889,"Chem Panel OP7 (CO2,CL,K,NA,BUN,GLU,CR)",0.0,0,0.0,0.0
10033,Hydrocodone Mass Concentrate Urine Confirmatory Method,0.0,0,0.0,0.0
901,"Chloride, Whole Blood NOVA",0.0,0,0.0,0.0
902,Cholesterol Fractionation,0.0,0,0.0,0.0
6196,Watermelon Antibody IgE (Citrullus lanatus),0.0,0,0.0,0.0
6197,Watermelon Antibody IgE RAST (Citrullus lanatus),0.0,0,0.0,0.0
6212,Western Ragweed Antibody IgE (Ambrosia psilostachya),0.0,0,0.0,0.0
6213,Western Ragweed Antibody IgE RAST (Ambrosia psilostachya),0.0,0,0.0,0.0
5961,Sunflower Seed Antibody IgE (Helianthus annuus),0.0,0,0.0,0.0
5974,Sweet potato Antibody IgE (Ipomoea batatas),0.0,0,0.0,0.0
5975,Sweet potato Antibody IgE RAST (Ipomoea batatas),0.0,0,0.0,0.0
6000,Swordfish Antibody IgE (Xiphias gladius),0.0,0,0.0,0.0
6012,Tea Antibody IgE (Camellia sinensis),0.0,0,0.0,0.0
9995,Glyburide Mass Concentrate Unspecified Specimen,0.0,0,0.0,0.0
9996,Glyburide nmol/L Serum or Plasma,0.0,0,0.0,0.0
9997,Glyburide ug/mL Serum or Plasma,0.0,0,0.0,0.0
891,Chem Profile,0.0,0,0.0,0.0
8017,Echovirus 11 Antibody Titer CSF Complement Fixation,0.0,0,0.0,0.0
7907,Ubiquinone 10 Quantitative Serum or Plasma,0.0,0,0.0,0.0
7908,Unidentified Cells per 100 Leukocytes Body Fluid,0.0,0,0.0,0.0
7909,Unidentified Cells per 100 Leukocytes CSF Manual Count,0.0,0,0.0,0.0
7916,Urinalysis Complete Panel Urine,0.0,0,0.0,0.0
7917,Urinalysis Dipstick W Reflex Microscopic Panel Urine,0.0,0,0.0,0.0
4435,Haddock Antibody IgE (Melanogrammus aeglefinus),0.0,0,0.0,0.0
4443,Halibut Antibody IgE (Hippoglossus hippoglossus),0.0,0,0.0,0.0
4444,Halibut Antibody IgE RAST (Hippoglossus hippoglossus),0.0,0,0.0,0.0
4454,Hamster epithelium Antibody IgE Ratio,0.0,0,0.0,0.0
6408,Yeast Antibody IgE,0.0,0,0.0,0.0
3324,Brewers Yeast Antibody IgE,0.0,0,0.0,0.0
6411,Coccidioides immitis Antibody IgM Serum Immune Diffusion,0.0,0,0.0,0.0
8833,Corynebacterium diphtheriae Toxin Antibody Serum Quantitative,0.0,0,0.0,0.0
6304,Whitefaced Hornet Antibody IgE RAST (Dolichovespula maculata),0.0,0,0.0,0.0
6307,Whitefaced Hornet Antibody IgG (Dolichovespula maculata),0.0,0,0.0,0.0
6311,Whitefish Antibody IgE,0.0,0,0.0,0.0
6319,Whole Egg Antibody IgE RAST,0.0,0,0.0,0.0
6330,Wild rye grass Antibody IgE RAST (Elymus triticoides),0.0,0,0.0,0.0
7924,Volume of Semen,0.0,0,0.0,0.0
7928,von Willebrand Factor (vWf) Multimers Qualitative Platelet Poor Plasma,0.0,0,0.0,0.0
7930,Yeast Qualitative Unspecified Wet Preparation,0.0,0,0.0,0.0
7931,Yeast Quantitative Urine Sediment Microscopy High Power Field,0.0,0,0.0,0.0
7957,Taenia solium Larva Antibody IgG Quantitative CSF,0.0,0,0.0,0.0
7959,Taenia solium Larva Antibody IgG Quantitative Serum Immunoassay,0.0,0,0.0,0.0
7975,Taenia solium Larva DNA Qualitative CSF Probe and Target Amplification,0.0,0,0.0,0.0
7978,Trichinella sp. Antibody IgG Quantitative Serum,0.0,0,0.0,0.0
7984,Yeast Qualitative Unspecified Culture,0.0,0,0.0,0.0
862,Brucella Antibody Quantitative,0.0,0,0.0,0.0
3366,Budgerigar feather Antibody IgE,0.0,0,0.0,0.0
8203,Bordetella pertussis toxin Antibody IgG Quantitative Serum Immunoassay,0.0,0,0.0,0.0
8205,Bordetella pertussis toxin Antibody IgM Quantitative Serum,0.0,0,0.0,0.0
8208,Parasite Blood Thick Smear,0.0,0,0.0,0.0
8209,Parasite Blood Thin Smear,0.0,0,0.0,0.0
8054,Echovirus 30 Antibody Titer CSF Complement Fixation,0.0,0,0.0,0.0
8064,Echovirus 4 Antibody Serum,0.0,0,0.0,0.0
8068,Echovirus 4 Antibody Titer CSF,0.0,0,0.0,0.0
8087,Echovirus 7 Antibody CSF,0.0,0,0.0,0.0
8100,Echovirus 9 Antibody Quantitative CSF,0.0,0,0.0,0.0
8123,Echovirus Antibody Panel Serum,0.0,0,0.0,0.0
8128,Mitogen stimulated gamma interferon Quantitative Blood,0.0,0,0.0,0.0
8141,Culture Carbapenem Resistant Enterobacteriaceae Screen,0.0,0,0.0,0.0
8003,Yersinia Identified Unspecified Organism Specific Culture,0.0,0,0.0,0.0
8150,Mycobacterium tuberculosis Rifampin Resistance (rpoB) Gene Probe and Target Amplification,0.0,0,0.0,0.0
8155,Bordetella pertussis Antibody IgA Qualitative Serum,0.0,0,0.0,0.0
8157,Bordetella pertussis Antibody IgA Qualitative Serum Immunoblot (IB),0.0,0,0.0,0.0
8158,Bordetella pertussis Antibody IgA Quantitative Serum Immunoassay,0.0,0,0.0,0.0
8163,Bordetella pertussis Antibody IgG Qualitative Serum Immunoblot (IB),0.0,0,0.0,0.0
8164,Bordetella pertussis Antibody IgG Quantitative Serum Immunoassay,0.0,0,0.0,0.0
2347,"Western Equine Encephalitis Antibody IgM, CSF",0.0,0,0.0,0.0
2348,Bartonella henselae Antibody,0.0,0,0.0,0.0
3354,Buckwheat Antibody IgE RAST (Fagopyrum esculentum),0.0,0,0.0,0.0
2362,Ehrlichia PCR,0.0,0,0.0,0.0
3353,Buckwheat Antibody IgE (Fagopyrum esculentum),0.0,0,0.0,0.0
2372,Herpes Virus 7 Antibody IgM,0.0,0,0.0,0.0
3339,Brome Antibody IgE (Bromus inermis),0.0,0,0.0,0.0
7989,Yersinia sp. Antibody IgG Qualitative Serum Immunoblot (IB),0.0,0,0.0,0.0
8142,Enterobacter aerogenes DNA Unspecified specimen Probe and Target Amplification,0.0,0,0.0,0.0
2439,Culture and Gram Stain Aerobic/Anaerobic,0.0,0,0.0,0.0
332,Culture Throat and Group A Beta Strep AG Rapid Screen Qualitative,0.0,0,0.0,0.0
339,Vancomycin Resistant Enterococci Screen,0.0,0,0.0,0.0
341,Virus Culture Adenovirus Identified Unspecified Organism Specific,0.0,0,0.0,0.0
344,Virus Culture Enterovirus Identified Unspecified Organism Specific,0.0,0,0.0,0.0
347,Virus Culture Influenzae Identified Unspecified Organism Specific,0.0,0,0.0,0.0
2388,Brucella Antibody Titer,0.0,0,0.0,0.0
2395,Francisella tularensis Titer,0.0,0,0.0,0.0
6732,Erythrocytes Urine Test strip,0.0,0,0.0,0.0
2399,Syphilis (Treponema pallidum) Antibody Latex Agglutination,0.0,0,0.0,0.0
1119,HTLV I/II Antibody CSF,0.0,0,0.0,0.0
1129,Iron and TIBC (Iron Binding Capacity Panel),0.0,0,0.0,0.0
7816,Rickettsia rickettsii Antibody IgM Qualitative Serum Immunoassay,0.0,0,0.0,0.0
2346,"Western Equine Encephalitis Antibody IgG, Serum",0.0,0,0.0,0.0
7819,Salicylates Quantitative Serum or Plasma Screen Method,0.0,0,0.0,0.0
7820,SCL-70 Extractable Nuclear Antibody Qualitative Serum Immunoassay,0.0,0,0.0,0.0
2411,Plasmodium sp. DNA Qualitative Blood Probe and Target Amplification Method,0.0,0,0.0,0.0
6726,Erythrocytes Qualitative Amniotic Fluid,0.0,0,0.0,0.0
2413,HIV Reverse Transcriptase+Protease Gene Mutations Tested for,0.0,0,0.0,0.0
2416,HTLV I DNA,0.0,0,0.0,0.0
2417,HTLV II DNA,0.0,0,0.0,0.0
2420,Influenza PCR,0.0,0,0.0,0.0
2424,Trypanosoma cruzi Antibody Quantitative,0.0,0,0.0,0.0
2433,Influenza A Antibody (H3N2),0.0,0,0.0,0.0
2434,Influenza Identification Unknown,0.0,0,0.0,0.0
2438,Influenza B Identification,0.0,0,0.0,0.0
7792,Protein Unspecified Time Urine Quantitative,0.0,0,0.0,0.0
7796,Prothrombin Time (PT) Factor Subst Platelet Poor Plasma Coagulation Assay Immed Aft Add Norml Plasma,0.0,0,0.0,0.0
7818,Salicylates Qualitative Serum or Plasma,0.0,0,0.0,0.0
3289,Blueberry Antibody IgE RAST (Vaccinium myrtillus),0.0,0,0.0,0.0
310,Respiratory Virus Panel Direct FA,0.0,0,0.0,0.0
2374,Plasmodium sp. Antibody IgG Titer Serum,0.0,0,0.0,0.0
1149,Lipid Panel,0.0,0,0.0,0.0
1152,Lymphocyte Subset Panel,0.0,0,0.0,0.0
1153,"Lysergic Acid, Urine",0.0,0,0.0,0.0
2378,Neisseria meningitides Immunity Screen,0.0,0,0.0,0.0
2383,Babesia Antibody Titer,0.0,0,0.0,0.0
311,Respiratory Virus Panel,0.0,0,0.0,0.0
315,Sensitivity MIC,0.0,0,0.0,0.0
321,Stool Culture and White Blood Cell Smear,0.0,0,0.0,0.0
323,"Stool Culture for Salmonella, Shigella, Campylobacter",0.0,0,0.0,0.0
325,Stool Culture Yersinia,0.0,0,0.0,0.0
7899,Trisomy 21 Risk Fetus,0.0,0,0.0,0.0
1133,LD/LDH Isoenzymes,0.0,0,0.0,0.0
2403,Parainfluenzae Antigen,0.0,0,0.0,0.0
7839,Smooth muscle Antibody Titer Serum Immunofluorescence,0.0,0,0.0,0.0
7846,Spermatozoa Morphology Semen,0.0,0,0.0,0.0
7863,Tetrahydrocannabinol Qualitative Urine,0.0,0,0.0,0.0
3259,Black Willow Antibody IgE RAST (Salix nigra),0.0,0,0.0,0.0
7870,Thyroglobulin Antibody Titer Serum Latex agglutination,0.0,0,0.0,0.0
7887,TPMT Gene Mutation Analysis Blood or Tissue Molecular Genetics Method Narrative,0.0,0,0.0,0.0
7888,Tramadol Qualitative Urine Screen Method,0.0,0,0.0,0.0
7890,Transitional Cells Quantitative Urine Sediment Microscopy High Power Field,0.0,0,0.0,0.0
7891,Tricyclic Antidepressants Qualitative Serum or Plasma,0.0,0,0.0,0.0
7896,Trisomy 18 Risk Based on Maternal Age Fetus,0.0,0,0.0,0.0
7897,Trisomy 18 Risk Fetus,0.0,0,0.0,0.0
7898,Trisomy 21 Risk Based on Maternal Age Fetus,0.0,0,0.0,0.0
328,Stool Phenolphthalein,0.0,0,0.0,0.0
8698,Chlamydia trachomatis DNA Qualitative Blood PCR,0.0,0,0.0,0.0
8699,Chlamydia trachomatis DNA Qualitative Cervical mucus PCR,0.0,0,0.0,0.0
8705,Chlamydia trachomatis DNA Qualitative Unspecified Specimen Probe and Signal Amplification Method,0.0,0,0.0,0.0
8707,Chlamydia trachomatis DNA Qualitative Vaginal Fluid PCR,0.0,0,0.0,0.0
8738,Chlamydia trachomatis L2 Antibody IgM Qualitative Serum,0.0,0,0.0,0.0
8769,Chlamydia trachomatis/Neisseria gonorrhoeae DNA Qualitative Unspecified Specimen PCR,0.0,0,0.0,0.0
8772,Chlamydia trachomatis/Neisseria gonorrhoeae rRNA Panel Unspecified Specimen PCR,0.0,0,0.0,0.0
8773,Chlamydia trachomatis/Neisseria gonorrhoeae rRNA Qualitative Anal DNA Probe,0.0,0,0.0,0.0
8778,Chlamydia trachomatis/Neisseria gonorrhoeae rRNA Qualitative Unspecified Specimen Donor PCR,0.0,0,0.0,0.0
8781,Chlamydophila psittaci Antibody IgA Qualitative Serum,0.0,0,0.0,0.0
8787,Chlamydophila psittaci Antibody IgG Qualitative Serum,0.0,0,0.0,0.0
8412,Mononuclear Cells Percent Pleural Fluid,0.0,0,0.0,0.0
8452,Virus Identified Eye Culture,0.0,0,0.0,0.0
8201,Bordetella pertussis toxin Antibody IgA Quantitative Serum Immunoassay,0.0,0,0.0,0.0
8543,Chlamydia sp. DNA Qualitative Cervix PCR,0.0,0,0.0,0.0
8565,Chlamydia sp. rRNA Qualitative Anal DNA Probe,0.0,0,0.0,0.0
8568,Chlamydia sp. rRNA Qualitative Genital Specimen DNA Probe,0.0,0,0.0,0.0
8574,Chlamydia sp. rRNA Qualitative Unspecified Specimen DNA Probe,0.0,0,0.0,0.0
8586,Chlamydia trachomatis Antibody IgG Qualitative Serum,0.0,0,0.0,0.0
8597,Chlamydia trachomatis Antibody IgM Qualitative Serum,0.0,0,0.0,0.0
8606,Chlamydia trachomatis Antibody IgM Titer Serum Immunofluorescence,0.0,0,0.0,0.0
8685,Chlamydia trachomatis D+K Antibody IgA Qualitative Serum,0.0,0,0.0,0.0
687,"Salmonella Antibody-IgG,IgA,IgM (Panel)",0.0,0,0.0,0.0
8690,Chlamydia trachomatis D+K Antibody IgG Quantitative Serum,0.0,0,0.0,0.0
8350,Direct Antiglobulin Test IgG Specific Reagent Red Blood Cells,0.0,0,0.0,0.0
8352,Direct Antiglobulin Test Poly Specific Reagent Cord Red Blood cells,0.0,0,0.0,0.0
8354,Direct Antiglobulin Test Poly Specific Reagent Red Blood Cells After Transfusion Reaction,0.0,0,0.0,0.0
8355,Direct Antiglobulin Test Unspecified Reagent Red Blood Cells,0.0,0,0.0,0.0
8501,Chlamydia sp. Antibody Quantitative Serum Immunoassay,0.0,0,0.0,0.0
8839,Legionella pneumophila 1+2+3+4+5+6 IgM Antibody Serum,0.0,0,0.0,0.0
6670,Drugs of Abuse 5 Panel Urine Screen,0.0,0,0.0,0.0
8862,Platelet Antibody Heparin Induced Serum Immunoassay,0.0,0,0.0,0.0
8869,Platelet Associated Antibody IgG Quantitative Blood,0.0,0,0.0,0.0
8873,Platelet Associated Antibody IgM Quantitative Blood,0.0,0,0.0,0.0
8882,Rickettsia rickettsii Antibody IgG Titer Serum Immunofluorescence,0.0,0,0.0,0.0
8884,Rickettsia rickettsii Antibody IgM Serum,0.0,0,0.0,0.0
8890,Rickettsia rickettsii Antibody IgM Titer Serum Immunofluorescence,0.0,0,0.0,0.0
8894,Q Fever (Coxiella burnetii) Antibody IgG Titer Serum,0.0,0,0.0,0.0
8895,Q Fever (Coxiella burnetii) Antibody IgG Titer Serum Immunofluorescence,0.0,0,0.0,0.0
8898,Q Fever (Coxiella burnetii) Phase 1 Antibody IgG Titer Serum,0.0,0,0.0,0.0
8906,Q Fever (Coxiella burnetii) Antibody IgM Titer Serum Immunofluorescence,0.0,0,0.0,0.0
6662,Deprecated HFE gene c.845G>A Qualitative Blood or Tissue Molecular genetics Method,0.0,0,0.0,0.0
8697,Chlamydia trachomatis DNA Qualitative Anal PCR,0.0,0,0.0,0.0
2292,"Glucose, Serum 45 min",0.0,0,0.0,0.0
2293,"Glucose, Serum 90 min",0.0,0,0.0,0.0
1160,Metabolic Panel Basic,0.0,0,0.0,0.0
1162,Metabolic Panel Comprehensive,0.0,0,0.0,0.0
1163,"Metabolic Screen, Urine",0.0,0,0.0,0.0
1164,"Metanephrines Fract, Urine 24 hr",0.0,0,0.0,0.0
1174,Miscellaneous Referred Test,0.0,0,0.0,0.0
1179,"MMR (Measles, Mumps, Rubella) Imm.Screen",0.0,0,0.0,0.0
8793,Chlamydophila psittaci Antibody IgG Titer Serum Immunofluorescence,0.0,0,0.0,0.0
8794,Chlamydophila psittaci Antibody IgM Qualitative Serum,0.0,0,0.0,0.0
8799,Chlamydophila psittaci Antibody IgM Titer Serum,0.0,0,0.0,0.0
8800,Chlamydophila psittaci Antibody IgM Titer Serum Immunofluorescence,0.0,0,0.0,0.0
8693,Chlamydia trachomatis D+K Antibody IgM Qualitative Serum,0.0,0,0.0,0.0
8694,Chlamydia trachomatis D+K Antibody IgM Quantitative Serum,0.0,0,0.0,0.0
8792,Chlamydophila psittaci Antibody IgG Titer Serum,0.0,0,0.0,0.0
6699,Epstein Barr Viral Capsid Antibody IgG Qualitative Serum,0.0,0,0.0,0.0
2345,"Western Equine Encephalitis Antibody IgG, CSF",0.0,0,0.0,0.0
2317,BRCA1 Gene Mutations Identifier Blood or Tissue Molecular Genetics Method Nominal,0.0,0,0.0,0.0
2318,BCRA2 Gene Mutations Identifier Blood or Tissue Molecular Genetics Method Nominal,0.0,0,0.0,0.0
2320,"Nickel, Serum",0.0,0,0.0,0.0
6696,Epithelial Cells Renal Urine Sediment Microscopy HPF,0.0,0,0.0,0.0
2323,"Schistosoma Antibody IgM, Serum",0.0,0,0.0,0.0
8222,Streptococcus agalactiae Qualitative Genital Culture,0.0,0,0.0,0.0
8225,Streptococcus agalactiae rRNA Qualitative Unspecified DNA probe,0.0,0,0.0,0.0
8232,Streptococcus pneumoniae Antigen Qualitative Unspecified Latex Antigenglutination,0.0,0,0.0,0.0
8240,Streptococcus pyogenes (Group A) Antigen Qualitative Serum,0.0,0,0.0,0.0
3367,Budgerigar feather Antibody IgE RAST,0.0,0,0.0,0.0
8266,Vibrio cholerae DNA Qualitative Unspecified Probe and Target Amplification Method,0.0,0,0.0,0.0
8361,Fibrin+Fibrinogen Fragments (Fibrin Split Products) Serum,0.0,0,0.0,0.0
8319,Yersinia pestis Antibody Qualitative Unspecified,0.0,0,0.0,0.0
8349,Direct Antiglobulin Test IgG Specific Reagent Cord Red Blood cells,0.0,0,0.0,0.0
2327,"Blood Gas, Capillary",0.0,0,0.0,0.0
2329,Culture Environmental Bacteria Identified Unspecified,0.0,0,0.0,0.0
2330,Culture Sterility,0.0,0,0.0,0.0
8167,Bordetella pertussis Antibody IgM Qualitative Serum,0.0,0,0.0,0.0
8168,Bordetella pertussis Antibody IgM Qualitative Serum Immunoassay,0.0,0,0.0,0.0
8170,Bordetella pertussis Antibody IgM Quantitative Serum Immunoassay,0.0,0,0.0,0.0
8173,Bordetella pertussis Antibody Qualitative Serum,0.0,0,0.0,0.0
8174,Bordetella pertussis Antibody Qualitative Unspecified Specimen,0.0,0,0.0,0.0
8188,Bordetella pertussis filamentous Hemagglutinin Antibody IgA Qualitative Serum,0.0,0,0.0,0.0
8190,Bordetella pertussis filamentous Hemagglutinin Antibody IgA Quantitative Serum Immunoassay,0.0,0,0.0,0.0
8191,Bordetella pertussis filamentous Hemagglutinin Antibody IgG Qualitative Serum,0.0,0,0.0,0.0
8193,Bordetella pertussis filamentous Hemagglutinin Antibody IgG Quantitative Serum Immunoassay,0.0,0,0.0,0.0
8272,Vibrio sp. Stool Culture,0.0,0,0.0,0.0
8398,Mononuclear Cells Percent Body Fluid,0.0,0,0.0,0.0
6357,Yellow Hornet Antibody IgE RAST (Dolichovespula arenaria),0.0,0,0.0,0.0
6360,Yellow Hornet Antibody IgG (Dolichovespula arenaria),0.0,0,0.0,0.0
6365,Yellow Jacket Antibody IgE RAST (Vespula),0.0,0,0.0,0.0
6368,Yellow Jacket Antibody IgG (Vespula),0.0,0,0.0,0.0
6387,Malaria Percent Erythrocytes,0.0,0,0.0,0.0
6401,Feather Antibody IgE,0.0,0,0.0,0.0
6402,Hazelnut Tree Antibody IgE (Corylus avellana),0.0,0,0.0,0.0
686,Salmonella / Shigella Culture,0.0,0,0.0,0.0
6644,Cytology Report of Cervical or Vaginal Smear or Scraping Cyto Stain Thin Prep,0.0,0,0.0,0.0
4465,Hazelnut Pollen Antibody IgE (Corylus avellana),0.0,0,0.0,0.0
4479,Helminthosporium halodes Antibody IgG,0.0,0,0.0,0.0
4486,Helminthosporium sp. Antibody IgE RAST,0.0,0,0.0,0.0
2338,Methenamine Silver Nitrate Stain,0.0,0,0.0,0.0
8407,Mononuclear Cells Percent Pericardial Fluid Automated Count,0.0,0,0.0,0.0
285,Neisseria gonorrhoeae Culture (plate only),0.0,0,0.0,0.0
294,Ova and Parasite/Bile,0.0,0,0.0,0.0
3475,Casein Antibody IgG,0.0,0,0.0,0.0
3471,Casein Antibody IgE RAST,0.0,0,0.0,0.0
6704,Epstein Barr Viral Capsid Antibody IgM Qualitative Serum,0.0,0,0.0,0.0
8409,Mononuclear Cells Percent Peritoneal Fluid,0.0,0,0.0,0.0
2331,Eastern Equine Encephalitis Antibody IgG Quantitative CSF,0.0,0,0.0,0.0
2332,Eastern Equine Encephalitis Antibody IgG Quantitative Serum,0.0,0,0.0,0.0
2333,Eastern Equine Encephalitis Antibody IgM Quantitative CSF,0.0,0,0.0,0.0
2334,Microscopic Observation Unspecified Specimen Wright Giemsa Stain,0.0,0,0.0,0.0
2335,Mycoplasma pneumoniae Antibody IgA,0.0,0,0.0,0.0
6700,Epstein Barr Viral Capsid Antibody IgG Qualitative Serum Immunoassay,0.0,0,0.0,0.0
2337,"Saint Louis Encephalitis Virus Antibody IgM, CSF",0.0,0,0.0,0.0
4493,Herring Antibody IgE (Clupea harengus),0.0,0,0.0,0.0
