DETAIL_LAB_PROCEDURE_ID,ntk_score_lab,n_patients_with_abnormal,abnormal_rate_patients_pos,abnormal_rate_patients_neg
39,0.2169546641780766,3071517,0.519653669854564,0.43282555728238004
40,0.2147917691747942,3040896,0.493644955011035,0.42877382998738833
52,0.19736019586627898,2794110,0.4111255729726671,0.3945130373978306
41,0.1739142473335879,2462176,0.3773640427819591,0.34745517822278477
42,0.15236942283385935,2157157,0.3178993831701658,0.30457250221448073
3,0.13128887803944986,1858711,0.3193820383679475,0.2618597747295129
38,0.11477385629889753,1624901,0.33004357421764474,0.2282774887444867
1523,0.11426959754090683,1617762,0.3038877256521985,0.22758682252338652
34,0.1043966080246011,1477986,0.26069831928017656,0.20813715818602554
13,0.10435034251311716,1477331,0.22435628996661197,0.20850280500896093
1489,0.09749725479526133,1380309,0.23360307849018166,0.1945065141211773
47,0.09329020116244394,1320748,0.2664365344349499,0.18557105564927204
28,0.0921667615286238,1304843,0.27593231848791805,0.18317575423955762
9,0.08992842901959355,1273154,0.26118499236036447,0.17882890589772876
24,0.08771481853960052,1241815,0.26130949012506366,0.17434415319858
1488,0.08328109921769611,1179045,0.18496972440722087,0.16632953533670408
62,0.08285058274060503,1172950,0.25164393639296023,0.16461488634620974
59,0.07972988569805192,1128769,0.2091449267160885,0.1588317727061527
1490,0.07862445782824462,1113119,0.20419897006394658,0.15665548744898683
1503,0.07721268870148178,1093132,0.13485371512647842,0.15467275467673158
8,0.07169451991726737,1015009,0.2058174410050365,0.1425999720757982
1491,0.07141572606409617,1011062,0.18134797125233434,0.14234462012785623
1565,0.07110140312348004,1006612,0.1445305868371909,0.1421733841157069
1492,0.06966208659293287,986235,0.1547280855639183,0.13912947445278864
1373,0.06431287521859572,910504,0.17670760002263597,0.12801801683234262
1562,0.059681874104974254,844941,0.12405636353347292,0.11930443559923735
1496,0.057374531817745815,812275,0.0987267274064852,0.11495157897628044
1506,0.05646257148374696,799364,0.13331447003565164,0.11266743076743489
1485,0.05641962578759087,798756,0.11571501329862487,0.11280290320144107
2,0.05598246967984407,792567,0.1266368626563296,0.11177949264929721
35,0.05591112896747951,791557,0.1508573368796333,0.11132887156469373
29,0.05472256444573847,774730,0.1672684058627129,0.10871426789380563
1482,0.05454767374889228,772254,0.10900345198347575,0.10909650901699942
1592,0.05413566347639477,766421,0.1041027672457699,0.10832401572910777
1480,0.053882933705265666,762843,0.09487861467941826,0.10792875666346988
1502,0.052254882141611454,739794,0.10372927395167224,0.10451962934055395
1607,0.05072465917857597,718130,0.10160149397317639,0.10144739492374633
1486,0.04847184662396678,686236,0.08096881896893215,0.09714560869037782
1371,0.04347566582428119,615503,0.10959198687114481,0.08666516364268924
1405,0.04336378098429558,613919,0.0945164393639296,0.08662911395592096
2396,0.04203253503782541,595072,0.07071473034915964,0.08423381254620654
847,0.04109585267478934,581811,0.11359855129873804,0.08179473651684493
1498,0.04015895840864723,568547,0.10380849980193538,0.08002100609525815
1495,0.03956407575564294,560125,0.100831871427763,0.07885382595897888
1035,0.03902103872924815,552437,0.08333427649821742,0.07797518637115843
1313,0.03447621154541359,488094,0.10103559504272537,0.06854690579244078
1561,0.032164207389852414,455362,0.0838775394714504,0.06408132237117672
1505,0.03140206255181914,444572,0.08543942051949521,0.06251802484338413
1519,0.031009123558864635,439009,0.06582536359006282,0.061970126826231355
1081,0.030866654037241547,436992,0.05492615018957614,0.06181934758077991
1,0.02951252255531978,417821,0.05620508177239545,0.05906068821713127
58,0.029177150572837665,413073,0.10119404674325165,0.0578128254485611
1093,0.028262364864091706,400122,0.05172316224322336,0.05658541944668881
1472,0.027992329672636544,396299,0.05568445475638051,0.05598845380032365
1471,0.027933067437315884,395460,0.08543942051949521,0.055492341444322114
25,0.027763827489963915,393064,0.0951276102088167,0.055027128819836256
2415,0.02689410650843438,380751,0.053228453398223075,0.05379528813427421
1484,0.023708143309223,335646,0.04351762775168355,0.04746556396587754
6721,0.023413951163680034,331481,0.07133721917265576,0.046518115253709684
986,0.02319809253300073,328425,0.06039273385773301,0.04621927479474567
1473,0.022899521056599745,324198,0.07778846697979741,0.04539470973707762
1399,0.022376967997121508,316800,0.0743478014826552,0.0443798824436881
1328,0.022242621427896365,314898,0.03990719257540603,0.04454310741433336
1504,0.022187455985959018,314117,0.05256069266029087,0.044271447274758124
1586,0.022144510289802927,313509,0.04561145379435233,0.04427230560063356
1254,0.021376926605381465,302642,0.05054609246788524,0.04265536270562627
1146,0.02135220457634424,302292,0.07533246562163998,0.04229200475169204
1046,0.021117981009808714,298976,0.05004810140908834,0.04213721998548857
1494,0.020062844810499997,284038,0.04141248373040575,0.04010942510477298
1945,0.01983370691850927,280794,0.04138984777318771,0.03964564302341284
4,0.019050583672978696,269707,0.06119631033897346,0.037809254812919295
905,0.018764443845465,265656,0.028396808330032258,0.037644313190523165
1400,0.018095607008455077,256187,0.05920434610378587,0.03590033806595147
1604,0.01799325780824097,254738,0.052572010638899894,0.03577688219420138
1130,0.017809396546572702,252135,0.03902439024390244,0.035575747830724404
1417,0.017783473733267954,251768,0.04661875389055515,0.03542725745427412
1402,0.016733211305398007,236899,0.06372021956878501,0.0330840278143361
1329,0.01537420605203747,217659,0.03278818403033218,0.030722630276701374
1571,0.015188861468626969,215035,0.037270103559504275,0.030290606252732336
1587,0.014518965116086878,205551,0.027559277912964746,0.029056619752481708
1419,0.014331784039090755,202901,0.02821572067228793,0.028669228674035298
1474,0.014329311836187032,202866,0.0353460471959708,0.028574097556174568
1640,0.014300634282503853,202460,0.04098240054326297,0.028444776457609
1132,0.014035543496856135,198707,0.04896157546262238,0.02780704033216067
1487,0.013840310101830743,195943,0.03906966215833852,0.02753666768139859
1581,0.013589063652443872,192386,0.03431611114254994,0.02708790630285857
1598,0.013569851104163515,192114,0.028906117367438176,0.02711737549124851
64,0.013446947302664172,190374,0.0426008714843529,0.02669536526915955
6560,0.013094057996749972,185378,0.04462678965536755,0.025955059201596714
1507,0.012949751981541262,183335,0.021594703186010977,0.025953914767096135
1564,0.012692360342079422,179691,0.030683040009054384,0.0253177522390861
1575,0.012529830659751844,177390,0.020134683945447342,0.02512191088517431
844,0.012362921646566244,175027,0.04350630977307453,0.024488466389103153
1378,0.012284305594227872,173914,0.04383453115273612,0.024325098364145325
54,0.0122012395766628,172738,0.037926546318827456,0.02423154084372289
1569,0.012182380200225832,172471,0.021221209891913305,0.02440449350762308
1340,0.011978953218433818,169591,0.03462169656499349,0.02382312078132832
1385,0.011837755115446932,167592,0.03061513213740026,0.02358779643714651
1395,0.011026307488076566,156104,0.028600531944994623,0.021969852161951214
55,0.010705909991754144,151568,0.029392790447626053,0.021310943998242148
1513,0.010687191884054531,151303,0.02529568219116066,0.021324820266561684
7038,0.010633862935702806,150548,0.0289740252390923,0.021170321608983352
1583,0.010523814589302821,148990,0.02854394205194952,0.020952879053873108
1621,0.01017120782086333,143998,0.03569690453285043,0.02014834159996521
49,0.010081572807011224,142729,0.024548695602965312,0.02010771417519461
7,0.010032481920780165,142034,0.03888857450059419,0.01982704161392731
7039,0.009997659177022018,141541,0.021968196480108653,0.019970382035124985
1387,0.009953442062229726,140915,0.016445022918906683,0.019950640539989975
1379,0.009723174020340156,137655,0.02034972553901873,0.019434929743166008
21,0.009641520690148639,136499,0.022070058287589837,0.01924781470232114
10,0.009324796180997462,132015,0.03437270103559504,0.018450859126979587
1401,0.009081107609059112,128565,0.01736177918623734,0.018172332380400873
1458,0.008970494187709704,126999,0.02453737762435629,0.01785761289274131
1042,0.008821314401062227,124887,0.01766736460868089,0.017642316152319655
1497,0.00862601037166816,122122,0.027083922811385885,0.017127749789996267
5,0.008394541545511065,118845,0.021583385207401957,0.01672848520360634
1660,0.008309427131254338,117640,0.023133948276837756,0.016536506316134007
1435,0.008183839223745241,115862,0.022986814554920493,0.016284015454443496
51,0.00817239645601944,115700,0.02131175372078547,0.01628201269406748
864,0.008171619477963984,115689,0.019681964801086527,0.016301038917639628
7224,0.008056838628862587,114064,0.03089808160262577,0.015926808835949893
1454,0.008045183958030753,113899,0.021243845849131346,0.016025230202999792
2422,0.007927789637288279,112237,0.019331107464206892,0.015811650114329008
1443,0.007864218705478274,111337,0.020994850319732895,0.01566187224906557
1690,0.007802060461041826,110457,0.01349103050195235,0.01563082946323733
1451,0.007682547109239018,108765,0.02084771659781563,0.015295796263192468
1457,0.00757066226925341,107181,0.016965649934921622,0.01511826586128996
1357,0.007182314510262962,101683,0.027525323977137684,0.014198283577136029
1345,0.007150317141251927,101230,0.01954614905777828,0.014234333263904306
1623,0.0070452838350280635,99743,0.020496859260935998,0.014009594938852865
815,0.007043094169599052,99712,0.021232527870522325,0.013995861724845902
8928,0.0070308037894491185,99538,0.020689264897289342,0.013977836881461763
1098,0.0068989294231276985,97671,0.008013128855186463,0.013870975309970085
1440,0.0067474187023138545,95526,0.018550166940184482,0.013430940244496987
1253,0.006735693397113343,95360,0.014962367721125008,0.013452541445695439
1381,0.006626987103718235,93821,0.0179503140739064,0.013194614520127169
2398,0.006590892941323889,93310,0.019365061400033953,0.013103631977331042
2358,0.006479078735706959,91727,0.008239488427366872,0.013017799389787523
6435,0.006185451665113417,87570,0.017871088223643257,0.012301383392424302
1441,0.006176339831553983,87441,0.012019693282779695,0.012356888465702442
1362,0.006004627681298293,85010,0.014883141870861864,0.011972930690757775
1511,0.005819777538468537,82393,0.012676136042102881,0.011626453145707111
56,0.005735228199161231,81196,0.015098183464433252,0.011424603510667274
1135,0.005719829906789474,80978,0.005862712919472582,0.011510149989585647
1449,0.005598268158295011,79257,0.013015675400373494,0.011173543192102486
1198,0.00550686728522596,77963,0.08490747552487125,0.010079749918172932
1525,0.005334590060020849,75524,0.003010582309999434,0.010765981455583353
1432,0.0052527954610919764,74366,0.013230716993944881,0.010471146517371372
13406,0.005221786973242429,73927,0.012868541678456228,0.010412923412154352
834,0.005091395928663243,72081,0.07611340614566238,0.009349457652490175
877,0.005003738677134115,70840,0.02322449210570992,0.009840420053239093
870,0.004993284790569803,70692,0.052096655537321034,0.009454316463605839
1040,0.004947160547823211,70039,0.01266481806349386,0.009859303222498667
6997,0.0049408740890108886,69950,0.011680153924509083,0.009859017113873521
7797,0.0049396026703746885,69932,0.014396468790673985,0.00982210910122981
1336,0.0049325392335069105,69832,0.007933903004923321,0.009889487682451471
1557,0.004797980761175735,67927,0.010797351593005489,0.009580776475919954
1407,0.0047424621473949975,67141,0.009077018844434384,0.00949008004174897
7217,0.004707780672374207,66650,0.01693169599909456,0.009320560681350525
1762,0.004699022010658161,66526,0.012721407956538961,0.009356038150868511
1622,0.004680091999852516,66258,0.028600531944994623,0.009116994394559817
1131,0.0046325550697323675,65585,0.007254824288382095,0.009290519275710294
1311,0.004557117563984496,64517,0.021175937977477223,0.008961780465418623
1475,0.004538893896865628,64259,0.012313960726614226,0.009036883979519201
1501,0.004537763746966784,64243,0.009880595325674835,0.009065351787721134
8932,0.004339069267876181,61430,0.009993775111765038,0.008661509463328885
22,0.004322258288130869,61192,0.008760115443381813,0.00864305545700703
1476,0.0043184440322222685,61138,0.014815233999207741,0.00855879646690181
1634,0.004311804401566558,61044,0.025012732725935148,0.008416457425892143
1465,0.004293156928235622,60780,0.012562956256012676,0.008536050831202778
21174,0.0041415049386844234,58633,0.013853205817441006,0.008212605030476291
6524,0.004131898664544245,58497,0.013853205817441006,0.008193149643966427
1636,0.004125965377575312,58413,0.02217192009507102,0.008075988161969526
1470,0.004106117119976854,58132,0.005862712919472582,0.00824193116455366
1638,0.0040959457708872535,57988,0.02449210570992021,0.007985863945048834
511,0.004051375484251573,57357,0.010163544790900345,0.008076703433532388
63,0.003954253227319622,55982,0.012268688812178146,0.007853395651606672
799,0.00386129839813966,54666,0.04486446720615698,0.007253139756052342
7050,0.003804225828248012,53858,0.014475694640937129,0.007521652700750978
1609,0.003803236947086523,53844,0.008828023315035934,0.007591034042348654
900,0.0037855077205483996,53593,0.014136155282666516,0.007488034937296433
7214,0.0037111297303306944,52540,0.009824005432629733,0.007391902439247694
1089,0.003670797505815681,51969,0.014113519325448475,0.007256000842303792
1418,0.0036627451877864134,51855,0.01026540659838153,0.007288331116945184
812,0.0036098400456467546,51106,0.01972723671552261,0.007061590031517726
1624,0.0036089217988539432,51093,0.021424933506875674,0.007038272178568404
33,0.0035539682600226282,50315,0.013309942844208025,0.007029545865501479
1612,0.003537227914645994,50078,0.005907984833908664,0.007089199513844224
7139,0.003529670037197471,49971,0.007243506309773075,0.007057012293515405
17218,0.003482698182026746,49306,0.007492501839171524,0.0069587339807780785
1048,0.0034425072262490876,48737,0.016411068983079622,0.006764609278617157
18,0.0034231534092313753,48463,0.0016863788127440438,0.006911526057629144
1610,0.003412840791404419,48317,0.006394657914096542,0.006831129533963383
1630,0.0033422064227266366,47317,0.02585026314300266,0.006442164858078678
1462,0.0033350723514901804,47216,0.007300096202818177,0.0066621823908152265
7200,0.003317908199901479,46973,0.009054382887216344,0.00660524677441136
1054,0.003304346401115345,46781,0.006734197272367155,0.006607106480474803
1430,0.0032845687778855657,46501,0.005138362288495275,0.006587221931027221
6731,0.0032711482478367873,46311,0.009314696395223813,0.006507254570299178
1230,0.0032112503031980276,45463,0.014758644106162639,0.006317135388890288
1008,0.0032105439595112497,45453,0.010118272876464263,0.006374357113919299
7177,0.0030696990283677512,43459,0.005115726331277234,0.006152336820806735
1274,0.003019477992237848,42748,0.005557127497029031,0.0060450460863773385
15,0.0029893877511811126,42322,0.006417293871314583,0.005973232821465929
6,0.00298627983895929,42278,0.00552317356120197,0.005978239722405967
1444,0.0029845139797423457,42253,0.0023767755078942902,0.006014432463486818
701,0.0029578848227508215,41876,0.007537773753607605,0.005895268221113901
1086,0.0029559070604278435,41848,0.016976967913530643,0.005771955403676381
814,0.002952587245099988,41801,0.032018561484918794,0.005575112669576582
1481,0.0029503975796709766,41770,0.001924056363533473,0.005951059403017187
1015,0.002947289667449154,41726,0.01476996208477166,0.005782398368494176
2046,0.002944111120858654,41681,0.0047309150585705395,0.005902850099680245
26,0.0029268763349012752,41437,0.0032369418821798428,0.005886828016672122
1374,0.002912466923691007,41233,0.0026484069945107804,0.005865083761161098
8934,0.0027841242758034766,39416,0.005715579197555317,0.005566386356509658
2248,0.0027809457292129764,39371,0.036319393356346555,0.005173130051247777
1629,0.0027795330418394206,39351,0.024639239431837472,0.005317901015571176
1524,0.00277126882070412,39234,0.006179616320525154,0.005534485244805984
1256,0.0027282524901793507,38625,0.006304114085224379,0.005445791571011016
927,0.002719635097200661,38503,0.033195631260256916,0.00508844189820484
7133,0.0026304238895606216,37240,0.006338068021051441,0.005247232185160346
1963,0.002585853602924941,36609,0.01003904702620112,0.005110186153715865
873,0.0025609196707816837,36256,0.004696961122743478,0.005127209616911995
1380,0.002529275473614037,35808,0.00552317356120197,0.005052678320061708
1659,0.0024863297774579455,35200,0.002184369871540943,0.005007902320226507
1002,0.0024119517872402403,34147,0.019025522041763342,0.004644401311979711
2031,0.002386735317622272,33790,0.006247524192179277,0.0047548392412857035
14016,0.0023732441532048156,33599,0.0069831928017656045,0.004718217337267136
1375,0.0023348896910127797,33056,0.005409993775111765,0.0046604233949878345
1580,0.002321398526595323,32865,0.0052402240959764585,0.00463524583597507
946,0.0023024685157896773,32597,0.009371286288268915,0.004544692456116659
1616,0.0022952638101845437,32495,0.00290872050251825,0.004611784928713175
16,0.0022778171211211315,32248,0.005987210684171807,0.004537539740488033
50,0.002253872070139363,31909,0.004029200384811272,0.004513792724600993
833,0.0021272952814687766,30117,0.014622828362854395,0.004123540559903135
17253,0.0021254587878831543,30091,0.005794805047818459,0.004231403511582822
1207,0.002104127208542464,29789,0.005783487069209439,0.004188344163498491
6718,0.0020795464482425956,29441,0.011295342651802388,0.004068893812500429
8929,0.0020744607736977953,29369,0.007039782694810707,0.004112382323522478
6803,0.002055672031629505,29103,0.005183634202931356,0.0040977907836400795
65,0.0020245222750426032,28662,0.003882066662894007,0.0040511550777414355
6804,0.002023392125143759,28646,0.004210288042555599,0.004044717633675672
1508,0.001972252842221044,27922,0.005670307283119235,0.003922692305051305
1509,0.0019616576869193767,27772,0.009461830117141079,0.0038533109634536285
1212,0.0019375713672002528,27431,0.007662271518306831,0.0038272750785654287
16136,0.0019093882540978176,27032,0.0048214588874427025,0.0038061030403046944
6498,0.001904373213921695,26961,0.002931356459736291,0.003819836254311657
2026,0.0018948375741501943,26826,0.006519155678795767,0.003755175705028874
1287,0.001894625671044161,26823,0.010344632448644671,0.0037063941844416417
1567,0.0018608624428161809,26345,0.0044253296361269874,0.0037128316285074056
1420,0.0018580370680690696,26305,0.004606417293871314,0.003704820587003344
6976,0.0018575426274883252,26298,0.005896666855299644,0.003687511015182068
1231,0.0018424975069599575,26085,0.003406711561315149,0.0036885123953700758
6559,0.001816009618705789,25710,0.015641446437666233,0.0034802253162644742
1010,0.0018024478199196547,25518,0.004323467828645804,0.003595813200823077
1397,0.0017830233685332646,25243,0.0048214588874427025,0.0035501788751124406
6418,0.0017693909353784527,25050,0.0034406654971422105,0.003540022018919791
857,0.0017654354107324967,24994,0.003802840812630864,0.0035274332394134088
1478,0.001695507385741492,24004,0.0064512478071416446,0.0033523347608246335
1579,0.0016921875704136362,23957,0.003802840812630864,0.0033790859172756964
1515,0.0016900685393533028,23927,0.001369475411691472,0.0034055509651016143
903,0.001663015576149712,23544,0.01190651349668949,0.003217577598381312
1703,0.0016606140076146675,23510,0.0033953935827061286,0.0033202905948083875
1034,0.0016483942618334111,23337,0.002489955293984494,0.0033069865437391423
874,0.0016296761541337986,23072,0.0036557070907135988,0.0032543425567124517
6720,0.0015993033756023522,22642,0.005002546545187029,0.0031758057391101336
943,0.001563350481945361,22133,0.0032029879463527813,0.0031257367297097484
1278,0.0015515545423761712,21966,0.005047818459623111,0.0030785288065608143
880,0.001539617334069626,21797,0.0024673193367664536,0.003086969011002593
1461,0.0015353792719489591,21737,0.0038367947484579256,0.0030610761804269657
1560,0.0015245722135412583,21584,0.004210288042555599,0.0030344680782884753
7752,0.0015081850400080127,21352,0.005772169090600418,0.00298153798263664
1671,0.0014958946598580786,21178,0.01135193254484749,0.0028861207561507634
6681,0.0014790836801127664,20940,0.003983928470375191,0.0029452021872432175
11,0.0014768940146837552,20909,0.0027276328447739234,0.00295664653224902
16597,0.0014278031284526962,20214,0.01212155509026088,0.002738488705575914
1166,0.0014120516642375507,19991,0.002512591251202535,0.0028280407052463166
1626,0.0014112746861820952,19980,0.005964574726953766,0.002782835542473398
1237,0.0014072485271674614,19923,0.000950710203157716,0.002838054507126394
1066,0.0014008207996177833,19832,0.002489955293984494,0.0028055811781724296
865,0.0014003969934057166,19826,0.004934638673532907,0.0027738231207813284
1240,0.0013917796004270272,19704,0.004210288042555599,0.0027655259706521216
1383,0.0013821026919181708,19567,0.0037688868768038027,0.002751506648020014
7128,0.0013779352641661818,19508,0.0028181766736460868,0.002755083005834327
1427,0.0013775820923227929,19503,0.0032029879463527813,0.0027495038876439986
7084,0.0013580870065677249,19227,0.003802840812630864,0.0027024390188076365
7134,0.0013188849319515556,18672,0.003723614962367721,0.002624045255517891
1447,0.0013174722445779999,18652,0.0032708958180069038,0.0026269063417693416
1354,0.0013163420946791554,18636,0.006372021956878501,0.0025854205911233085
1652,0.0013082191422812105,18521,0.00290872050251825,0.002612743964824661
404,0.0012883002503140757,18239,0.005342085903457643,0.0025416459714761143
1391,0.001284697897511509,18188,0.002037236149623677,0.002576122060806094
1423,0.0012832852101379532,18168,0.0028181766736460868,0.0025633902269871387
1170,0.0012801772979161307,18124,0.0019466923207515138,0.0025681110193020323
841,0.0012581393748886626,17812,0.00342934751853319,0.0025047379588324023
6558,0.0012269896183017604,17371,0.002014600192405636,0.002459532796059483
1356,0.0012209150625954713,17285,0.0027049968875558824,0.0024385038121113216
1297,0.001201773148683792,17014,0.003995246448984212,0.002383427901770898
6800,0.0011841145565143465,16764,0.002161733914322902,0.0023708391222645154
15420,0.0011807947411864906,16717,0.003848112727066946,0.0023428004770003
1977,0.0011776161945959904,16672,0.0039160205987210685,0.002335504707059101
7160,0.001177121754015246,16665,0.0008828023315035935,0.0023728418826405306
2068,0.001169705145304079,16560,0.0029653103955633526,0.00233149918630707
1390,0.001161229021062745,16440,0.0025465451870295966,0.0023196256783635503
1312,0.001151128306341822,16297,0.0016976967913530643,0.0023098979851086184
1353,0.0011422990102570993,16172,0.0031803519891347404,0.0022732760810900508
6801,0.001136506992025521,16090,0.002489955293984494,0.002270271940526028
15393,0.0011284546739962539,15976,0.003010582309999434,0.0022473832505144234
15309,0.0011165174656897086,15807,0.0022749137004131064,0.00223250560200688
57,0.001101472345161341,15594,0.003882066662894007,0.002181721321043633
8923,0.0010997064859443963,15569,0.003384075604097108,0.0021844393529825107
1291,0.0010941263708188515,15490,0.003089808160262577,0.002176857474416167
14,0.00109002957743554,15432,0.0038367947484579256,0.002159118739657173
1009,0.001081624087562884,15313,0.003327485711052006,0.002148532720526806
7889,0.001080988378244784,15304,0.0031463980533076794,0.002149534100714814
1293,0.001075125725644528,15221,0.0016750608341350236,0.0021562576534057227
955,0.0010650250109236052,15078,0.001607152962480901,0.0021366592125832864
899,0.0010649543765549273,15077,0.003089808160262577,0.0021177760433237123
1025,0.0010526639964049931,14903,0.004447965593345028,0.002075718075427389
1595,0.001022785658454291,14480,0.0017542866843981665,0.0020492530276014715
2464,0.0010208078961313133,14452,0.010740761699960386,0.0019316623826668529
1554,0.001010495278304357,14306,0.0013015675400373493,0.0020300837497167525
1126,0.0010066810223957568,14252,0.002693678908946862,0.0020047631363914148
2029,0.0009940374704024337,14073,0.0029653103955633526,0.0019757231109391914
17,0.0009883160865395333,13992,0.0015845170052628602,0.0019815883377546652
2277,0.0009842192931562219,13934,0.004764868994397601,0.0019330929257925782
1169,0.0009816058215151439,13897,0.001267613604210288,0.0019720036988123057
408,0.000978992349874066,13860,0.015188727293305416,0.0017907538847829123
1251,0.0009645829386637983,13656,0.0014147473261275536,0.0019356679034188836
821,0.0009633821543962761,13639,0.0017542866843981665,0.0019289443507279748
1600,0.0009580139423767646,13563,0.0014939731763906965,0.0019213624721616308
1318,0.0009467124433883194,13403,0.002512591251202535,0.0018855988940184986
8938,0.0009462180028075749,13396,0.0019466923207515138,0.0018917502294591173
2287,0.0009435338967978191,13358,0.0003508573368796333,0.0019064848236540878
6543,0.000929618926168296,13161,0.002320185614849188,0.0018534116736896797
1317,0.0009207189957148954,13035,0.0032482598607888632,0.0018236563766745937
1747,0.0009060270470299166,12827,0.004945956652141928,0.0017724429327736285
7709,0.0008969152134704827,12698,0.01662611057665101,0.0016063568758769228
1553,0.0008933128606679158,12647,0.0044026936789089465,0.0017535597635140547
1315,0.0008912644639762601,12618,0.0021504159357138815,0.0017778789966513846
16590,0.0008776320308214481,12425,0.006824741101239319,0.0016911880832324324
956,0.0008746653873369811,12383,0.002852130609473148,0.0017353918658173436
994,0.0008726876250140033,12355,0.002478637315375474,0.0017361071373802064
7001,0.0008546758610011687,12100,0.005398675796502744,0.0016627202750304992
1366,0.0008545345922638132,12098,0.00016976967913530643,0.0017285252588138623
1024,0.0008519211206227352,12061,0.0018561484918793504,0.001701917156675372
1859,0.000851356045673313,12053,0.001901420406315432,0.0017002005049245018
1582,0.0008378648812558565,11862,0.0023654575292852698,0.001667011904407675
1510,0.0008374410750437897,11856,0.001109161903684002,0.0016820326072277906
1455,0.0008336268191351895,11802,0.0014147473261275536,0.0016704452079094158
1429,0.0008322847661303116,11783,0.0020485541282326976,0.001659716134466476
15258,0.0008287530476964225,11733,0.002037236149623677,0.0016527064731504222
1689,0.0008194293110309552,11601,0.001505291154999717,0.0016405468565817572
1389,0.0008091873275726767,11456,0.002320185614849188,0.0016095040707535186
1862,0.0008025476969169652,11362,0.0018901024277064116,0.0016014930292494569
387,0.0008024064281796097,11360,0.006666289400713033,0.001540838000718705
6507,0.0007966144099480314,11278,0.001901420406315432,0.001589333412680792
1044,0.0007819930956317304,11071,0.0008601663742855526,0.0015728821667349512
1445,0.0007814280206823082,11063,0.003882066662894007,0.001533542230777506
405,0.0007780375709857747,11015,0.001901420406315432,0.0015517101284742171
760,0.0007725280902289077,10937,0.0022070058287589835,0.0015366894256541015
16621,0.0007674424156841073,10865,0.00659838152905891,0.0014708844418707383
175,0.0007563528198016955,10708,0.0018448305132703299,0.0015085077260773134
2116,0.0007562821854330176,10707,0.002931356459736291,0.0014946314577577783
1299,0.0007559290135896287,10702,0.0028634485880821687,0.0014947745120703507
7085,0.0007535980794232619,10669,0.0027729047592100053,0.0014911981542560374
16439,0.0007491481141965616,10606,0.0023315035934582083,0.0014877648507542968
1310,0.0007468171800301947,10573,0.001131797860902043,0.0014982078155720913
526,0.0007252030632147933,10267,0.0012223416897742063,0.0014532887614243173
17207,0.0007214594416748709,10214,0.002184369871540943,0.0014335472662893084
2016,0.0007199054855639597,10192,0.0013128855186463697,0.0014414152534807975
1619,0.0007088865240502256,10036,0.0026031350800746985,0.0014027905890862148
8935,0.0006972318532183914,9871,0.0017542866843981665,0.0013899157009546873
1123,0.0006942652097339246,9829,0.001290249561428329,0.0013897726466421147
1573,0.0006873430416035019,9731,0.0008601663742855526,0.001381189387887763
197,0.0006771010581452234,9586,0.0012223416897742063,0.0013558687745624256
1682,0.0006754764676656345,9563,0.0027842227378190253,0.0013328370302382484
15294,0.0006719447492317453,9513,0.0016863788127440438,0.0013395605829291573
1127,0.0006712384055449675,9503,0.0015392450908267782,0.0013399897458668748
16149,0.0006674241496363672,9449,0.0016524248769169826,0.001330834269862233
1377,0.0006660820966314893,9430,0.001131797860902043,0.0013346967363016913
7225,0.0006618440345108223,9370,0.0016184709410899214,0.0013199621421067208
1364,0.000658382950445611,9321,0.001346839454473431,0.0013163857842924075
1905,0.0006534385446381663,9251,0.0010752079678569408,0.0013098052859140713
1639,0.0006528028353200662,9242,0.0006451247807141645,0.0013139538609786745
6983,0.0006520258572646106,9231,0.002184369871540943,0.0012929248770305129
954,0.0006511782448404772,9219,0.0027842227378190253,0.0012836263467132986
6680,0.0006475758920379103,9168,0.0017769226416162074,0.0012890624105910545
13396,0.0006410775301195544,9076,0.0027049968875558824,0.0012641709602034348
1559,0.000635638683731365,8999,0.0014147473261275536,0.0012694639697686182
923,0.0006306236435552425,8928,0.0006111708448871032,0.0012694639697686182
7876,0.0006306236435552425,8928,0.0027502688019919643,0.0012424267046924104
1392,0.0006302704717118535,8923,0.001878784449097391,0.0012527266151976324
2042,0.0006276570000707756,8886,0.003610435176277517,0.001225546295808852
1037,0.0006198165851475418,8775,0.0009393922245486955,0.001243428084880418
1516,0.0006190396070920862,8764,0.000633806802105144,0.0012457169538815786
8423,0.0006135301263352191,8686,0.0019693282779695547,0.0012176783086173628
15475,0.000612611879542408,8673,0.002456001358157433,0.0012096672671133013
8927,0.0006121880733303413,8667,0.0014713372191726558,0.001221254666431676
6697,0.0006039238521950407,8550,0.0006111708448871032,0.0012153894396162025
6433,0.000603500045982974,8544,0.003406711561315149,0.0011791966985353528
1388,0.0005924104501005621,8387,0.000713032652368287,0.0011907840978537276
8926,0.000589231903510062,8342,0.0004300831871427763,0.0011879230116022769
1518,0.0005873247755557618,8315,0.0008262124384584913,0.0011790536442227802
1321,0.0005826629072230282,8249,0.0011997057325561654,0.0011648912672781
863,0.0005794137262638501,8203,0.00044140116575179674,0.0011678954078421229
1542,0.0005694542802802829,8062,0.0005432629732329806,0.0011464372609562437
6741,0.0005675471523259827,8035,0.0025691811442476375,0.0011169680725663029
1597,0.0005664876367958159,8020,0.0021730518929319225,0.0011198291588177534
1229,0.0005653574868969715,8004,0.0018561484918793504,0.0011215458105686238
21217,0.000561613865357049,7951,0.0008262124384584913,0.0011269818744463799
7206,0.000558011512554482,7900,0.0014826551977816763,0.0011113889543759741
1398,0.0005536321816964595,7838,0.00016976967913530643,0.0011191138872548908
2405,0.0005514425162674482,7807,0.0009620281817667365,0.0011046654016850653
2236,0.0005481227009395925,7760,0.001369475411691472,0.0010927918937415455
1394,0.0005481227009395925,7760,0.0030671722030445364,0.0010713337468556661
1157,0.0005425425858140477,7681,0.0016184709410899214,0.00107834340817172
1670,0.000541483070283881,7666,0.0016863788127440438,0.001075339267607697
7000,0.0005399997485416475,7645,0.0025465451870295966,0.0010614629992881618
1637,0.000537245008163214,7606,0.000237677550789429,0.001085066960862629
1809,0.0005336426553606471,7555,0.00048667308018787844,0.0010746239960448343
805,0.000531735527406347,7528,0.0032029879463527813,0.0010364284945879691
1222,0.0005306053775075024,7512,0.0021504159357138815,0.001047443676656054
2194,0.0005290514213965912,7490,0.0016411068983079621,0.0010507339258452222
1403,0.0005286276151845246,7484,0.003757568898194782,0.0010231244435187242
17375,0.0005050357360461452,7150,0.002139097957104861,0.0009958010698173712
808,0.0004980429335470447,7051,0.0005206270160149398,0.0010020954595705623
8940,0.0004968421492795224,7034,0.0012223416897742063,0.0009907941688773326
1150,0.0004955000962746445,7015,0.004470601550563069,0.0009470195492301389
1077,0.0004942286776384445,6997,0.002014600192405636,0.000975487357432072
1228,0.000492392184052822,6971,0.0010978439250749815,0.0009833553446235612
1477,0.0004897080780430663,6933,0.0023088676362401674,0.0009626124693005446
6480,0.00048469303786694375,6862,0.000633806802105144,0.0009736276513686292
1635,0.00048186766311983245,6822,0.000316903401052572,0.0009719109996177589
1076,0.00047918355711007676,6784,0.0005432629732329806,0.0009636138494885522
827,0.00047791213847387667,6766,0.0007922585026314301,0.0009578916769856511
1415,0.0004772764291557766,6757,0.0007017146737592666,0.0009577486226730786
1255,0.0004769232573123877,6752,0.00019240563635334728,0.0009634707951759797
1512,0.00047515739809544314,6727,0.0006451247807141645,0.0009541722648587653
1556,0.0004733209045098208,6701,0.0006790787165412257,0.000950023689794162
1599,0.0004729677326664319,6696,0.00033953935827061286,0.0009536000476084752
1467,0.00047155504529287624,6676,0.000713032652368287,0.0009460181690421312
1460,0.0004652685864805536,6587,0.0010978439250749815,0.0009284224885957102
2195,0.0004603241806731088,6517,0.001346839454473431,0.0009152614918390376
1633,0.00045742817155731974,6476,0.00029426744383453116,0.0009227003160928091
1620,0.00045643929039583075,6462,0.0017995585988342482,0.0009016713321446473
1033,0.00045530914049698627,6446,0.00014713372191726558,0.0009202683927790761
1298,0.00045516787175963066,6444,0.0016863788127440438,0.0009005268976440672
1729,0.0004499409284774748,6370,0.001029936053420859,0.0008982380286429067
8924,0.00044874014420995245,6353,0.0012110237111651859,0.0008935172363280133
1456,0.0004465504787809412,6322,0.0013015675400373493,0.0008879381181376846
6949,0.0004401933855999408,6232,0.0013242034972553902,0.000874777121381012
1005,0.0004381449889082851,6203,0.00039612925131571504,0.000882358999947356
1665,0.00043630849532266277,6177,0.0005885348876690623,0.0008762076645067373
379,0.0004359553234792738,6172,0.0037688868768038027,0.0008352941311109941
572,0.0004347545392117515,6155,0.0006677607379322053,0.0008720590894421339
1568,0.00042663158681380655,6040,0.0007017146737592666,0.0008551786805585756
1316,0.0004252188994402509,6020,0.0016750608341350236,0.0008400149234258876
2015,0.00042295859964256187,5988,0.000633806802105144,0.0008485981821802393
7746,0.0004221816215871062,5977,0.0006790787165412257,0.0008464523674916514
920,0.0004142705722951946,5865,0.0005206270160149398,0.0008324330448595435
1302,0.00041208090686618333,5834,0.0008828023315035935,0.0008234206231674743
2365,0.0004116571006541166,5828,0.002297549657631147,0.000804680508220473
390,0.0004113039288107277,5823,0.002987946352781393,0.0007952389235906861
6424,0.00040840791969493865,5782,0.004855412823269764,0.0007657697352007452
1601,0.00040720713542741633,5765,0.001109161903684002,0.0008106887893485192
330,0.00040176828903922706,5688,0.0006790787165412257,0.0008051096711581906
382,0.000401132579721127,5679,0.0029766283741723726,0.0007747821568928145
1603,0.0004003556016656714,5668,0.0007017146737592666,0.0008019624762815949
1891,0.0004001436985596381,5665,0.0006224888234961235,0.0008025346935318851
1421,0.0003862287279301149,5468,0.0005772169090600418,0.000774925211205387
1563,0.0003855223842433371,5458,0.0004187652085337559,0.0007754974284556772
848,0.0003798010003804367,5377,0.0006224888234961235,0.0007613350515109969
13399,0.0003762692819465476,5327,0.0014826551977816763,0.0007433102081268583
1673,0.0003682875982859582,5214,0.002014600192405636,0.0007204215181152537
1284,0.0003590344959891686,5083,0.0005206270160149398,0.0007205645724278262
280,0.00035740990550957964,5060,0.0013015675400373493,0.0007074035756711537
402,0.0003555734119239573,5034,0.002614453058683719,0.0006870898632858546
17599,0.0003535956496009794,5006,0.001029936053420859,0.0007031119462939777
1574,0.00034632030962716777,4903,0.00016976967913530643,0.0006992494798545195
1615,0.00034172907566311193,4838,0.001244977646992247,0.0006763607898429149
1663,0.0003389743352846784,4799,0.000554580951842001,0.0006795079847195106
592,0.0003385505290726117,4793,0.0006564427593231849,0.0006773621700309226
6531,0.00033756164791112276,4779,0.00263708901590176,0.0006503249049547148
1534,0.0003359370574315338,4756,0.0017203327485711053,0.0006586220550839213
1566,0.0003354426168507893,4749,0.0006111708448871032,0.0006716399975280215
1236,0.00033063947978070006,4681,0.0011431158395110634,0.0006551887515821807
1618,0.0003288029861950777,4655,0.00029426744383453116,0.0006621984128982346
1012,0.00032781410503358876,4641,0.00024899552939844946,0.0006607678697725093
1764,0.0003268958582407776,4628,0.0004300831871427763,0.000656619294707906
17276,0.00032661332076606644,4624,0.000950710203157716,0.0006494665790792796
2004,0.00032470619281176635,4597,0.0005206270160149398,0.0006510401765175773
6574,0.0003239292147563107,4586,0.002489955293984494,0.0006245751286916596
2233,0.0003236466772815996,4582,0.000633806802105144,0.0006474638187032642
13888,0.0003232935054382107,4577,0.0013242034972553902,0.0006380222340734773
1920,0.00032060939942845496,4539,0.0012110237111651859,0.0006340167133214464
2300,0.00031658324041382134,4482,0.0006451247807141645,0.0006330153331334388
1969,0.0003158768967270435,4472,0.0013355214758644107,0.0006228584769407893
1323,0.00031474674682819897,4456,0.0010865259464659612,0.0006237168028162244
1073,0.00031404040314142115,4446,0.0003055854224435516,0.0006321570072580036
898,0.0003122745439244766,4421,0.000950710203157716,0.0006204265536270563
7718,0.0003110031252882765,4403,0.0015618810480448192,0.0006101266431218342
1242,0.00031064995344488763,4398,0.0009846641389847774,0.0006167071415001705
16478,0.00030916663170265415,4377,0.0008375304170675118,0.0006155627069995903
1433,0.0003022444635722315,4279,0.0006451247807141645,0.0006039753076812154
2028,0.00030189129172884257,4274,0.000237677550789429,0.0006084099913709639
7877,0.000301750022991487,4272,0.0011883877539471451,0.0005961073204897265
2286,0.00030167938862280924,4271,0.0007017146737592666,0.0006021156016177726
619,0.00030160875425413146,4270,0.004764868994397601,0.0005506160490916624
6961,0.00030083177619867586,4259,0.00044140116575179674,0.0006036891990560704
16579,0.00030012543251189803,4249,0.000871484352894573,0.000596822592052589
6616,0.00029963099193115354,4242,0.0011204798822930225,0.0005926740169879857
2214,0.00029574610165387547,4187,0.0005432629732329806,0.0005921017997376956
8931,0.00029214374885130857,4136,0.0006224888234961235,0.0005838046496084889
1973,0.0002915080395332085,4127,0.0014373832833455946,0.0005722172502901141
394,0.0002912255020584974,4123,0.0022070058287589835,0.0005619173397848921
953,0.0002905191583717196,4113,0.0005432629732329806,0.0005815157806073285
9006,0.0002884001273113861,4083,0.0018561484918793504,0.0005606298509717394
1181,0.0002869168055691527,4062,0.0011770697753381246,0.000566208969162068
2532,0.00028529221508956365,4039,0.0014600192405636353,0.0005593423621585865
403,0.00028211366849906347,3994,0.001346839454473431,0.000554335461218548
1232,0.0002802771749134411,3968,0.000237677550789429,0.0005646353717237701
6826,0.00027964146559534105,3959,0.00033953935827061286,0.0005620603940974646
1425,0.00027858195006517434,3944,0.0003055854224435516,0.0005603437423465943
872,0.0002782994125904632,3940,0.001663742855526003,0.0005426050075876007
16484,0.00027646291900484087,3914,0.0014600192405636353,0.0005414605730870206
1406,0.00027596847842409637,3907,0.00044140116575179674,0.0005533340810305404
1617,0.00027519150036864077,3896,0.0010752079678569408,0.000543749442088181
2432,0.0002733550067830184,3870,0.0013128855186463697,0.0005370258893972721
2204,0.0002710947069853294,3838,0.0006111708448871032,0.000541317518774448
7161,0.00026636220428391793,3771,0.00040744722992473546,0.000534307857458394
876,0.00026572649496581794,3762,0.00016976967913530643,0.0005360245092092645
8129,0.00026396063574887335,3737,0.0007583045668043687,0.0005250093271411797
13398,0.0002624773140066399,3716,0.0005885348876690623,0.0005241510012657446
2244,0.00025880432683539524,3664,0.0007696225454133891,0.0005144233080108126
1943,0.00025781544567390625,3650,0.00033953935827061286,0.0005178566115125533
16529,0.0002576741769365507,3648,0.000871484352894573,0.0005108469501964994
7921,0.0002576741769365507,3648,0.0021277799784958406,0.0004949679215009487
17279,0.00025696783324977287,3638,0.000475355101578858,0.0005144233080108126
1446,0.0002568265645124173,3636,0.000158451700526286,0.0005181427201376984
401,0.0002560495864569617,3625,0.0008601663742855526,0.0005076997553199038
682,0.00025590831771960616,3623,9.054382887216343e-05,0.0005171413399496906
822,0.00025336548044720597,3587,0.0005658989304510215,0.0005059831035690334
2224,0.0002523059649170392,3572,0.0005885348876690623,0.0005035511802553005
6682,0.0002520940618110059,3569,0.0012789315828193085,0.0004943957042506587
11978,0.0002504694713314169,3546,0.0011657517967291042,0.0004925359981872157
1864,0.0002502575682253835,3543,0.0005772169090600418,0.0004995456595032696
1692,0.0002499043963819946,3538,0.00028294946522551073,0.0005025498000672927
1084,0.00024813853716505003,3513,0.00033953935827061286,0.0004982581706901169
2470,0.00024806790279637225,3512,0.00039612925131571504,0.0004973998448146817
1094,0.00024750282784695004,3504,0.0014713372191726558,0.0004826652506197113
6759,0.00024545443115529434,3475,0.0008035764812404504,0.00048695687999688713
20,0.0002448187218371943,3466,0.0005206270160149398,0.0004892457489980476
2013,0.0002443949156251276,3460,0.000554580951842001,0.0004879582601848948
1355,0.00024361793756967197,3449,0.0010638899892479203,0.00047994721868083325
12234,0.00024298222825157193,3440,0.0016524248769169826,0.000471220905613909
6982,0.00024206398145876077,3427,0.0011883877539471451,0.0004752264263659398
8936,0.00024178144398404963,3423,0.0005885348876690623,0.0004822360876819937
16809,0.00024164017524669405,3421,0.001426065304736574,0.00047136395992648154
6698,0.00024093383155991623,3411,0.00029426744383453116,0.0004842388480580091
1923,0.00023930924108032725,3388,0.001131797860902043,0.00047036257973847385
1608,0.00023514181332833807,3329,0.0006224888234961235,0.0004683598193624584
17215,0.0002341529321668491,3315,0.0005206270160149398,0.0004676445477995958
7040,0.0002334465884800713,3305,0.00045271914436081716,0.00046707233054930566
1125,0.0002333759541113935,3304,0.0004640371229698376,0.0004667862219241606
7787,0.00023274024479329346,3295,3.395393582706129e-05,0.00047093479698876394
1602,0.0002325989760559379,3293,0.0004640371229698376,0.0004652126244858628
1063,0.0002325283416872601,3292,0.000158451700526286,0.00046893203661274856
1699,0.000232245804212549,3288,0.0005432629732329806,0.00046349597273499246
1858,0.00023203390110651564,3285,0.0006111708448871032,0.0004622084839218397
13587,0.0002317513636318045,3281,0.0006903966951502462,0.00046063488648354187
1972,0.00022673632345568195,3210,0.0010978439250749815,0.00044532807503828135
6999,0.00022638315161229304,3205,0.00038481127270669456,0.000453625225167488
2202,0.00022447602365799292,3178,0.0008035764812404504,0.00044446974916284614
7900,0.0002229220675470817,3156,0.0005998528662780827,0.00044389753191255606
1145,0.00022271016444104836,3153,0.00014713372191726558,0.0004491905414777396
7042,0.00022221572386030386,3146,0.0008375304170675118,0.00043946284822280764
2418,0.0002204498646433593,3121,0.00037349329409767413,0.00044175171722396814
1249,0.00021910781163848143,3102,0.000475355101578858,0.00043774619647193733
2097,0.0002172713180528591,3076,0.0007583045668043687,0.0004304504265307384
2267,0.00021663560873475904,3067,0.0006790787165412257,0.0004301643179055933
908,0.00021409277146235888,3031,0.000237677550789429,0.0004305934808433109
19,0.0002135276965129366,3023,0.0003508573368796333,0.0004280185032170054
6458,0.00021268008408880323,3011,0.0008941203101126138,0.0004194352444626537
11980,0.0002123975466140921,3007,0.0011997057325561654,0.0004150005607729053
1014,0.00021190310603334762,3000,0.00039612925131571504,0.0004241560367775471
7758,0.00021176183729599204,2998,0.000554580951842001,0.0004218671677763867
17378,0.0002083713875994585,2950,0.0005093090374059193,0.0004155727780231954
1211,0.00020625235653912502,2920,0.0013242034972553902,0.00040098123814079746
7806,0.00020166112257506916,2855,0.0011883877539471451,0.0003933993595744535
20168,0.00020116668199432467,2848,0.0009054382887216343,0.000395974337200759
922,0.00020074287578225798,2842,0.0003621753154886537,0.0004019826183288052
1248,0.0001998246289894468,2829,0.0007583045668043687,0.0003951160113253238
950,0.0001994008227773801,2823,0.00013581574330824515,0.00040212567264137774
16492,0.0001990476509339912,2818,0.0005432629732329806,0.00039626044582590403
6728,0.00019763496356043554,2798,2.2635957218040857e-05,0.00039997985795278977
61,0.00019692861987365772,2788,0.000237677550789429,0.0003958312828881865
8130,0.00019678735113630216,2786,0.00038481127270669456,0.0003936854681995985
758,0.00019636354492423545,2780,0.00044140116575179674,0.00039211187076130074
1954,0.00019608100744952434,2776,0.0008148944598494709,0.00038681886119611717
2102,0.00019480958881332424,2758,0.0029200384811272706,0.0003576357814313213
1870,0.0001941738794952242,2749,0.00032822137966159243,0.0003891077301972776
6436,0.0001925492890156352,2726,0.0003055854224435516,0.0003861035896332545
198,0.00018993581737455724,2689,0.00045271914436081716,0.0003789508740046281
2308,0.00018951201116249055,2683,0.00020372361496236773,0.00038123974300578853
2187,0.00018612156146595698,2635,0.0002603135080074699,0.00037365786443944456
359,0.000184496970986368,2612,0.00019240563635334728,0.0003712259411257115
1572,0.00018393189603694573,2604,0.000316903401052572,0.00036850790918683353
743,0.00018216603682000117,2579,0.0003621753154886537,0.0003643593341222302
6877,0.00017941129644156764,2540,0.00019240563635334728,0.0003609260306204895
1999,0.00017813987780536758,2522,0.00044140116575179674,0.00035520385811758833
17384,0.00017609148111371188,2493,0.0005772169090600418,0.0003493386313021147
6508,0.00017580894363900074,2489,0.0008488483956765321,0.00034533311055008387
6571,0.00017573830927032296,2488,0.0027049968875558824,0.00032172914897561666
1679,0.00017524386868957847,2481,0.0007243506309773074,0.00034576227348780147
1027,0.00017453752500280065,2471,6.790787165412258e-05,0.0003526288804912828
1243,0.0001743962562654451,2469,0.00040744722992473546,0.0003480511424889619
1664,0.00017404308442205618,2464,0.000950710203157716,0.0003404692639226179
774,0.00017383118131602282,2461,0.0004187652085337559,0.00034676365367580916
7171,0.00017305420326056722,2450,0.00342934751853319,0.00030713760909321876
719,0.00017305420326056722,2450,0.0005432629732329806,0.00034361645879921356
772,0.00017206532209907826,2436,0.000316903401052572,0.0003444747846746487
1343,0.00017001692540742256,2407,0.00013581574330824515,0.00034261507861120587
1442,0.0001670502819229557,2365,0.000316903401052572,0.0003343179284819992
2173,0.00016697964755427793,2364,0.0007243506309773074,0.00032902491891681566
6535,0.0001657788632867556,2347,0.0008262124384584913,0.0003253055067899299
1007,0.00016478998212526665,2333,0.000475355101578858,0.0003277374301036629
1915,0.00016471934775658887,2332,0.00037349329409767413,0.0003288818646042431
1751,0.000163377294751711,2313,0.00024899552939844946,0.0003277374301036629
6757,0.0001630947572769999,2309,0.0002716314866164903,0.0003268791042282277
2088,0.00016288285417096653,2306,0.00040744722992473546,0.0003247332895396398
6506,0.00016267095106493317,2303,0.00040744722992473546,0.0003243041266019222
6522,0.0001621765104841887,2296,0.00037349329409767413,0.0003237319093516321
6546,0.0001605519200045997,2273,0.00018108765774432685,0.00032287358347619693
21196,0.00015998684505517745,2265,0.0005658989304510215,0.0003168653023481507
8427,0.00015920986699972185,2254,0.0005658989304510215,0.0003152917049098529
13893,0.00015786781399484398,2235,0.000713032652368287,0.00031071396690753196
1142,0.00015673766409599947,2219,0.0005885348876690623,0.00030999869534466934
977,0.00015645512662128833,2215,0.0004979910587968989,0.00031057091259495943
2000,0.00015638449225261055,2214,0.00039612925131571504,0.0003117153470955397
1998,0.00015440672992963263,2186,0.0003508573368796333,0.000308282043593799
1344,0.0001524996019753325,2159,0.00024899552939844946,0.00030570706596749346
6515,0.0001524289676066547,2158,0.0020485541282326976,0.0002828183759558889
1674,0.00015235833323797693,2157,0.0032822137966159242,0.0002670824015729108
12361,0.00015228769886929916,2156,0.00022635957218040858,0.00030556401165492093
7137,0.00015200516139458802,2152,0.0006564427593231849,0.00029955573052687474
1894,0.0001500273990716101,2124,0.00010186180748118387,0.00030255987109089786
1740,0.0001475551961678877,2089,0.00024899552939844946,0.00029569326408741646
836,0.00014656631500639878,2075,0.00012449776469922473,0.0002952641011496989
1210,0.00014543616510755424,2059,0.0026710429517288214,0.00026078801181971954
17124,0.00014374094025928748,2035,0.0009733461603757569,0.0002788128552038581
1452,0.00014303459657250965,2025,0.00037349329409767413,0.00028496419064447684
6467,0.00014162190919895398,2005,0.00021504159357138816,0.0002841058647690417
2030,0.00014027985619407613,1986,0.0008828023315035935,0.00027294762838838446
1028,0.00014013858745672055,1984,6.790787165412258e-05,0.00028296143026846146
7720,0.0001390790719265538,1969,0.0007469865881953483,0.0002722323568255218
1538,0.000138372728239776,1959,0.00048667308018787844,0.0002740920628889647
2178,0.00013801955639638707,1954,0.0005093090374059193,0.000273090682700957
6502,0.00013660686902283142,1934,0.003384075604097108,0.00023389380105608417
6764,0.00013582989096737582,1923,0.000237677550789429,0.00027208930251294925
1039,0.0001346997410685313,1907,0.00019240563635334728,0.00027037265076207894
2032,0.00013378149427572012,1894,7.9225850263143e-05,0.00026994348782436134
777,0.00013286324748290897,1881,0.00033953935827061286,0.0002647935325717503
776,0.00013088548515993105,1853,0.00037349329409767413,0.00026035884888200194
1922,0.00012996723836711986,1840,0.000633806802105144,0.0002552088936293909
1916,0.00012989660399844209,1839,0.00024899552939844946,0.00025992968594428434
1303,0.00012989660399844209,1839,0.00037349329409767413,0.00025835608850598656
6521,0.00012933152904901982,1831,0.0005319449946239601,0.0002552088936293909
2002,0.00012728313235736414,1802,0.00032822137966159243,0.0002536352961910931
1558,0.00012707122925133079,1799,0.0002603135080074699,0.0002540644591288107
16489,0.00012636488556455296,1789,0.00038481127270669456,0.00025106031856478756
16144,0.00012601171372116405,1784,0.0008828023315035935,0.00024405065724873368
6553,0.00012601171372116405,1784,0.00011317978609020429,0.0002537783505036656
1223,0.00012544663877174178,1776,0.000237677550789429,0.00025106031856478756
295,0.00012452839197893062,1763,0.00021504159357138816,0.0002494867211264898
1431,0.00012445775761025284,1762,0.00021504159357138816,0.00024934366681391725
67,0.00012410458576686393,1757,0.0005206270160149398,0.00024476592881159635
997,0.00012368077955479721,1751,5.6589893045102146e-05,0.0002497728297516348
7158,0.0001233982420800861,1747,0.0002603135080074699,0.0002466256348750392
1666,0.00012276253276198606,1738,0.0004300831871427763,0.00024319233137329852
16566,0.00012184428596917488,1725,0.00028294946522551073,0.00024319233137329852
21189,0.00012071413607033036,1709,0.00048667308018787844,0.00023832848474583253
919,0.00012000779238355254,1699,0.0006224888234961235,0.00023518128986923693
7918,0.00011923081432809692,1688,0.0006224888234961235,0.0002336076924309391
6935,0.00011866573937867466,1680,0.0004300831871427763,0.00023489518124409186
6965,0.00011774749258586349,1667,0.00020372361496236773,0.00023589656143209955
656,0.00011774749258586349,1667,4.5271914436081714e-05,0.00023789932180811495
6572,0.0001173236863737968,1661,0.0030219002886084545,0.00019941771172610477
6966,0.00011675861142437453,1653,0.00018108765774432685,0.0002341799096812292
71,0.00011619353647495227,1645,0.00011317978609020429,0.00023389380105608417
1438,0.00011591099900024114,1641,0.000554580951842001,0.00022774246561546544
1479,0.00011584036463156336,1640,0.00018108765774432685,0.00023232020361778634
7772,0.00011555782715685223,1636,0.00010186180748118387,0.00023274936655550392
6923,0.00011499275220742997,1628,0.0005885348876690623,0.00022545359661430497
7157,0.00011478084910139662,1625,0.00044140116575179674,0.00022688413974003026
763,0.00011463958036404106,1623,0.00019240563635334728,0.00022974522599148082
7855,0.00011435704288932994,1619,0.0002603135080074699,0.00022831468286575556
2284,0.00011386260230858545,1612,0.00022635957218040858,0.00022774246561546544
754,0.00011365069920255211,1609,1.1317978609020428e-05,0.0002300313346166259
6851,0.0001128737211470965,1598,0.00037349329409767413,0.00022387999917600717
2486,0.00011216737746031867,1588,0.00016976967913530643,0.0002250244336765874
882,0.00011216737746031867,1588,0.0003508573368796333,0.00022273556467542694
7219,0.00011061342134940745,1566,0.00029426744383453116,0.00022030364136169396
618,0.00011011898076866297,1559,0.0013242034972553902,0.00020628431872958615
7136,0.0001096245401879185,1552,0.00032822137966159243,0.00021787171804796095
1680,0.00010934200271320737,1548,0.00020372361496236773,0.00021887309823596867
13228,0.00010913009960717402,1545,0.00040744722992473546,0.00021586895767194557
15385,0.00010884756213246289,1541,0.00021504159357138816,0.00021772866373538844
6962,0.00010870629339510732,1539,0.00032822137966159243,0.00021601201198451808
614,0.00010828248718304063,1533,0.000158451700526286,0.00021729950079767084
1386,0.00010814121844568506,1531,0.00010186180748118387,0.00021772866373538844
1705,0.0001079999497083295,1529,0.0002603135080074699,0.00021543979473422797
1701,0.00010651662796609607,1508,0.0004640371229698376,0.00020986067654389935
534,0.00010616345612270716,1503,0.00037349329409767413,0.00021028983948161696
7895,0.00010573964991064047,1497,0.00033953935827061286,0.00020986067654389935
447,0.00010538647806725154,1492,0.0008488483956765321,0.00020270796091527294
1272,0.00010524520932989599,1490,0.00018108765774432685,0.00021086205673190707
2490,0.0001051745749612182,1489,0.000237677550789429,0.0002100037308564719
2159,0.00010482140311782928,1484,0.00016976967913530643,0.00021014678516904442
2733,0.00010418569379972925,1475,0.0022522777431950654,0.0001825373028425464
670,0.00010362061885030698,1467,0.0003621753154886537,0.00020528293854157846
380,0.00010284364079485138,1456,0.0007017146737592666,0.00019941771172610477
574,0.00010256110332014024,1452,0.00029426744383453116,0.0002039954497284257
1694,0.00010227856584542912,1448,0.00039612925131571504,0.00020213574366498283
6979,0.00010093651284055125,1429,0.00016976967913530643,0.00020227879797755536
2419,0.00010079524410319568,1427,0.00019240563635334728,0.00020170658072726525
7205,9.959445983567337e-05,1410,0.000237677550789429,0.00019870244016324213
1577,9.945319109831782e-05,1408,0.000158451700526286,0.00019941771172610477
1997,9.91000192549289e-05,1403,3.395393582706129e-05,0.00020027603760153996
11967,9.846430993682886e-05,1394,9.054382887216343e-05,0.00019827327722552455
1319,9.818177246211772e-05,1390,0.0004640371229698376,0.000192980267660341
2491,9.754606314401769e-05,1381,9.054382887216343e-05,0.00019641357116208168
6589,9.726352566930655e-05,1377,0.0006564427593231849,0.00018868863828316515
60,9.613337577046204e-05,1361,0.00024899552939844946,0.0001915497245346157
637,9.535639771500642e-05,1350,0.00011317978609020429,0.00019169277884718825
21204,9.429688218483968e-05,1335,0.000554580951842001,0.0001839678459682717
6520,9.351990412938408e-05,1324,5.6589893045102146e-05,0.00018868863828316515
1971,9.288419481128403e-05,1315,0.00019240563635334728,0.00018568449771914203
7793,9.260165733657291e-05,1311,7.9225850263143e-05,0.0001865428235945772
2469,9.147150743772838e-05,1295,0.00024899552939844946,0.00018210813990482882
1468,9.133023870037282e-05,1293,0.00021504159357138816,0.00018225119421740136
12238,9.133023870037282e-05,1293,0.0005093090374059193,0.00017853178209051562
866,9.10477012256617e-05,1289,0.00012449776469922473,0.00018282341146769147
7725,9.041199190756165e-05,1280,0.00048667308018787844,0.0001769581846522178
2269,9.041199190756165e-05,1280,0.0003055854224435516,0.00017924705365337826
6548,9.027072317020608e-05,1278,6.790787165412258e-05,0.0001819650855922563
6964,8.998818569549496e-05,1274,0.00012449776469922473,0.00018067759677910353
7854,8.984691695813939e-05,1272,0.00044140116575179674,0.00017638596740192768
11975,8.949374511475048e-05,1267,0.00016976967913530643,0.00017910399934080573
7086,8.949374511475048e-05,1267,0.00012449776469922473,0.00017967621659109584
7923,8.892867016532822e-05,1259,1.1317978609020428e-05,0.0001799623252162409
259,8.850486395326152e-05,1253,5.6589893045102146e-05,0.00017853178209051562
1594,8.850486395326152e-05,1253,0.0007356686095863279,0.0001699485233361639
2528,8.850486395326152e-05,1253,0.0,0.00017924705365337826
1412,8.81516921098726e-05,1248,0.00013581574330824515,0.00017681513033964528
759,8.786915463516148e-05,1244,0.00021504159357138816,0.00017524153290134745
2266,8.765725152912812e-05,1241,0.00021504159357138816,0.00017481236996362987
2529,8.709217657970587e-05,1233,5.6589893045102146e-05,0.00017567069583906506
1079,8.688027347367252e-05,1230,0.00020372361496236773,0.00017338182683790458
867,8.61739297868947e-05,1220,0.00010186180748118387,0.00017323877252533205
7073,8.483187678201682e-05,1201,0.00018108765774432685,0.0001695193603984463
1469,8.476124241333905e-05,1200,5.6589893045102146e-05,0.0001709499035241716
68,8.476124241333905e-05,1200,0.00033953935827061286,0.0001673735457098584
16096,8.45493393073057e-05,1197,0.0004300831871427763,0.00016579994827156056
6784,8.4125533095239e-05,1191,0.0004187652085337559,0.00016508467670869794
801,8.398426435788344e-05,1189,0.00020372361496236773,0.00016751660002243092
2110,8.370172688317231e-05,1185,0.0009959821175937978,0.0001569305808920638
15608,8.348982377713896e-05,1182,0.00038481127270669456,0.00016422635083326276
7065,8.341918940846117e-05,1181,0.005455265689547847,9.999496448819744e-05
722,8.313665193375005e-05,1177,0.00018108765774432685,0.00016608605689670563
189,8.257157698432778e-05,1169,7.9225850263143e-05,0.00016622911120927817
7035,8.257157698432778e-05,1169,0.00032822137966159243,0.00016308191633268254
724,8.207713640358331e-05,1162,0.00024899552939844946,0.00016308191633268254
2186,8.200650203490552e-05,1161,0.00010186180748118387,0.00016479856808355287
16498,8.073508339870544e-05,1143,0.0005093090374059193,0.00015707363520463635
989,7.953429913118314e-05,1126,0.00020372361496236773,0.0001585041783303616
329,7.946366476250536e-05,1125,0.0004187652085337559,0.00015564309207891105
1062,7.918112728779422e-05,1121,0.00016976967913530643,0.00015821806970521657
6564,7.88985898130831e-05,1117,0.00010186180748118387,0.0001585041783303616
193,7.76978055455608e-05,1100,5.6589893045102146e-05,0.00015664447226691874
1686,7.720336496481632e-05,1093,0.00012449776469922473,0.00015478476620347587
1101,7.706209622746075e-05,1091,0.000554580951842001,0.00014906259370057472
737,7.68501931214274e-05,1088,3.395393582706129e-05,0.00015521392914119347
399,7.68501931214274e-05,1088,0.0003508573368796333,0.00015120840838916266
6889,7.656765564671627e-05,1084,0.001290249561428329,0.00013876268319535268
632,7.64263869093607e-05,1082,0.0011431158395110634,0.0001403362806336505
1917,7.56494088539051e-05,1071,0.000158451700526286,0.00015120840838916266
6640,7.56494088539051e-05,1071,0.0002603135080074699,0.0001499209195760099
1685,7.550814011654953e-05,1069,0.0002716314866164903,0.00014949175663829233
987,7.515496827316062e-05,1064,0.00029426744383453116,0.0001484903764502846
27,7.423672148034945e-05,1051,0.00010186180748118387,0.00014906259370057472
1669,7.416608711167167e-05,1050,0.0004187652085337559,0.0001449140186359714
16491,7.36010121622494e-05,1042,0.00014713372191726558,0.00014720288763713185
2495,7.317720595018271e-05,1036,0.00010186180748118387,0.0001469167790119868
357,7.240022789472711e-05,1025,5.6589893045102146e-05,0.00014591539882397912
2007,7.183515294530484e-05,1017,0.0003508573368796333,0.00014105155219651313
1955,7.148198110191592e-05,1012,0.00013581574330824515,0.00014305431257252853
11968,7.141134673323815e-05,1011,0.00010186180748118387,0.0001433404211976736
1822,7.11994436272048e-05,1008,0.00019240563635334728,0.00014176682375937577
1959,7.112880925852701e-05,1007,0.000237677550789429,0.00014105155219651313
6723,7.105817488984924e-05,1006,0.00033953935827061286,0.00013962100907078786
406,7.091690615249367e-05,1004,0.00045271914436081716,0.0001379043573199175
962,7.091690615249367e-05,1004,5.6589893045102146e-05,0.000142911258259956
478,6.985739062232693e-05,989,6.790787165412258e-05,0.00014062238925879555
288,6.985739062232693e-05,989,0.00012449776469922473,0.0001399071176959329
407,6.908041256687133e-05,978,0.0004640371229698376,0.00013404189088045925
2719,6.893914382951576e-05,976,0.00029426744383453116,0.00013590159694390212
1045,6.893914382951576e-05,976,6.790787165412258e-05,0.00013876268319535268
7724,6.787962829934902e-05,961,0.00011317978609020429,0.00013604465125647463
7184,6.759709082463789e-05,957,0.0015166091336087375,0.00011773369924719098
1681,6.703201587521563e-05,949,0.0004300831871427763,0.0001303224787535735
2724,6.689074713786006e-05,947,0.000237677550789429,0.00013246829344216142
6459,6.618440345108224e-05,937,0.00029426744383453116,0.0001303224787535735
1192,6.484235044620436e-05,918,0.00012449776469922473,0.0001297502615032834
6555,6.477171607752659e-05,917,0.00020372361496236773,0.00012860582700270314
2683,6.463044734017102e-05,915,0.00029426744383453116,0.00012717528387697787
2729,6.448917860281545e-05,913,0.0011883877539471451,0.00011558788455860306
1984,6.42772754967821e-05,910,0.00033953935827061286,0.00012588779506382512
6444,6.413600675942654e-05,908,0.00013581574330824515,0.00012817666406498556
7135,6.357093181000428e-05,900,0.00016976967913530643,0.00012660306662668776
196,6.35002974413265e-05,899,2.2635957218040857e-05,0.0001283197183775581
2221,6.314712559793759e-05,894,0.00014713372191726558,0.00012603084937639765
2087,6.222887880512642e-05,881,7.9225850263143e-05,0.00012502946918838993
238,6.215824443644863e-05,880,0.00011317978609020429,0.00012445725193809982
1919,6.187570696173751e-05,876,0.00014713372191726558,0.00012345587175009213
1930,6.166380385570415e-05,873,7.9225850263143e-05,0.0001238850346878097
593,6.138126638099303e-05,869,6.790787165412258e-05,0.00012345587175009213
2100,6.0039213376115156e-05,850,0.00040744722992473546,0.00011644621043403823
7159,5.982731027008181e-05,847,0.00019240563635334728,0.00011873507943519869
1517,5.961540716404846e-05,844,0.00010186180748118387,0.00011945035099806133
1668,5.954477279537068e-05,843,0.0003621753154886537,0.00011601704749632065
7872,5.9403504058015115e-05,841,4.5271914436081714e-05,0.00011973645962320639
2425,5.9403504058015115e-05,841,5.6589893045102146e-05,0.00011959340531063386
510,5.897969784594842e-05,835,2.2635957218040857e-05,0.00011916424237291627
6577,5.8909063477270635e-05,834,9.054382887216343e-05,0.00011816286218490858
1614,5.8767794739915074e-05,832,0.00020372361496236773,0.00011644621043403823
1117,5.8626526002559506e-05,830,0.00014713372191726558,0.00011687537337175582
1167,5.8626526002559506e-05,830,0.0004187652085337559,0.00011344206987001513
751,5.855589163388172e-05,829,7.9225850263143e-05,0.00011759064493461846
15457,5.8485257265203945e-05,828,0.0013807933903004924,0.00010099634467620515
845,5.8485257265203945e-05,828,7.9225850263143e-05,0.00011744759062204593
2005,5.8132085421815026e-05,823,0.00010186180748118387,0.00011644621043403823
1165,5.7708279209748336e-05,817,0.00013581574330824515,0.00011515872162088547
2223,5.763764484107055e-05,816,0.00012449776469922473,0.00011515872162088547
1112,5.756701047239277e-05,815,0.00014713372191726558,0.00011472955868316789
14382,5.7355107366359424e-05,812,0.00028294946522551073,0.00011258374399457996
15658,5.728447299768164e-05,811,0.00010186180748118387,0.00011472955868316789
850,5.66487636795816e-05,802,9.054382887216343e-05,0.00011358512418258765
750,5.66487636795816e-05,802,9.054382887216343e-05,0.00011358512418258765
272,5.643686057354825e-05,799,7.9225850263143e-05,0.0001132990155574426
2530,5.636622620487046e-05,798,0.0,0.00011415734143287778
445,5.5942419992803774e-05,792,0.00033953935827061286,0.00010900738618026674
6582,5.5942419992803774e-05,792,2.2635957218040857e-05,0.00011301290693229754
804,5.558924814941486e-05,787,0.00037349329409767413,0.00010786295167968652
2179,5.495353883131481e-05,778,0.00029426744383453116,0.00010757684305454146
1606,5.481227009395925e-05,776,0.00014713372191726558,0.00010915044049283928
2660,5.474163572528147e-05,775,0.000158451700526286,0.00010886433186769422
6516,5.4388463881892556e-05,770,0.0017542866843981665,8.797840223210505e-05
1180,5.403529203850364e-05,765,4.5271914436081714e-05,0.00010886433186769422
1282,5.3258313983048034e-05,754,0.00014713372191726558,0.00010600324561624365
7841,5.304641087701469e-05,751,0.00013581574330824515,0.00010571713699109859
813,5.255197029627021e-05,744,0.00039612925131571504,0.00010142550761392274
6867,5.1986895346847945e-05,736,0.00020372361496236773,0.0001027129964270755
1746,5.149245476610347e-05,729,0.00014713372191726558,0.00010242688780193043
16488,5.142182039742569e-05,728,0.00011317978609020429,0.0001027129964270755
66,5.092737981668121e-05,721,1.1317978609020428e-05,0.00010299910505222055
1829,5.092737981668121e-05,721,2.2635957218040857e-05,0.00010285605073964802
16441,5.092737981668121e-05,721,3.395393582706129e-05,0.0001027129964270755
1879,5.071547671064786e-05,718,0.0011770697753381246,8.783534791953253e-05
6861,4.923215496841443e-05,697,5.6589893045102146e-05,9.899358430018975e-05
2520,4.89496174937033e-05,693,0.00013581574330824515,9.741998686189194e-05
16155,4.8878983125025516e-05,692,0.0004300831871427763,9.355752042243366e-05
13948,4.845517691295882e-05,686,3.395393582706129e-05,9.7706095487037e-05
8930,4.781946759485878e-05,677,0.0,9.684776961160181e-05
2435,4.7748833226180995e-05,676,3.395393582706129e-05,9.62755523613117e-05
981,4.7748833226180995e-05,676,0.00045271914436081716,9.098254279612814e-05
7187,4.739566138279208e-05,671,0.0002603135080074699,9.26991945469985e-05
6653,4.69012208020476e-05,664,6.790787165412258e-05,9.412973767272377e-05
6575,4.6830586433369825e-05,663,7.9225850263143e-05,9.384362904757872e-05
1613,4.668931769601426e-05,661,0.00019240563635334728,9.212697729670838e-05
1115,4.6618683327336474e-05,660,7.9225850263143e-05,9.341446610986114e-05
7078,4.619487711526978e-05,654,3.395393582706129e-05,9.312835748471607e-05
2006,4.619487711526978e-05,654,0.00016976967913530643,9.141170573384573e-05
6953,4.6124242746592e-05,653,0.00019240563635334728,9.098254279612814e-05
2440,4.6124242746592e-05,653,0.00010186180748118387,9.212697729670838e-05
6849,4.6053608377914216e-05,652,0.000158451700526286,9.12686514212732e-05
417,4.591233964055865e-05,650,0.00013581574330824515,9.12686514212732e-05
2409,4.577107090320309e-05,648,6.790787165412258e-05,9.184086867156333e-05
398,4.548853342849195e-05,644,0.00021504159357138816,8.940894535783033e-05
741,4.478218974171413e-05,634,0.00014713372191726558,8.883672810754022e-05
2067,4.471155537303635e-05,633,3.395393582706129e-05,9.012421692069298e-05
1026,4.400521168625852e-05,623,2.2635957218040857e-05,8.883672810754022e-05
7010,4.393457731758074e-05,622,7.9225850263143e-05,8.797840223210505e-05
1893,4.393457731758074e-05,622,5.6589893045102146e-05,8.82645108572501e-05
1342,4.393457731758074e-05,622,0.00010186180748118387,8.769229360695999e-05
1013,4.3652039842869606e-05,618,0.0002603135080074699,8.511731598065448e-05
6434,4.308696489344735e-05,610,2.2635957218040857e-05,8.697702204409735e-05
15613,4.266315868138065e-05,604,0.00024899552939844946,8.32576099172116e-05
6955,4.230998683799174e-05,599,0.000237677550789429,8.268539266692149e-05
6952,4.2098083731958395e-05,596,0.000158451700526286,8.32576099172116e-05
2400,4.202744936328061e-05,595,5.6589893045102146e-05,8.440204441779184e-05
881,4.202744936328061e-05,595,0.0,8.511731598065448e-05
16501,4.195681499460283e-05,594,0.00032822137966159243,8.082568660347862e-05
6752,4.195681499460283e-05,594,0.00020372361496236773,8.239928404177644e-05
6924,4.1603643151213914e-05,589,0.00012449776469922473,8.268539266692149e-05
287,4.1462374413858353e-05,587,5.6589893045102146e-05,8.32576099172116e-05
6448,4.1250471307825e-05,584,0.00012449776469922473,8.197012110405885e-05
6579,4.1109202570469434e-05,582,6.790787165412258e-05,8.239928404177644e-05
1593,4.103856820179166e-05,581,3.395393582706129e-05,8.268539266692149e-05
1309,4.0685396358402745e-05,576,9.054382887216343e-05,8.125484954119621e-05
1964,4.054412762104718e-05,574,6.790787165412258e-05,8.125484954119621e-05
1011,4.040285888369161e-05,572,6.790787165412258e-05,8.096874091605116e-05
6950,4.033222451501383e-05,571,7.9225850263143e-05,8.06826322909061e-05
2367,3.9908418302947136e-05,565,0.00038481127270669456,7.596183997601265e-05
1349,3.9696515196913784e-05,562,1.1317978609020428e-05,8.025346935318851e-05
15295,3.962588082823601e-05,561,4.5271914436081714e-05,7.96812521028984e-05
6880,3.948461209088044e-05,559,0.00019240563635334728,7.753543741431047e-05
6798,3.920207461616931e-05,555,0.00019240563635334728,7.696322016402036e-05
2407,3.906080587881374e-05,553,9.054382887216343e-05,7.796460035202805e-05
6724,3.821319345468035e-05,541,7.9225850263143e-05,7.639100291373023e-05
1183,3.821319345468035e-05,541,0.00012449776469922473,7.581878566344012e-05
855,3.793065597996922e-05,537,3.395393582706129e-05,7.639100291373023e-05
856,3.764811850525809e-05,533,1.1317978609020428e-05,7.610489428858518e-05
6566,3.757748413658031e-05,532,6.790787165412258e-05,7.524656841315001e-05
7058,3.757748413658031e-05,532,0.0,7.610489428858518e-05
1280,3.7506849767902525e-05,531,2.2635957218040857e-05,7.56757313508676e-05
2698,3.7365581030546964e-05,529,0.0003055854224435516,7.181326491140932e-05
2665,3.701240918715805e-05,524,7.9225850263143e-05,7.395907959999725e-05
6868,3.694177481848027e-05,523,7.9225850263143e-05,7.381602528742473e-05
1965,3.672987171244692e-05,520,6.790787165412258e-05,7.352991666227967e-05
307,3.623543113170244e-05,513,0.0003508573368796333,6.895217865995875e-05
1536,3.6094162394346875e-05,511,0.0,7.310075372456208e-05
1100,3.60235280256691e-05,510,3.395393582706129e-05,7.252853647427197e-05
1292,3.5952893656991314e-05,509,3.395393582706129e-05,7.238548216169943e-05
15610,3.574099055095796e-05,506,0.00038481127270669456,6.752163553423347e-05
1628,3.55997218136024e-05,504,7.9225850263143e-05,7.109799334854669e-05
809,3.552908744492462e-05,503,0.00013581574330824515,7.023966747311151e-05
7823,3.5175915601535705e-05,498,1.1317978609020428e-05,7.109799334854669e-05
16731,3.510528123285792e-05,497,0.00012449776469922473,6.952439591024887e-05
2219,3.503464686418014e-05,496,7.9225850263143e-05,6.995355884796645e-05
790,3.503464686418014e-05,496,0.00013581574330824515,6.923828728510382e-05
6484,3.4893378126824576e-05,494,0.000158451700526286,6.866607003481369e-05
6747,3.4893378126824576e-05,494,1.1317978609020428e-05,7.052577609825656e-05
16485,3.461084065211344e-05,490,2.2635957218040857e-05,6.981050453539393e-05
942,3.461084065211344e-05,490,3.395393582706129e-05,6.96674502228214e-05
2086,3.4540206283435664e-05,489,7.9225850263143e-05,6.895217865995875e-05
9712,3.4045765702691184e-05,482,2.2635957218040857e-05,6.866607003481369e-05
711,3.3763228227980055e-05,478,3.395393582706129e-05,6.795079847195106e-05
6963,3.3480690753268926e-05,474,4.5271914436081714e-05,6.723552690908841e-05
6665,3.341005638459114e-05,473,0.00012449776469922473,6.609109240850819e-05
2050,3.341005638459114e-05,473,6.790787165412258e-05,6.680636397137082e-05
6578,3.305688454120223e-05,468,4.5271914436081714e-05,6.637720103365324e-05
6954,3.305688454120223e-05,468,0.00012449776469922473,6.537582084564554e-05
13391,3.291561580384666e-05,466,0.00014713372191726558,6.480360359535543e-05
2726,3.27743470664911e-05,464,0.00010186180748118387,6.508971222050048e-05
2101,3.256244396045775e-05,461,0.0005658989304510215,5.879532246730923e-05
648,3.2350540854424405e-05,458,2.2635957218040857e-05,6.5232766533073e-05
1648,3.1856100273679925e-05,451,6.790787165412258e-05,6.36591690947752e-05
7220,3.178546590500214e-05,450,9.054382887216343e-05,6.323000615705761e-05
2094,3.171483153632436e-05,449,6.790787165412258e-05,6.337306046963014e-05
1295,3.164419716764658e-05,448,0.00011317978609020429,6.26577889067675e-05
1191,3.1573562798968796e-05,447,5.6589893045102146e-05,6.323000615705761e-05
7090,3.1361659692935444e-05,444,0.0007356686095863279,5.4217584464988315e-05
6876,3.0937853480868755e-05,438,9.054382887216343e-05,6.151335440618726e-05
2218,3.0937853480868755e-05,438,0.00010186180748118387,6.137030009361474e-05
340,3.086721911219097e-05,437,4.5271914436081714e-05,6.194251734390486e-05
6576,3.086721911219097e-05,437,1.1317978609020428e-05,6.237168028162245e-05
14087,3.086721911219097e-05,437,3.395393582706129e-05,6.208557165647739e-05
7002,3.079658474351319e-05,436,0.00011317978609020429,6.094113715589716e-05
1197,3.07259503748354e-05,435,3.395393582706129e-05,6.179946303133233e-05
7727,3.058468163747984e-05,433,0.00022635957218040858,5.908143109245429e-05
1667,3.0443412900124275e-05,431,0.00013581574330824515,5.9939756967889456e-05
6981,3.0443412900124275e-05,431,3.395393582706129e-05,6.122724578104221e-05
1584,3.037277853144649e-05,430,0.00011317978609020429,6.0082811280461984e-05
7893,3.0160875425413142e-05,427,0.00013581574330824515,5.9367539717599344e-05
636,3.0019606688057578e-05,425,4.5271914436081714e-05,6.022586559303451e-05
1725,2.980770358202423e-05,422,0.00012449776469922473,5.879532246730923e-05
6933,2.9595800475990885e-05,419,9.054382887216343e-05,5.879532246730923e-05
591,2.9595800475990885e-05,419,4.5271914436081714e-05,5.9367539717599344e-05
635,2.95251661073131e-05,418,7.9225850263143e-05,5.879532246730923e-05
1219,2.95251661073131e-05,418,6.790787165412258e-05,5.893837677988176e-05
1434,2.9454531738635317e-05,417,6.790787165412258e-05,5.879532246730923e-05
7383,2.9454531738635317e-05,417,0.00012449776469922473,5.8080050904446585e-05
1368,2.9383897369957537e-05,416,5.6589893045102146e-05,5.879532246730923e-05
568,2.9313263001279753e-05,415,3.395393582706129e-05,5.893837677988176e-05
1748,2.9313263001279753e-05,415,2.2635957218040857e-05,5.908143109245429e-05
720,2.9242628632601973e-05,414,0.00014713372191726558,5.7364779341583945e-05
6725,2.9101359895246405e-05,412,9.054382887216343e-05,5.779394227930153e-05
6584,2.8818822420535276e-05,408,0.00010186180748118387,5.707867071643889e-05
1348,2.8818822420535276e-05,408,0.0,5.836615952959164e-05
7066,2.8606919314501928e-05,405,0.0009733461603757569,4.56343257106366e-05
1393,2.8536284945824144e-05,404,6.790787165412258e-05,5.693561640386636e-05
7869,2.8465650577146364e-05,403,3.395393582706129e-05,5.722172502901142e-05
1326,2.839501620846858e-05,402,0.00011317978609020429,5.6077290528431186e-05
1833,2.83243818397908e-05,401,6.790787165412258e-05,5.650645346614877e-05
2191,2.83243818397908e-05,401,0.0005998528662780827,4.978290077523993e-05
1320,2.811247873375745e-05,398,5.6589893045102146e-05,5.6220344841003714e-05
1050,2.8041844365079667e-05,397,0.0,5.6792562091293826e-05
7525,2.7971209996401887e-05,396,4.5271914436081714e-05,5.6077290528431186e-05
2271,2.7971209996401887e-05,396,6.790787165412258e-05,5.579118190328613e-05
6975,2.7971209996401887e-05,396,1.1317978609020428e-05,5.650645346614877e-05
2185,2.7688672521690755e-05,392,0.000158451700526286,5.407453015241579e-05
2230,2.7688672521690755e-05,392,0.00014713372191726558,5.4217584464988315e-05
6791,2.754740378433519e-05,390,0.00021504159357138816,5.3073149964408084e-05
2710,2.7406135046979626e-05,388,0.00022635957218040858,5.26439870266905e-05
709,2.7194231940946278e-05,385,1.1317978609020428e-05,5.4932856027850955e-05
255,2.7194231940946278e-05,385,4.5271914436081714e-05,5.450369309013337e-05
15100,2.7123597572268494e-05,384,0.00010186180748118387,5.36453672146982e-05
264,2.698232883491293e-05,382,2.2635957218040857e-05,5.436063877756084e-05
2662,2.6841060097557365e-05,380,7.9225850263143e-05,5.335925858955315e-05
2622,2.66997913602018e-05,378,0.00012449776469922473,5.250093271411797e-05
5273,2.6629156991524017e-05,377,0.0,5.393147583984326e-05
194,2.6558522622846233e-05,376,2.2635957218040857e-05,5.3502312902125675e-05
2404,2.641725388549067e-05,374,0.00010186180748118387,5.2214824088972916e-05
625,2.641725388549067e-05,374,5.6589893045102146e-05,5.278704133926303e-05
13026,2.6275985148135105e-05,372,0.000158451700526286,5.121344390096521e-05
7878,2.6275985148135105e-05,372,0.0,5.321620427698062e-05
2567,2.613471641077954e-05,370,4.5271914436081714e-05,5.2357878401545444e-05
2487,2.6064082042101757e-05,369,5.6589893045102146e-05,5.207176977640039e-05
7729,2.5993447673423973e-05,368,0.00010186180748118387,5.135649821353775e-05
683,2.5993447673423973e-05,368,0.0,5.26439870266905e-05
1777,2.5781544567390628e-05,365,3.395393582706129e-05,5.178566115125533e-05
6974,2.5499007092679496e-05,361,1.1317978609020428e-05,5.1499552526110276e-05
6896,2.5428372724001715e-05,360,0.0008375304170675118,4.091353339574316e-05
2226,2.5216469617968367e-05,357,9.054382887216343e-05,4.992595508781246e-05
6971,2.5145835249290583e-05,356,0.0,5.092733527582016e-05
2444,2.5075200880612803e-05,355,5.6589893045102146e-05,5.006900940038499e-05
16733,2.5075200880612803e-05,355,0.00012449776469922473,4.9210683524949814e-05
1074,2.4863297774579455e-05,352,9.054382887216343e-05,4.9210683524949814e-05
2192,2.4863297774579455e-05,352,2.2635957218040857e-05,5.006900940038499e-05
732,2.4722029037223887e-05,350,7.9225850263143e-05,4.9067629212377286e-05
1675,2.4722029037223887e-05,350,7.9225850263143e-05,4.9067629212377286e-05
17184,2.4651394668546106e-05,349,9.054382887216343e-05,4.878152058723223e-05
969,2.4510125931190542e-05,347,4.5271914436081714e-05,4.9067629212377286e-05
345,2.4510125931190542e-05,347,4.5271914436081714e-05,4.9067629212377286e-05
7824,2.4439491562512758e-05,346,2.2635957218040857e-05,4.9210683524949814e-05
271,2.4298222825157194e-05,344,3.395393582706129e-05,4.878152058723223e-05
7034,2.415695408780163e-05,342,0.000158451700526286,4.692181452378936e-05
3493,2.4015685350446062e-05,340,2.2635957218040857e-05,4.8352357649514646e-05
2096,2.394505098176828e-05,339,3.395393582706129e-05,4.806624902436959e-05
1927,2.394505098176828e-05,339,9.054382887216343e-05,4.735097746150694e-05
16163,2.394505098176828e-05,339,0.00016976967913530643,4.634959727349925e-05
1722,2.3803782244412717e-05,337,3.395393582706129e-05,4.7780140399224534e-05
2251,2.3733147875734933e-05,336,3.395393582706129e-05,4.7637086086652006e-05
1882,2.3733147875734933e-05,336,6.790787165412258e-05,4.7207923148934415e-05
7145,2.366251350705715e-05,335,2.2635957218040857e-05,4.7637086086652006e-05
4023,2.366251350705715e-05,335,3.395393582706129e-05,4.749403177407947e-05
1333,2.359187913837937e-05,334,2.2635957218040857e-05,4.749403177407947e-05
624,2.359187913837937e-05,334,1.1317978609020428e-05,4.7637086086652006e-05
1075,2.359187913837937e-05,334,1.1317978609020428e-05,4.7637086086652006e-05
2663,2.34506104010238e-05,332,4.5271914436081714e-05,4.692181452378936e-05
14086,2.3309341663668237e-05,330,3.395393582706129e-05,4.677876021121683e-05
7018,2.3309341663668237e-05,330,0.00021504159357138816,4.4489891210056376e-05
16522,2.3238707294990456e-05,329,0.000158451700526286,4.506210846034649e-05
549,2.2956169820279324e-05,325,3.395393582706129e-05,4.606348864835419e-05
7094,2.2885535451601544e-05,324,4.5271914436081714e-05,4.5777380023209135e-05
1755,2.281490108292376e-05,323,3.395393582706129e-05,4.5777380023209135e-05
15639,2.281490108292376e-05,323,9.054382887216343e-05,4.506210846034649e-05
17540,2.2744266714245976e-05,322,6.790787165412258e-05,4.5205162772919016e-05
2249,2.2673632345568196e-05,321,4.5271914436081714e-05,4.5348217085491544e-05
2807,2.2673632345568196e-05,321,7.9225850263143e-05,4.491905414777396e-05
1347,2.2602997976890412e-05,320,2.2635957218040857e-05,4.549127139806407e-05
2659,2.2602997976890412e-05,320,5.6589893045102146e-05,4.506210846034649e-05
2489,2.2391094870857064e-05,317,7.9225850263143e-05,4.434683689748385e-05
2462,2.2320460502179283e-05,316,4.5271914436081714e-05,4.4632945522628904e-05
2687,2.2320460502179283e-05,316,7.9225850263143e-05,4.420378258491132e-05
868,2.2320460502179283e-05,316,3.395393582706129e-05,4.477599983520143e-05
6957,2.22498261335015e-05,315,4.5271914436081714e-05,4.4489891210056376e-05
1808,2.2108557396145935e-05,313,0.0,4.477599983520143e-05
1883,2.2108557396145935e-05,313,0.00010186180748118387,4.348851102204867e-05
2174,2.203792302746815e-05,312,3.395393582706129e-05,4.420378258491132e-05
9826,2.203792302746815e-05,312,5.6589893045102146e-05,4.3917673959766264e-05
13392,2.1896654290112587e-05,310,6.790787165412258e-05,4.348851102204867e-05
3824,2.1896654290112587e-05,310,2.2635957218040857e-05,4.406072827233879e-05
2649,2.1826019921434803e-05,309,5.6589893045102146e-05,4.348851102204867e-05
1647,2.1755385552757022e-05,308,2.2635957218040857e-05,4.377461964719373e-05
1925,2.1755385552757022e-05,308,7.9225850263143e-05,4.305934808433109e-05
832,2.1755385552757022e-05,308,0.00011317978609020429,4.2630185146613505e-05
2673,2.1755385552757022e-05,308,5.6589893045102146e-05,4.3345456709476145e-05
7093,2.1543482446723674e-05,305,1.1317978609020428e-05,4.348851102204867e-05
895,2.147284807804589e-05,304,2.2635957218040857e-05,4.320240239690362e-05
7109,2.147284807804589e-05,304,3.395393582706129e-05,4.305934808433109e-05
6426,2.140221370936811e-05,303,0.00019240563635334728,4.091353339574316e-05
6932,2.140221370936811e-05,303,1.1317978609020428e-05,4.320240239690362e-05
1728,2.140221370936811e-05,303,0.0,4.3345456709476145e-05
1700,2.1331579340690326e-05,302,4.5271914436081714e-05,4.2630185146613505e-05
1087,2.1331579340690326e-05,302,4.5271914436081714e-05,4.2630185146613505e-05
1918,2.1331579340690326e-05,302,5.6589893045102146e-05,4.248713083404098e-05
835,2.1260944972012546e-05,301,0.0,4.305934808433109e-05
1215,2.119031060333476e-05,300,2.2635957218040857e-05,4.2630185146613505e-05
630,2.119031060333476e-05,300,0.000158451700526286,4.091353339574316e-05
1646,2.1119676234656978e-05,299,2.2635957218040857e-05,4.248713083404098e-05
7129,2.0907773128623633e-05,296,5.6589893045102146e-05,4.16288049586058e-05
2584,2.083713875994585e-05,295,6.790787165412258e-05,4.1342696333460746e-05
2232,2.0766504391268065e-05,294,2.2635957218040857e-05,4.177185927117833e-05
2782,2.0695870022590285e-05,293,2.2635957218040857e-05,4.16288049586058e-05
152,2.06252356539125e-05,292,1.1317978609020428e-05,4.16288049586058e-05
6895,2.06252356539125e-05,292,0.00021504159357138816,3.905382733230029e-05
1889,2.06252356539125e-05,292,4.5271914436081714e-05,4.119964202088822e-05
6882,2.0554601285234717e-05,291,5.6589893045102146e-05,4.091353339574316e-05
251,2.0483966916556937e-05,290,1.1317978609020428e-05,4.1342696333460746e-05
2461,2.0413332547879153e-05,289,5.6589893045102146e-05,4.0627424770598106e-05
1439,2.0342698179201372e-05,288,2.2635957218040857e-05,4.091353339574316e-05
6391,2.027206381052359e-05,287,1.1317978609020428e-05,4.091353339574316e-05
1924,2.0201429441845805e-05,286,4.5271914436081714e-05,4.034131614545305e-05
6453,2.0201429441845805e-05,286,1.1317978609020428e-05,4.0770479083170634e-05
190,2.0130795073168024e-05,285,1.1317978609020428e-05,4.0627424770598106e-05
16738,1.998952633581246e-05,283,5.6589893045102146e-05,3.976909889516293e-05
2207,1.9918891967134676e-05,282,0.000237677550789429,3.733717558142995e-05
18190,1.9918891967134676e-05,282,0.00016976967913530643,3.8195501456865116e-05
2213,1.9848257598456892e-05,281,2.2635957218040857e-05,3.991215320773546e-05
1654,1.977762322977911e-05,280,0.0,4.005520752030799e-05
2650,1.977762322977911e-05,280,4.5271914436081714e-05,3.9482990270017875e-05
247,1.977762322977911e-05,280,2.2635957218040857e-05,3.976909889516293e-05
2476,1.9706988861101328e-05,279,2.2635957218040857e-05,3.96260445825904e-05
2342,1.9706988861101328e-05,279,1.1317978609020428e-05,3.976909889516293e-05
2265,1.9636354492423547e-05,278,2.2635957218040857e-05,3.9482990270017875e-05
6528,1.9565720123745763e-05,277,0.0,3.96260445825904e-05
1096,1.9565720123745763e-05,277,0.00013581574330824515,3.790939283172006e-05
334,1.949508575506798e-05,276,6.790787165412258e-05,3.862466439458271e-05
14215,1.949508575506798e-05,276,3.395393582706129e-05,3.905382733230029e-05
991,1.949508575506798e-05,276,3.395393582706129e-05,3.905382733230029e-05
2715,1.94244513863902e-05,275,0.00018108765774432685,3.705106695628489e-05
803,1.921254828035685e-05,272,5.6589893045102146e-05,3.8195501456865116e-05
7721,1.9071279543001286e-05,270,2.2635957218040857e-05,3.833855576943765e-05
2454,1.8788742068290154e-05,266,4.5271914436081714e-05,3.7480229894002476e-05
9014,1.8788742068290154e-05,266,0.0005772169090600418,3.075667720309363e-05
9027,1.864747333093459e-05,264,0.0005772169090600418,3.047056857794858e-05
9024,1.864747333093459e-05,264,0.0005772169090600418,3.047056857794858e-05
248,1.8576838962256806e-05,263,0.00012449776469922473,3.604968676827719e-05
7789,1.8435570224901242e-05,261,3.395393582706129e-05,3.6908012643712364e-05
1182,1.8435570224901242e-05,261,0.0,3.733717558142995e-05
6863,1.836493585622346e-05,260,1.1317978609020428e-05,3.705106695628489e-05
1252,1.8294301487545678e-05,259,0.00011317978609020429,3.5620523830559605e-05
3119,1.8294301487545678e-05,259,6.790787165412258e-05,3.619274108084972e-05
6034,1.8223667118867894e-05,258,1.1317978609020428e-05,3.6764958331139836e-05
1307,1.8153032750190113e-05,257,1.1317978609020428e-05,3.662190401856731e-05
3198,1.808239838151233e-05,256,1.1317978609020428e-05,3.647884970599478e-05
7865,1.808239838151233e-05,256,0.00021504159357138816,3.390387207968926e-05
6656,1.808239838151233e-05,256,1.1317978609020428e-05,3.647884970599478e-05
7795,1.801176401283455e-05,255,2.2635957218040857e-05,3.619274108084972e-05
746,1.801176401283455e-05,255,4.5271914436081714e-05,3.590663245570466e-05
1350,1.801176401283455e-05,255,2.2635957218040857e-05,3.619274108084972e-05
4078,1.801176401283455e-05,255,0.0,3.647884970599478e-05
798,1.7941129644156765e-05,254,1.1317978609020428e-05,3.619274108084972e-05
266,1.787049527547898e-05,253,6.790787165412258e-05,3.533441520541455e-05
1926,1.787049527547898e-05,253,6.790787165412258e-05,3.533441520541455e-05
6843,1.77998609068012e-05,252,6.790787165412258e-05,3.519136089284202e-05
6817,1.7729226538123417e-05,251,2.2635957218040857e-05,3.5620523830559605e-05
151,1.7729226538123417e-05,251,1.1317978609020428e-05,3.576357814313213e-05
8341,1.7587957800767853e-05,249,0.00012449776469922473,3.404692639226179e-05
1804,1.7587957800767853e-05,249,0.00013581574330824515,3.390387207968926e-05
1038,1.7376054694734504e-05,246,1.1317978609020428e-05,3.504830658026949e-05
6770,1.7376054694734504e-05,246,4.5271914436081714e-05,3.461914364255191e-05
400,1.7376054694734504e-05,246,0.00010186180748118387,3.390387207968926e-05
15678,1.723478595737894e-05,244,6.790787165412258e-05,3.404692639226179e-05
6762,1.723478595737894e-05,244,2.2635957218040857e-05,3.461914364255191e-05
1173,1.723478595737894e-05,244,5.6589893045102146e-05,3.418998070483432e-05
1649,1.6952248482667808e-05,240,0.0,3.4333035017406846e-05
1361,1.6952248482667808e-05,240,0.0,3.4333035017406846e-05
860,1.6881614113990027e-05,239,3.395393582706129e-05,3.3760817767116734e-05
437,1.6881614113990027e-05,239,5.6589893045102146e-05,3.347470914197168e-05
767,1.6740345376634463e-05,237,1.1317978609020428e-05,3.3760817767116734e-05
2661,1.666971100795668e-05,236,3.395393582706129e-05,3.333165482939915e-05
1951,1.6599076639278895e-05,235,1.1317978609020428e-05,3.347470914197168e-05
6991,1.6599076639278895e-05,235,0.0,3.3617763454544206e-05
1227,1.6528442270601115e-05,234,2.2635957218040857e-05,3.318860051682662e-05
8374,1.6528442270601115e-05,234,0.0,3.347470914197168e-05
6501,1.6175270427212202e-05,229,0.0003508573368796333,2.832475388936065e-05
4960,1.6175270427212202e-05,229,0.0,3.275943757910904e-05
897,1.610463605853442e-05,228,9.054382887216343e-05,3.147194876595628e-05
6919,1.589273295250107e-05,225,4.5271914436081714e-05,3.161500307852881e-05
2227,1.589273295250107e-05,225,2.2635957218040857e-05,3.190111170367386e-05
11308,1.589273295250107e-05,225,9.054382887216343e-05,3.1042785828238695e-05
1203,1.582209858382329e-05,224,2.2635957218040857e-05,3.1758057391101335e-05
3113,1.5751464215145506e-05,223,5.6589893045102146e-05,3.118584014081122e-05
1466,1.5680829846467722e-05,222,1.1317978609020428e-05,3.161500307852881e-05
4164,1.5680829846467722e-05,222,3.395393582706129e-05,3.132889445338375e-05
12239,1.5680829846467722e-05,222,3.395393582706129e-05,3.132889445338375e-05
1080,1.5610195477789942e-05,221,2.2635957218040857e-05,3.132889445338375e-05
883,1.5539561109112158e-05,220,0.0,3.147194876595628e-05
745,1.532765800307881e-05,217,3.395393582706129e-05,3.0613622890521104e-05
6431,1.5257023634401028e-05,216,1.1317978609020428e-05,3.075667720309363e-05
542,1.5257023634401028e-05,216,7.9225850263143e-05,2.9898351327658464e-05
15265,1.5186389265723245e-05,215,2.2635957218040857e-05,3.047056857794858e-05
2058,1.5115754897045463e-05,214,5.6589893045102146e-05,2.9898351327658464e-05
2559,1.5115754897045463e-05,214,2.2635957218040857e-05,3.032751426537605e-05
267,1.5115754897045463e-05,214,5.6589893045102146e-05,2.9898351327658464e-05
12,1.5115754897045463e-05,214,1.1317978609020428e-05,3.047056857794858e-05
2203,1.5045120528367681e-05,213,0.0,3.047056857794858e-05
1214,1.4974486159689899e-05,212,2.2635957218040857e-05,3.0041405640230992e-05
2600,1.4903851791012115e-05,211,2.2635957218040857e-05,2.9898351327658464e-05
2238,1.4833217422334333e-05,210,0.0,3.0041405640230992e-05
6608,1.4833217422334333e-05,210,2.2635957218040857e-05,2.9755297015085936e-05
2154,1.476258305365655e-05,209,4.5271914436081714e-05,2.932613407736835e-05
638,1.476258305365655e-05,209,4.5271914436081714e-05,2.932613407736835e-05
1216,1.476258305365655e-05,209,1.1317978609020428e-05,2.9755297015085936e-05
6638,1.4691948684978768e-05,208,2.2635957218040857e-05,2.946918838994088e-05
14076,1.4621314316300986e-05,207,3.395393582706129e-05,2.918307976479582e-05
37,1.4550679947623202e-05,206,1.1317978609020428e-05,2.932613407736835e-05
331,1.4550679947623202e-05,206,0.00010186180748118387,2.818169957678812e-05
6523,1.448004557894542e-05,205,1.1317978609020428e-05,2.918307976479582e-05
8368,1.448004557894542e-05,205,0.000158451700526286,2.732337370135295e-05
14407,1.4409411210267638e-05,204,4.5271914436081714e-05,2.861086251450571e-05
1767,1.4409411210267638e-05,204,0.0,2.918307976479582e-05
1217,1.4409411210267638e-05,204,0.0,2.918307976479582e-05
2255,1.4409411210267638e-05,204,4.5271914436081714e-05,2.861086251450571e-05
7043,1.4409411210267638e-05,204,3.395393582706129e-05,2.8753916827078236e-05
6870,1.4338776841589856e-05,203,0.00011317978609020429,2.760948232649801e-05
7130,1.4338776841589856e-05,203,3.395393582706129e-05,2.861086251450571e-05
1138,1.4268142472912072e-05,202,3.395393582706129e-05,2.846780820193318e-05
2730,1.4268142472912072e-05,202,0.0005885348876690623,2.145814688587928e-05
391,1.4268142472912072e-05,202,0.00022635957218040858,2.6035884888200194e-05
1426,1.419750810423429e-05,201,0.0,2.8753916827078236e-05
2430,1.419750810423429e-05,201,3.395393582706129e-05,2.832475388936065e-05
879,1.419750810423429e-05,201,4.5271914436081714e-05,2.818169957678812e-05
2172,1.419750810423429e-05,201,1.1317978609020428e-05,2.861086251450571e-05
7927,1.4056239366878726e-05,199,0.0,2.846780820193318e-05
2259,1.3985604998200943e-05,198,4.5271914436081714e-05,2.7752536639070537e-05
3756,1.3844336260845377e-05,196,3.395393582706129e-05,2.760948232649801e-05
684,1.3844336260845377e-05,196,1.1317978609020428e-05,2.7895590951643065e-05
2256,1.3773701892167595e-05,195,4.5271914436081714e-05,2.732337370135295e-05
7011,1.3773701892167595e-05,195,6.790787165412258e-05,2.7037265076207893e-05
2156,1.3703067523489813e-05,194,4.5271914436081714e-05,2.718031938878042e-05
7046,1.363243315481203e-05,193,1.1317978609020428e-05,2.7466428013925478e-05
2261,1.363243315481203e-05,193,4.5271914436081714e-05,2.7037265076207893e-05
301,1.3491164417456465e-05,191,1.1317978609020428e-05,2.718031938878042e-05
2254,1.3491164417456465e-05,191,4.5271914436081714e-05,2.6751156451062837e-05
979,1.3491164417456465e-05,191,2.2635957218040857e-05,2.7037265076207893e-05
1766,1.3491164417456465e-05,191,0.0,2.732337370135295e-05
1483,1.3491164417456465e-05,191,4.5271914436081714e-05,2.6751156451062837e-05
435,1.3420530048778683e-05,190,0.000158451700526286,2.5177559012765022e-05
5847,1.33498956801009e-05,189,0.0,2.7037265076207893e-05
6457,1.3208626942745335e-05,187,5.6589893045102146e-05,2.6035884888200194e-05
7116,1.3137992574067552e-05,186,0.0,2.660810213849031e-05
2257,1.306735820538977e-05,185,4.5271914436081714e-05,2.5892830575627666e-05
7041,1.306735820538977e-05,185,1.1317978609020428e-05,2.632199351334525e-05
1225,1.2926089468034204e-05,183,2.2635957218040857e-05,2.5892830575627666e-05
7183,1.2926089468034204e-05,183,0.00019240563635334728,2.3747015887039736e-05
1546,1.2926089468034204e-05,183,2.2635957218040857e-05,2.5892830575627666e-05
773,1.2855455099356422e-05,182,0.00011317978609020429,2.4605341762474907e-05
6816,1.2855455099356422e-05,182,2.2635957218040857e-05,2.5749776263055138e-05
8392,1.2855455099356422e-05,182,1.1317978609020428e-05,2.5892830575627666e-05
6884,1.2855455099356422e-05,182,4.5271914436081714e-05,2.546366763791008e-05
4653,1.2855455099356422e-05,182,1.1317978609020428e-05,2.5892830575627666e-05
2157,1.278482073067864e-05,181,4.5271914436081714e-05,2.532061332533755e-05
2576,1.278482073067864e-05,181,0.0,2.5892830575627666e-05
1205,1.2714186362000858e-05,180,0.0,2.5749776263055138e-05
640,1.2714186362000858e-05,180,3.395393582706129e-05,2.532061332533755e-05
20768,1.2714186362000858e-05,180,5.6589893045102146e-05,2.5034504700192494e-05
1154,1.2643551993323074e-05,179,6.790787165412258e-05,2.474839607504744e-05
494,1.2643551993323074e-05,179,0.0,2.5606721950482607e-05
2377,1.2643551993323074e-05,179,2.2635957218040857e-05,2.532061332533755e-05
2252,1.2643551993323074e-05,179,3.395393582706129e-05,2.5177559012765022e-05
6917,1.2643551993323074e-05,179,1.1317978609020428e-05,2.546366763791008e-05
1650,1.2572917624645292e-05,178,1.1317978609020428e-05,2.532061332533755e-05
2258,1.2572917624645292e-05,178,4.5271914436081714e-05,2.4891450387619966e-05
2155,1.2572917624645292e-05,178,4.5271914436081714e-05,2.4891450387619966e-05
2099,1.2572917624645292e-05,178,4.5271914436081714e-05,2.4891450387619966e-05
1422,1.2572917624645292e-05,178,1.1317978609020428e-05,2.532061332533755e-05
6609,1.2572917624645292e-05,178,5.6589893045102146e-05,2.474839607504744e-05
9596,1.250228325596751e-05,177,1.1317978609020428e-05,2.5177559012765022e-05
309,1.250228325596751e-05,177,0.0,2.532061332533755e-05
8131,1.2431648887289727e-05,176,0.00010186180748118387,2.3890070199612267e-05
6694,1.2290380149934161e-05,174,3.395393582706129e-05,2.446228744990238e-05
627,1.2219745781256379e-05,173,0.0,2.474839607504744e-05
262,1.2219745781256379e-05,173,3.395393582706129e-05,2.431923313732985e-05
7719,1.2149111412578597e-05,172,0.0,2.4605341762474907e-05
6425,1.2149111412578597e-05,172,1.1317978609020428e-05,2.446228744990238e-05
6769,1.2007842675223031e-05,170,0.0,2.431923313732985e-05
1712,1.2007842675223031e-05,170,6.790787165412258e-05,2.346090726189468e-05
7857,1.2007842675223031e-05,170,7.9225850263143e-05,2.331785294932215e-05
2586,1.1937208306545249e-05,169,0.00033953935827061286,1.9884549447581466e-05
2429,1.1937208306545249e-05,169,3.395393582706129e-05,2.3747015887039736e-05
2285,1.1866573937867467e-05,168,2.2635957218040857e-05,2.3747015887039736e-05
21195,1.1866573937867467e-05,168,1.1317978609020428e-05,2.3890070199612267e-05
6899,1.1866573937867467e-05,168,0.0,2.4033124512184795e-05
1805,1.1795939569189684e-05,167,2.2635957218040857e-05,2.3603961574467208e-05
2228,1.17253052005119e-05,166,3.395393582706129e-05,2.331785294932215e-05
6610,1.1654670831834118e-05,165,2.2635957218040857e-05,2.331785294932215e-05
14069,1.1654670831834118e-05,165,3.395393582706129e-05,2.3174798636749623e-05
2936,1.1584036463156336e-05,164,2.2635957218040857e-05,2.3174798636749623e-05
2499,1.1513402094478554e-05,163,0.0,2.331785294932215e-05
6604,1.1513402094478554e-05,163,0.0,2.331785294932215e-05
6925,1.1442767725800772e-05,162,5.6589893045102146e-05,2.245952707388698e-05
929,1.1442767725800772e-05,162,2.2635957218040857e-05,2.2888690011604567e-05
6756,1.1442767725800772e-05,162,1.1317978609020428e-05,2.3031744324177095e-05
725,1.1442767725800772e-05,162,3.395393582706129e-05,2.2745635699032036e-05
16440,1.1372133357122988e-05,161,7.9225850263143e-05,2.2030364136169396e-05
1645,1.1230864619767424e-05,159,2.2635957218040857e-05,2.245952707388698e-05
12798,1.1230864619767424e-05,159,1.1317978609020428e-05,2.2602581386459508e-05
2182,1.1230864619767424e-05,159,3.395393582706129e-05,2.2316472761314452e-05
2708,1.1230864619767424e-05,159,0.00016976967913530643,2.059982101044411e-05
13650,1.1160230251089642e-05,158,1.1317978609020428e-05,2.245952707388698e-05
509,1.1160230251089642e-05,158,6.790787165412258e-05,2.1744255511024337e-05
81,1.108959588241186e-05,157,1.1317978609020428e-05,2.2316472761314452e-05
313,1.108959588241186e-05,157,3.395393582706129e-05,2.2030364136169396e-05
6733,1.1018961513734076e-05,156,3.395393582706129e-05,2.1887309823596865e-05
3309,1.1018961513734076e-05,156,2.2635957218040857e-05,2.2030364136169396e-05
1124,1.0948327145056293e-05,155,1.1317978609020428e-05,2.2030364136169396e-05
1655,1.0948327145056293e-05,155,0.0,2.2173418448741924e-05
15439,1.0877692776378511e-05,154,0.00011317978609020429,2.059982101044411e-05
2492,1.0807058407700729e-05,153,1.1317978609020428e-05,2.1744255511024337e-05
672,1.0736424039022945e-05,152,0.0,2.1744255511024337e-05
1424,1.0665789670345163e-05,151,2.2635957218040857e-05,2.1315092573306752e-05
6220,1.0665789670345163e-05,151,0.0,2.160120119845181e-05
2534,1.059515530166738e-05,150,0.0,2.145814688587928e-05
2167,1.059515530166738e-05,150,1.1317978609020428e-05,2.1315092573306752e-05
775,1.059515530166738e-05,150,0.00011317978609020429,2.0027603760153994e-05
1611,1.0524520932989599e-05,149,3.395393582706129e-05,2.0885929635589165e-05
14387,1.0524520932989599e-05,149,1.1317978609020428e-05,2.1172038260734224e-05
2890,1.0524520932989599e-05,149,0.0,2.1315092573306752e-05
3036,1.0453886564311816e-05,148,4.5271914436081714e-05,2.059982101044411e-05
2246,1.0383252195634033e-05,147,2.2635957218040857e-05,2.0742875323016637e-05
2918,1.031261782695625e-05,146,0.0,2.0885929635589165e-05
747,1.0241983458278468e-05,145,2.2635957218040857e-05,2.045676669787158e-05
2664,1.0241983458278468e-05,145,3.395393582706129e-05,2.0313712385299053e-05
2721,1.0171349089600686e-05,144,0.00011317978609020429,1.9169277884718825e-05
1578,1.0171349089600686e-05,144,2.2635957218040857e-05,2.0313712385299053e-05
1793,1.0100714720922902e-05,143,0.0,2.045676669787158e-05
6688,1.0100714720922902e-05,143,2.2635957218040857e-05,2.0170658072726525e-05
948,1.003008035224512e-05,142,0.00010186180748118387,1.9026223572146294e-05
6684,1.003008035224512e-05,142,3.395393582706129e-05,1.9884549447581466e-05
1987,9.959445983567338e-06,141,2.2635957218040857e-05,1.9884549447581466e-05
1803,9.959445983567338e-06,141,7.9225850263143e-05,1.9169277884718825e-05
5780,9.959445983567338e-06,141,0.0,2.0170658072726525e-05
16176,9.959445983567338e-06,141,0.00012449776469922473,1.859706063442871e-05
7363,9.818177246211774e-06,139,0.0,1.9884549447581466e-05
424,9.818177246211774e-06,139,0.00012449776469922473,1.8310952009283654e-05
419,9.818177246211774e-06,139,6.790787165412258e-05,1.9026223572146294e-05
1706,9.74754287753399e-06,138,0.0,1.9741495135008938e-05
2175,9.74754287753399e-06,138,2.2635957218040857e-05,1.945538650986388e-05
2310,9.74754287753399e-06,138,7.9225850263143e-05,1.8740114947001238e-05
7072,9.676908508856208e-06,137,1.1317978609020428e-05,1.945538650986388e-05
6287,9.676908508856208e-06,137,1.1317978609020428e-05,1.945538650986388e-05
770,9.535639771500643e-06,135,2.2635957218040857e-05,1.9026223572146294e-05
7728,9.535639771500643e-06,135,0.00014713372191726558,1.7452626133848482e-05
2573,9.535639771500643e-06,135,2.2635957218040857e-05,1.9026223572146294e-05
457,9.46500540282286e-06,134,2.2635957218040857e-05,1.8883169259573766e-05
252,9.46500540282286e-06,134,1.1317978609020428e-05,1.9026223572146294e-05
1697,9.46500540282286e-06,134,0.0,1.9169277884718825e-05
1691,9.394371034145077e-06,133,3.395393582706129e-05,1.859706063442871e-05
7838,9.394371034145077e-06,133,3.395393582706129e-05,1.859706063442871e-05
2376,9.394371034145077e-06,133,0.0,1.9026223572146294e-05
1743,9.323736665467295e-06,132,6.790787165412258e-05,1.8024843384138595e-05
2344,9.323736665467295e-06,132,1.1317978609020428e-05,1.8740114947001238e-05
8708,9.253102296789513e-06,131,1.1317978609020428e-05,1.859706063442871e-05
2904,9.253102296789513e-06,131,2.2635957218040857e-05,1.8454006321856182e-05
6794,9.253102296789513e-06,131,1.1317978609020428e-05,1.859706063442871e-05
1322,9.18246792811173e-06,130,3.395393582706129e-05,1.8167897696711123e-05
728,9.18246792811173e-06,130,4.5271914436081714e-05,1.8024843384138595e-05
7127,9.18246792811173e-06,130,0.000158451700526286,1.659430025841331e-05
2049,9.18246792811173e-06,130,1.1317978609020428e-05,1.8454006321856182e-05
6894,9.111833559433947e-06,129,0.00028294946522551073,1.4877648507542968e-05
12246,9.111833559433947e-06,129,2.2635957218040857e-05,1.8167897696711123e-05
1155,9.111833559433947e-06,129,3.395393582706129e-05,1.8024843384138595e-05
463,9.111833559433947e-06,129,1.1317978609020428e-05,1.8310952009283654e-05
1190,9.111833559433947e-06,129,6.790787165412258e-05,1.759568044642101e-05
6269,9.111833559433947e-06,129,1.1317978609020428e-05,1.8310952009283654e-05
548,9.041199190756165e-06,128,1.1317978609020428e-05,1.8167897696711123e-05
7060,9.041199190756165e-06,128,2.2635957218040857e-05,1.8024843384138595e-05
15425,9.041199190756165e-06,128,0.00013581574330824515,1.659430025841331e-05
7717,9.041199190756165e-06,128,0.0,1.8310952009283654e-05
7707,8.8999304534006e-06,126,3.395393582706129e-05,1.759568044642101e-05
1884,8.8999304534006e-06,126,0.0,1.8024843384138595e-05
7901,8.829296084722817e-06,125,7.9225850263143e-05,1.6880408883558367e-05
2297,8.829296084722817e-06,125,3.395393582706129e-05,1.7452626133848482e-05
7929,8.829296084722817e-06,125,1.1317978609020428e-05,1.773873475899354e-05
6487,8.758661716045034e-06,124,0.0,1.773873475899354e-05
1888,8.758661716045034e-06,124,0.0,1.773873475899354e-05
249,8.758661716045034e-06,124,9.054382887216343e-05,1.659430025841331e-05
6683,8.758661716045034e-06,124,0.0,1.773873475899354e-05
2270,8.688027347367252e-06,123,1.1317978609020428e-05,1.7452626133848482e-05
7032,8.688027347367252e-06,123,0.0,1.759568044642101e-05
11310,8.61739297868947e-06,122,7.9225850263143e-05,1.6451245945840783e-05
626,8.546758610011688e-06,121,1.1317978609020428e-05,1.7166517508703423e-05
1938,8.476124241333904e-06,120,1.1317978609020428e-05,1.7023463196130895e-05
6930,8.476124241333904e-06,120,3.395393582706129e-05,1.673735457098584e-05
83,8.405489872656122e-06,119,1.1317978609020428e-05,1.6880408883558367e-05
6489,8.33485550397834e-06,118,0.0,1.6880408883558367e-05
623,8.33485550397834e-06,118,0.0,1.6880408883558367e-05
3688,8.33485550397834e-06,118,3.395393582706129e-05,1.6451245945840783e-05
988,8.33485550397834e-06,118,0.0,1.6880408883558367e-05
4457,8.33485550397834e-06,118,0.0,1.6880408883558367e-05
2652,8.264221135300557e-06,117,3.395393582706129e-05,1.630819163326825e-05
6835,8.264221135300557e-06,117,0.0,1.673735457098584e-05
1885,8.264221135300557e-06,117,0.0,1.673735457098584e-05
480,8.264221135300557e-06,117,1.1317978609020428e-05,1.659430025841331e-05
6613,8.193586766622775e-06,116,1.1317978609020428e-05,1.6451245945840783e-05
7882,8.193586766622775e-06,116,1.1317978609020428e-05,1.6451245945840783e-05
6865,8.193586766622775e-06,116,0.0,1.659430025841331e-05
12900,8.193586766622775e-06,116,5.6589893045102146e-05,1.5879028695550667e-05
7143,8.193586766622775e-06,116,2.2635957218040857e-05,1.630819163326825e-05
8242,8.193586766622775e-06,116,1.1317978609020428e-05,1.6451245945840783e-05
581,8.122952397944991e-06,115,2.2635957218040857e-05,1.6165137320695724e-05
6249,8.122952397944991e-06,115,1.1317978609020428e-05,1.630819163326825e-05
680,8.122952397944991e-06,115,2.2635957218040857e-05,1.6165137320695724e-05
443,8.122952397944991e-06,115,0.0,1.6451245945840783e-05
6664,8.05231802926721e-06,114,1.1317978609020428e-05,1.6165137320695724e-05
7067,8.05231802926721e-06,114,0.00011317978609020429,1.4877648507542968e-05
642,8.05231802926721e-06,114,3.395393582706129e-05,1.5879028695550667e-05
714,8.05231802926721e-06,114,0.0,1.630819163326825e-05
1095,7.981683660589427e-06,113,0.0,1.6165137320695724e-05
13612,7.981683660589427e-06,113,2.2635957218040857e-05,1.5879028695550667e-05
6985,7.981683660589427e-06,113,3.395393582706129e-05,1.573597438297814e-05
2341,7.911049291911645e-06,112,0.0,1.6022083008123196e-05
1886,7.911049291911645e-06,112,0.0,1.6022083008123196e-05
420,7.911049291911645e-06,112,1.1317978609020428e-05,1.5879028695550667e-05
3880,7.840414923233861e-06,111,2.2635957218040857e-05,1.559292007040561e-05
2170,7.840414923233861e-06,111,0.0,1.5879028695550667e-05
8363,7.840414923233861e-06,111,5.6589893045102146e-05,1.5163757132688026e-05
1768,7.840414923233861e-06,111,0.0,1.5879028695550667e-05
3064,7.840414923233861e-06,111,0.0,1.5879028695550667e-05
6659,7.840414923233861e-06,111,1.1317978609020428e-05,1.573597438297814e-05
2260,7.769780554556079e-06,110,0.0,1.573597438297814e-05
15603,7.769780554556079e-06,110,2.2635957218040857e-05,1.5449865757833083e-05
1358,7.769780554556079e-06,110,1.1317978609020428e-05,1.559292007040561e-05
7064,7.699146185878297e-06,109,1.1317978609020428e-05,1.5449865757833083e-05
141,7.699146185878297e-06,109,1.1317978609020428e-05,1.5449865757833083e-05
1887,7.628511817200514e-06,108,0.0,1.5449865757833083e-05
6702,7.628511817200514e-06,108,2.2635957218040857e-05,1.5163757132688026e-05
1279,7.628511817200514e-06,108,1.1317978609020428e-05,1.5306811445260552e-05
1695,7.628511817200514e-06,108,0.00011317978609020429,1.4019322632107796e-05
6873,7.628511817200514e-06,108,0.00014713372191726558,1.359015969439021e-05
1088,7.557877448522732e-06,107,1.1317978609020428e-05,1.5163757132688026e-05
5330,7.557877448522732e-06,107,2.2635957218040857e-05,1.5020702820115496e-05
6547,7.557877448522732e-06,107,0.00020372361496236773,1.273183381895504e-05
752,7.487243079844949e-06,106,0.0,1.5163757132688026e-05
2177,7.416608711167166e-06,105,1.1317978609020428e-05,1.4877648507542968e-05
7886,7.345974342489384e-06,104,0.0,1.4877648507542968e-05
148,7.345974342489384e-06,104,2.2635957218040857e-05,1.459153988239791e-05
7082,7.275339973811601e-06,103,1.1317978609020428e-05,1.459153988239791e-05
1551,7.204705605133819e-06,102,0.0,1.459153988239791e-05
951,7.204705605133819e-06,102,1.1317978609020428e-05,1.4448485569825382e-05
7761,7.204705605133819e-06,102,6.790787165412258e-05,1.3733214006962739e-05
7155,7.134071236456036e-06,101,1.1317978609020428e-05,1.4305431257252854e-05
2303,7.134071236456036e-06,101,1.1317978609020428e-05,1.4305431257252854e-05
15373,7.134071236456036e-06,101,0.0,1.4448485569825382e-05
2188,7.063436867778254e-06,100,4.5271914436081714e-05,1.3733214006962739e-05
124,7.063436867778254e-06,100,1.1317978609020428e-05,1.4162376944680325e-05
1996,7.063436867778254e-06,100,3.395393582706129e-05,1.3876268319535268e-05
7104,7.063436867778254e-06,100,2.2635957218040857e-05,1.4019322632107796e-05
2653,7.063436867778254e-06,100,2.2635957218040857e-05,1.4019322632107796e-05
6715,7.063436867778254e-06,100,3.395393582706129e-05,1.3876268319535268e-05
12468,6.992802499100472e-06,99,3.395393582706129e-05,1.3733214006962739e-05
1206,6.992802499100472e-06,99,0.0,1.4162376944680325e-05
7061,6.992802499100472e-06,99,2.2635957218040857e-05,1.3876268319535268e-05
7151,6.992802499100472e-06,99,2.2635957218040857e-05,1.3876268319535268e-05
7892,6.992802499100472e-06,99,5.6589893045102146e-05,1.3447105381817683e-05
1907,6.992802499100472e-06,99,0.0,1.4162376944680325e-05
2672,6.992802499100472e-06,99,1.1317978609020428e-05,1.4019322632107796e-05
3482,6.992802499100472e-06,99,0.0,1.4162376944680325e-05
16813,6.922168130422689e-06,98,4.5271914436081714e-05,1.3447105381817683e-05
17730,6.922168130422689e-06,98,0.0,1.4019322632107796e-05
5298,6.922168130422689e-06,98,0.0,1.4019322632107796e-05
13972,6.922168130422689e-06,98,1.1317978609020428e-05,1.3876268319535268e-05
6233,6.922168130422689e-06,98,0.0,1.4019322632107796e-05
5016,6.8515337617449065e-06,97,1.1317978609020428e-05,1.3733214006962739e-05
2176,6.8515337617449065e-06,97,1.1317978609020428e-05,1.3733214006962739e-05
2109,6.8515337617449065e-06,97,1.1317978609020428e-05,1.3733214006962739e-05
6864,6.8515337617449065e-06,97,6.790787165412258e-05,1.3017942444100097e-05
6660,6.8515337617449065e-06,97,0.0,1.3876268319535268e-05
1265,6.8515337617449065e-06,97,0.0,1.3876268319535268e-05
1806,6.7808993930671235e-06,96,5.6589893045102146e-05,1.3017942444100097e-05
2949,6.7808993930671235e-06,96,1.1317978609020428e-05,1.359015969439021e-05
2819,6.7808993930671235e-06,96,0.00010186180748118387,1.2445725193809983e-05
6956,6.710265024389341e-06,95,2.2635957218040857e-05,1.3304051069245155e-05
748,6.710265024389341e-06,95,2.2635957218040857e-05,1.3304051069245155e-05
2585,6.710265024389341e-06,95,0.00021504159357138816,1.0872127755512168e-05
7536,6.639630655711558e-06,94,2.2635957218040857e-05,1.3160996756672625e-05
1099,6.639630655711558e-06,94,6.790787165412258e-05,1.2588779506382511e-05
20801,6.568996287033776e-06,93,0.0,1.3304051069245155e-05
6443,6.568996287033776e-06,93,2.2635957218040857e-05,1.3017942444100097e-05
2937,6.568996287033776e-06,93,1.1317978609020428e-05,1.3160996756672625e-05
2591,6.498361918355993e-06,92,4.5271914436081714e-05,1.2588779506382511e-05
2837,6.498361918355993e-06,92,0.0,1.3160996756672625e-05
7919,6.498361918355993e-06,92,3.395393582706129e-05,1.273183381895504e-05
789,6.498361918355993e-06,92,0.0,1.3160996756672625e-05
957,6.498361918355993e-06,92,1.1317978609020428e-05,1.3017942444100097e-05
667,6.498361918355993e-06,92,4.5271914436081714e-05,1.2588779506382511e-05
3849,6.427727549678211e-06,91,0.0,1.3017942444100097e-05
1754,6.427727549678211e-06,91,1.1317978609020428e-05,1.2874888131527569e-05
6597,6.427727549678211e-06,91,0.00019240563635334728,1.0586019130367112e-05
1656,6.427727549678211e-06,91,0.0,1.3017942444100097e-05
342,6.286458812322646e-06,89,0.0,1.273183381895504e-05
6986,6.286458812322646e-06,89,0.0,1.273183381895504e-05
4114,6.286458812322646e-06,89,0.0,1.273183381895504e-05
6624,6.286458812322646e-06,89,0.0,1.273183381895504e-05
802,6.286458812322646e-06,89,3.395393582706129e-05,1.2302670881237454e-05
4681,6.286458812322646e-06,89,1.1317978609020428e-05,1.2588779506382511e-05
30,6.215824443644864e-06,88,2.2635957218040857e-05,1.2302670881237454e-05
2278,6.215824443644864e-06,88,2.2635957218040857e-05,1.2302670881237454e-05
1687,6.215824443644864e-06,88,3.395393582706129e-05,1.2159616568664925e-05
1463,6.215824443644864e-06,88,7.9225850263143e-05,1.1587399318374812e-05
576,6.215824443644864e-06,88,0.0,1.2588779506382511e-05
6920,6.145190074967081e-06,87,3.395393582706129e-05,1.2016562256092397e-05
4354,6.145190074967081e-06,87,0.0,1.2445725193809983e-05
6639,6.0745557062892985e-06,86,1.1317978609020428e-05,1.2159616568664925e-05
7071,6.0745557062892985e-06,86,0.0,1.2302670881237454e-05
7088,6.0745557062892985e-06,86,2.2635957218040857e-05,1.2016562256092397e-05
3821,6.0745557062892985e-06,86,1.1317978609020428e-05,1.2159616568664925e-05
12285,6.0745557062892985e-06,86,1.1317978609020428e-05,1.2159616568664925e-05
894,6.0745557062892985e-06,86,1.1317978609020428e-05,1.2159616568664925e-05
6713,6.0745557062892985e-06,86,1.1317978609020428e-05,1.2159616568664925e-05
944,6.0745557062892985e-06,86,1.1317978609020428e-05,1.2159616568664925e-05
1914,6.0039213376115155e-06,85,1.1317978609020428e-05,1.2016562256092397e-05
2713,6.0039213376115155e-06,85,1.1317978609020428e-05,1.2016562256092397e-05
2539,6.0039213376115155e-06,85,0.0,1.2159616568664925e-05
1843,6.0039213376115155e-06,85,0.0,1.2159616568664925e-05
5435,5.933286968933733e-06,84,0.0,1.2016562256092397e-05
7807,5.933286968933733e-06,84,0.0,1.2016562256092397e-05
768,5.933286968933733e-06,84,1.1317978609020428e-05,1.1873507943519868e-05
2253,5.933286968933733e-06,84,0.0,1.2016562256092397e-05
7181,5.86265260025595e-06,83,0.0,1.1873507943519868e-05
327,5.86265260025595e-06,83,2.2635957218040857e-05,1.1587399318374812e-05
7341,5.86265260025595e-06,83,0.0,1.1873507943519868e-05
3912,5.86265260025595e-06,83,0.0,1.1873507943519868e-05
2596,5.792018231578168e-06,82,0.0,1.173045363094734e-05
2519,5.792018231578168e-06,82,1.1317978609020428e-05,1.1587399318374812e-05
2020,5.792018231578168e-06,82,5.6589893045102146e-05,1.1015182068084698e-05
829,5.792018231578168e-06,82,1.1317978609020428e-05,1.1587399318374812e-05
6419,5.792018231578168e-06,82,2.2635957218040857e-05,1.1444345005802284e-05
6180,5.721383862900386e-06,81,0.0,1.1587399318374812e-05
2516,5.721383862900386e-06,81,1.1317978609020428e-05,1.1444345005802284e-05
6600,5.650749494222603e-06,80,1.1317978609020428e-05,1.1301290693229754e-05
1269,5.650749494222603e-06,80,2.2635957218040857e-05,1.1158236380657226e-05
611,5.650749494222603e-06,80,1.1317978609020428e-05,1.1301290693229754e-05
7005,5.650749494222603e-06,80,0.0,1.1444345005802284e-05
4024,5.650749494222603e-06,80,1.1317978609020428e-05,1.1301290693229754e-05
1898,5.580115125544821e-06,79,4.5271914436081714e-05,1.072907344293964e-05
12907,5.580115125544821e-06,79,7.9225850263143e-05,1.0299910505222054e-05
617,5.580115125544821e-06,79,5.6589893045102146e-05,1.0586019130367112e-05
348,5.580115125544821e-06,79,5.6589893045102146e-05,1.0586019130367112e-05
1097,5.580115125544821e-06,79,0.0,1.1301290693229754e-05
2306,5.580115125544821e-06,79,5.6589893045102146e-05,1.0586019130367112e-05
2190,5.509480756867038e-06,78,2.2635957218040857e-05,1.0872127755512168e-05
7014,5.509480756867038e-06,78,1.1317978609020428e-05,1.1015182068084698e-05
2732,5.509480756867038e-06,78,0.00014713372191726558,9.298530317214355e-06
562,5.509480756867038e-06,78,0.0,1.1158236380657226e-05
3788,5.509480756867038e-06,78,0.0,1.1158236380657226e-05
567,5.509480756867038e-06,78,2.2635957218040857e-05,1.0872127755512168e-05
2685,5.438846388189256e-06,77,1.1317978609020428e-05,1.0872127755512168e-05
7800,5.438846388189256e-06,77,0.0,1.1015182068084698e-05
467,5.368212019511473e-06,76,0.0,1.0872127755512168e-05
7732,5.368212019511473e-06,76,0.0,1.0872127755512168e-05
18233,5.368212019511473e-06,76,6.790787165412258e-05,1.0013801880076997e-05
6567,5.368212019511473e-06,76,0.0,1.0872127755512168e-05
2268,5.29757765083369e-06,75,5.6589893045102146e-05,1.0013801880076997e-05
2034,5.29757765083369e-06,75,1.1317978609020428e-05,1.0586019130367112e-05
830,5.29757765083369e-06,75,0.0,1.072907344293964e-05
7868,5.29757765083369e-06,75,0.0,1.072907344293964e-05
1760,5.29757765083369e-06,75,0.0,1.072907344293964e-05
6035,5.226943282155908e-06,74,1.1317978609020428e-05,1.0442964817794583e-05
2507,5.226943282155908e-06,74,3.395393582706129e-05,1.0156856192649526e-05
564,5.226943282155908e-06,74,1.1317978609020428e-05,1.0442964817794583e-05
462,5.226943282155908e-06,74,0.0,1.0586019130367112e-05
735,5.156308913478125e-06,73,1.1317978609020428e-05,1.0299910505222054e-05
7830,5.156308913478125e-06,73,0.0,1.0442964817794583e-05
2410,5.156308913478125e-06,73,0.0,1.0442964817794583e-05
6830,5.156308913478125e-06,73,0.0,1.0442964817794583e-05
2193,5.156308913478125e-06,73,1.1317978609020428e-05,1.0299910505222054e-05
2242,5.156308913478125e-06,73,0.0,1.0442964817794583e-05
5763,5.156308913478125e-06,73,1.1317978609020428e-05,1.0299910505222054e-05
2343,5.156308913478125e-06,73,1.1317978609020428e-05,1.0299910505222054e-05
12615,5.156308913478125e-06,73,2.2635957218040857e-05,1.0156856192649526e-05
6407,5.156308913478125e-06,73,1.1317978609020428e-05,1.0299910505222054e-05
9595,5.085674544800343e-06,72,2.2635957218040857e-05,1.0013801880076997e-05
2932,5.085674544800343e-06,72,1.1317978609020428e-05,1.0156856192649526e-05
6922,5.085674544800343e-06,72,2.2635957218040857e-05,1.0013801880076997e-05
23184,5.085674544800343e-06,72,0.0,1.0299910505222054e-05
2136,5.01504017612256e-06,71,0.0,1.0156856192649526e-05
7029,5.01504017612256e-06,71,0.0,1.0156856192649526e-05
3494,4.944405807444778e-06,70,1.1317978609020428e-05,9.870747567504469e-06
2025,4.944405807444778e-06,70,0.0,1.0013801880076997e-05
3896,4.944405807444778e-06,70,0.0,1.0013801880076997e-05
5284,4.944405807444778e-06,70,0.0,1.0013801880076997e-05
20548,4.944405807444778e-06,70,0.0,1.0013801880076997e-05
1156,4.873771438766995e-06,69,1.1317978609020428e-05,9.72769325493194e-06
6886,4.873771438766995e-06,69,3.395393582706129e-05,9.441584629786883e-06
11952,4.873771438766995e-06,69,0.0,9.870747567504469e-06
7826,4.873771438766995e-06,69,0.0,9.870747567504469e-06
1187,4.873771438766995e-06,69,2.2635957218040857e-05,9.584638942359413e-06
7009,4.873771438766995e-06,69,0.0,9.870747567504469e-06
4030,4.873771438766995e-06,69,0.0,9.870747567504469e-06
4575,4.873771438766995e-06,69,1.1317978609020428e-05,9.72769325493194e-06
7834,4.803137070089213e-06,68,1.1317978609020428e-05,9.584638942359413e-06
2442,4.803137070089213e-06,68,0.0,9.72769325493194e-06
6887,4.803137070089213e-06,68,3.395393582706129e-05,9.298530317214355e-06
7902,4.803137070089213e-06,68,0.0,9.72769325493194e-06
10862,4.803137070089213e-06,68,2.2635957218040857e-05,9.441584629786883e-06
807,4.73250270141143e-06,67,1.1317978609020428e-05,9.441584629786883e-06
3315,4.73250270141143e-06,67,0.0,9.584638942359413e-06
7044,4.73250270141143e-06,67,0.0,9.584638942359413e-06
6893,4.73250270141143e-06,67,0.00012449776469922473,8.011041504061598e-06
1946,4.73250270141143e-06,67,0.0,9.584638942359413e-06
6417,4.6618683327336475e-06,66,0.0,9.441584629786883e-06
7874,4.6618683327336475e-06,66,0.0,9.441584629786883e-06
369,4.6618683327336475e-06,66,0.0,9.441584629786883e-06
1543,4.6618683327336475e-06,66,0.0,9.441584629786883e-06
2583,4.591233964055865e-06,65,0.0,9.298530317214355e-06
7211,4.591233964055865e-06,65,0.0,9.298530317214355e-06
771,4.591233964055865e-06,65,1.1317978609020428e-05,9.155476004641827e-06
1570,4.591233964055865e-06,65,0.0,9.298530317214355e-06
2217,4.591233964055865e-06,65,0.0,9.298530317214355e-06
2313,4.591233964055865e-06,65,4.5271914436081714e-05,8.726313066924241e-06
1715,4.520599595378082e-06,64,0.0,9.155476004641827e-06
3037,4.520599595378082e-06,64,2.2635957218040857e-05,8.86936737949677e-06
6556,4.4499652267003e-06,63,0.0,9.012421692069297e-06
7026,4.4499652267003e-06,63,0.0,9.012421692069297e-06
6667,4.4499652267003e-06,63,1.1317978609020428e-05,8.86936737949677e-06
6875,4.4499652267003e-06,63,1.1317978609020428e-05,8.86936737949677e-06
2189,4.4499652267003e-06,63,0.0,9.012421692069297e-06
20776,4.4499652267003e-06,63,0.0,9.012421692069297e-06
7920,4.4499652267003e-06,63,0.0,9.012421692069297e-06
7153,4.4499652267003e-06,63,1.1317978609020428e-05,8.86936737949677e-06
1277,4.379330858022517e-06,62,1.1317978609020428e-05,8.726313066924241e-06
1140,4.379330858022517e-06,62,2.2635957218040857e-05,8.583258754351712e-06
2158,4.379330858022517e-06,62,0.0,8.86936737949677e-06
8925,4.379330858022517e-06,62,0.00010186180748118387,7.581878566344013e-06
1036,4.308696489344735e-06,61,0.0,8.726313066924241e-06
906,4.308696489344735e-06,61,0.0,8.726313066924241e-06
2180,4.308696489344735e-06,61,4.5271914436081714e-05,8.154095816634126e-06
6767,4.238062120666952e-06,60,0.0,8.583258754351712e-06
1750,4.238062120666952e-06,60,0.0,8.583258754351712e-06
6916,4.238062120666952e-06,60,0.0,8.583258754351712e-06
734,4.238062120666952e-06,60,0.0,8.583258754351712e-06
3584,4.238062120666952e-06,60,0.0,8.583258754351712e-06
1114,4.238062120666952e-06,60,3.395393582706129e-05,8.154095816634126e-06
3112,4.238062120666952e-06,60,6.790787165412258e-05,7.724932878916542e-06
673,4.238062120666952e-06,60,0.0,8.583258754351712e-06
2081,4.238062120666952e-06,60,0.0,8.583258754351712e-06
1521,4.238062120666952e-06,60,0.0,8.583258754351712e-06
2196,4.16742775198917e-06,59,1.1317978609020428e-05,8.297150129206655e-06
1448,4.16742775198917e-06,59,0.0,8.440204441779183e-06
2243,4.16742775198917e-06,59,6.790787165412258e-05,7.581878566344013e-06
2241,4.16742775198917e-06,59,0.0,8.440204441779183e-06
506,4.16742775198917e-06,59,0.00011317978609020429,7.009661316053898e-06
2389,4.16742775198917e-06,59,1.1317978609020428e-05,8.297150129206655e-06
2565,4.16742775198917e-06,59,1.1317978609020428e-05,8.297150129206655e-06
7105,4.16742775198917e-06,59,3.395393582706129e-05,8.011041504061598e-06
820,4.096793383311388e-06,58,0.0,8.297150129206655e-06
5707,4.096793383311388e-06,58,0.0,8.297150129206655e-06
3757,4.096793383311388e-06,58,1.1317978609020428e-05,8.154095816634126e-06
2386,4.096793383311388e-06,58,0.0,8.297150129206655e-06
1109,4.096793383311388e-06,58,0.0,8.297150129206655e-06
6908,4.096793383311388e-06,58,0.0,8.297150129206655e-06
9561,4.096793383311388e-06,58,4.5271914436081714e-05,7.724932878916542e-06
2229,4.096793383311388e-06,58,0.0,8.297150129206655e-06
8378,4.026159014633605e-06,57,0.0,8.154095816634126e-06
1589,4.026159014633605e-06,57,1.1317978609020428e-05,8.011041504061598e-06
6509,4.026159014633605e-06,57,0.0,8.154095816634126e-06
4983,4.026159014633605e-06,57,0.0,8.154095816634126e-06
7762,4.026159014633605e-06,57,0.0,8.154095816634126e-06
563,4.026159014633605e-06,57,4.5271914436081714e-05,7.581878566344013e-06
6818,4.026159014633605e-06,57,0.0,8.154095816634126e-06
6288,4.026159014633605e-06,57,1.1317978609020428e-05,8.011041504061598e-06
7176,4.026159014633605e-06,57,0.0,8.154095816634126e-06
2235,4.026159014633605e-06,57,0.0,8.154095816634126e-06
6437,4.026159014633605e-06,57,1.1317978609020428e-05,8.011041504061598e-06
6464,4.026159014633605e-06,57,0.000158451700526286,6.151335440618727e-06
7856,4.026159014633605e-06,57,0.0,8.154095816634126e-06
3689,4.026159014633605e-06,57,2.2635957218040857e-05,7.86798719148907e-06
4961,3.9555246459558225e-06,56,0.0,8.011041504061598e-06
769,3.9555246459558225e-06,56,1.1317978609020428e-05,7.86798719148907e-06
7063,3.9555246459558225e-06,56,0.0,8.011041504061598e-06
7529,3.9555246459558225e-06,56,2.2635957218040857e-05,7.724932878916542e-06
2275,3.9555246459558225e-06,56,0.0,8.011041504061598e-06
7156,3.9555246459558225e-06,56,2.2635957218040857e-05,7.724932878916542e-06
6642,3.9555246459558225e-06,56,0.0,8.011041504061598e-06
1245,3.9555246459558225e-06,56,1.1317978609020428e-05,7.86798719148907e-06
6181,3.9555246459558225e-06,56,1.1317978609020428e-05,7.86798719148907e-06
1247,3.9555246459558225e-06,56,0.0,8.011041504061598e-06
275,3.8848902772780395e-06,55,2.2635957218040857e-05,7.581878566344013e-06
5331,3.8848902772780395e-06,55,2.2635957218040857e-05,7.581878566344013e-06
1995,3.8848902772780395e-06,55,1.1317978609020428e-05,7.724932878916542e-06
181,3.8848902772780395e-06,55,1.1317978609020428e-05,7.724932878916542e-06
3825,3.8848902772780395e-06,55,1.1317978609020428e-05,7.724932878916542e-06
12492,3.8848902772780395e-06,55,7.9225850263143e-05,6.866607003481369e-06
4079,3.8848902772780395e-06,55,0.0,7.86798719148907e-06
3310,3.8848902772780395e-06,55,1.1317978609020428e-05,7.724932878916542e-06
6668,3.8848902772780395e-06,55,0.0,7.86798719148907e-06
16862,3.8848902772780395e-06,55,0.0,7.86798719148907e-06
2069,3.8848902772780395e-06,55,0.0,7.86798719148907e-06
6820,3.8848902772780395e-06,55,1.1317978609020428e-05,7.724932878916542e-06
2119,3.8848902772780395e-06,55,1.1317978609020428e-05,7.724932878916542e-06
6686,3.814255908600257e-06,54,0.0,7.724932878916542e-06
527,3.814255908600257e-06,54,0.0,7.724932878916542e-06
2307,3.814255908600257e-06,54,5.6589893045102146e-05,7.009661316053898e-06
5744,3.814255908600257e-06,54,0.0,7.724932878916542e-06
1735,3.814255908600257e-06,54,0.0,7.724932878916542e-06
429,3.814255908600257e-06,54,1.1317978609020428e-05,7.581878566344013e-06
1644,3.814255908600257e-06,54,0.0,7.724932878916542e-06
7059,3.7436215399224747e-06,53,1.1317978609020428e-05,7.438824253771484e-06
6270,3.7436215399224747e-06,53,1.1317978609020428e-05,7.438824253771484e-06
2035,3.7436215399224747e-06,53,2.2635957218040857e-05,7.295769941198955e-06
2595,3.672987171244692e-06,52,0.0,7.438824253771484e-06
291,3.672987171244692e-06,52,0.0,7.438824253771484e-06
5274,3.672987171244692e-06,52,0.0,7.438824253771484e-06
1043,3.672987171244692e-06,52,0.0,7.438824253771484e-06
5078,3.672987171244692e-06,52,0.0,7.438824253771484e-06
16575,3.672987171244692e-06,52,4.5271914436081714e-05,6.866607003481369e-06
3140,3.6023528025669095e-06,51,0.0,7.295769941198955e-06
290,3.6023528025669095e-06,51,0.0,7.295769941198955e-06
7906,3.6023528025669095e-06,51,0.0,7.295769941198955e-06
2408,3.6023528025669095e-06,51,0.0,7.295769941198955e-06
2569,3.6023528025669095e-06,51,0.0,7.295769941198955e-06
1761,3.6023528025669095e-06,51,0.0,7.295769941198955e-06
2012,3.6023528025669095e-06,51,1.1317978609020428e-05,7.152715628626427e-06
634,3.6023528025669095e-06,51,0.0,7.295769941198955e-06
1107,3.6023528025669095e-06,51,1.1317978609020428e-05,7.152715628626427e-06
6763,3.531718433889127e-06,50,0.0,7.152715628626427e-06
2103,3.531718433889127e-06,50,0.0,7.152715628626427e-06
276,3.531718433889127e-06,50,0.0,7.152715628626427e-06
8758,3.531718433889127e-06,50,0.0,7.152715628626427e-06
6478,3.531718433889127e-06,50,2.2635957218040857e-05,6.866607003481369e-06
7121,3.531718433889127e-06,50,1.1317978609020428e-05,7.009661316053898e-06
3881,3.531718433889127e-06,50,1.1317978609020428e-05,7.009661316053898e-06
6318,3.531718433889127e-06,50,0.0,7.152715628626427e-06
7684,3.531718433889127e-06,50,3.395393582706129e-05,6.723552690908841e-06
7812,3.531718433889127e-06,50,1.1317978609020428e-05,7.009661316053898e-06
5848,3.4610840652113444e-06,49,0.0,7.009661316053898e-06
11991,3.4610840652113444e-06,49,1.1317978609020428e-05,6.866607003481369e-06
4165,3.4610840652113444e-06,49,1.1317978609020428e-05,6.866607003481369e-06
7388,3.4610840652113444e-06,49,0.0,7.009661316053898e-06
337,3.4610840652113444e-06,49,0.0,7.009661316053898e-06
1201,3.4610840652113444e-06,49,0.0,7.009661316053898e-06
558,3.3904496965335618e-06,48,0.0,6.866607003481369e-06
2351,3.3904496965335618e-06,48,1.1317978609020428e-05,6.723552690908841e-06
1029,3.3904496965335618e-06,48,0.0,6.866607003481369e-06
6221,3.3904496965335618e-06,48,0.0,6.866607003481369e-06
4867,3.3904496965335618e-06,48,0.0,6.866607003481369e-06
2684,3.3904496965335618e-06,48,2.2635957218040857e-05,6.5804983783363125e-06
3199,3.3904496965335618e-06,48,1.1317978609020428e-05,6.723552690908841e-06
2231,3.3904496965335618e-06,48,1.1317978609020428e-05,6.723552690908841e-06
10650,3.3904496965335618e-06,48,2.2635957218040857e-05,6.5804983783363125e-06
4999,3.3904496965335618e-06,48,0.0,6.866607003481369e-06
819,3.319815327855779e-06,47,0.0,6.723552690908841e-06
20262,3.319815327855779e-06,47,0.0,6.723552690908841e-06
5781,3.319815327855779e-06,47,0.0,6.723552690908841e-06
11957,3.2491809591779966e-06,46,0.0,6.5804983783363125e-06
6977,3.2491809591779966e-06,46,0.0,6.5804983783363125e-06
487,3.2491809591779966e-06,46,0.0,6.5804983783363125e-06
6565,3.2491809591779966e-06,46,0.0,6.5804983783363125e-06
1947,3.2491809591779966e-06,46,2.2635957218040857e-05,6.294389753191256e-06
7822,3.1785465905002144e-06,45,0.0,6.4374440657637845e-06
2688,3.1785465905002144e-06,45,3.395393582706129e-05,6.008281128046199e-06
7811,3.1785465905002144e-06,45,1.1317978609020428e-05,6.294389753191256e-06
5305,3.1785465905002144e-06,45,0.0,6.4374440657637845e-06
11746,3.1785465905002144e-06,45,0.0,6.4374440657637845e-06
137,3.107912221822432e-06,44,1.1317978609020428e-05,6.151335440618727e-06
12614,3.107912221822432e-06,44,0.0,6.294389753191256e-06
2829,3.107912221822432e-06,44,0.0,6.294389753191256e-06
6666,3.107912221822432e-06,44,0.0,6.294389753191256e-06
12822,3.107912221822432e-06,44,1.1317978609020428e-05,6.151335440618727e-06
5017,3.107912221822432e-06,44,1.1317978609020428e-05,6.151335440618727e-06
5569,3.107912221822432e-06,44,0.0,6.294389753191256e-06
6529,3.107912221822432e-06,44,0.0,6.294389753191256e-06
2295,3.107912221822432e-06,44,1.1317978609020428e-05,6.151335440618727e-06
2356,3.107912221822432e-06,44,0.0,6.294389753191256e-06
2423,3.0372778531446492e-06,43,1.1317978609020428e-05,6.008281128046199e-06
4836,3.0372778531446492e-06,43,0.0,6.151335440618727e-06
431,3.0372778531446492e-06,43,3.395393582706129e-05,5.722172502901142e-06
1821,3.0372778531446492e-06,43,0.0,6.151335440618727e-06
555,3.0372778531446492e-06,43,0.0,6.151335440618727e-06
2830,3.0372778531446492e-06,43,0.0,6.151335440618727e-06
12464,3.0372778531446492e-06,43,1.1317978609020428e-05,6.008281128046199e-06
1202,3.0372778531446492e-06,43,2.2635957218040857e-05,5.86522681547367e-06
6627,3.0372778531446492e-06,43,0.0,6.151335440618727e-06
20775,3.0372778531446492e-06,43,3.395393582706129e-05,5.722172502901142e-06
7837,3.0372778531446492e-06,43,0.0,6.151335440618727e-06
3913,3.0372778531446492e-06,43,0.0,6.151335440618727e-06
384,3.0372778531446492e-06,43,1.1317978609020428e-05,6.008281128046199e-06
16443,2.9666434844668666e-06,42,2.2635957218040857e-05,5.722172502901142e-06
6823,2.9666434844668666e-06,42,0.0,6.008281128046199e-06
806,2.9666434844668666e-06,42,0.0,6.008281128046199e-06
1992,2.9666434844668666e-06,42,1.1317978609020428e-05,5.86522681547367e-06
6687,2.9666434844668666e-06,42,0.0,6.008281128046199e-06
654,2.9666434844668666e-06,42,1.1317978609020428e-05,5.86522681547367e-06
6750,2.9666434844668666e-06,42,0.0,6.008281128046199e-06
1807,2.9666434844668666e-06,42,3.395393582706129e-05,5.579118190328613e-06
12101,2.9666434844668666e-06,42,1.1317978609020428e-05,5.86522681547367e-06
5662,2.896009115789084e-06,41,0.0,5.86522681547367e-06
7098,2.896009115789084e-06,41,0.0,5.86522681547367e-06
14383,2.896009115789084e-06,41,1.1317978609020428e-05,5.722172502901142e-06
6602,2.896009115789084e-06,41,0.0,5.86522681547367e-06
1967,2.896009115789084e-06,41,0.0,5.86522681547367e-06
2357,2.896009115789084e-06,41,0.0,5.86522681547367e-06
1756,2.896009115789084e-06,41,1.1317978609020428e-05,5.722172502901142e-06
837,2.896009115789084e-06,41,0.0,5.86522681547367e-06
1018,2.896009115789084e-06,41,1.1317978609020428e-05,5.722172502901142e-06
721,2.896009115789084e-06,41,3.395393582706129e-05,5.436063877756084e-06
12759,2.896009115789084e-06,41,2.2635957218040857e-05,5.579118190328613e-06
522,2.896009115789084e-06,41,0.0,5.86522681547367e-06
2828,2.8253747471113015e-06,40,0.0,5.722172502901142e-06
1327,2.8253747471113015e-06,40,1.1317978609020428e-05,5.579118190328613e-06
12613,2.8253747471113015e-06,40,0.0,5.722172502901142e-06
17728,2.8253747471113015e-06,40,0.0,5.722172502901142e-06
167,2.8253747471113015e-06,40,0.0,5.722172502901142e-06
2369,2.8253747471113015e-06,40,0.0,5.722172502901142e-06
7101,2.8253747471113015e-06,40,1.1317978609020428e-05,5.579118190328613e-06
6903,2.754740378433519e-06,39,0.0,5.579118190328613e-06
3141,2.754740378433519e-06,39,0.0,5.579118190328613e-06
9056,2.754740378433519e-06,39,0.0,5.579118190328613e-06
4915,2.754740378433519e-06,39,0.0,5.579118190328613e-06
12089,2.754740378433519e-06,39,0.0,5.579118190328613e-06
2321,2.754740378433519e-06,39,5.6589893045102146e-05,4.86384662746597e-06
5728,2.754740378433519e-06,39,0.0,5.579118190328613e-06
2151,2.754740378433519e-06,39,0.0,5.579118190328613e-06
11733,2.754740378433519e-06,39,0.0,5.579118190328613e-06
749,2.754740378433519e-06,39,1.1317978609020428e-05,5.436063877756084e-06
1782,2.754740378433519e-06,39,2.2635957218040857e-05,5.293009565183556e-06
823,2.754740378433519e-06,39,1.1317978609020428e-05,5.436063877756084e-06
6907,2.6841060097557363e-06,38,2.2635957218040857e-05,5.149955252611027e-06
6822,2.6841060097557363e-06,38,0.0,5.436063877756084e-06
2003,2.6841060097557363e-06,38,1.1317978609020428e-05,5.293009565183556e-06
9110,2.6841060097557363e-06,38,0.0,5.436063877756084e-06
12975,2.6841060097557363e-06,38,0.0,5.436063877756084e-06
11939,2.6841060097557363e-06,38,0.0,5.436063877756084e-06
1220,2.6841060097557363e-06,38,2.2635957218040857e-05,5.149955252611027e-06
6415,2.613471641077954e-06,37,0.0,5.293009565183556e-06
2602,2.613471641077954e-06,37,0.0,5.293009565183556e-06
2019,2.613471641077954e-06,37,1.1317978609020428e-05,5.149955252611027e-06
5079,2.613471641077954e-06,37,0.0,5.293009565183556e-06
2827,2.613471641077954e-06,37,0.0,5.293009565183556e-06
696,2.613471641077954e-06,37,0.0,5.293009565183556e-06
7884,2.613471641077954e-06,37,3.395393582706129e-05,4.86384662746597e-06
6263,2.613471641077954e-06,37,1.1317978609020428e-05,5.149955252611027e-06
1091,2.613471641077954e-06,37,1.1317978609020428e-05,5.149955252611027e-06
5663,2.613471641077954e-06,37,0.0,5.293009565183556e-06
6494,2.5428372724001715e-06,36,1.1317978609020428e-05,5.006900940038498e-06
1168,2.5428372724001715e-06,36,0.0,5.149955252611027e-06
184,2.5428372724001715e-06,36,0.0,5.149955252611027e-06
2785,2.5428372724001715e-06,36,0.0,5.149955252611027e-06
7149,2.472202903722389e-06,35,0.0,5.006900940038498e-06
8212,2.472202903722389e-06,35,0.0,5.006900940038498e-06
389,2.472202903722389e-06,35,0.0,5.006900940038498e-06
4654,2.472202903722389e-06,35,0.0,5.006900940038498e-06
8937,2.472202903722389e-06,35,5.6589893045102146e-05,4.291629377175856e-06
6611,2.472202903722389e-06,35,0.0,5.006900940038498e-06
655,2.472202903722389e-06,35,0.0,5.006900940038498e-06
657,2.472202903722389e-06,35,0.0,5.006900940038498e-06
2150,2.472202903722389e-06,35,0.0,5.006900940038498e-06
2152,2.472202903722389e-06,35,0.0,5.006900940038498e-06
2826,2.472202903722389e-06,35,0.0,5.006900940038498e-06
11425,2.472202903722389e-06,35,0.0,5.006900940038498e-06
2905,2.472202903722389e-06,35,1.1317978609020428e-05,4.86384662746597e-06
1792,2.472202903722389e-06,35,0.0,5.006900940038498e-06
11469,2.472202903722389e-06,35,0.0,5.006900940038498e-06
2153,2.472202903722389e-06,35,0.0,5.006900940038498e-06
7739,2.4015685350446064e-06,34,0.0,4.86384662746597e-06
5283,2.4015685350446064e-06,34,0.0,4.86384662746597e-06
6910,2.4015685350446064e-06,34,0.0,4.86384662746597e-06
8939,2.4015685350446064e-06,34,5.6589893045102146e-05,4.148575064603328e-06
176,2.4015685350446064e-06,34,0.0,4.86384662746597e-06
23267,2.4015685350446064e-06,34,1.1317978609020428e-05,4.7207923148934415e-06
2211,2.4015685350446064e-06,34,1.1317978609020428e-05,4.7207923148934415e-06
2169,2.4015685350446064e-06,34,0.0,4.86384662746597e-06
2047,2.4015685350446064e-06,34,1.1317978609020428e-05,4.7207923148934415e-06
12436,2.4015685350446064e-06,34,0.0,4.86384662746597e-06
1213,2.4015685350446064e-06,34,0.0,4.86384662746597e-06
1993,2.4015685350446064e-06,34,2.2635957218040857e-05,4.5777380023209135e-06
2312,2.4015685350446064e-06,34,0.0,4.86384662746597e-06
16528,2.4015685350446064e-06,34,0.0,4.86384662746597e-06
6897,2.3309341663668238e-06,33,0.0,4.7207923148934415e-06
1194,2.3309341663668238e-06,33,0.0,4.7207923148934415e-06
2950,2.3309341663668238e-06,33,1.1317978609020428e-05,4.5777380023209135e-06
6866,2.3309341663668238e-06,33,1.1317978609020428e-05,4.5777380023209135e-06
6671,2.3309341663668238e-06,33,0.0,4.7207923148934415e-06
971,2.3309341663668238e-06,33,0.0,4.7207923148934415e-06
995,2.3309341663668238e-06,33,0.0,4.7207923148934415e-06
1956,2.3309341663668238e-06,33,0.0,4.7207923148934415e-06
2043,2.3309341663668238e-06,33,0.0,4.7207923148934415e-06
20810,2.3309341663668238e-06,33,0.0,4.7207923148934415e-06
14375,2.3309341663668238e-06,33,1.1317978609020428e-05,4.5777380023209135e-06
4547,2.260299797689041e-06,32,0.0,4.5777380023209135e-06
6250,2.260299797689041e-06,32,1.1317978609020428e-05,4.434683689748385e-06
3822,2.260299797689041e-06,32,1.1317978609020428e-05,4.434683689748385e-06
7774,2.260299797689041e-06,32,0.0,4.5777380023209135e-06
2147,2.260299797689041e-06,32,1.1317978609020428e-05,4.434683689748385e-06
5764,2.260299797689041e-06,32,1.1317978609020428e-05,4.434683689748385e-06
6281,2.260299797689041e-06,32,1.1317978609020428e-05,4.434683689748385e-06
7361,2.260299797689041e-06,32,0.0,4.5777380023209135e-06
4355,2.260299797689041e-06,32,0.0,4.5777380023209135e-06
6349,2.260299797689041e-06,32,0.0,4.5777380023209135e-06
36,2.1896654290112586e-06,31,0.0,4.434683689748385e-06
17725,2.1896654290112586e-06,31,2.2635957218040857e-05,4.148575064603328e-06
1948,2.1896654290112586e-06,31,2.2635957218040857e-05,4.148575064603328e-06
10596,2.1896654290112586e-06,31,1.1317978609020428e-05,4.291629377175856e-06
545,2.1896654290112586e-06,31,0.0,4.434683689748385e-06
2503,2.1896654290112586e-06,31,0.0,4.434683689748385e-06
5354,2.1896654290112586e-06,31,0.0,4.434683689748385e-06
3178,2.1896654290112586e-06,31,0.0,4.434683689748385e-06
664,2.1896654290112586e-06,31,0.0,4.434683689748385e-06
1874,2.1896654290112586e-06,31,0.0,4.434683689748385e-06
2517,2.1896654290112586e-06,31,0.0,4.434683689748385e-06
7113,2.1896654290112586e-06,31,1.1317978609020428e-05,4.291629377175856e-06
6429,2.1896654290112586e-06,31,0.0,4.434683689748385e-06
278,2.119031060333476e-06,30,0.0,4.291629377175856e-06
976,2.119031060333476e-06,30,0.0,4.291629377175856e-06
1017,2.119031060333476e-06,30,1.1317978609020428e-05,4.148575064603328e-06
2108,2.119031060333476e-06,30,0.0,4.291629377175856e-06
1064,2.119031060333476e-06,30,0.0,4.291629377175856e-06
5056,2.119031060333476e-06,30,0.0,4.291629377175856e-06
6441,2.119031060333476e-06,30,1.1317978609020428e-05,4.148575064603328e-06
20764,2.119031060333476e-06,30,0.0,4.291629377175856e-06
3887,2.119031060333476e-06,30,0.0,4.291629377175856e-06
1960,2.119031060333476e-06,30,1.1317978609020428e-05,4.148575064603328e-06
20812,2.048396691655694e-06,29,0.0,4.148575064603328e-06
8765,2.048396691655694e-06,29,1.1317978609020428e-05,4.005520752030799e-06
1500,2.048396691655694e-06,29,0.0,4.148575064603328e-06
12612,2.048396691655694e-06,29,1.1317978609020428e-05,4.005520752030799e-06
6813,2.048396691655694e-06,29,0.0,4.148575064603328e-06
718,2.048396691655694e-06,29,1.1317978609020428e-05,4.005520752030799e-06
2162,2.048396691655694e-06,29,0.0,4.148575064603328e-06
6677,2.048396691655694e-06,29,0.0,4.148575064603328e-06
2023,2.048396691655694e-06,29,0.0,4.148575064603328e-06
7173,2.048396691655694e-06,29,0.0,4.148575064603328e-06
7828,2.048396691655694e-06,29,2.2635957218040857e-05,3.862466439458271e-06
6280,2.048396691655694e-06,29,0.0,4.148575064603328e-06
12848,1.9777623229779112e-06,28,2.2635957218040857e-05,3.719412126885742e-06
6749,1.9777623229779112e-06,28,1.1317978609020428e-05,3.862466439458271e-06
2714,1.9777623229779112e-06,28,1.1317978609020428e-05,3.862466439458271e-06
2146,1.9777623229779112e-06,28,0.0,4.005520752030799e-06
2114,1.9777623229779112e-06,28,1.1317978609020428e-05,3.862466439458271e-06
663,1.9777623229779112e-06,28,0.0,4.005520752030799e-06
990,1.9777623229779112e-06,28,0.0,4.005520752030799e-06
2276,1.9777623229779112e-06,28,0.0,4.005520752030799e-06
2305,1.9777623229779112e-06,28,1.1317978609020428e-05,3.862466439458271e-06
4115,1.9777623229779112e-06,28,0.0,4.005520752030799e-06
7926,1.9777623229779112e-06,28,0.0,4.005520752030799e-06
869,1.9777623229779112e-06,28,1.1317978609020428e-05,3.862466439458271e-06
7512,1.9777623229779112e-06,28,0.0,4.005520752030799e-06
904,1.9777623229779112e-06,28,0.0,4.005520752030799e-06
2518,1.9071279543001284e-06,27,0.0,3.862466439458271e-06
1070,1.9071279543001284e-06,27,1.1317978609020428e-05,3.719412126885742e-06
11493,1.9071279543001284e-06,27,0.0,3.862466439458271e-06
8881,1.9071279543001284e-06,27,0.0,3.862466439458271e-06
1576,1.9071279543001284e-06,27,0.0,3.862466439458271e-06
7152,1.9071279543001284e-06,27,1.1317978609020428e-05,3.719412126885742e-06
6477,1.9071279543001284e-06,27,1.1317978609020428e-05,3.719412126885742e-06
2756,1.9071279543001284e-06,27,0.0,3.862466439458271e-06
794,1.836493585622346e-06,26,0.0,3.719412126885742e-06
312,1.836493585622346e-06,26,0.0,3.719412126885742e-06
6486,1.836493585622346e-06,26,1.1317978609020428e-05,3.5763578143132136e-06
2319,1.836493585622346e-06,26,0.0,3.719412126885742e-06
7125,1.836493585622346e-06,26,1.1317978609020428e-05,3.5763578143132136e-06
6606,1.836493585622346e-06,26,0.0,3.719412126885742e-06
7131,1.836493585622346e-06,26,0.0,3.719412126885742e-06
6495,1.836493585622346e-06,26,0.0,3.719412126885742e-06
6978,1.836493585622346e-06,26,0.0,3.719412126885742e-06
1991,1.836493585622346e-06,26,0.0,3.719412126885742e-06
6841,1.836493585622346e-06,26,0.0,3.719412126885742e-06
2148,1.836493585622346e-06,26,0.0,3.719412126885742e-06
2801,1.836493585622346e-06,26,0.0,3.719412126885742e-06
1263,1.836493585622346e-06,26,1.1317978609020428e-05,3.5763578143132136e-06
7080,1.836493585622346e-06,26,0.0,3.719412126885742e-06
1090,1.836493585622346e-06,26,0.0,3.719412126885742e-06
1940,1.836493585622346e-06,26,0.0,3.719412126885742e-06
268,1.836493585622346e-06,26,4.5271914436081714e-05,3.147194876595628e-06
5285,1.836493585622346e-06,26,0.0,3.719412126885742e-06
5355,1.836493585622346e-06,26,0.0,3.719412126885742e-06
20809,1.836493585622346e-06,26,0.0,3.719412126885742e-06
4928,1.836493585622346e-06,26,0.0,3.719412126885742e-06
7813,1.7658592169445635e-06,25,1.1317978609020428e-05,3.4333035017406847e-06
7006,1.7658592169445635e-06,25,0.0,3.5763578143132136e-06
4587,1.7658592169445635e-06,25,1.1317978609020428e-05,3.4333035017406847e-06
2562,1.7658592169445635e-06,25,0.0,3.5763578143132136e-06
6927,1.7658592169445635e-06,25,2.2635957218040857e-05,3.2902491891681563e-06
1932,1.7658592169445635e-06,25,0.0,3.5763578143132136e-06
3704,1.7658592169445635e-06,25,0.0,3.5763578143132136e-06
2059,1.7658592169445635e-06,25,0.0,3.5763578143132136e-06
2324,1.7658592169445635e-06,25,1.1317978609020428e-05,3.4333035017406847e-06
1941,1.7658592169445635e-06,25,0.0,3.5763578143132136e-06
2387,1.7658592169445635e-06,25,0.0,3.5763578143132136e-06
800,1.7658592169445635e-06,25,0.0,3.5763578143132136e-06
2704,1.7658592169445635e-06,25,0.0,3.5763578143132136e-06
2984,1.7658592169445635e-06,25,0.0,3.5763578143132136e-06
6796,1.7658592169445635e-06,25,0.0,3.5763578143132136e-06
1493,1.7658592169445635e-06,25,0.0,3.5763578143132136e-06
2083,1.7658592169445635e-06,25,0.0,3.5763578143132136e-06
5639,1.6952248482667809e-06,24,0.0,3.4333035017406847e-06
5657,1.6952248482667809e-06,24,0.0,3.4333035017406847e-06
23178,1.6952248482667809e-06,24,1.1317978609020428e-05,3.2902491891681563e-06
20780,1.6952248482667809e-06,24,0.0,3.4333035017406847e-06
17758,1.6952248482667809e-06,24,0.0,3.4333035017406847e-06
6442,1.6952248482667809e-06,24,0.0,3.4333035017406847e-06
2511,1.6952248482667809e-06,24,0.0,3.4333035017406847e-06
2483,1.6952248482667809e-06,24,0.0,3.4333035017406847e-06
2891,1.6952248482667809e-06,24,0.0,3.4333035017406847e-06
7062,1.6952248482667809e-06,24,1.1317978609020428e-05,3.2902491891681563e-06
505,1.6952248482667809e-06,24,2.2635957218040857e-05,3.147194876595628e-06
1404,1.6952248482667809e-06,24,0.0,3.4333035017406847e-06
21186,1.6952248482667809e-06,24,1.1317978609020428e-05,3.2902491891681563e-06
1241,1.6952248482667809e-06,24,0.0,3.4333035017406847e-06
2215,1.6952248482667809e-06,24,0.0,3.4333035017406847e-06
2225,1.6952248482667809e-06,24,0.0,3.4333035017406847e-06
6620,1.6952248482667809e-06,24,0.0,3.4333035017406847e-06
6692,1.6952248482667809e-06,24,1.1317978609020428e-05,3.2902491891681563e-06
492,1.6952248482667809e-06,24,0.0,3.4333035017406847e-06
2510,1.6952248482667809e-06,24,0.0,3.4333035017406847e-06
4558,1.6952248482667809e-06,24,0.0,3.4333035017406847e-06
4578,1.6952248482667809e-06,24,0.0,3.4333035017406847e-06
1696,1.6952248482667809e-06,24,0.0,3.4333035017406847e-06
7123,1.6952248482667809e-06,24,0.0,3.4333035017406847e-06
3888,1.6952248482667809e-06,24,0.0,3.4333035017406847e-06
3789,1.6952248482667809e-06,24,0.0,3.4333035017406847e-06
322,1.6952248482667809e-06,24,0.0,3.4333035017406847e-06
12963,1.6952248482667809e-06,24,0.0,3.4333035017406847e-06
12881,1.6952248482667809e-06,24,1.1317978609020428e-05,3.2902491891681563e-06
20779,1.6245904795889983e-06,23,0.0,3.2902491891681563e-06
1749,1.6245904795889983e-06,23,0.0,3.2902491891681563e-06
9986,1.6245904795889983e-06,23,1.1317978609020428e-05,3.147194876595628e-06
9854,1.6245904795889983e-06,23,0.0,3.2902491891681563e-06
258,1.6245904795889983e-06,23,0.0,3.2902491891681563e-06
5160,1.6245904795889983e-06,23,0.0,3.2902491891681563e-06
2264,1.6245904795889983e-06,23,2.2635957218040857e-05,3.0041405640230994e-06
2601,1.6245904795889983e-06,23,0.0,3.2902491891681563e-06
365,1.6245904795889983e-06,23,1.1317978609020428e-05,3.147194876595628e-06
6072,1.553956110911216e-06,22,0.0,3.147194876595628e-06
4579,1.553956110911216e-06,22,0.0,3.147194876595628e-06
6901,1.553956110911216e-06,22,0.0,3.147194876595628e-06
13750,1.553956110911216e-06,22,0.0,3.147194876595628e-06
6980,1.553956110911216e-06,22,0.0,3.147194876595628e-06
12018,1.553956110911216e-06,22,0.0,3.147194876595628e-06
3483,1.553956110911216e-06,22,0.0,3.147194876595628e-06
7743,1.553956110911216e-06,22,0.0,3.147194876595628e-06
378,1.553956110911216e-06,22,0.0,3.147194876595628e-06
17754,1.553956110911216e-06,22,0.0,3.147194876595628e-06
1866,1.553956110911216e-06,22,0.0,3.147194876595628e-06
1727,1.553956110911216e-06,22,0.0,3.147194876595628e-06
5463,1.553956110911216e-06,22,0.0,3.147194876595628e-06
4458,1.553956110911216e-06,22,0.0,3.147194876595628e-06
842,1.553956110911216e-06,22,0.0,3.147194876595628e-06
6628,1.553956110911216e-06,22,0.0,3.147194876595628e-06
3316,1.553956110911216e-06,22,0.0,3.147194876595628e-06
6479,1.553956110911216e-06,22,0.0,3.147194876595628e-06
7815,1.4833217422334333e-06,21,0.0,3.0041405640230994e-06
5286,1.4833217422334333e-06,21,0.0,3.0041405640230994e-06
2497,1.4833217422334333e-06,21,0.0,3.0041405640230994e-06
5692,1.4833217422334333e-06,21,0.0,3.0041405640230994e-06
5299,1.4833217422334333e-06,21,0.0,3.0041405640230994e-06
6848,1.4833217422334333e-06,21,0.0,3.0041405640230994e-06
3098,1.4833217422334333e-06,21,0.0,3.0041405640230994e-06
1261,1.4833217422334333e-06,21,1.1317978609020428e-05,2.861086251450571e-06
8090,1.4833217422334333e-06,21,0.0,3.0041405640230994e-06
785,1.4833217422334333e-06,21,0.0,3.0041405640230994e-06
12730,1.4833217422334333e-06,21,0.0,3.0041405640230994e-06
7922,1.4833217422334333e-06,21,0.0,3.0041405640230994e-06
2135,1.4833217422334333e-06,21,0.0,3.0041405640230994e-06
374,1.4833217422334333e-06,21,0.0,3.0041405640230994e-06
4740,1.4833217422334333e-06,21,0.0,3.0041405640230994e-06
1757,1.4833217422334333e-06,21,2.2635957218040857e-05,2.718031938878042e-06
2488,1.4833217422334333e-06,21,2.2635957218040857e-05,2.718031938878042e-06
849,1.4833217422334333e-06,21,1.1317978609020428e-05,2.861086251450571e-06
6122,1.4833217422334333e-06,21,0.0,3.0041405640230994e-06
5008,1.4126873735556507e-06,20,0.0,2.861086251450571e-06
11739,1.4126873735556507e-06,20,0.0,2.861086251450571e-06
5745,1.4126873735556507e-06,20,0.0,2.861086251450571e-06
17727,1.4126873735556507e-06,20,0.0,2.861086251450571e-06
5708,1.4126873735556507e-06,20,0.0,2.861086251450571e-06
5077,1.4126873735556507e-06,20,0.0,2.861086251450571e-06
861,1.4126873735556507e-06,20,0.0,2.861086251450571e-06
454,1.4126873735556507e-06,20,2.2635957218040857e-05,2.5749776263055136e-06
16744,1.4126873735556507e-06,20,0.0,2.861086251450571e-06
6570,1.4126873735556507e-06,20,0.0,2.861086251450571e-06
11233,1.4126873735556507e-06,20,2.2635957218040857e-05,2.5749776263055136e-06
21187,1.4126873735556507e-06,20,0.0,2.861086251450571e-06
7048,1.4126873735556507e-06,20,1.1317978609020428e-05,2.718031938878042e-06
14323,1.4126873735556507e-06,20,0.0,2.861086251450571e-06
6951,1.3420530048778681e-06,19,1.1317978609020428e-05,2.5749776263055136e-06
652,1.3420530048778681e-06,19,0.0,2.718031938878042e-06
12429,1.3420530048778681e-06,19,0.0,2.718031938878042e-06
6834,1.3420530048778681e-06,19,1.1317978609020428e-05,2.5749776263055136e-06
21185,1.3420530048778681e-06,19,1.1317978609020428e-05,2.5749776263055136e-06
8861,1.3420530048778681e-06,19,0.0,2.718031938878042e-06
7081,1.3420530048778681e-06,19,0.0,2.718031938878042e-06
422,1.3420530048778681e-06,19,1.1317978609020428e-05,2.5749776263055136e-06
448,1.3420530048778681e-06,19,2.2635957218040857e-05,2.431923313732985e-06
1030,1.3420530048778681e-06,19,0.0,2.718031938878042e-06
3495,1.3420530048778681e-06,19,0.0,2.718031938878042e-06
188,1.3420530048778681e-06,19,0.0,2.718031938878042e-06
1962,1.3420530048778681e-06,19,0.0,2.718031938878042e-06
671,1.3420530048778681e-06,19,0.0,2.718031938878042e-06
4211,1.3420530048778681e-06,19,0.0,2.718031938878042e-06
1913,1.3420530048778681e-06,19,0.0,2.718031938878042e-06
4091,1.3420530048778681e-06,19,0.0,2.718031938878042e-06
4843,1.3420530048778681e-06,19,0.0,2.718031938878042e-06
333,1.3420530048778681e-06,19,0.0,2.718031938878042e-06
1122,1.3420530048778681e-06,19,0.0,2.718031938878042e-06
512,1.3420530048778681e-06,19,0.0,2.718031938878042e-06
1721,1.3420530048778681e-06,19,0.0,2.718031938878042e-06
2575,1.3420530048778681e-06,19,0.0,2.718031938878042e-06
2048,1.3420530048778681e-06,19,0.0,2.718031938878042e-06
6032,1.2714186362000858e-06,18,0.0,2.5749776263055136e-06
7786,1.2714186362000858e-06,18,0.0,2.5749776263055136e-06
1871,1.2714186362000858e-06,18,1.1317978609020428e-05,2.431923313732985e-06
23380,1.2714186362000858e-06,18,1.1317978609020428e-05,2.431923313732985e-06
2501,1.2714186362000858e-06,18,0.0,2.5749776263055136e-06
410,1.2714186362000858e-06,18,0.0,2.5749776263055136e-06
1910,1.2714186362000858e-06,18,0.0,2.5749776263055136e-06
261,1.2714186362000858e-06,18,0.0,2.5749776263055136e-06
3132,1.2714186362000858e-06,18,0.0,2.5749776263055136e-06
2705,1.2714186362000858e-06,18,0.0,2.5749776263055136e-06
6871,1.2714186362000858e-06,18,0.0,2.5749776263055136e-06
12335,1.2714186362000858e-06,18,0.0,2.5749776263055136e-06
645,1.2714186362000858e-06,18,0.0,2.5749776263055136e-06
7871,1.2714186362000858e-06,18,0.0,2.5749776263055136e-06
6276,1.2714186362000858e-06,18,0.0,2.5749776263055136e-06
16747,1.2714186362000858e-06,18,0.0,2.5749776263055136e-06
7111,1.2714186362000858e-06,18,0.0,2.5749776263055136e-06
2064,1.2714186362000858e-06,18,0.0,2.5749776263055136e-06
293,1.2714186362000858e-06,18,0.0,2.5749776263055136e-06
8369,1.2714186362000858e-06,18,0.0,2.5749776263055136e-06
224,1.2714186362000858e-06,18,0.0,2.5749776263055136e-06
2011,1.2714186362000858e-06,18,2.2635957218040857e-05,2.2888690011604567e-06
2614,1.2714186362000858e-06,18,1.1317978609020428e-05,2.431923313732985e-06
628,1.2714186362000858e-06,18,0.0,2.5749776263055136e-06
7423,1.2007842675223032e-06,17,0.0,2.431923313732985e-06
1151,1.2007842675223032e-06,17,0.0,2.431923313732985e-06
1108,1.2007842675223032e-06,17,1.1317978609020428e-05,2.2888690011604567e-06
4682,1.2007842675223032e-06,17,0.0,2.431923313732985e-06
5397,1.2007842675223032e-06,17,1.1317978609020428e-05,2.2888690011604567e-06
4588,1.2007842675223032e-06,17,0.0,2.431923313732985e-06
2304,1.2007842675223032e-06,17,0.0,2.431923313732985e-06
13023,1.2007842675223032e-06,17,0.0,2.431923313732985e-06
11738,1.2007842675223032e-06,17,0.0,2.431923313732985e-06
8759,1.2007842675223032e-06,17,1.1317978609020428e-05,2.2888690011604567e-06
3081,1.2007842675223032e-06,17,0.0,2.431923313732985e-06
11718,1.2007842675223032e-06,17,0.0,2.431923313732985e-06
10957,1.2007842675223032e-06,17,1.1317978609020428e-05,2.2888690011604567e-06
2165,1.2007842675223032e-06,17,0.0,2.431923313732985e-06
9987,1.2007842675223032e-06,17,0.0,2.431923313732985e-06
20811,1.1301498988445206e-06,16,0.0,2.2888690011604567e-06
6989,1.1301498988445206e-06,16,0.0,2.2888690011604567e-06
2212,1.1301498988445206e-06,16,3.395393582706129e-05,1.859706063442871e-06
85,1.1301498988445206e-06,16,0.0,2.2888690011604567e-06
621,1.1301498988445206e-06,16,0.0,2.2888690011604567e-06
7842,1.1301498988445206e-06,16,2.2635957218040857e-05,2.0027603760153994e-06
182,1.1301498988445206e-06,16,0.0,2.2888690011604567e-06
6465,1.1301498988445206e-06,16,0.0,2.2888690011604567e-06
147,1.1301498988445206e-06,16,0.0,2.2888690011604567e-06
999,1.1301498988445206e-06,16,0.0,2.2888690011604567e-06
5254,1.1301498988445206e-06,16,0.0,2.2888690011604567e-06
14065,1.1301498988445206e-06,16,0.0,2.2888690011604567e-06
5407,1.1301498988445206e-06,16,0.0,2.2888690011604567e-06
21184,1.1301498988445206e-06,16,0.0,2.2888690011604567e-06
1816,1.1301498988445206e-06,16,0.0,2.2888690011604567e-06
7095,1.1301498988445206e-06,16,0.0,2.2888690011604567e-06
8400,1.1301498988445206e-06,16,0.0,2.2888690011604567e-06
8396,1.1301498988445206e-06,16,0.0,2.2888690011604567e-06
2311,1.1301498988445206e-06,16,1.1317978609020428e-05,2.145814688587928e-06
3460,1.1301498988445206e-06,16,0.0,2.2888690011604567e-06
2041,1.1301498988445206e-06,16,0.0,2.2888690011604567e-06
3425,1.1301498988445206e-06,16,1.1317978609020428e-05,2.145814688587928e-06
434,1.1301498988445206e-06,16,2.2635957218040857e-05,2.0027603760153994e-06
2056,1.1301498988445206e-06,16,0.0,2.2888690011604567e-06
433,1.1301498988445206e-06,16,1.1317978609020428e-05,2.145814688587928e-06
1143,1.1301498988445206e-06,16,0.0,2.2888690011604567e-06
1711,1.1301498988445206e-06,16,0.0,2.2888690011604567e-06
10170,1.059515530166738e-06,15,0.0,2.145814688587928e-06
2835,1.059515530166738e-06,15,0.0,2.145814688587928e-06
2209,1.059515530166738e-06,15,0.0,2.145814688587928e-06
20784,1.059515530166738e-06,15,1.1317978609020428e-05,2.0027603760153994e-06
6605,1.059515530166738e-06,15,0.0,2.145814688587928e-06
446,1.059515530166738e-06,15,1.1317978609020428e-05,2.0027603760153994e-06
6811,1.059515530166738e-06,15,0.0,2.145814688587928e-06
308,1.059515530166738e-06,15,0.0,2.145814688587928e-06
2106,1.059515530166738e-06,15,0.0,2.145814688587928e-06
458,1.059515530166738e-06,15,1.1317978609020428e-05,2.0027603760153994e-06
6738,1.059515530166738e-06,15,0.0,2.145814688587928e-06
945,1.059515530166738e-06,15,0.0,2.145814688587928e-06
13457,1.059515530166738e-06,15,0.0,2.145814688587928e-06
1968,1.059515530166738e-06,15,0.0,2.145814688587928e-06
12752,1.059515530166738e-06,15,0.0,2.145814688587928e-06
2703,1.059515530166738e-06,15,0.0,2.145814688587928e-06
1839,1.059515530166738e-06,15,0.0,2.145814688587928e-06
5615,1.059515530166738e-06,15,0.0,2.145814688587928e-06
6946,1.059515530166738e-06,15,5.6589893045102146e-05,1.4305431257252855e-06
5473,1.059515530166738e-06,15,0.0,2.145814688587928e-06
5332,1.059515530166738e-06,15,0.0,2.145814688587928e-06
5153,1.059515530166738e-06,15,0.0,2.145814688587928e-06
7124,1.059515530166738e-06,15,0.0,2.145814688587928e-06
1588,1.059515530166738e-06,15,0.0,2.145814688587928e-06
1105,9.888811614889556e-07,14,0.0,2.0027603760153994e-06
2751,9.888811614889556e-07,14,0.0,2.0027603760153994e-06
5616,9.888811614889556e-07,14,0.0,2.0027603760153994e-06
7723,9.888811614889556e-07,14,0.0,2.0027603760153994e-06
13509,9.888811614889556e-07,14,0.0,2.0027603760153994e-06
12506,9.888811614889556e-07,14,1.1317978609020428e-05,1.859706063442871e-06
8856,9.888811614889556e-07,14,0.0,2.0027603760153994e-06
12583,9.888811614889556e-07,14,0.0,2.0027603760153994e-06
7189,9.888811614889556e-07,14,0.0,2.0027603760153994e-06
8012,9.888811614889556e-07,14,0.0,2.0027603760153994e-06
4929,9.888811614889556e-07,14,0.0,2.0027603760153994e-06
1994,9.888811614889556e-07,14,0.0,2.0027603760153994e-06
644,9.888811614889556e-07,14,0.0,2.0027603760153994e-06
7784,9.888811614889556e-07,14,0.0,2.0027603760153994e-06
11563,9.888811614889556e-07,14,0.0,2.0027603760153994e-06
5923,9.888811614889556e-07,14,0.0,2.0027603760153994e-06
8922,9.18246792811173e-07,13,0.0,1.859706063442871e-06
840,9.18246792811173e-07,13,0.0,1.859706063442871e-06
1819,9.18246792811173e-07,13,0.0,1.859706063442871e-06
5371,9.18246792811173e-07,13,0.0,1.859706063442871e-06
7147,9.18246792811173e-07,13,0.0,1.859706063442871e-06
12377,9.18246792811173e-07,13,0.0,1.859706063442871e-06
7915,9.18246792811173e-07,13,0.0,1.859706063442871e-06
2053,9.18246792811173e-07,13,0.0,1.859706063442871e-06
1716,9.18246792811173e-07,13,0.0,1.859706063442871e-06
7097,9.18246792811173e-07,13,0.0,1.859706063442871e-06
2066,9.18246792811173e-07,13,0.0,1.859706063442871e-06
12528,9.18246792811173e-07,13,1.1317978609020428e-05,1.7166517508703423e-06
1772,9.18246792811173e-07,13,0.0,1.859706063442871e-06
21182,9.18246792811173e-07,13,1.1317978609020428e-05,1.7166517508703423e-06
7030,9.18246792811173e-07,13,0.0,1.859706063442871e-06
2237,9.18246792811173e-07,13,1.1317978609020428e-05,1.7166517508703423e-06
7760,9.18246792811173e-07,13,0.0,1.859706063442871e-06
9837,9.18246792811173e-07,13,0.0,1.859706063442871e-06
7883,9.18246792811173e-07,13,0.0,1.859706063442871e-06
3115,9.18246792811173e-07,13,1.1317978609020428e-05,1.7166517508703423e-06
546,9.18246792811173e-07,13,0.0,1.859706063442871e-06
20770,9.18246792811173e-07,13,1.1317978609020428e-05,1.7166517508703423e-06
6819,9.18246792811173e-07,13,0.0,1.859706063442871e-06
21213,8.476124241333904e-07,12,0.0,1.7166517508703423e-06
6821,8.476124241333904e-07,12,1.1317978609020428e-05,1.573597438297814e-06
11986,8.476124241333904e-07,12,0.0,1.7166517508703423e-06
7860,8.476124241333904e-07,12,0.0,1.7166517508703423e-06
2496,8.476124241333904e-07,12,1.1317978609020428e-05,1.573597438297814e-06
1641,8.476124241333904e-07,12,0.0,1.7166517508703423e-06
3779,8.476124241333904e-07,12,0.0,1.7166517508703423e-06
8187,8.476124241333904e-07,12,0.0,1.7166517508703423e-06
5401,8.476124241333904e-07,12,0.0,1.7166517508703423e-06
756,8.476124241333904e-07,12,0.0,1.7166517508703423e-06
6592,8.476124241333904e-07,12,0.0,1.7166517508703423e-06
21212,8.476124241333904e-07,12,0.0,1.7166517508703423e-06
6530,8.476124241333904e-07,12,0.0,1.7166517508703423e-06
12761,8.476124241333904e-07,12,0.0,1.7166517508703423e-06
16148,8.476124241333904e-07,12,0.0,1.7166517508703423e-06
8593,8.476124241333904e-07,12,0.0,1.7166517508703423e-06
1931,8.476124241333904e-07,12,0.0,1.7166517508703423e-06
192,8.476124241333904e-07,12,0.0,1.7166517508703423e-06
2052,8.476124241333904e-07,12,0.0,1.7166517508703423e-06
8863,8.476124241333904e-07,12,0.0,1.7166517508703423e-06
187,8.476124241333904e-07,12,0.0,1.7166517508703423e-06
473,8.476124241333904e-07,12,1.1317978609020428e-05,1.573597438297814e-06
2055,8.476124241333904e-07,12,0.0,1.7166517508703423e-06
6468,8.476124241333904e-07,12,0.0,1.7166517508703423e-06
3086,8.476124241333904e-07,12,0.0,1.7166517508703423e-06
7051,8.476124241333904e-07,12,0.0,1.7166517508703423e-06
12470,8.476124241333904e-07,12,1.1317978609020428e-05,1.573597438297814e-06
3120,8.476124241333904e-07,12,1.1317978609020428e-05,1.573597438297814e-06
5287,8.476124241333904e-07,12,0.0,1.7166517508703423e-06
18265,8.476124241333904e-07,12,0.0,1.7166517508703423e-06
852,7.76978055455608e-07,11,0.0,1.573597438297814e-06
6797,7.76978055455608e-07,11,0.0,1.573597438297814e-06
12460,7.76978055455608e-07,11,0.0,1.573597438297814e-06
6463,7.76978055455608e-07,11,2.2635957218040857e-05,1.2874888131527568e-06
6466,7.76978055455608e-07,11,2.2635957218040857e-05,1.2874888131527568e-06
6672,7.76978055455608e-07,11,0.0,1.573597438297814e-06
2057,7.76978055455608e-07,11,0.0,1.573597438297814e-06
1836,7.76978055455608e-07,11,0.0,1.573597438297814e-06
23103,7.76978055455608e-07,11,1.1317978609020428e-05,1.4305431257252855e-06
1835,7.76978055455608e-07,11,0.0,1.573597438297814e-06
23102,7.76978055455608e-07,11,1.1317978609020428e-05,1.4305431257252855e-06
7023,7.76978055455608e-07,11,1.1317978609020428e-05,1.4305431257252855e-06
12088,7.76978055455608e-07,11,0.0,1.573597438297814e-06
2447,7.76978055455608e-07,11,0.0,1.573597438297814e-06
2455,7.76978055455608e-07,11,0.0,1.573597438297814e-06
2836,7.76978055455608e-07,11,1.1317978609020428e-05,1.4305431257252855e-06
4837,7.76978055455608e-07,11,0.0,1.573597438297814e-06
2181,7.76978055455608e-07,11,0.0,1.573597438297814e-06
7016,7.76978055455608e-07,11,0.0,1.573597438297814e-06
11751,7.76978055455608e-07,11,0.0,1.573597438297814e-06
20650,7.76978055455608e-07,11,0.0,1.573597438297814e-06
646,7.76978055455608e-07,11,0.0,1.573597438297814e-06
1857,7.76978055455608e-07,11,0.0,1.573597438297814e-06
23423,7.76978055455608e-07,11,2.2635957218040857e-05,1.2874888131527568e-06
1961,7.76978055455608e-07,11,0.0,1.573597438297814e-06
3505,7.76978055455608e-07,11,0.0,1.573597438297814e-06
5155,7.76978055455608e-07,11,0.0,1.573597438297814e-06
2746,7.76978055455608e-07,11,0.0,1.573597438297814e-06
1834,7.76978055455608e-07,11,0.0,1.573597438297814e-06
573,7.76978055455608e-07,11,0.0,1.573597438297814e-06
2054,7.76978055455608e-07,11,0.0,1.573597438297814e-06
8357,7.76978055455608e-07,11,0.0,1.573597438297814e-06
1802,7.063436867778254e-07,10,0.0,1.4305431257252855e-06
566,7.063436867778254e-07,10,0.0,1.4305431257252855e-06
1795,7.063436867778254e-07,10,1.1317978609020428e-05,1.2874888131527568e-06
2206,7.063436867778254e-07,10,0.0,1.4305431257252855e-06
7340,7.063436867778254e-07,10,0.0,1.4305431257252855e-06
633,7.063436867778254e-07,10,1.1317978609020428e-05,1.2874888131527568e-06
1128,7.063436867778254e-07,10,0.0,1.4305431257252855e-06
1949,7.063436867778254e-07,10,0.0,1.4305431257252855e-06
2001,7.063436867778254e-07,10,0.0,1.4305431257252855e-06
20781,7.063436867778254e-07,10,1.1317978609020428e-05,1.2874888131527568e-06
8251,7.063436867778254e-07,10,0.0,1.4305431257252855e-06
186,7.063436867778254e-07,10,0.0,1.4305431257252855e-06
15459,7.063436867778254e-07,10,0.0,1.4305431257252855e-06
6615,7.063436867778254e-07,10,0.0,1.4305431257252855e-06
8840,7.063436867778254e-07,10,0.0,1.4305431257252855e-06
3123,7.063436867778254e-07,10,0.0,1.4305431257252855e-06
12592,7.063436867778254e-07,10,0.0,1.4305431257252855e-06
816,7.063436867778254e-07,10,1.1317978609020428e-05,1.2874888131527568e-06
4090,7.063436867778254e-07,10,0.0,1.4305431257252855e-06
122,7.063436867778254e-07,10,0.0,1.4305431257252855e-06
15638,7.063436867778254e-07,10,0.0,1.4305431257252855e-06
12686,7.063436867778254e-07,10,0.0,1.4305431257252855e-06
3278,7.063436867778254e-07,10,0.0,1.4305431257252855e-06
11719,7.063436867778254e-07,10,0.0,1.4305431257252855e-06
4485,7.063436867778254e-07,10,0.0,1.4305431257252855e-06
2515,7.063436867778254e-07,10,0.0,1.4305431257252855e-06
20761,7.063436867778254e-07,10,0.0,1.4305431257252855e-06
1103,7.063436867778254e-07,10,0.0,1.4305431257252855e-06
2513,7.063436867778254e-07,10,1.1317978609020428e-05,1.2874888131527568e-06
2475,7.063436867778254e-07,10,0.0,1.4305431257252855e-06
5801,7.063436867778254e-07,10,0.0,1.4305431257252855e-06
2149,7.063436867778254e-07,10,0.0,1.4305431257252855e-06
11752,7.063436867778254e-07,10,0.0,1.4305431257252855e-06
5971,7.063436867778254e-07,10,0.0,1.4305431257252855e-06
2144,7.063436867778254e-07,10,0.0,1.4305431257252855e-06
7346,7.063436867778254e-07,10,0.0,1.4305431257252855e-06
80,7.063436867778254e-07,10,0.0,1.4305431257252855e-06
4303,7.063436867778254e-07,10,1.1317978609020428e-05,1.2874888131527568e-06
6808,7.063436867778254e-07,10,0.0,1.4305431257252855e-06
2570,6.357093181000429e-07,9,0.0,1.2874888131527568e-06
7402,6.357093181000429e-07,9,1.1317978609020428e-05,1.1444345005802284e-06
20359,6.357093181000429e-07,9,0.0,1.2874888131527568e-06
6413,6.357093181000429e-07,9,0.0,1.2874888131527568e-06
2210,6.357093181000429e-07,9,0.0,1.2874888131527568e-06
2512,6.357093181000429e-07,9,0.0,1.2874888131527568e-06
1846,6.357093181000429e-07,9,0.0,1.2874888131527568e-06
20762,6.357093181000429e-07,9,0.0,1.2874888131527568e-06
260,6.357093181000429e-07,9,0.0,1.2874888131527568e-06
551,6.357093181000429e-07,9,0.0,1.2874888131527568e-06
7712,6.357093181000429e-07,9,0.0,1.2874888131527568e-06
7804,6.357093181000429e-07,9,0.0,1.2874888131527568e-06
4901,6.357093181000429e-07,9,0.0,1.2874888131527568e-06
2755,6.357093181000429e-07,9,0.0,1.2874888131527568e-06
1794,6.357093181000429e-07,9,0.0,1.2874888131527568e-06
9963,6.357093181000429e-07,9,0.0,1.2874888131527568e-06
3949,6.357093181000429e-07,9,0.0,1.2874888131527568e-06
1139,6.357093181000429e-07,9,0.0,1.2874888131527568e-06
1903,6.357093181000429e-07,9,0.0,1.2874888131527568e-06
1221,6.357093181000429e-07,9,1.1317978609020428e-05,1.1444345005802284e-06
17729,6.357093181000429e-07,9,0.0,1.2874888131527568e-06
12129,6.357093181000429e-07,9,0.0,1.2874888131527568e-06
651,6.357093181000429e-07,9,0.0,1.2874888131527568e-06
2062,6.357093181000429e-07,9,1.1317978609020428e-05,1.1444345005802284e-06
6634,6.357093181000429e-07,9,0.0,1.2874888131527568e-06
1980,6.357093181000429e-07,9,0.0,1.2874888131527568e-06
6691,6.357093181000429e-07,9,0.0,1.2874888131527568e-06
3470,6.357093181000429e-07,9,0.0,1.2874888131527568e-06
13456,6.357093181000429e-07,9,0.0,1.2874888131527568e-06
13445,6.357093181000429e-07,9,1.1317978609020428e-05,1.1444345005802284e-06
3767,6.357093181000429e-07,9,0.0,1.2874888131527568e-06
20819,6.357093181000429e-07,9,1.1317978609020428e-05,1.1444345005802284e-06
21179,5.650749494222603e-07,8,0.0,1.1444345005802284e-06
8189,5.650749494222603e-07,8,0.0,1.1444345005802284e-06
6595,5.650749494222603e-07,8,0.0,1.1444345005802284e-06
1818,5.650749494222603e-07,8,0.0,1.1444345005802284e-06
5262,5.650749494222603e-07,8,0.0,1.1444345005802284e-06
13424,5.650749494222603e-07,8,0.0,1.1444345005802284e-06
12721,5.650749494222603e-07,8,0.0,1.1444345005802284e-06
6744,5.650749494222603e-07,8,0.0,1.1444345005802284e-06
6751,5.650749494222603e-07,8,0.0,1.1444345005802284e-06
8192,5.650749494222603e-07,8,0.0,1.1444345005802284e-06
14237,5.650749494222603e-07,8,0.0,1.1444345005802284e-06
3701,5.650749494222603e-07,8,0.0,1.1444345005802284e-06
6562,5.650749494222603e-07,8,0.0,1.1444345005802284e-06
1643,5.650749494222603e-07,8,0.0,1.1444345005802284e-06
1642,5.650749494222603e-07,8,0.0,1.1444345005802284e-06
8103,5.650749494222603e-07,8,0.0,1.1444345005802284e-06
6503,5.650749494222603e-07,8,0.0,1.1444345005802284e-06
685,5.650749494222603e-07,8,0.0,1.1444345005802284e-06
7087,5.650749494222603e-07,8,0.0,1.1444345005802284e-06
8366,5.650749494222603e-07,8,0.0,1.1444345005802284e-06
14340,5.650749494222603e-07,8,0.0,1.1444345005802284e-06
6496,5.650749494222603e-07,8,0.0,1.1444345005802284e-06
20353,5.650749494222603e-07,8,0.0,1.1444345005802284e-06
6272,5.650749494222603e-07,8,0.0,1.1444345005802284e-06
2168,5.650749494222603e-07,8,0.0,1.1444345005802284e-06
9543,5.650749494222603e-07,8,0.0,1.1444345005802284e-06
7409,5.650749494222603e-07,8,0.0,1.1444345005802284e-06
7835,5.650749494222603e-07,8,0.0,1.1444345005802284e-06
11551,5.650749494222603e-07,8,0.0,1.1444345005802284e-06
7208,5.650749494222603e-07,8,0.0,1.1444345005802284e-06
6461,5.650749494222603e-07,8,0.0,1.1444345005802284e-06
9049,5.650749494222603e-07,8,0.0,1.1444345005802284e-06
2272,5.650749494222603e-07,8,0.0,1.1444345005802284e-06
1933,5.650749494222603e-07,8,0.0,1.1444345005802284e-06
1718,5.650749494222603e-07,8,0.0,1.1444345005802284e-06
16577,5.650749494222603e-07,8,0.0,1.1444345005802284e-06
2296,5.650749494222603e-07,8,1.1317978609020428e-05,1.0013801880076997e-06
1877,5.650749494222603e-07,8,0.0,1.1444345005802284e-06
20813,5.650749494222603e-07,8,0.0,1.1444345005802284e-06
23290,5.650749494222603e-07,8,0.0,1.1444345005802284e-06
6987,5.650749494222603e-07,8,0.0,1.1444345005802284e-06
1396,5.650749494222603e-07,8,0.0,1.1444345005802284e-06
7802,5.650749494222603e-07,8,0.0,1.1444345005802284e-06
20777,5.650749494222603e-07,8,0.0,1.1444345005802284e-06
346,5.650749494222603e-07,8,0.0,1.1444345005802284e-06
5693,5.650749494222603e-07,8,0.0,1.1444345005802284e-06
2541,5.650749494222603e-07,8,0.0,1.1444345005802284e-06
2171,5.650749494222603e-07,8,0.0,1.1444345005802284e-06
12756,4.944405807444778e-07,7,0.0,1.0013801880076997e-06
659,4.944405807444778e-07,7,0.0,1.0013801880076997e-06
18152,4.944405807444778e-07,7,0.0,1.0013801880076997e-06
1928,4.944405807444778e-07,7,0.0,1.0013801880076997e-06
661,4.944405807444778e-07,7,0.0,1.0013801880076997e-06
2065,4.944405807444778e-07,7,0.0,1.0013801880076997e-06
12831,4.944405807444778e-07,7,0.0,1.0013801880076997e-06
23422,4.944405807444778e-07,7,1.1317978609020428e-05,8.583258754351712e-07
1784,4.944405807444778e-07,7,0.0,1.0013801880076997e-06
1653,4.944405807444778e-07,7,0.0,1.0013801880076997e-06
289,4.944405807444778e-07,7,0.0,1.0013801880076997e-06
2620,4.944405807444778e-07,7,0.0,1.0013801880076997e-06
3692,4.944405807444778e-07,7,0.0,1.0013801880076997e-06
1585,4.944405807444778e-07,7,0.0,1.0013801880076997e-06
179,4.944405807444778e-07,7,0.0,1.0013801880076997e-06
13757,4.944405807444778e-07,7,0.0,1.0013801880076997e-06
20815,4.944405807444778e-07,7,0.0,1.0013801880076997e-06
6596,4.944405807444778e-07,7,0.0,1.0013801880076997e-06
3429,4.944405807444778e-07,7,0.0,1.0013801880076997e-06
8081,4.944405807444778e-07,7,0.0,1.0013801880076997e-06
8049,4.944405807444778e-07,7,0.0,1.0013801880076997e-06
1051,4.944405807444778e-07,7,1.1317978609020428e-05,8.583258754351712e-07
2120,4.944405807444778e-07,7,0.0,1.0013801880076997e-06
76,4.944405807444778e-07,7,0.0,1.0013801880076997e-06
2686,4.944405807444778e-07,7,0.0,1.0013801880076997e-06
17178,4.944405807444778e-07,7,0.0,1.0013801880076997e-06
265,4.944405807444778e-07,7,0.0,1.0013801880076997e-06
9560,4.944405807444778e-07,7,0.0,1.0013801880076997e-06
1850,4.944405807444778e-07,7,0.0,1.0013801880076997e-06
358,4.944405807444778e-07,7,0.0,1.0013801880076997e-06
4703,4.944405807444778e-07,7,0.0,1.0013801880076997e-06
31,4.944405807444778e-07,7,0.0,1.0013801880076997e-06
9875,4.944405807444778e-07,7,0.0,1.0013801880076997e-06
2198,4.944405807444778e-07,7,0.0,1.0013801880076997e-06
550,4.944405807444778e-07,7,0.0,1.0013801880076997e-06
1268,4.944405807444778e-07,7,0.0,1.0013801880076997e-06
1365,4.944405807444778e-07,7,0.0,1.0013801880076997e-06
616,4.944405807444778e-07,7,0.0,1.0013801880076997e-06
1041,4.944405807444778e-07,7,0.0,1.0013801880076997e-06
4072,4.944405807444778e-07,7,0.0,1.0013801880076997e-06
13047,4.238062120666952e-07,6,0.0,8.583258754351712e-07
6621,4.238062120666952e-07,6,0.0,8.583258754351712e-07
13024,4.238062120666952e-07,6,0.0,8.583258754351712e-07
3598,4.238062120666952e-07,6,0.0,8.583258754351712e-07
8169,4.238062120666952e-07,6,0.0,8.583258754351712e-07
5277,4.238062120666952e-07,6,0.0,8.583258754351712e-07
8876,4.238062120666952e-07,6,0.0,8.583258754351712e-07
1978,4.238062120666952e-07,6,0.0,8.583258754351712e-07
23450,4.238062120666952e-07,6,0.0,8.583258754351712e-07
23176,4.238062120666952e-07,6,0.0,8.583258754351712e-07
6593,4.238062120666952e-07,6,0.0,8.583258754351712e-07
23413,4.238062120666952e-07,6,0.0,8.583258754351712e-07
7108,4.238062120666952e-07,6,0.0,8.583258754351712e-07
20783,4.238062120666952e-07,6,1.1317978609020428e-05,7.152715628626427e-07
2741,4.238062120666952e-07,6,1.1317978609020428e-05,7.152715628626427e-07
2183,4.238062120666952e-07,6,0.0,8.583258754351712e-07
397,4.238062120666952e-07,6,0.0,8.583258754351712e-07
4693,4.238062120666952e-07,6,0.0,8.583258754351712e-07
2817,4.238062120666952e-07,6,0.0,8.583258754351712e-07
1801,4.238062120666952e-07,6,0.0,8.583258754351712e-07
9954,4.238062120666952e-07,6,0.0,8.583258754351712e-07
525,4.238062120666952e-07,6,0.0,8.583258754351712e-07
1285,4.238062120666952e-07,6,0.0,8.583258754351712e-07
9088,4.238062120666952e-07,6,1.1317978609020428e-05,7.152715628626427e-07
968,4.238062120666952e-07,6,1.1317978609020428e-05,7.152715628626427e-07
20774,4.238062120666952e-07,6,0.0,8.583258754351712e-07
579,4.238062120666952e-07,6,0.0,8.583258754351712e-07
6900,4.238062120666952e-07,6,0.0,8.583258754351712e-07
11726,4.238062120666952e-07,6,0.0,8.583258754351712e-07
1734,4.238062120666952e-07,6,0.0,8.583258754351712e-07
4320,4.238062120666952e-07,6,0.0,8.583258754351712e-07
11732,4.238062120666952e-07,6,0.0,8.583258754351712e-07
2121,4.238062120666952e-07,6,0.0,8.583258754351712e-07
20095,4.238062120666952e-07,6,0.0,8.583258754351712e-07
11744,4.238062120666952e-07,6,0.0,8.583258754351712e-07
2844,4.238062120666952e-07,6,0.0,8.583258754351712e-07
9048,4.238062120666952e-07,6,0.0,8.583258754351712e-07
9078,4.238062120666952e-07,6,0.0,8.583258754351712e-07
8903,4.238062120666952e-07,6,0.0,8.583258754351712e-07
6755,4.238062120666952e-07,6,0.0,8.583258754351712e-07
2072,4.238062120666952e-07,6,0.0,8.583258754351712e-07
8919,4.238062120666952e-07,6,0.0,8.583258754351712e-07
6789,4.238062120666952e-07,6,0.0,8.583258754351712e-07
16442,4.238062120666952e-07,6,0.0,8.583258754351712e-07
12797,4.238062120666952e-07,6,0.0,8.583258754351712e-07
11761,4.238062120666952e-07,6,0.0,8.583258754351712e-07
4390,4.238062120666952e-07,6,0.0,8.583258754351712e-07
11981,4.238062120666952e-07,6,0.0,8.583258754351712e-07
4260,4.238062120666952e-07,6,0.0,8.583258754351712e-07
11956,4.238062120666952e-07,6,0.0,8.583258754351712e-07
11958,4.238062120666952e-07,6,0.0,8.583258754351712e-07
1744,4.238062120666952e-07,6,1.1317978609020428e-05,7.152715628626427e-07
11727,4.238062120666952e-07,6,0.0,8.583258754351712e-07
2143,4.238062120666952e-07,6,0.0,8.583258754351712e-07
1855,4.238062120666952e-07,6,0.0,8.583258754351712e-07
11953,4.238062120666952e-07,6,0.0,8.583258754351712e-07
7831,4.238062120666952e-07,6,0.0,8.583258754351712e-07
2349,3.531718433889127e-07,5,0.0,7.152715628626427e-07
6512,3.531718433889127e-07,5,0.0,7.152715628626427e-07
8154,3.531718433889127e-07,5,0.0,7.152715628626427e-07
12970,3.531718433889127e-07,5,0.0,7.152715628626427e-07
757,3.531718433889127e-07,5,0.0,7.152715628626427e-07
21193,3.531718433889127e-07,5,0.0,7.152715628626427e-07
786,3.531718433889127e-07,5,0.0,7.152715628626427e-07
2589,3.531718433889127e-07,5,0.0,7.152715628626427e-07
15273,3.531718433889127e-07,5,0.0,7.152715628626427e-07
15431,3.531718433889127e-07,5,1.1317978609020428e-05,5.722172502901142e-07
2621,3.531718433889127e-07,5,0.0,7.152715628626427e-07
2619,3.531718433889127e-07,5,0.0,7.152715628626427e-07
13524,3.531718433889127e-07,5,0.0,7.152715628626427e-07
3615,3.531718433889127e-07,5,0.0,7.152715628626427e-07
20826,3.531718433889127e-07,5,0.0,7.152715628626427e-07
23446,3.531718433889127e-07,5,2.2635957218040857e-05,4.291629377175856e-07
1830,3.531718433889127e-07,5,0.0,7.152715628626427e-07
20825,3.531718433889127e-07,5,0.0,7.152715628626427e-07
4094,3.531718433889127e-07,5,0.0,7.152715628626427e-07
8889,3.531718433889127e-07,5,0.0,7.152715628626427e-07
6364,3.531718433889127e-07,5,0.0,7.152715628626427e-07
4348,3.531718433889127e-07,5,0.0,7.152715628626427e-07
2290,3.531718433889127e-07,5,0.0,7.152715628626427e-07
7052,3.531718433889127e-07,5,0.0,7.152715628626427e-07
17683,3.531718433889127e-07,5,0.0,7.152715628626427e-07
82,3.531718433889127e-07,5,0.0,7.152715628626427e-07
2690,3.531718433889127e-07,5,0.0,7.152715628626427e-07
2691,3.531718433889127e-07,5,0.0,7.152715628626427e-07
1713,3.531718433889127e-07,5,0.0,7.152715628626427e-07
425,3.531718433889127e-07,5,0.0,7.152715628626427e-07
1144,3.531718433889127e-07,5,0.0,7.152715628626427e-07
7904,3.531718433889127e-07,5,0.0,7.152715628626427e-07
7207,3.531718433889127e-07,5,1.1317978609020428e-05,5.722172502901142e-07
427,3.531718433889127e-07,5,0.0,7.152715628626427e-07
6094,3.531718433889127e-07,5,0.0,7.152715628626427e-07
6134,3.531718433889127e-07,5,0.0,7.152715628626427e-07
7506,3.531718433889127e-07,5,0.0,7.152715628626427e-07
11693,3.531718433889127e-07,5,0.0,7.152715628626427e-07
11567,3.531718433889127e-07,5,0.0,7.152715628626427e-07
7794,3.531718433889127e-07,5,0.0,7.152715628626427e-07
2834,3.531718433889127e-07,5,0.0,7.152715628626427e-07
2458,3.531718433889127e-07,5,0.0,7.152715628626427e-07
9108,3.531718433889127e-07,5,0.0,7.152715628626427e-07
1250,3.531718433889127e-07,5,0.0,7.152715628626427e-07
560,3.531718433889127e-07,5,0.0,7.152715628626427e-07
5627,3.531718433889127e-07,5,0.0,7.152715628626427e-07
1071,3.531718433889127e-07,5,0.0,7.152715628626427e-07
2197,3.531718433889127e-07,5,0.0,7.152715628626427e-07
1346,3.531718433889127e-07,5,0.0,7.152715628626427e-07
22598,3.531718433889127e-07,5,0.0,7.152715628626427e-07
7741,3.531718433889127e-07,5,0.0,7.152715628626427e-07
2484,3.531718433889127e-07,5,0.0,7.152715628626427e-07
3608,2.8253747471113015e-07,4,0.0,5.722172502901142e-07
744,2.8253747471113015e-07,4,0.0,5.722172502901142e-07
1702,2.8253747471113015e-07,4,0.0,5.722172502901142e-07
17865,2.8253747471113015e-07,4,0.0,5.722172502901142e-07
1890,2.8253747471113015e-07,4,0.0,5.722172502901142e-07
20285,2.8253747471113015e-07,4,1.1317978609020428e-05,4.291629377175856e-07
1881,2.8253747471113015e-07,4,0.0,5.722172502901142e-07
5189,2.8253747471113015e-07,4,0.0,5.722172502901142e-07
5127,2.8253747471113015e-07,4,0.0,5.722172502901142e-07
1851,2.8253747471113015e-07,4,0.0,5.722172502901142e-07
6678,2.8253747471113015e-07,4,0.0,5.722172502901142e-07
3213,2.8253747471113015e-07,4,0.0,5.722172502901142e-07
3084,2.8253747471113015e-07,4,0.0,5.722172502901142e-07
3039,2.8253747471113015e-07,4,0.0,5.722172502901142e-07
2992,2.8253747471113015e-07,4,0.0,5.722172502901142e-07
594,2.8253747471113015e-07,4,0.0,5.722172502901142e-07
6938,2.8253747471113015e-07,4,0.0,5.722172502901142e-07
1657,2.8253747471113015e-07,4,0.0,5.722172502901142e-07
1942,2.8253747471113015e-07,4,0.0,5.722172502901142e-07
5421,2.8253747471113015e-07,4,0.0,5.722172502901142e-07
2747,2.8253747471113015e-07,4,0.0,5.722172502901142e-07
7008,2.8253747471113015e-07,4,0.0,5.722172502901142e-07
508,2.8253747471113015e-07,4,0.0,5.722172502901142e-07
6460,2.8253747471113015e-07,4,0.0,5.722172502901142e-07
4054,2.8253747471113015e-07,4,0.0,5.722172502901142e-07
3972,2.8253747471113015e-07,4,0.0,5.722172502901142e-07
2692,2.8253747471113015e-07,4,0.0,5.722172502901142e-07
486,2.8253747471113015e-07,4,0.0,5.722172502901142e-07
7074,2.8253747471113015e-07,4,0.0,5.722172502901142e-07
469,2.8253747471113015e-07,4,0.0,5.722172502901142e-07
4134,2.8253747471113015e-07,4,0.0,5.722172502901142e-07
428,2.8253747471113015e-07,4,0.0,5.722172502901142e-07
2580,2.8253747471113015e-07,4,0.0,5.722172502901142e-07
13471,2.8253747471113015e-07,4,0.0,5.722172502901142e-07
2014,2.8253747471113015e-07,4,0.0,5.722172502901142e-07
217,2.8253747471113015e-07,4,0.0,5.722172502901142e-07
2009,2.8253747471113015e-07,4,0.0,5.722172502901142e-07
14113,2.8253747471113015e-07,4,1.1317978609020428e-05,4.291629377175856e-07
14090,2.8253747471113015e-07,4,0.0,5.722172502901142e-07
14045,2.8253747471113015e-07,4,0.0,5.722172502901142e-07
14303,2.8253747471113015e-07,4,0.0,5.722172502901142e-07
7178,2.8253747471113015e-07,4,0.0,5.722172502901142e-07
2566,2.8253747471113015e-07,4,0.0,5.722172502901142e-07
7429,2.8253747471113015e-07,4,0.0,5.722172502901142e-07
7456,2.8253747471113015e-07,4,0.0,5.722172502901142e-07
2533,2.8253747471113015e-07,4,0.0,5.722172502901142e-07
2525,2.8253747471113015e-07,4,0.0,5.722172502901142e-07
7541,2.8253747471113015e-07,4,0.0,5.722172502901142e-07
7523,2.8253747471113015e-07,4,0.0,5.722172502901142e-07
7738,2.8253747471113015e-07,4,0.0,5.722172502901142e-07
7733,2.8253747471113015e-07,4,0.0,5.722172502901142e-07
368,2.8253747471113015e-07,4,0.0,5.722172502901142e-07
7914,2.8253747471113015e-07,4,0.0,5.722172502901142e-07
292,2.8253747471113015e-07,4,0.0,5.722172502901142e-07
9335,2.8253747471113015e-07,4,0.0,5.722172502901142e-07
9535,2.8253747471113015e-07,4,1.1317978609020428e-05,4.291629377175856e-07
2200,2.8253747471113015e-07,4,0.0,5.722172502901142e-07
6224,2.8253747471113015e-07,4,0.0,5.722172502901142e-07
10928,2.8253747471113015e-07,4,0.0,5.722172502901142e-07
11044,2.8253747471113015e-07,4,0.0,5.722172502901142e-07
6092,2.8253747471113015e-07,4,0.0,5.722172502901142e-07
6090,2.8253747471113015e-07,4,0.0,5.722172502901142e-07
10948,2.8253747471113015e-07,4,0.0,5.722172502901142e-07
1360,2.8253747471113015e-07,4,0.0,5.722172502901142e-07
1359,2.8253747471113015e-07,4,0.0,5.722172502901142e-07
2166,2.8253747471113015e-07,4,0.0,5.722172502901142e-07
12151,2.8253747471113015e-07,4,0.0,5.722172502901142e-07
12110,2.8253747471113015e-07,4,0.0,5.722172502901142e-07
2113,2.8253747471113015e-07,4,0.0,5.722172502901142e-07
11381,2.8253747471113015e-07,4,0.0,5.722172502901142e-07
1411,2.8253747471113015e-07,4,0.0,5.722172502901142e-07
11652,2.8253747471113015e-07,4,0.0,5.722172502901142e-07
5924,2.8253747471113015e-07,4,0.0,5.722172502901142e-07
5119,2.8253747471113015e-07,4,0.0,5.722172502901142e-07
5109,2.8253747471113015e-07,4,0.0,5.722172502901142e-07
1831,2.8253747471113015e-07,4,0.0,5.722172502901142e-07
20771,2.8253747471113015e-07,4,0.0,5.722172502901142e-07
20822,2.8253747471113015e-07,4,0.0,5.722172502901142e-07
20817,2.8253747471113015e-07,4,0.0,5.722172502901142e-07
21181,2.8253747471113015e-07,4,0.0,5.722172502901142e-07
20912,2.8253747471113015e-07,4,0.0,5.722172502901142e-07
21192,2.8253747471113015e-07,4,0.0,5.722172502901142e-07
23202,2.8253747471113015e-07,4,0.0,5.722172502901142e-07
23503,2.8253747471113015e-07,4,0.0,5.722172502901142e-07
20806,2.119031060333476e-07,3,0.0,4.291629377175856e-07
21207,2.119031060333476e-07,3,0.0,4.291629377175856e-07
20742,2.119031060333476e-07,3,0.0,4.291629377175856e-07
1838,2.119031060333476e-07,3,0.0,4.291629377175856e-07
3592,2.119031060333476e-07,3,0.0,4.291629377175856e-07
783,2.119031060333476e-07,3,0.0,4.291629377175856e-07
3776,2.119031060333476e-07,3,0.0,4.291629377175856e-07
6123,2.119031060333476e-07,3,0.0,4.291629377175856e-07
4791,2.119031060333476e-07,3,0.0,4.291629377175856e-07
4796,2.119031060333476e-07,3,0.0,4.291629377175856e-07
4790,2.119031060333476e-07,3,0.0,4.291629377175856e-07
12383,2.119031060333476e-07,3,0.0,4.291629377175856e-07
4731,2.119031060333476e-07,3,0.0,4.291629377175856e-07
11736,2.119031060333476e-07,3,0.0,4.291629377175856e-07
12021,2.119031060333476e-07,3,0.0,4.291629377175856e-07
1778,2.119031060333476e-07,3,0.0,4.291629377175856e-07
2090,2.119031060333476e-07,3,0.0,4.291629377175856e-07
12371,2.119031060333476e-07,3,0.0,4.291629377175856e-07
8576,2.119031060333476e-07,3,0.0,4.291629377175856e-07
6356,2.119031060333476e-07,3,0.0,4.291629377175856e-07
8270,2.119031060333476e-07,3,0.0,4.291629377175856e-07
8211,2.119031060333476e-07,3,0.0,4.291629377175856e-07
8226,2.119031060333476e-07,3,0.0,4.291629377175856e-07
2314,2.119031060333476e-07,3,0.0,4.291629377175856e-07
1118,2.119031060333476e-07,3,0.0,4.291629377175856e-07
2431,2.119031060333476e-07,3,0.0,4.291629377175856e-07
1111,2.119031060333476e-07,3,0.0,4.291629377175856e-07
7798,2.119031060333476e-07,3,0.0,4.291629377175856e-07
6332,2.119031060333476e-07,3,0.0,4.291629377175856e-07
2364,2.119031060333476e-07,3,0.0,4.291629377175856e-07
2363,2.119031060333476e-07,3,0.0,4.291629377175856e-07
2361,2.119031060333476e-07,3,0.0,4.291629377175856e-07
7775,2.119031060333476e-07,3,0.0,4.291629377175856e-07
4476,2.119031060333476e-07,3,0.0,4.291629377175856e-07
6400,2.119031060333476e-07,3,0.0,4.291629377175856e-07
270,2.119031060333476e-07,3,0.0,4.291629377175856e-07
269,2.119031060333476e-07,3,0.0,4.291629377175856e-07
8920,2.119031060333476e-07,3,0.0,4.291629377175856e-07
2288,2.119031060333476e-07,3,0.0,4.291629377175856e-07
6137,2.119031060333476e-07,3,0.0,4.291629377175856e-07
4506,2.119031060333476e-07,3,0.0,4.291629377175856e-07
6303,2.119031060333476e-07,3,0.0,4.291629377175856e-07
8915,2.119031060333476e-07,3,0.0,4.291629377175856e-07
2247,2.119031060333476e-07,3,0.0,4.291629377175856e-07
2199,2.119031060333476e-07,3,0.0,4.291629377175856e-07
2234,2.119031060333476e-07,3,0.0,4.291629377175856e-07
2245,2.119031060333476e-07,3,0.0,4.291629377175856e-07
10089,2.119031060333476e-07,3,0.0,4.291629377175856e-07
149,2.119031060333476e-07,3,0.0,4.291629377175856e-07
16219,2.119031060333476e-07,3,0.0,4.291629377175856e-07
5228,2.119031060333476e-07,3,0.0,4.291629377175856e-07
1688,2.119031060333476e-07,3,0.0,4.291629377175856e-07
1684,2.119031060333476e-07,3,0.0,4.291629377175856e-07
1950,2.119031060333476e-07,3,1.1317978609020428e-05,2.861086251450571e-07
2773,2.119031060333476e-07,3,0.0,4.291629377175856e-07
1985,2.119031060333476e-07,3,0.0,4.291629377175856e-07
2824,2.119031060333476e-07,3,0.0,4.291629377175856e-07
643,2.119031060333476e-07,3,0.0,4.291629377175856e-07
2985,2.119031060333476e-07,3,0.0,4.291629377175856e-07
6485,2.119031060333476e-07,3,0.0,4.291629377175856e-07
6883,2.119031060333476e-07,3,0.0,4.291629377175856e-07
2822,2.119031060333476e-07,3,0.0,4.291629377175856e-07
2823,2.119031060333476e-07,3,0.0,4.291629377175856e-07
6959,2.119031060333476e-07,3,0.0,4.291629377175856e-07
3109,2.119031060333476e-07,3,0.0,4.291629377175856e-07
649,2.119031060333476e-07,3,0.0,4.291629377175856e-07
3900,2.119031060333476e-07,3,0.0,4.291629377175856e-07
723,2.119031060333476e-07,3,0.0,4.291629377175856e-07
1787,2.119031060333476e-07,3,0.0,4.291629377175856e-07
23004,2.119031060333476e-07,3,0.0,4.291629377175856e-07
3597,2.119031060333476e-07,3,0.0,4.291629377175856e-07
6633,2.119031060333476e-07,3,1.1317978609020428e-05,2.861086251450571e-07
1892,2.119031060333476e-07,3,0.0,4.291629377175856e-07
17726,2.119031060333476e-07,3,0.0,4.291629377175856e-07
17731,2.119031060333476e-07,3,0.0,4.291629377175856e-07
1019,2.119031060333476e-07,3,0.0,4.291629377175856e-07
450,2.119031060333476e-07,3,0.0,4.291629377175856e-07
2681,2.119031060333476e-07,3,0.0,4.291629377175856e-07
2752,2.119031060333476e-07,3,0.0,4.291629377175856e-07
2707,2.119031060333476e-07,3,0.0,4.291629377175856e-07
824,2.119031060333476e-07,3,0.0,4.291629377175856e-07
7204,2.119031060333476e-07,3,0.0,4.291629377175856e-07
14351,2.119031060333476e-07,3,0.0,4.291629377175856e-07
13909,2.119031060333476e-07,3,0.0,4.291629377175856e-07
6428,2.119031060333476e-07,3,0.0,4.291629377175856e-07
2612,2.119031060333476e-07,3,0.0,4.291629377175856e-07
2613,2.119031060333476e-07,3,0.0,4.291629377175856e-07
544,2.119031060333476e-07,3,0.0,4.291629377175856e-07
7069,2.119031060333476e-07,3,0.0,4.291629377175856e-07
4083,2.119031060333476e-07,3,0.0,4.291629377175856e-07
2634,2.119031060333476e-07,3,0.0,4.291629377175856e-07
2635,2.119031060333476e-07,3,0.0,4.291629377175856e-07
7076,2.119031060333476e-07,3,0.0,4.291629377175856e-07
7450,2.119031060333476e-07,3,0.0,4.291629377175856e-07
7459,2.119031060333476e-07,3,0.0,4.291629377175856e-07
7466,2.119031060333476e-07,3,0.0,4.291629377175856e-07
2482,2.119031060333476e-07,3,0.0,4.291629377175856e-07
4277,2.119031060333476e-07,3,0.0,4.291629377175856e-07
7522,2.119031060333476e-07,3,0.0,4.291629377175856e-07
7483,2.119031060333476e-07,3,0.0,4.291629377175856e-07
7480,2.119031060333476e-07,3,0.0,4.291629377175856e-07
7447,2.119031060333476e-07,3,0.0,4.291629377175856e-07
7445,2.119031060333476e-07,3,0.0,4.291629377175856e-07
7444,2.119031060333476e-07,3,0.0,4.291629377175856e-07
7457,2.119031060333476e-07,3,0.0,4.291629377175856e-07
2045,2.119031060333476e-07,3,0.0,4.291629377175856e-07
1550,2.119031060333476e-07,3,0.0,4.291629377175856e-07
12918,2.119031060333476e-07,3,0.0,4.291629377175856e-07
13013,2.119031060333476e-07,3,0.0,4.291629377175856e-07
4865,2.119031060333476e-07,3,0.0,4.291629377175856e-07
13043,2.119031060333476e-07,3,0.0,4.291629377175856e-07
250,2.119031060333476e-07,3,0.0,4.291629377175856e-07
3538,2.119031060333476e-07,3,0.0,4.291629377175856e-07
676,2.119031060333476e-07,3,0.0,4.291629377175856e-07
674,2.119031060333476e-07,3,0.0,4.291629377175856e-07
17785,2.119031060333476e-07,3,0.0,4.291629377175856e-07
6676,2.119031060333476e-07,3,0.0,4.291629377175856e-07
3133,2.119031060333476e-07,3,0.0,4.291629377175856e-07
2381,1.4126873735556507e-07,2,0.0,2.861086251450571e-07
2360,1.4126873735556507e-07,2,0.0,2.861086251450571e-07
298,1.4126873735556507e-07,2,0.0,2.861086251450571e-07
8735,1.4126873735556507e-07,2,0.0,2.861086251450571e-07
8595,1.4126873735556507e-07,2,0.0,2.861086251450571e-07
8604,1.4126873735556507e-07,2,0.0,2.861086251450571e-07
8236,1.4126873735556507e-07,2,0.0,2.861086251450571e-07
8235,1.4126873735556507e-07,2,0.0,2.861086251450571e-07
8161,1.4126873735556507e-07,2,0.0,2.861086251450571e-07
10357,1.4126873735556507e-07,2,0.0,2.861086251450571e-07
9763,1.4126873735556507e-07,2,0.0,2.861086251450571e-07
9033,1.4126873735556507e-07,2,0.0,2.861086251450571e-07
5982,1.4126873735556507e-07,2,0.0,2.861086251450571e-07
9679,1.4126873735556507e-07,2,0.0,2.861086251450571e-07
10117,1.4126873735556507e-07,2,0.0,2.861086251450571e-07
10132,1.4126873735556507e-07,2,0.0,2.861086251450571e-07
10178,1.4126873735556507e-07,2,0.0,2.861086251450571e-07
9982,1.4126873735556507e-07,2,0.0,2.861086251450571e-07
2262,1.4126873735556507e-07,2,0.0,2.861086251450571e-07
274,1.4126873735556507e-07,2,0.0,2.861086251450571e-07
8966,1.4126873735556507e-07,2,0.0,2.861086251450571e-07
8913,1.4126873735556507e-07,2,0.0,2.861086251450571e-07
9080,1.4126873735556507e-07,2,0.0,2.861086251450571e-07
2294,1.4126873735556507e-07,2,1.1317978609020428e-05,1.4305431257252855e-07
2298,1.4126873735556507e-07,2,0.0,2.861086251450571e-07
2299,1.4126873735556507e-07,2,0.0,2.861086251450571e-07
5918,1.4126873735556507e-07,2,0.0,2.861086251450571e-07
10829,1.4126873735556507e-07,2,0.0,2.861086251450571e-07
6549,1.4126873735556507e-07,2,0.0,2.861086251450571e-07
3705,1.4126873735556507e-07,2,0.0,2.861086251450571e-07
6561,1.4126873735556507e-07,2,0.0,2.861086251450571e-07
1765,1.4126873735556507e-07,2,0.0,2.861086251450571e-07
20354,1.4126873735556507e-07,2,0.0,2.861086251450571e-07
3780,1.4126873735556507e-07,2,0.0,2.861086251450571e-07
1763,1.4126873735556507e-07,2,0.0,2.861086251450571e-07
3836,1.4126873735556507e-07,2,0.0,2.861086251450571e-07
6551,1.4126873735556507e-07,2,0.0,2.861086251450571e-07
4609,1.4126873735556507e-07,2,0.0,2.861086251450571e-07
1779,1.4126873735556507e-07,2,0.0,2.861086251450571e-07
1785,1.4126873735556507e-07,2,0.0,2.861086251450571e-07
32,1.4126873735556507e-07,2,0.0,2.861086251450571e-07
5120,1.4126873735556507e-07,2,0.0,2.861086251450571e-07
2133,1.4126873735556507e-07,2,0.0,2.861086251450571e-07
2132,1.4126873735556507e-07,2,0.0,2.861086251450571e-07
2124,1.4126873735556507e-07,2,0.0,2.861086251450571e-07
2117,1.4126873735556507e-07,2,0.0,2.861086251450571e-07
4610,1.4126873735556507e-07,2,0.0,2.861086251450571e-07
4694,1.4126873735556507e-07,2,0.0,2.861086251450571e-07
11982,1.4126873735556507e-07,2,0.0,2.861086251450571e-07
11342,1.4126873735556507e-07,2,0.0,2.861086251450571e-07
2091,1.4126873735556507e-07,2,0.0,2.861086251450571e-07
1499,1.4126873735556507e-07,2,0.0,2.861086251450571e-07
12438,1.4126873735556507e-07,2,0.0,2.861086251450571e-07
5851,1.4126873735556507e-07,2,0.0,2.861086251450571e-07
2104,1.4126873735556507e-07,2,0.0,2.861086251450571e-07
2105,1.4126873735556507e-07,2,0.0,2.861086251450571e-07
12111,1.4126873735556507e-07,2,0.0,2.861086251450571e-07
6076,1.4126873735556507e-07,2,0.0,2.861086251450571e-07
7791,1.4126873735556507e-07,2,0.0,2.861086251450571e-07
7821,1.4126873735556507e-07,2,0.0,2.861086251450571e-07
2401,1.4126873735556507e-07,2,0.0,2.861086251450571e-07
354,1.4126873735556507e-07,2,0.0,2.861086251450571e-07
4421,1.4126873735556507e-07,2,0.0,2.861086251450571e-07
6412,1.4126873735556507e-07,2,0.0,2.861086251450571e-07
479,1.4126873735556507e-07,2,0.0,2.861086251450571e-07
7049,1.4126873735556507e-07,2,0.0,2.861086251450571e-07
14347,1.4126873735556507e-07,2,0.0,2.861086251450571e-07
180,1.4126873735556507e-07,2,0.0,2.861086251450571e-07
7212,1.4126873735556507e-07,2,0.0,2.861086251450571e-07
1003,1.4126873735556507e-07,2,0.0,2.861086251450571e-07
449,1.4126873735556507e-07,2,0.0,2.861086251450571e-07
13662,1.4126873735556507e-07,2,0.0,2.861086251450571e-07
5374,1.4126873735556507e-07,2,0.0,2.861086251450571e-07
411,1.4126873735556507e-07,2,0.0,2.861086251450571e-07
5476,1.4126873735556507e-07,2,0.0,2.861086251450571e-07
1539,1.4126873735556507e-07,2,0.0,2.861086251450571e-07
1533,1.4126873735556507e-07,2,0.0,2.861086251450571e-07
1522,1.4126873735556507e-07,2,0.0,2.861086251450571e-07
2024,1.4126873735556507e-07,2,0.0,2.861086251450571e-07
13019,1.4126873735556507e-07,2,0.0,2.861086251450571e-07
13025,1.4126873735556507e-07,2,0.0,2.861086251450571e-07
236,1.4126873735556507e-07,2,0.0,2.861086251450571e-07
2538,1.4126873735556507e-07,2,0.0,2.861086251450571e-07
7470,1.4126873735556507e-07,2,0.0,2.861086251450571e-07
12936,1.4126873735556507e-07,2,0.0,2.861086251450571e-07
7335,1.4126873735556507e-07,2,0.0,2.861086251450571e-07
13460,1.4126873735556507e-07,2,0.0,2.861086251450571e-07
13506,1.4126873735556507e-07,2,0.0,2.861086251450571e-07
1078,1.4126873735556507e-07,2,0.0,2.861086251450571e-07
7452,1.4126873735556507e-07,2,0.0,2.861086251450571e-07
2718,1.4126873735556507e-07,2,0.0,2.861086251450571e-07
658,1.4126873735556507e-07,2,0.0,2.861086251450571e-07
3091,1.4126873735556507e-07,2,0.0,2.861086251450571e-07
2923,1.4126873735556507e-07,2,0.0,2.861086251450571e-07
6947,1.4126873735556507e-07,2,0.0,2.861086251450571e-07
2783,1.4126873735556507e-07,2,0.0,2.861086251450571e-07
3953,1.4126873735556507e-07,2,0.0,2.861086251450571e-07
6504,1.4126873735556507e-07,2,0.0,2.861086251450571e-07
1677,1.4126873735556507e-07,2,0.0,2.861086251450571e-07
1935,1.4126873735556507e-07,2,0.0,2.861086251450571e-07
1988,1.4126873735556507e-07,2,0.0,2.861086251450571e-07
1661,1.4126873735556507e-07,2,0.0,2.861086251450571e-07
1989,1.4126873735556507e-07,2,0.0,2.861086251450571e-07
177,1.4126873735556507e-07,2,0.0,2.861086251450571e-07
2758,1.4126873735556507e-07,2,0.0,2.861086251450571e-07
1759,1.4126873735556507e-07,2,0.0,2.861086251450571e-07
6625,1.4126873735556507e-07,2,0.0,2.861086251450571e-07
1737,1.4126873735556507e-07,2,0.0,2.861086251450571e-07
18114,1.4126873735556507e-07,2,0.0,2.861086251450571e-07
5290,1.4126873735556507e-07,2,0.0,2.861086251450571e-07
3253,1.4126873735556507e-07,2,0.0,2.861086251450571e-07
681,1.4126873735556507e-07,2,0.0,2.861086251450571e-07
6617,1.4126873735556507e-07,2,0.0,2.861086251450571e-07
3907,1.4126873735556507e-07,2,0.0,2.861086251450571e-07
3570,1.4126873735556507e-07,2,0.0,2.861086251450571e-07
3569,1.4126873735556507e-07,2,0.0,2.861086251450571e-07
3445,1.4126873735556507e-07,2,0.0,2.861086251450571e-07
3650,1.4126873735556507e-07,2,0.0,2.861086251450571e-07
3654,1.4126873735556507e-07,2,0.0,2.861086251450571e-07
3651,1.4126873735556507e-07,2,0.0,2.861086251450571e-07
23112,1.4126873735556507e-07,2,0.0,2.861086251450571e-07
23080,1.4126873735556507e-07,2,0.0,2.861086251450571e-07
6409,7.063436867778254e-08,1,0.0,1.4305431257252855e-07
306,7.063436867778254e-08,1,0.0,1.4305431257252855e-07
2382,7.063436867778254e-08,1,0.0,1.4305431257252855e-07
1134,7.063436867778254e-08,1,0.0,1.4305431257252855e-07
7866,7.063436867778254e-08,1,0.0,1.4305431257252855e-07
2390,7.063436867778254e-08,1,0.0,1.4305431257252855e-07
2397,7.063436867778254e-08,1,0.0,1.4305431257252855e-07
2412,7.063436867778254e-08,1,0.0,1.4305431257252855e-07
7779,7.063436867778254e-08,1,0.0,1.4305431257252855e-07
7742,7.063436867778254e-08,1,0.0,1.4305431257252855e-07
1092,7.063436867778254e-08,1,0.0,1.4305431257252855e-07
6527,7.063436867778254e-08,1,0.0,1.4305431257252855e-07
4264,7.063436867778254e-08,1,0.0,1.4305431257252855e-07
4278,7.063436867778254e-08,1,0.0,1.4305431257252855e-07
4304,7.063436867778254e-08,1,0.0,1.4305431257252855e-07
4370,7.063436867778254e-08,1,0.0,1.4305431257252855e-07
2522,7.063436867778254e-08,1,0.0,1.4305431257252855e-07
7467,7.063436867778254e-08,1,0.0,1.4305431257252855e-07
2524,7.063436867778254e-08,1,0.0,1.4305431257252855e-07
1060,7.063436867778254e-08,1,0.0,1.4305431257252855e-07
7442,7.063436867778254e-08,1,0.0,1.4305431257252855e-07
7455,7.063436867778254e-08,1,0.0,1.4305431257252855e-07
826,7.063436867778254e-08,1,0.0,1.4305431257252855e-07
7722,7.063436867778254e-08,1,0.0,1.4305431257252855e-07
9425,7.063436867778254e-08,1,0.0,1.4305431257252855e-07
1260,7.063436867778254e-08,1,0.0,1.4305431257252855e-07
1262,7.063436867778254e-08,1,0.0,1.4305431257252855e-07
282,7.063436867778254e-08,1,0.0,1.4305431257252855e-07
2273,7.063436867778254e-08,1,0.0,1.4305431257252855e-07
8860,7.063436867778254e-08,1,0.0,1.4305431257252855e-07
8909,7.063436867778254e-08,1,0.0,1.4305431257252855e-07
8732,7.063436867778254e-08,1,0.0,1.4305431257252855e-07
8689,7.063436867778254e-08,1,0.0,1.4305431257252855e-07
4340,7.063436867778254e-08,1,0.0,1.4305431257252855e-07
6226,7.063436867778254e-08,1,0.0,1.4305431257252855e-07
8001,7.063436867778254e-08,1,0.0,1.4305431257252855e-07
297,7.063436867778254e-08,1,0.0,1.4305431257252855e-07
300,7.063436867778254e-08,1,0.0,1.4305431257252855e-07
305,7.063436867778254e-08,1,0.0,1.4305431257252855e-07
2336,7.063436867778254e-08,1,0.0,1.4305431257252855e-07
2339,7.063436867778254e-08,1,0.0,1.4305431257252855e-07
2322,7.063436867778254e-08,1,0.0,1.4305431257252855e-07
8245,7.063436867778254e-08,1,0.0,1.4305431257252855e-07
8202,7.063436867778254e-08,1,0.0,1.4305431257252855e-07
2359,7.063436867778254e-08,1,0.0,1.4305431257252855e-07
2371,7.063436867778254e-08,1,0.0,1.4305431257252855e-07
7985,7.063436867778254e-08,1,0.0,1.4305431257252855e-07
7992,7.063436867778254e-08,1,0.0,1.4305431257252855e-07
296,7.063436867778254e-08,1,0.0,1.4305431257252855e-07
7028,7.063436867778254e-08,1,0.0,1.4305431257252855e-07
2757,7.063436867778254e-08,1,0.0,1.4305431257252855e-07
2767,7.063436867778254e-08,1,0.0,1.4305431257252855e-07
2774,7.063436867778254e-08,1,0.0,1.4305431257252855e-07
3954,7.063436867778254e-08,1,0.0,1.4305431257252855e-07
2781,7.063436867778254e-08,1,0.0,1.4305431257252855e-07
2786,7.063436867778254e-08,1,0.0,1.4305431257252855e-07
565,7.063436867778254e-08,1,0.0,1.4305431257252855e-07
2797,7.063436867778254e-08,1,0.0,1.4305431257252855e-07
2838,7.063436867778254e-08,1,0.0,1.4305431257252855e-07
6881,7.063436867778254e-08,1,0.0,1.4305431257252855e-07
7413,7.063436867778254e-08,1,0.0,1.4305431257252855e-07
587,7.063436867778254e-08,1,0.0,1.4305431257252855e-07
596,7.063436867778254e-08,1,0.0,1.4305431257252855e-07
2903,7.063436867778254e-08,1,0.0,1.4305431257252855e-07
2924,7.063436867778254e-08,1,0.0,1.4305431257252855e-07
620,7.063436867778254e-08,1,1.1317978609020428e-05,0.0
2841,7.063436867778254e-08,1,0.0,1.4305431257252855e-07
2842,7.063436867778254e-08,1,0.0,1.4305431257252855e-07
2946,7.063436867778254e-08,1,0.0,1.4305431257252855e-07
3022,7.063436867778254e-08,1,0.0,1.4305431257252855e-07
3025,7.063436867778254e-08,1,0.0,1.4305431257252855e-07
793,7.063436867778254e-08,1,0.0,1.4305431257252855e-07
580,7.063436867778254e-08,1,0.0,1.4305431257252855e-07
2557,7.063436867778254e-08,1,0.0,1.4305431257252855e-07
2563,7.063436867778254e-08,1,0.0,1.4305431257252855e-07
2564,7.063436867778254e-08,1,0.0,1.4305431257252855e-07
7235,7.063436867778254e-08,1,0.0,1.4305431257252855e-07
441,7.063436867778254e-08,1,0.0,1.4305431257252855e-07
7180,7.063436867778254e-08,1,0.0,1.4305431257252855e-07
2581,7.063436867778254e-08,1,0.0,1.4305431257252855e-07
2592,7.063436867778254e-08,1,0.0,1.4305431257252855e-07
423,7.063436867778254e-08,1,0.0,1.4305431257252855e-07
2599,7.063436867778254e-08,1,0.0,1.4305431257252855e-07
2605,7.063436867778254e-08,1,0.0,1.4305431257252855e-07
7019,7.063436867778254e-08,1,0.0,1.4305431257252855e-07
4181,7.063436867778254e-08,1,0.0,1.4305431257252855e-07
6430,7.063436867778254e-08,1,0.0,1.4305431257252855e-07
7150,7.063436867778254e-08,1,0.0,1.4305431257252855e-07
1031,7.063436867778254e-08,1,0.0,1.4305431257252855e-07
2615,7.063436867778254e-08,1,0.0,1.4305431257252855e-07
493,7.063436867778254e-08,1,0.0,1.4305431257252855e-07
982,7.063436867778254e-08,1,0.0,1.4305431257252855e-07
3977,7.063436867778254e-08,1,0.0,1.4305431257252855e-07
3984,7.063436867778254e-08,1,0.0,1.4305431257252855e-07
4031,7.063436867778254e-08,1,0.0,1.4305431257252855e-07
4033,7.063436867778254e-08,1,0.0,1.4305431257252855e-07
974,7.063436867778254e-08,1,0.0,1.4305431257252855e-07
4173,7.063436867778254e-08,1,0.0,1.4305431257252855e-07
16214,7.063436867778254e-08,1,0.0,1.4305431257252855e-07
1966,7.063436867778254e-08,1,0.0,1.4305431257252855e-07
1986,7.063436867778254e-08,1,0.0,1.4305431257252855e-07
191,7.063436867778254e-08,1,0.0,1.4305431257252855e-07
5585,7.063436867778254e-08,1,0.0,1.4305431257252855e-07
14391,7.063436867778254e-08,1,0.0,1.4305431257252855e-07
14516,7.063436867778254e-08,1,0.0,1.4305431257252855e-07
14055,7.063436867778254e-08,1,0.0,1.4305431257252855e-07
14098,7.063436867778254e-08,1,0.0,1.4305431257252855e-07
14134,7.063436867778254e-08,1,0.0,1.4305431257252855e-07
13767,7.063436867778254e-08,1,0.0,1.4305431257252855e-07
9279,7.063436867778254e-08,1,1.1317978609020428e-05,0.0
13758,7.063436867778254e-08,1,0.0,1.4305431257252855e-07
13540,7.063436867778254e-08,1,0.0,1.4305431257252855e-07
2017,7.063436867778254e-08,1,0.0,1.4305431257252855e-07
13521,7.063436867778254e-08,1,0.0,1.4305431257252855e-07
13459,7.063436867778254e-08,1,0.0,1.4305431257252855e-07
13042,7.063436867778254e-08,1,0.0,1.4305431257252855e-07
5661,7.063436867778254e-08,1,0.0,1.4305431257252855e-07
5464,7.063436867778254e-08,1,0.0,1.4305431257252855e-07
5474,7.063436867778254e-08,1,0.0,1.4305431257252855e-07
13021,7.063436867778254e-08,1,0.0,1.4305431257252855e-07
12943,7.063436867778254e-08,1,0.0,1.4305431257252855e-07
13659,7.063436867778254e-08,1,0.0,1.4305431257252855e-07
5011,7.063436867778254e-08,1,0.0,1.4305431257252855e-07
5039,7.063436867778254e-08,1,0.0,1.4305431257252855e-07
23266,7.063436867778254e-08,1,0.0,1.4305431257252855e-07
20814,7.063436867778254e-08,1,0.0,1.4305431257252855e-07
1800,7.063436867778254e-08,1,0.0,1.4305431257252855e-07
20816,7.063436867778254e-08,1,0.0,1.4305431257252855e-07
1832,7.063436867778254e-08,1,0.0,1.4305431257252855e-07
20785,7.063436867778254e-08,1,0.0,1.4305431257252855e-07
1841,7.063436867778254e-08,1,0.0,1.4305431257252855e-07
5128,7.063436867778254e-08,1,0.0,1.4305431257252855e-07
20286,7.063436867778254e-08,1,0.0,1.4305431257252855e-07
15770,7.063436867778254e-08,1,0.0,1.4305431257252855e-07
1726,7.063436867778254e-08,1,0.0,1.4305431257252855e-07
17724,7.063436867778254e-08,1,0.0,1.4305431257252855e-07
17634,7.063436867778254e-08,1,0.0,1.4305431257252855e-07
1736,7.063436867778254e-08,1,0.0,1.4305431257252855e-07
17684,7.063436867778254e-08,1,0.0,1.4305431257252855e-07
17223,7.063436867778254e-08,1,0.0,1.4305431257252855e-07
146,7.063436867778254e-08,1,0.0,1.4305431257252855e-07
1707,7.063436867778254e-08,1,0.0,1.4305431257252855e-07
1934,7.063436867778254e-08,1,0.0,1.4305431257252855e-07
5418,7.063436867778254e-08,1,0.0,1.4305431257252855e-07
5436,7.063436867778254e-08,1,0.0,1.4305431257252855e-07
1936,7.063436867778254e-08,1,0.0,1.4305431257252855e-07
1904,7.063436867778254e-08,1,0.0,1.4305431257252855e-07
2122,7.063436867778254e-08,1,0.0,1.4305431257252855e-07
2126,7.063436867778254e-08,1,0.0,1.4305431257252855e-07
2128,7.063436867778254e-08,1,0.0,1.4305431257252855e-07
2129,7.063436867778254e-08,1,0.0,1.4305431257252855e-07
11701,7.063436867778254e-08,1,0.0,1.4305431257252855e-07
11748,7.063436867778254e-08,1,0.0,1.4305431257252855e-07
2131,7.063436867778254e-08,1,0.0,1.4305431257252855e-07
2134,7.063436867778254e-08,1,0.0,1.4305431257252855e-07
1437,7.063436867778254e-08,1,0.0,1.4305431257252855e-07
2163,7.063436867778254e-08,1,0.0,1.4305431257252855e-07
11207,7.063436867778254e-08,1,0.0,1.4305431257252855e-07
2021,7.063436867778254e-08,1,0.0,1.4305431257252855e-07
10716,7.063436867778254e-08,1,0.0,1.4305431257252855e-07
10341,7.063436867778254e-08,1,1.1317978609020428e-05,0.0
10359,7.063436867778254e-08,1,0.0,1.4305431257252855e-07
10236,7.063436867778254e-08,1,0.0,1.4305431257252855e-07
10243,7.063436867778254e-08,1,0.0,1.4305431257252855e-07
1304,7.063436867778254e-08,1,0.0,1.4305431257252855e-07
2220,7.063436867778254e-08,1,0.0,1.4305431257252855e-07
9867,7.063436867778254e-08,1,0.0,1.4305431257252855e-07
1289,7.063436867778254e-08,1,0.0,1.4305431257252855e-07
9623,7.063436867778254e-08,1,0.0,1.4305431257252855e-07
9274,7.063436867778254e-08,1,0.0,1.4305431257252855e-07
11070,7.063436867778254e-08,1,0.0,1.4305431257252855e-07
12792,7.063436867778254e-08,1,0.0,1.4305431257252855e-07
12793,7.063436867778254e-08,1,0.0,1.4305431257252855e-07
2071,7.063436867778254e-08,1,0.0,1.4305431257252855e-07
12585,7.063436867778254e-08,1,0.0,1.4305431257252855e-07
12665,7.063436867778254e-08,1,0.0,1.4305431257252855e-07
2080,7.063436867778254e-08,1,0.0,1.4305431257252855e-07
2082,7.063436867778254e-08,1,0.0,1.4305431257252855e-07
12471,7.063436867778254e-08,1,0.0,1.4305431257252855e-07
4732,7.063436867778254e-08,1,0.0,1.4305431257252855e-07
4741,7.063436867778254e-08,1,0.0,1.4305431257252855e-07
4742,7.063436867778254e-08,1,0.0,1.4305431257252855e-07
4573,7.063436867778254e-08,1,0.0,1.4305431257252855e-07
4797,7.063436867778254e-08,1,0.0,1.4305431257252855e-07
12486,7.063436867778254e-08,1,0.0,1.4305431257252855e-07
2107,7.063436867778254e-08,1,0.0,1.4305431257252855e-07
12406,7.063436867778254e-08,1,0.0,1.4305431257252855e-07
12419,7.063436867778254e-08,1,0.0,1.4305431257252855e-07
12379,7.063436867778254e-08,1,0.0,1.4305431257252855e-07
12249,7.063436867778254e-08,1,0.0,1.4305431257252855e-07
12078,7.063436867778254e-08,1,1.1317978609020428e-05,0.0
12131,7.063436867778254e-08,1,0.0,1.4305431257252855e-07
2130,7.063436867778254e-08,1,0.0,1.4305431257252855e-07
915,7.063436867778254e-08,1,0.0,1.4305431257252855e-07
928,7.063436867778254e-08,1,0.0,1.4305431257252855e-07
5863,7.063436867778254e-08,1,0.0,1.4305431257252855e-07
811,7.063436867778254e-08,1,0.0,1.4305431257252855e-07
939,7.063436867778254e-08,1,0.0,1.4305431257252855e-07
3682,7.063436867778254e-08,1,0.0,1.4305431257252855e-07
3539,7.063436867778254e-08,1,0.0,1.4305431257252855e-07
3332,7.063436867778254e-08,1,0.0,1.4305431257252855e-07
3576,7.063436867778254e-08,1,0.0,1.4305431257252855e-07
697,7.063436867778254e-08,1,0.0,1.4305431257252855e-07
3850,7.063436867778254e-08,1,0.0,1.4305431257252855e-07
3099,7.063436867778254e-08,1,0.0,1.4305431257252855e-07
3288,7.063436867778254e-08,1,0.0,1.4305431257252855e-07
6590,7.063436867778254e-08,1,0.0,1.4305431257252855e-07
3800,7.063436867778254e-08,1,0.0,1.4305431257252855e-07
6736,7.063436867778254e-08,1,0.0,1.4305431257252855e-07
3279,7.063436867778254e-08,1,0.0,1.4305431257252855e-07
3749,7.063436867778254e-08,1,0.0,1.4305431257252855e-07
3461,7.063436867778254e-08,1,0.0,1.4305431257252855e-07
3616,7.063436867778254e-08,1,0.0,1.4305431257252855e-07
3333,7.063436867778254e-08,1,0.0,1.4305431257252855e-07
21216,7.063436867778254e-08,1,0.0,1.4305431257252855e-07
6742,7.063436867778254e-08,1,0.0,1.4305431257252855e-07
23106,7.063436867778254e-08,1,0.0,1.4305431257252855e-07
668,7.063436867778254e-08,1,0.0,1.4305431257252855e-07
6780,7.063436867778254e-08,1,0.0,1.4305431257252855e-07
6792,7.063436867778254e-08,1,0.0,1.4305431257252855e-07
3750,7.063436867778254e-08,1,0.0,1.4305431257252855e-07
3873,7.063436867778254e-08,1,0.0,1.4305431257252855e-07
6685,7.063436867778254e-08,1,0.0,1.4305431257252855e-07
6734,7.063436867778254e-08,1,0.0,1.4305431257252855e-07
6607,7.063436867778254e-08,1,0.0,1.4305431257252855e-07
3179,7.063436867778254e-08,1,0.0,1.4305431257252855e-07
3807,7.063436867778254e-08,1,0.0,1.4305431257252855e-07
13134,0.0,0,0.0,0.0
234,0.0,0,0.0,0.0
13136,0.0,0,0.0,0.0
233,0.0,0,0.0,0.0
232,0.0,0,0.0,0.0
13137,0.0,0,0.0,0.0
12959,0.0,0,0.0,0.0
12974,0.0,0,0.0,0.0
755,0.0,0,0.0,0.0
231,0.0,0,0.0,0.0
225,0.0,0,0.0,0.0
228,0.0,0,0.0,0.0
229,0.0,0,0.0,0.0
237,0.0,0,0.0,0.0
13208,0.0,0,0.0,0.0
13234,0.0,0,0.0,0.0
13240,0.0,0,0.0,0.0
13242,0.0,0,0.0,0.0
13243,0.0,0,0.0,0.0
13032,0.0,0,0.0,0.0
13033,0.0,0,0.0,0.0
3742,0.0,0,0.0,0.0
13049,0.0,0,0.0,0.0
4810,0.0,0,0.0,0.0
4815,0.0,0,0.0,0.0
4823,0.0,0,0.0,0.0
5640,0.0,0,0.0,0.0
5641,0.0,0,0.0,0.0
13118,0.0,0,0.0,0.0
5658,0.0,0,0.0,0.0
3717,0.0,0,0.0,0.0
5685,0.0,0,0.0,0.0
3703,0.0,0,0.0,0.0
6550,0.0,0,0.0,0.0
5518,0.0,0,0.0,0.0
5530,0.0,0,0.0,0.0
5553,0.0,0,0.0,0.0
13054,0.0,0,0.0,0.0
13083,0.0,0,0.0,0.0
13097,0.0,0,0.0,0.0
13111,0.0,0,0.0,0.0
240,0.0,0,0.0,0.0
13121,0.0,0,0.0,0.0
13130,0.0,0,0.0,0.0
5643,0.0,0,0.0,0.0
12782,0.0,0,0.0,0.0
12787,0.0,0,0.0,0.0
6552,0.0,0,0.0,0.0
742,0.0,0,0.0,0.0
12799,0.0,0,0.0,0.0
12801,0.0,0,0.0,0.0
12809,0.0,0,0.0,0.0
12812,0.0,0,0.0,0.0
2060,0.0,0,0.0,0.0
2061,0.0,0,0.0,0.0
2063,0.0,0,0.0,0.0
12813,0.0,0,0.0,0.0
6557,0.0,0,0.0,0.0
12853,0.0,0,0.0,0.0
12859,0.0,0,0.0,0.0
12735,0.0,0,0.0,0.0
12740,0.0,0,0.0,0.0
1532,0.0,0,0.0,0.0
1535,0.0,0,0.0,0.0
1541,0.0,0,0.0,0.0
1545,0.0,0,0.0,0.0
1549,0.0,0,0.0,0.0
1552,0.0,0,0.0,0.0
2070,0.0,0,0.0,0.0
736,0.0,0,0.0,0.0
12744,0.0,0,0.0,0.0
12850,0.0,0,0.0,0.0
12933,0.0,0,0.0,0.0
12939,0.0,0,0.0,0.0
12940,0.0,0,0.0,0.0
753,0.0,0,0.0,0.0
12944,0.0,0,0.0,0.0
2022,0.0,0,0.0,0.0
2027,0.0,0,0.0,0.0
2033,0.0,0,0.0,0.0
2038,0.0,0,0.0,0.0
2039,0.0,0,0.0,0.0
2040,0.0,0,0.0,0.0
2044,0.0,0,0.0,0.0
12955,0.0,0,0.0,0.0
12932,0.0,0,0.0,0.0
12872,0.0,0,0.0,0.0
12873,0.0,0,0.0,0.0
12874,0.0,0,0.0,0.0
12879,0.0,0,0.0,0.0
12894,0.0,0,0.0,0.0
12899,0.0,0,0.0,0.0
12902,0.0,0,0.0,0.0
12904,0.0,0,0.0,0.0
12906,0.0,0,0.0,0.0
12909,0.0,0,0.0,0.0
12911,0.0,0,0.0,0.0
12913,0.0,0,0.0,0.0
12917,0.0,0,0.0,0.0
12862,0.0,0,0.0,0.0
219,0.0,0,0.0,0.0
220,0.0,0,0.0,0.0
13658,0.0,0,0.0,0.0
13660,0.0,0,0.0,0.0
13661,0.0,0,0.0,0.0
13663,0.0,0,0.0,0.0
13666,0.0,0,0.0,0.0
13667,0.0,0,0.0,0.0
13693,0.0,0,0.0,0.0
13694,0.0,0,0.0,0.0
13695,0.0,0,0.0,0.0
13749,0.0,0,0.0,0.0
13755,0.0,0,0.0,0.0
13187,0.0,0,0.0,0.0
13762,0.0,0,0.0,0.0
13763,0.0,0,0.0,0.0
6533,0.0,0,0.0,0.0
13543,0.0,0,0.0,0.0
13545,0.0,0,0.0,0.0
13570,0.0,0,0.0,0.0
13572,0.0,0,0.0,0.0
13578,0.0,0,0.0,0.0
13589,0.0,0,0.0,0.0
13591,0.0,0,0.0,0.0
13603,0.0,0,0.0,0.0
13604,0.0,0,0.0,0.0
13627,0.0,0,0.0,0.0
6534,0.0,0,0.0,0.0
14126,0.0,0,0.0,0.0
14133,0.0,0,0.0,0.0
3833,0.0,0,0.0,0.0
222,0.0,0,0.0,0.0
223,0.0,0,0.0,0.0
13859,0.0,0,0.0,0.0
13900,0.0,0,0.0,0.0
13922,0.0,0,0.0,0.0
1625,0.0,0,0.0,0.0
1631,0.0,0,0.0,0.0
2008,0.0,0,0.0,0.0
13927,0.0,0,0.0,0.0
13934,0.0,0,0.0,0.0
215,0.0,0,0.0,0.0
13950,0.0,0,0.0,0.0
14006,0.0,0,0.0,0.0
14022,0.0,0,0.0,0.0
13765,0.0,0,0.0,0.0
13766,0.0,0,0.0,0.0
13787,0.0,0,0.0,0.0
13857,0.0,0,0.0,0.0
195,0.0,0,0.0,0.0
206,0.0,0,0.0,0.0
207,0.0,0,0.0,0.0
208,0.0,0,0.0,0.0
209,0.0,0,0.0,0.0
211,0.0,0,0.0,0.0
212,0.0,0,0.0,0.0
13947,0.0,0,0.0,0.0
13507,0.0,0,0.0,0.0
13250,0.0,0,0.0,0.0
13254,0.0,0,0.0,0.0
13256,0.0,0,0.0,0.0
13257,0.0,0,0.0,0.0
13293,0.0,0,0.0,0.0
13294,0.0,0,0.0,0.0
13296,0.0,0,0.0,0.0
13297,0.0,0,0.0,0.0
13299,0.0,0,0.0,0.0
13300,0.0,0,0.0,0.0
13302,0.0,0,0.0,0.0
13304,0.0,0,0.0,0.0
13629,0.0,0,0.0,0.0
13307,0.0,0,0.0,0.0
13341,0.0,0,0.0,0.0
13372,0.0,0,0.0,0.0
13142,0.0,0,0.0,0.0
13146,0.0,0,0.0,0.0
13148,0.0,0,0.0,0.0
12760,0.0,0,0.0,0.0
13191,0.0,0,0.0,0.0
13193,0.0,0,0.0,0.0
13194,0.0,0,0.0,0.0
13198,0.0,0,0.0,0.0
13203,0.0,0,0.0,0.0
13205,0.0,0,0.0,0.0
13207,0.0,0,0.0,0.0
13306,0.0,0,0.0,0.0
13630,0.0,0,0.0,0.0
13633,0.0,0,0.0,0.0
13636,0.0,0,0.0,0.0
13654,0.0,0,0.0,0.0
13515,0.0,0,0.0,0.0
13516,0.0,0,0.0,0.0
2010,0.0,0,0.0,0.0
1590,0.0,0,0.0,0.0
1591,0.0,0,0.0,0.0
1596,0.0,0,0.0,0.0
1555,0.0,0,0.0,0.0
3777,0.0,0,0.0,0.0
2018,0.0,0,0.0,0.0
13501,0.0,0,0.0,0.0
13526,0.0,0,0.0,0.0
13527,0.0,0,0.0,0.0
13531,0.0,0,0.0,0.0
13538,0.0,0,0.0,0.0
13401,0.0,0,0.0,0.0
13409,0.0,0,0.0,0.0
13410,0.0,0,0.0,0.0
13416,0.0,0,0.0,0.0
13417,0.0,0,0.0,0.0
13421,0.0,0,0.0,0.0
13432,0.0,0,0.0,0.0
13458,0.0,0,0.0,0.0
13461,0.0,0,0.0,0.0
13476,0.0,0,0.0,0.0
13520,0.0,0,0.0,0.0
3372,0.0,0,0.0,0.0
2142,0.0,0,0.0,0.0
2145,0.0,0,0.0,0.0
6641,0.0,0,0.0,0.0
11706,0.0,0,0.0,0.0
11709,0.0,0,0.0,0.0
11724,0.0,0,0.0,0.0
11728,0.0,0,0.0,0.0
6636,0.0,0,0.0,0.0
11758,0.0,0,0.0,0.0
11760,0.0,0,0.0,0.0
11779,0.0,0,0.0,0.0
11783,0.0,0,0.0,0.0
12584,0.0,0,0.0,0.0
11788,0.0,0,0.0,0.0
11790,0.0,0,0.0,0.0
11602,0.0,0,0.0,0.0
11612,0.0,0,0.0,0.0
11644,0.0,0,0.0,0.0
11674,0.0,0,0.0,0.0
11675,0.0,0,0.0,0.0
11688,0.0,0,0.0,0.0
3897,0.0,0,0.0,0.0
3889,0.0,0,0.0,0.0
2137,0.0,0,0.0,0.0
1450,0.0,0,0.0,0.0
1453,0.0,0,0.0,0.0
2140,0.0,0,0.0,0.0
11787,0.0,0,0.0,0.0
12000,0.0,0,0.0,0.0
12023,0.0,0,0.0,0.0
12043,0.0,0,0.0,0.0
12058,0.0,0,0.0,0.0
12069,0.0,0,0.0,0.0
11791,0.0,0,0.0,0.0
11793,0.0,0,0.0,0.0
11797,0.0,0,0.0,0.0
11851,0.0,0,0.0,0.0
11854,0.0,0,0.0,0.0
2115,0.0,0,0.0,0.0
3438,0.0,0,0.0,0.0
926,0.0,0,0.0,0.0
3384,0.0,0,0.0,0.0
930,0.0,0,0.0,0.0
931,0.0,0,0.0,0.0
4559,0.0,0,0.0,0.0
3414,0.0,0,0.0,0.0
5940,0.0,0,0.0,0.0
5945,0.0,0,0.0,0.0
5729,0.0,0,0.0,0.0
4598,0.0,0,0.0,0.0
2118,0.0,0,0.0,0.0
3413,0.0,0,0.0,0.0
2123,0.0,0,0.0,0.0
2125,0.0,0,0.0,0.0
3404,0.0,0,0.0,0.0
2127,0.0,0,0.0,0.0
3437,0.0,0,0.0,0.0
6544,0.0,0,0.0,0.0
11208,0.0,0,0.0,0.0
11216,0.0,0,0.0,0.0
2164,0.0,0,0.0,0.0
1410,0.0,0,0.0,0.0
1376,0.0,0,0.0,0.0
1372,0.0,0,0.0,0.0
11225,0.0,0,0.0,0.0
11228,0.0,0,0.0,0.0
11234,0.0,0,0.0,0.0
11235,0.0,0,0.0,0.0
11239,0.0,0,0.0,0.0
11287,0.0,0,0.0,0.0
2141,0.0,0,0.0,0.0
10986,0.0,0,0.0,0.0
10988,0.0,0,0.0,0.0
10989,0.0,0,0.0,0.0
10993,0.0,0,0.0,0.0
6025,0.0,0,0.0,0.0
6073,0.0,0,0.0,0.0
6086,0.0,0,0.0,0.0
6097,0.0,0,0.0,0.0
6113,0.0,0,0.0,0.0
6114,0.0,0,0.0,0.0
5870,0.0,0,0.0,0.0
5885,0.0,0,0.0,0.0
5887,0.0,0,0.0,0.0
5915,0.0,0,0.0,0.0
10943,0.0,0,0.0,0.0
11402,0.0,0,0.0,0.0
11478,0.0,0,0.0,0.0
11490,0.0,0,0.0,0.0
11547,0.0,0,0.0,0.0
11550,0.0,0,0.0,0.0
1436,0.0,0,0.0,0.0
6518,0.0,0,0.0,0.0
1414,0.0,0,0.0,0.0
2161,0.0,0,0.0,0.0
6517,0.0,0,0.0,0.0
11553,0.0,0,0.0,0.0
11565,0.0,0,0.0,0.0
11578,0.0,0,0.0,0.0
11398,0.0,0,0.0,0.0
11591,0.0,0,0.0,0.0
11290,0.0,0,0.0,0.0
11318,0.0,0,0.0,0.0
11319,0.0,0,0.0,0.0
11322,0.0,0,0.0,0.0
11323,0.0,0,0.0,0.0
11327,0.0,0,0.0,0.0
11331,0.0,0,0.0,0.0
11334,0.0,0,0.0,0.0
11335,0.0,0,0.0,0.0
11345,0.0,0,0.0,0.0
11354,0.0,0,0.0,0.0
11379,0.0,0,0.0,0.0
11382,0.0,0,0.0,0.0
11587,0.0,0,0.0,0.0
12563,0.0,0,0.0,0.0
12425,0.0,0,0.0,0.0
12431,0.0,0,0.0,0.0
3641,0.0,0,0.0,0.0
12474,0.0,0,0.0,0.0
12476,0.0,0,0.0,0.0
3629,0.0,0,0.0,0.0
3609,0.0,0,0.0,0.0
4748,0.0,0,0.0,0.0
4751,0.0,0,0.0,0.0
5802,0.0,0,0.0,0.0
5837,0.0,0,0.0,0.0
5864,0.0,0,0.0,0.0
11999,0.0,0,0.0,0.0
4785,0.0,0,0.0,0.0
3561,0.0,0,0.0,0.0
12478,0.0,0,0.0,0.0
12497,0.0,0,0.0,0.0
12514,0.0,0,0.0,0.0
12515,0.0,0,0.0,0.0
12518,0.0,0,0.0,0.0
12524,0.0,0,0.0,0.0
12531,0.0,0,0.0,0.0
12537,0.0,0,0.0,0.0
12545,0.0,0,0.0,0.0
2092,0.0,0,0.0,0.0
2093,0.0,0,0.0,0.0
2098,0.0,0,0.0,0.0
4781,0.0,0,0.0,0.0
12768,0.0,0,0.0,0.0
12566,0.0,0,0.0,0.0
12569,0.0,0,0.0,0.0
12574,0.0,0,0.0,0.0
12578,0.0,0,0.0,0.0
12580,0.0,0,0.0,0.0
14114,0.0,0,0.0,0.0
733,0.0,0,0.0,0.0
12590,0.0,0,0.0,0.0
12593,0.0,0,0.0,0.0
12602,0.0,0,0.0,0.0
12662,0.0,0,0.0,0.0
726,0.0,0,0.0,0.0
12558,0.0,0,0.0,0.0
12685,0.0,0,0.0,0.0
12703,0.0,0,0.0,0.0
12707,0.0,0,0.0,0.0
12548,0.0,0,0.0,0.0
2078,0.0,0,0.0,0.0
3672,0.0,0,0.0,0.0
2084,0.0,0,0.0,0.0
2085,0.0,0,0.0,0.0
1514,0.0,0,0.0,0.0
1526,0.0,0,0.0,0.0
1529,0.0,0,0.0,0.0
12552,0.0,0,0.0,0.0
12553,0.0,0,0.0,0.0
12557,0.0,0,0.0,0.0
12668,0.0,0,0.0,0.0
12281,0.0,0,0.0,0.0
12282,0.0,0,0.0,0.0
12288,0.0,0,0.0,0.0
12289,0.0,0,0.0,0.0
12291,0.0,0,0.0,0.0
12292,0.0,0,0.0,0.0
12297,0.0,0,0.0,0.0
12300,0.0,0,0.0,0.0
12072,0.0,0,0.0,0.0
12075,0.0,0,0.0,0.0
6614,0.0,0,0.0,0.0
12079,0.0,0,0.0,0.0
12080,0.0,0,0.0,0.0
1464,0.0,0,0.0,0.0
12100,0.0,0,0.0,0.0
12115,0.0,0,0.0,0.0
6612,0.0,0,0.0,0.0
12144,0.0,0,0.0,0.0
12146,0.0,0,0.0,0.0
12169,0.0,0,0.0,0.0
12176,0.0,0,0.0,0.0
11858,0.0,0,0.0,0.0
11873,0.0,0,0.0,0.0
11944,0.0,0,0.0,0.0
11987,0.0,0,0.0,0.0
11990,0.0,0,0.0,0.0
11992,0.0,0,0.0,0.0
11998,0.0,0,0.0,0.0
12086,0.0,0,0.0,0.0
3525,0.0,0,0.0,0.0
2112,0.0,0,0.0,0.0
12386,0.0,0,0.0,0.0
12391,0.0,0,0.0,0.0
3520,0.0,0,0.0,0.0
12416,0.0,0,0.0,0.0
3512,0.0,0,0.0,0.0
12424,0.0,0,0.0,0.0
12304,0.0,0,0.0,0.0
12321,0.0,0,0.0,0.0
12336,0.0,0,0.0,0.0
12338,0.0,0,0.0,0.0
12340,0.0,0,0.0,0.0
12280,0.0,0,0.0,0.0
12349,0.0,0,0.0,0.0
12352,0.0,0,0.0,0.0
12373,0.0,0,0.0,0.0
12378,0.0,0,0.0,0.0
3497,0.0,0,0.0,0.0
12381,0.0,0,0.0,0.0
12384,0.0,0,0.0,0.0
12245,0.0,0,0.0,0.0
3489,0.0,0,0.0,0.0
12256,0.0,0,0.0,0.0
12257,0.0,0,0.0,0.0
12259,0.0,0,0.0,0.0
12264,0.0,0,0.0,0.0
12268,0.0,0,0.0,0.0
12345,0.0,0,0.0,0.0
19920,0.0,0,0.0,0.0
19942,0.0,0,0.0,0.0
19943,0.0,0,0.0,0.0
19947,0.0,0,0.0,0.0
19953,0.0,0,0.0,0.0
18132,0.0,0,0.0,0.0
18133,0.0,0,0.0,0.0
18154,0.0,0,0.0,0.0
18156,0.0,0,0.0,0.0
18201,0.0,0,0.0,0.0
18243,0.0,0,0.0,0.0
18274,0.0,0,0.0,0.0
18325,0.0,0,0.0,0.0
14079,0.0,0,0.0,0.0
18330,0.0,0,0.0,0.0
18332,0.0,0,0.0,0.0
18459,0.0,0,0.0,0.0
18554,0.0,0,0.0,0.0
19140,0.0,0,0.0,0.0
19180,0.0,0,0.0,0.0
19181,0.0,0,0.0,0.0
17701,0.0,0,0.0,0.0
21921,0.0,0,0.0,0.0
17784,0.0,0,0.0,0.0
17815,0.0,0,0.0,0.0
17823,0.0,0,0.0,0.0
17880,0.0,0,0.0,0.0
17894,0.0,0,0.0,0.0
18326,0.0,0,0.0,0.0
1876,0.0,0,0.0,0.0
1880,0.0,0,0.0,0.0
21652,0.0,0,0.0,0.0
20317,0.0,0,0.0,0.0
19970,0.0,0,0.0,0.0
19980,0.0,0,0.0,0.0
19994,0.0,0,0.0,0.0
20048,0.0,0,0.0,0.0
70,0.0,0,0.0,0.0
73,0.0,0,0.0,0.0
74,0.0,0,0.0,0.0
75,0.0,0,0.0,0.0
78,0.0,0,0.0,0.0
19588,0.0,0,0.0,0.0
87,0.0,0,0.0,0.0
88,0.0,0,0.0,0.0
89,0.0,0,0.0,0.0
20160,0.0,0,0.0,0.0
20161,0.0,0,0.0,0.0
20177,0.0,0,0.0,0.0
19353,0.0,0,0.0,0.0
19392,0.0,0,0.0,0.0
1896,0.0,0,0.0,0.0
1899,0.0,0,0.0,0.0
1902,0.0,0,0.0,0.0
21651,0.0,0,0.0,0.0
1724,0.0,0,0.0,0.0
21622,0.0,0,0.0,0.0
86,0.0,0,0.0,0.0
17500,0.0,0,0.0,0.0
17575,0.0,0,0.0,0.0
17608,0.0,0,0.0,0.0
17611,0.0,0,0.0,0.0
17037,0.0,0,0.0,0.0
17064,0.0,0,0.0,0.0
17075,0.0,0,0.0,0.0
17089,0.0,0,0.0,0.0
17103,0.0,0,0.0,0.0
17138,0.0,0,0.0,0.0
17148,0.0,0,0.0,0.0
17155,0.0,0,0.0,0.0
17175,0.0,0,0.0,0.0
17989,0.0,0,0.0,0.0
23552,0.0,0,0.0,0.0
17224,0.0,0,0.0,0.0
17227,0.0,0,0.0,0.0
17256,0.0,0,0.0,0.0
17306,0.0,0,0.0,0.0
17338,0.0,0,0.0,0.0
101,0.0,0,0.0,0.0
103,0.0,0,0.0,0.0
104,0.0,0,0.0,0.0
105,0.0,0,0.0,0.0
106,0.0,0,0.0,0.0
108,0.0,0,0.0,0.0
109,0.0,0,0.0,0.0
112,0.0,0,0.0,0.0
17182,0.0,0,0.0,0.0
18039,0.0,0,0.0,0.0
18041,0.0,0,0.0,0.0
18116,0.0,0,0.0,0.0
17620,0.0,0,0.0,0.0
21841,0.0,0,0.0,0.0
17640,0.0,0,0.0,0.0
1730,0.0,0,0.0,0.0
1731,0.0,0,0.0,0.0
1732,0.0,0,0.0,0.0
1733,0.0,0,0.0,0.0
21839,0.0,0,0.0,0.0
1739,0.0,0,0.0,0.0
1909,0.0,0,0.0,0.0
17491,0.0,0,0.0,0.0
17654,0.0,0,0.0,0.0
21838,0.0,0,0.0,0.0
17689,0.0,0,0.0,0.0
17339,0.0,0,0.0,0.0
17341,0.0,0,0.0,0.0
17345,0.0,0,0.0,0.0
17354,0.0,0,0.0,0.0
17355,0.0,0,0.0,0.0
17356,0.0,0,0.0,0.0
17359,0.0,0,0.0,0.0
17361,0.0,0,0.0,0.0
17397,0.0,0,0.0,0.0
17448,0.0,0,0.0,0.0
17470,0.0,0,0.0,0.0
1921,0.0,0,0.0,0.0
21215,0.0,0,0.0,0.0
23105,0.0,0,0.0,0.0
1774,0.0,0,0.0,0.0
1776,0.0,0,0.0,0.0
21200,0.0,0,0.0,0.0
21201,0.0,0,0.0,0.0
21202,0.0,0,0.0,0.0
21203,0.0,0,0.0,0.0
21205,0.0,0,0.0,0.0
21206,0.0,0,0.0,0.0
21208,0.0,0,0.0,0.0
21209,0.0,0,0.0,0.0
21210,0.0,0,0.0,0.0
1867,0.0,0,0.0,0.0
21102,0.0,0,0.0,0.0
21104,0.0,0,0.0,0.0
21140,0.0,0,0.0,0.0
21141,0.0,0,0.0,0.0
21175,0.0,0,0.0,0.0
21176,0.0,0,0.0,0.0
21177,0.0,0,0.0,0.0
21178,0.0,0,0.0,0.0
21180,0.0,0,0.0,0.0
21183,0.0,0,0.0,0.0
45,0.0,0,0.0,0.0
21188,0.0,0,0.0,0.0
21190,0.0,0,0.0,0.0
20798,0.0,0,0.0,0.0
21083,0.0,0,0.0,0.0
21198,0.0,0,0.0,0.0
21199,0.0,0,0.0,0.0
5193,0.0,0,0.0,0.0
5197,0.0,0,0.0,0.0
5217,0.0,0,0.0,0.0
21197,0.0,0,0.0,0.0
5031,0.0,0,0.0,0.0
23222,0.0,0,0.0,0.0
5040,0.0,0,0.0,0.0
5041,0.0,0,0.0,0.0
5057,0.0,0,0.0,0.0
5070,0.0,0,0.0,0.0
21211,0.0,0,0.0,0.0
21214,0.0,0,0.0,0.0
1770,0.0,0,0.0,0.0
22274,0.0,0,0.0,0.0
22277,0.0,0,0.0,0.0
23104,0.0,0,0.0,0.0
22840,0.0,0,0.0,0.0
5104,0.0,0,0.0,0.0
23,0.0,0,0.0,0.0
21218,0.0,0,0.0,0.0
21219,0.0,0,0.0,0.0
21610,0.0,0,0.0,0.0
21615,0.0,0,0.0,0.0
1786,0.0,0,0.0,0.0
1789,0.0,0,0.0,0.0
1791,0.0,0,0.0,0.0
1769,0.0,0,0.0,0.0
1745,0.0,0,0.0,0.0
1758,0.0,0,0.0,0.0
1840,0.0,0,0.0,0.0
23511,0.0,0,0.0,0.0
1842,0.0,0,0.0,0.0
1844,0.0,0,0.0,0.0
1849,0.0,0,0.0,0.0
20188,0.0,0,0.0,0.0
20229,0.0,0,0.0,0.0
20230,0.0,0,0.0,0.0
20238,0.0,0,0.0,0.0
1852,0.0,0,0.0,0.0
4868,0.0,0,0.0,0.0
20800,0.0,0,0.0,0.0
4873,0.0,0,0.0,0.0
4883,0.0,0,0.0,0.0
4895,0.0,0,0.0,0.0
4902,0.0,0,0.0,0.0
4916,0.0,0,0.0,0.0
4945,0.0,0,0.0,0.0
4971,0.0,0,0.0,0.0
22295,0.0,0,0.0,0.0
5140,0.0,0,0.0,0.0
5161,0.0,0,0.0,0.0
5190,0.0,0,0.0,0.0
1853,0.0,0,0.0,0.0
1854,0.0,0,0.0,0.0
1856,0.0,0,0.0,0.0
4872,0.0,0,0.0,0.0
20808,0.0,0,0.0,0.0
21194,0.0,0,0.0,0.0
1798,0.0,0,0.0,0.0
1799,0.0,0,0.0,0.0
21191,0.0,0,0.0,0.0
1810,0.0,0,0.0,0.0
1811,0.0,0,0.0,0.0
1813,0.0,0,0.0,0.0
1814,0.0,0,0.0,0.0
1815,0.0,0,0.0,0.0
23520,0.0,0,0.0,0.0
20769,0.0,0,0.0,0.0
20772,0.0,0,0.0,0.0
20773,0.0,0,0.0,0.0
20757,0.0,0,0.0,0.0
1817,0.0,0,0.0,0.0
1824,0.0,0,0.0,0.0
1825,0.0,0,0.0,0.0
23513,0.0,0,0.0,0.0
1837,0.0,0,0.0,0.0
1742,0.0,0,0.0,0.0
20782,0.0,0,0.0,0.0
23512,0.0,0,0.0,0.0
20791,0.0,0,0.0,0.0
20341,0.0,0,0.0,0.0
53,0.0,0,0.0,0.0
20360,0.0,0,0.0,0.0
20655,0.0,0,0.0,0.0
20734,0.0,0,0.0,0.0
20778,0.0,0,0.0,0.0
15262,0.0,0,0.0,0.0
15264,0.0,0,0.0,0.0
15280,0.0,0,0.0,0.0
15282,0.0,0,0.0,0.0
15285,0.0,0,0.0,0.0
15349,0.0,0,0.0,0.0
15353,0.0,0,0.0,0.0
15358,0.0,0,0.0,0.0
15370,0.0,0,0.0,0.0
15372,0.0,0,0.0,0.0
15146,0.0,0,0.0,0.0
15153,0.0,0,0.0,0.0
1970,0.0,0,0.0,0.0
113,0.0,0,0.0,0.0
1662,0.0,0,0.0,0.0
1979,0.0,0,0.0,0.0
1981,0.0,0,0.0,0.0
6598,0.0,0,0.0,0.0
6591,0.0,0,0.0,0.0
14648,0.0,0,0.0,0.0
14709,0.0,0,0.0,0.0
14711,0.0,0,0.0,0.0
14712,0.0,0,0.0,0.0
14713,0.0,0,0.0,0.0
14717,0.0,0,0.0,0.0
14746,0.0,0,0.0,0.0
14951,0.0,0,0.0,0.0
14982,0.0,0,0.0,0.0
1658,0.0,0,0.0,0.0
15592,0.0,0,0.0,0.0
15605,0.0,0,0.0,0.0
150,0.0,0,0.0,0.0
154,0.0,0,0.0,0.0
155,0.0,0,0.0,0.0
157,0.0,0,0.0,0.0
159,0.0,0,0.0,0.0
160,0.0,0,0.0,0.0
161,0.0,0,0.0,0.0
162,0.0,0,0.0,0.0
15391,0.0,0,0.0,0.0
15398,0.0,0,0.0,0.0
15399,0.0,0,0.0,0.0
15261,0.0,0,0.0,0.0
1953,0.0,0,0.0,0.0
1676,0.0,0,0.0,0.0
1678,0.0,0,0.0,0.0
1683,0.0,0,0.0,0.0
6603,0.0,0,0.0,0.0
15406,0.0,0,0.0,0.0
15416,0.0,0,0.0,0.0
15419,0.0,0,0.0,0.0
15440,0.0,0,0.0,0.0
15170,0.0,0,0.0,0.0
15175,0.0,0,0.0,0.0
15234,0.0,0,0.0,0.0
15254,0.0,0,0.0,0.0
15259,0.0,0,0.0,0.0
1952,0.0,0,0.0,0.0
14514,0.0,0,0.0,0.0
6583,0.0,0,0.0,0.0
14611,0.0,0,0.0,0.0
14633,0.0,0,0.0,0.0
14157,0.0,0,0.0,0.0
14159,0.0,0,0.0,0.0
14179,0.0,0,0.0,0.0
14241,0.0,0,0.0,0.0
14243,0.0,0,0.0,0.0
14245,0.0,0,0.0,0.0
14251,0.0,0,0.0,0.0
14254,0.0,0,0.0,0.0
14258,0.0,0,0.0,0.0
15059,0.0,0,0.0,0.0
14277,0.0,0,0.0,0.0
14282,0.0,0,0.0,0.0
14290,0.0,0,0.0,0.0
14295,0.0,0,0.0,0.0
14305,0.0,0,0.0,0.0
14023,0.0,0,0.0,0.0
14042,0.0,0,0.0,0.0
6581,0.0,0,0.0,0.0
14075,0.0,0,0.0,0.0
907,0.0,0,0.0,0.0
14083,0.0,0,0.0,0.0
6580,0.0,0,0.0,0.0
14099,0.0,0,0.0,0.0
14110,0.0,0,0.0,0.0
14260,0.0,0,0.0,0.0
15098,0.0,0,0.0,0.0
15099,0.0,0,0.0,0.0
15106,0.0,0,0.0,0.0
15114,0.0,0,0.0,0.0
15125,0.0,0,0.0,0.0
15145,0.0,0,0.0,0.0
14339,0.0,0,0.0,0.0
14348,0.0,0,0.0,0.0
14352,0.0,0,0.0,0.0
14362,0.0,0,0.0,0.0
5554,0.0,0,0.0,0.0
5580,0.0,0,0.0,0.0
5587,0.0,0,0.0,0.0
5591,0.0,0,0.0,0.0
14410,0.0,0,0.0,0.0
5609,0.0,0,0.0,0.0
5630,0.0,0,0.0,0.0
4754,0.0,0,0.0,0.0
4773,0.0,0,0.0,0.0
4990,0.0,0,0.0,0.0
5306,0.0,0,0.0,0.0
5316,0.0,0,0.0,0.0
5320,0.0,0,0.0,0.0
5347,0.0,0,0.0,0.0
14363,0.0,0,0.0,0.0
14367,0.0,0,0.0,0.0
14370,0.0,0,0.0,0.0
14388,0.0,0,0.0,0.0
6585,0.0,0,0.0,0.0
5602,0.0,0,0.0,0.0
16751,0.0,0,0.0,0.0
16752,0.0,0,0.0,0.0
16770,0.0,0,0.0,0.0
16772,0.0,0,0.0,0.0
16779,0.0,0,0.0,0.0
16790,0.0,0,0.0,0.0
16800,0.0,0,0.0,0.0
16802,0.0,0,0.0,0.0
16825,0.0,0,0.0,0.0
16826,0.0,0,0.0,0.0
16494,0.0,0,0.0,0.0
16495,0.0,0,0.0,0.0
16496,0.0,0,0.0,0.0
15572,0.0,0,0.0,0.0
16510,0.0,0,0.0,0.0
16607,0.0,0,0.0,0.0
16636,0.0,0,0.0,0.0
16645,0.0,0,0.0,0.0
16662,0.0,0,0.0,0.0
16663,0.0,0,0.0,0.0
16666,0.0,0,0.0,0.0
16670,0.0,0,0.0,0.0
16671,0.0,0,0.0,0.0
16693,0.0,0,0.0,0.0
16697,0.0,0,0.0,0.0
16707,0.0,0,0.0,0.0
139,0.0,0,0.0,0.0
140,0.0,0,0.0,0.0
16500,0.0,0,0.0,0.0
114,0.0,0,0.0,0.0
118,0.0,0,0.0,0.0
119,0.0,0,0.0,0.0
121,0.0,0,0.0,0.0
17023,0.0,0,0.0,0.0
17027,0.0,0,0.0,0.0
17034,0.0,0,0.0,0.0
16863,0.0,0,0.0,0.0
16876,0.0,0,0.0,0.0
16881,0.0,0,0.0,0.0
16884,0.0,0,0.0,0.0
16897,0.0,0,0.0,0.0
16899,0.0,0,0.0,0.0
16746,0.0,0,0.0,0.0
16918,0.0,0,0.0,0.0
16923,0.0,0,0.0,0.0
16939,0.0,0,0.0,0.0
16972,0.0,0,0.0,0.0
16990,0.0,0,0.0,0.0
16993,0.0,0,0.0,0.0
16994,0.0,0,0.0,0.0
90,0.0,0,0.0,0.0
91,0.0,0,0.0,0.0
16715,0.0,0,0.0,0.0
16717,0.0,0,0.0,0.0
16722,0.0,0,0.0,0.0
16743,0.0,0,0.0,0.0
16745,0.0,0,0.0,0.0
16913,0.0,0,0.0,0.0
1937,0.0,0,0.0,0.0
1939,0.0,0,0.0,0.0
1693,0.0,0,0.0,0.0
1698,0.0,0,0.0,0.0
130,0.0,0,0.0,0.0
131,0.0,0,0.0,0.0
138,0.0,0,0.0,0.0
166,0.0,0,0.0,0.0
169,0.0,0,0.0,0.0
172,0.0,0,0.0,0.0
173,0.0,0,0.0,0.0
15623,0.0,0,0.0,0.0
15634,0.0,0,0.0,0.0
142,0.0,0,0.0,0.0
6545,0.0,0,0.0,0.0
15855,0.0,0,0.0,0.0
16146,0.0,0,0.0,0.0
16182,0.0,0,0.0,0.0
16191,0.0,0,0.0,0.0
16192,0.0,0,0.0,0.0
16204,0.0,0,0.0,0.0
16207,0.0,0,0.0,0.0
3593,0.0,0,0.0,0.0
15456,0.0,0,0.0,0.0
15461,0.0,0,0.0,0.0
15468,0.0,0,0.0,0.0
15470,0.0,0,0.0,0.0
15508,0.0,0,0.0,0.0
15651,0.0,0,0.0,0.0
144,0.0,0,0.0,0.0
145,0.0,0,0.0,0.0
22056,0.0,0,0.0,0.0
1714,0.0,0,0.0,0.0
1720,0.0,0,0.0,0.0
1723,0.0,0,0.0,0.0
1929,0.0,0,0.0,0.0
22055,0.0,0,0.0,0.0
16476,0.0,0,0.0,0.0
16486,0.0,0,0.0,0.0
16490,0.0,0,0.0,0.0
16218,0.0,0,0.0,0.0
16222,0.0,0,0.0,0.0
16306,0.0,0,0.0,0.0
764,0.0,0,0.0,0.0
5387,0.0,0,0.0,0.0
5404,0.0,0,0.0,0.0
5409,0.0,0,0.0,0.0
5411,0.0,0,0.0,0.0
784,0.0,0,0.0,0.0
5419,0.0,0,0.0,0.0
5422,0.0,0,0.0,0.0
765,0.0,0,0.0,0.0
5443,0.0,0,0.0,0.0
5071,0.0,0,0.0,0.0
5239,0.0,0,0.0,0.0
5240,0.0,0,0.0,0.0
5255,0.0,0,0.0,0.0
5263,0.0,0,0.0,0.0
123,0.0,0,0.0,0.0
2560,0.0,0,0.0,0.0
2561,0.0,0,0.0,0.0
940,0.0,0,0.0,0.0
2568,0.0,0,0.0,0.0
7349,0.0,0,0.0,0.0
7356,0.0,0,0.0,0.0
7362,0.0,0,0.0,0.0
7369,0.0,0,0.0,0.0
7370,0.0,0,0.0,0.0
7376,0.0,0,0.0,0.0
409,0.0,0,0.0,0.0
413,0.0,0,0.0,0.0
414,0.0,0,0.0,0.0
6537,0.0,0,0.0,0.0
416,0.0,0,0.0,0.0
421,0.0,0,0.0,0.0
938,0.0,0,0.0,0.0
7236,0.0,0,0.0,0.0
7238,0.0,0,0.0,0.0
7323,0.0,0,0.0,0.0
7334,0.0,0,0.0,0.0
7337,0.0,0,0.0,0.0
2547,0.0,0,0.0,0.0
2553,0.0,0,0.0,0.0
935,0.0,0,0.0,0.0
444,0.0,0,0.0,0.0
7179,0.0,0,0.0,0.0
415,0.0,0,0.0,0.0
7399,0.0,0,0.0,0.0
7400,0.0,0,0.0,0.0
6446,0.0,0,0.0,0.0
6447,0.0,0,0.0,0.0
6449,0.0,0,0.0,0.0
6450,0.0,0,0.0,0.0
6451,0.0,0,0.0,0.0
825,0.0,0,0.0,0.0
831,0.0,0,0.0,0.0
6452,0.0,0,0.0,0.0
878,0.0,0,0.0,0.0
846,0.0,0,0.0,0.0
4207,0.0,0,0.0,0.0
2558,0.0,0,0.0,0.0
4234,0.0,0,0.0,0.0
4242,0.0,0,0.0,0.0
7405,0.0,0,0.0,0.0
7406,0.0,0,0.0,0.0
7407,0.0,0,0.0,0.0
7411,0.0,0,0.0,0.0
952,0.0,0,0.0,0.0
7415,0.0,0,0.0,0.0
7422,0.0,0,0.0,0.0
7425,0.0,0,0.0,0.0
7430,0.0,0,0.0,0.0
2555,0.0,0,0.0,0.0
2556,0.0,0,0.0,0.0
941,0.0,0,0.0,0.0
4223,0.0,0,0.0,0.0
4168,0.0,0,0.0,0.0
3110,0.0,0,0.0,0.0
3106,0.0,0,0.0,0.0
4197,0.0,0,0.0,0.0
4200,0.0,0,0.0,0.0
6462,0.0,0,0.0,0.0
6470,0.0,0,0.0,0.0
6471,0.0,0,0.0,0.0
6427,0.0,0,0.0,0.0
647,0.0,0,0.0,0.0
6438,0.0,0,0.0,0.0
6440,0.0,0,0.0,0.0
6445,0.0,0,0.0,0.0
6737,0.0,0,0.0,0.0
2611,0.0,0,0.0,0.0
6754,0.0,0,0.0,0.0
7154,0.0,0,0.0,0.0
7162,0.0,0,0.0,0.0
7164,0.0,0,0.0,0.0
7165,0.0,0,0.0,0.0
7169,0.0,0,0.0,0.0
2626,0.0,0,0.0,0.0
7107,0.0,0,0.0,0.0
7114,0.0,0,0.0,0.0
7118,0.0,0,0.0,0.0
7120,0.0,0,0.0,0.0
451,0.0,0,0.0,0.0
455,0.0,0,0.0,0.0
2610,0.0,0,0.0,0.0
7186,0.0,0,0.0,0.0
7193,0.0,0,0.0,0.0
7199,0.0,0,0.0,0.0
7201,0.0,0,0.0,0.0
7215,0.0,0,0.0,0.0
7216,0.0,0,0.0,0.0
7218,0.0,0,0.0,0.0
7223,0.0,0,0.0,0.0
7232,0.0,0,0.0,0.0
7170,0.0,0,0.0,0.0
7174,0.0,0,0.0,0.0
2571,0.0,0,0.0,0.0
2572,0.0,0,0.0,0.0
4151,0.0,0,0.0,0.0
2577,0.0,0,0.0,0.0
2579,0.0,0,0.0,0.0
2582,0.0,0,0.0,0.0
2588,0.0,0,0.0,0.0
2590,0.0,0,0.0,0.0
6735,0.0,0,0.0,0.0
3170,0.0,0,0.0,0.0
438,0.0,0,0.0,0.0
3155,0.0,0,0.0,0.0
2603,0.0,0,0.0,0.0
2604,0.0,0,0.0,0.0
3127,0.0,0,0.0,0.0
2606,0.0,0,0.0,0.0
2607,0.0,0,0.0,0.0
2574,0.0,0,0.0,0.0
7755,0.0,0,0.0,0.0
7756,0.0,0,0.0,0.0
2459,0.0,0,0.0,0.0
2463,0.0,0,0.0,0.0
2471,0.0,0,0.0,0.0
2472,0.0,0,0.0,0.0
2473,0.0,0,0.0,0.0
1083,0.0,0,0.0,0.0
677,0.0,0,0.0,0.0
2474,0.0,0,0.0,0.0
2477,0.0,0,0.0,0.0
385,0.0,0,0.0,0.0
386,0.0,0,0.0,0.0
7391,0.0,0,0.0,0.0
675,0.0,0,0.0,0.0
7726,0.0,0,0.0,0.0
2478,0.0,0,0.0,0.0
2498,0.0,0,0.0,0.0
2500,0.0,0,0.0,0.0
2502,0.0,0,0.0,0.0
2504,0.0,0,0.0,0.0
2506,0.0,0,0.0,0.0
7735,0.0,0,0.0,0.0
7737,0.0,0,0.0,0.0
7629,0.0,0,0.0,0.0
7637,0.0,0,0.0,0.0
7639,0.0,0,0.0,0.0
7649,0.0,0,0.0,0.0
7711,0.0,0,0.0,0.0
1104,0.0,0,0.0,0.0
1106,0.0,0,0.0,0.0
1110,0.0,0,0.0,0.0
1113,0.0,0,0.0,0.0
1116,0.0,0,0.0,0.0
2448,0.0,0,0.0,0.0
2451,0.0,0,0.0,0.0
7801,0.0,0,0.0,0.0
7808,0.0,0,0.0,0.0
7809,0.0,0,0.0,0.0
7765,0.0,0,0.0,0.0
7766,0.0,0,0.0,0.0
7768,0.0,0,0.0,0.0
7747,0.0,0,0.0,0.0
7780,0.0,0,0.0,0.0
7782,0.0,0,0.0,0.0
7783,0.0,0,0.0,0.0
363,0.0,0,0.0,0.0
367,0.0,0,0.0,0.0
370,0.0,0,0.0,0.0
372,0.0,0,0.0,0.0
373,0.0,0,0.0,0.0
376,0.0,0,0.0,0.0
7790,0.0,0,0.0,0.0
7740,0.0,0,0.0,0.0
678,0.0,0,0.0,0.0
7744,0.0,0,0.0,0.0
7745,0.0,0,0.0,0.0
679,0.0,0,0.0,0.0
7555,0.0,0,0.0,0.0
7568,0.0,0,0.0,0.0
7593,0.0,0,0.0,0.0
7600,0.0,0,0.0,0.0
7604,0.0,0,0.0,0.0
7605,0.0,0,0.0,0.0
7616,0.0,0,0.0,0.0
7619,0.0,0,0.0,0.0
6705,0.0,0,0.0,0.0
7469,0.0,0,0.0,0.0
6739,0.0,0,0.0,0.0
2526,0.0,0,0.0,0.0
2527,0.0,0,0.0,0.0
7653,0.0,0,0.0,0.0
2542,0.0,0,0.0,0.0
2544,0.0,0,0.0,0.0
2545,0.0,0,0.0,0.0
7481,0.0,0,0.0,0.0
7434,0.0,0,0.0,0.0
7435,0.0,0,0.0,0.0
7440,0.0,0,0.0,0.0
3244,0.0,0,0.0,0.0
7454,0.0,0,0.0,0.0
3191,0.0,0,0.0,0.0
7463,0.0,0,0.0,0.0
7380,0.0,0,0.0,0.0
7384,0.0,0,0.0,0.0
7387,0.0,0,0.0,0.0
3252,0.0,0,0.0,0.0
7657,0.0,0,0.0,0.0
666,0.0,0,0.0,0.0
6722,0.0,0,0.0,0.0
4310,0.0,0,0.0,0.0
4321,0.0,0,0.0,0.0
4323,0.0,0,0.0,0.0
4334,0.0,0,0.0,0.0
6421,0.0,0,0.0,0.0
6422,0.0,0,0.0,0.0
4349,0.0,0,0.0,0.0
6712,0.0,0,0.0,0.0
4371,0.0,0,0.0,0.0
4378,0.0,0,0.0,0.0
7553,0.0,0,0.0,0.0
4412,0.0,0,0.0,0.0
7663,0.0,0,0.0,0.0
7675,0.0,0,0.0,0.0
2514,0.0,0,0.0,0.0
1061,0.0,0,0.0,0.0
2521,0.0,0,0.0,0.0
6708,0.0,0,0.0,0.0
7682,0.0,0,0.0,0.0
7689,0.0,0,0.0,0.0
7691,0.0,0,0.0,0.0
7508,0.0,0,0.0,0.0
7510,0.0,0,0.0,0.0
7511,0.0,0,0.0,0.0
7514,0.0,0,0.0,0.0
4406,0.0,0,0.0,0.0
2769,0.0,0,0.0,0.0
2771,0.0,0,0.0,0.0
6906,0.0,0,0.0,0.0
2788,0.0,0,0.0,0.0
2789,0.0,0,0.0,0.0
653,0.0,0,0.0,0.0
2799,0.0,0,0.0,0.0
2800,0.0,0,0.0,0.0
2802,0.0,0,0.0,0.0
2805,0.0,0,0.0,0.0
2810,0.0,0,0.0,0.0
2813,0.0,0,0.0,0.0
2814,0.0,0,0.0,0.0
470,0.0,0,0.0,0.0
2816,0.0,0,0.0,0.0
2820,0.0,0,0.0,0.0
6911,0.0,0,0.0,0.0
6918,0.0,0,0.0,0.0
650,0.0,0,0.0,0.0
6874,0.0,0,0.0,0.0
934,0.0,0,0.0,0.0
6898,0.0,0,0.0,0.0
6902,0.0,0,0.0,0.0
578,0.0,0,0.0,0.0
629,0.0,0,0.0,0.0
582,0.0,0,0.0,0.0
595,0.0,0,0.0,0.0
3076,0.0,0,0.0,0.0
2815,0.0,0,0.0,0.0
6510,0.0,0,0.0,0.0
6511,0.0,0,0.0,0.0
6513,0.0,0,0.0,0.0
6514,0.0,0,0.0,0.0
6472,0.0,0,0.0,0.0
6473,0.0,0,0.0,0.0
6474,0.0,0,0.0,0.0
6475,0.0,0,0.0,0.0
6768,0.0,0,0.0,0.0
2779,0.0,0,0.0,0.0
2780,0.0,0,0.0,0.0
6766,0.0,0,0.0,0.0
2784,0.0,0,0.0,0.0
2768,0.0,0,0.0,0.0
6958,0.0,0,0.0,0.0
6960,0.0,0,0.0,0.0
6969,0.0,0,0.0,0.0
6928,0.0,0,0.0,0.0
6929,0.0,0,0.0,0.0
6931,0.0,0,0.0,0.0
6937,0.0,0,0.0,0.0
6940,0.0,0,0.0,0.0
6948,0.0,0,0.0,0.0
559,0.0,0,0.0,0.0
561,0.0,0,0.0,0.0
660,0.0,0,0.0,0.0
570,0.0,0,0.0,0.0
571,0.0,0,0.0,0.0
6765,0.0,0,0.0,0.0
2843,0.0,0,0.0,0.0
631,0.0,0,0.0,0.0
6814,0.0,0,0.0,0.0
6815,0.0,0,0.0,0.0
817,0.0,0,0.0,0.0
2967,0.0,0,0.0,0.0
2968,0.0,0,0.0,0.0
2971,0.0,0,0.0,0.0
810,0.0,0,0.0,0.0
3033,0.0,0,0.0,0.0
3035,0.0,0,0.0,0.0
6824,0.0,0,0.0,0.0
6828,0.0,0,0.0,0.0
605,0.0,0,0.0,0.0
6805,0.0,0,0.0,0.0
6812,0.0,0,0.0,0.0
3040,0.0,0,0.0,0.0
3057,0.0,0,0.0,0.0
3921,0.0,0,0.0,0.0
3928,0.0,0,0.0,0.0
3929,0.0,0,0.0,0.0
3940,0.0,0,0.0,0.0
787,0.0,0,0.0,0.0
788,0.0,0,0.0,0.0
792,0.0,0,0.0,0.0
6488,0.0,0,0.0,0.0
796,0.0,0,0.0,0.0
6482,0.0,0,0.0,0.0
6802,0.0,0,0.0,0.0
606,0.0,0,0.0,0.0
610,0.0,0,0.0,0.0
2847,0.0,0,0.0,0.0
2850,0.0,0,0.0,0.0
2851,0.0,0,0.0,0.0
2852,0.0,0,0.0,0.0
2870,0.0,0,0.0,0.0
2875,0.0,0,0.0,0.0
3074,0.0,0,0.0,0.0
2919,0.0,0,0.0,0.0
3069,0.0,0,0.0,0.0
2821,0.0,0,0.0,0.0
2832,0.0,0,0.0,0.0
3060,0.0,0,0.0,0.0
6832,0.0,0,0.0,0.0
6833,0.0,0,0.0,0.0
6838,0.0,0,0.0,0.0
6840,0.0,0,0.0,0.0
6845,0.0,0,0.0,0.0
6847,0.0,0,0.0,0.0
6856,0.0,0,0.0,0.0
6857,0.0,0,0.0,0.0
6859,0.0,0,0.0,0.0
6862,0.0,0,0.0,0.0
613,0.0,0,0.0,0.0
3066,0.0,0,0.0,0.0
622,0.0,0,0.0,0.0
3063,0.0,0,0.0,0.0
2833,0.0,0,0.0,0.0
1001,0.0,0,0.0,0.0
7057,0.0,0,0.0,0.0
7068,0.0,0,0.0,0.0
7070,0.0,0,0.0,0.0
2682,0.0,0,0.0,0.0
980,0.0,0,0.0,0.0
6743,0.0,0,0.0,0.0
983,0.0,0,0.0,0.0
984,0.0,0,0.0,0.0
985,0.0,0,0.0,0.0
2689,0.0,0,0.0,0.0
489,0.0,0,0.0,0.0
490,0.0,0,0.0,0.0
6500,0.0,0,0.0,0.0
524,0.0,0,0.0,0.0
529,0.0,0,0.0,0.0
7045,0.0,0,0.0,0.0
7047,0.0,0,0.0,0.0
2693,0.0,0,0.0,0.0
3963,0.0,0,0.0,0.0
6740,0.0,0,0.0,0.0
4004,0.0,0,0.0,0.0
6790,0.0,0,0.0,0.0
4055,0.0,0,0.0,0.0
4066,0.0,0,0.0,0.0
6455,0.0,0,0.0,0.0
6456,0.0,0,0.0,0.0
4099,0.0,0,0.0,0.0
491,0.0,0,0.0,0.0
7138,0.0,0,0.0,0.0
7144,0.0,0,0.0,0.0
7148,0.0,0,0.0,0.0
2594,0.0,0,0.0,0.0
2597,0.0,0,0.0,0.0
2654,0.0,0,0.0,0.0
2678,0.0,0,0.0,0.0
7089,0.0,0,0.0,0.0
7091,0.0,0,0.0,0.0
7092,0.0,0,0.0,0.0
7096,0.0,0,0.0,0.0
7099,0.0,0,0.0,0.0
7102,0.0,0,0.0,0.0
2633,0.0,0,0.0,0.0
6748,0.0,0,0.0,0.0
1032,0.0,0,0.0,0.0
6746,0.0,0,0.0,0.0
2618,0.0,0,0.0,0.0
2623,0.0,0,0.0,0.0
6745,0.0,0,0.0,0.0
495,0.0,0,0.0,0.0
497,0.0,0,0.0,0.0
499,0.0,0,0.0,0.0
500,0.0,0,0.0,0.0
7079,0.0,0,0.0,0.0
2628,0.0,0,0.0,0.0
2631,0.0,0,0.0,0.0
2632,0.0,0,0.0,0.0
1016,0.0,0,0.0,0.0
6785,0.0,0,0.0,0.0
7021,0.0,0,0.0,0.0
7022,0.0,0,0.0,0.0
7024,0.0,0,0.0,0.0
7025,0.0,0,0.0,0.0
6781,0.0,0,0.0,0.0
7031,0.0,0,0.0,0.0
6972,0.0,0,0.0,0.0
6988,0.0,0,0.0,0.0
531,0.0,0,0.0,0.0
532,0.0,0,0.0,0.0
541,0.0,0,0.0,0.0
2745,0.0,0,0.0,0.0
4133,0.0,0,0.0,0.0
2753,0.0,0,0.0,0.0
2760,0.0,0,0.0,0.0
2761,0.0,0,0.0,0.0
2764,0.0,0,0.0,0.0
6779,0.0,0,0.0,0.0
6772,0.0,0,0.0,0.0
2775,0.0,0,0.0,0.0
2776,0.0,0,0.0,0.0
2777,0.0,0,0.0,0.0
2778,0.0,0,0.0,0.0
6492,0.0,0,0.0,0.0
6493,0.0,0,0.0,0.0
6497,0.0,0,0.0,0.0
6499,0.0,0,0.0,0.0
2749,0.0,0,0.0,0.0
2695,0.0,0,0.0,0.0
2701,0.0,0,0.0,0.0
2706,0.0,0,0.0,0.0
2711,0.0,0,0.0,0.0
2716,0.0,0,0.0,0.0
2720,0.0,0,0.0,0.0
2722,0.0,0,0.0,0.0
958,0.0,0,0.0,0.0
961,0.0,0,0.0,0.0
963,0.0,0,0.0,0.0
966,0.0,0,0.0,0.0
970,0.0,0,0.0,0.0
973,0.0,0,0.0,0.0
7013,0.0,0,0.0,0.0
975,0.0,0,0.0,0.0
2731,0.0,0,0.0,0.0
2736,0.0,0,0.0,0.0
2738,0.0,0,0.0,0.0
2739,0.0,0,0.0,0.0
503,0.0,0,0.0,0.0
513,0.0,0,0.0,0.0
514,0.0,0,0.0,0.0
547,0.0,0,0.0,0.0
556,0.0,0,0.0,0.0
557,0.0,0,0.0,0.0
6990,0.0,0,0.0,0.0
6996,0.0,0,0.0,0.0
7012,0.0,0,0.0,0.0
6786,0.0,0,0.0,0.0
9420,0.0,0,0.0,0.0
6695,0.0,0,0.0,0.0
9457,0.0,0,0.0,0.0
9464,0.0,0,0.0,0.0
9170,0.0,0,0.0,0.0
9171,0.0,0,0.0,0.0
9173,0.0,0,0.0,0.0
9174,0.0,0,0.0,0.0
9176,0.0,0,0.0,0.0
9178,0.0,0,0.0,0.0
9179,0.0,0,0.0,0.0
9193,0.0,0,0.0,0.0
9195,0.0,0,0.0,0.0
7799,0.0,0,0.0,0.0
9198,0.0,0,0.0,0.0
9199,0.0,0,0.0,0.0
9203,0.0,0,0.0,0.0
9207,0.0,0,0.0,0.0
9266,0.0,0,0.0,0.0
9269,0.0,0,0.0,0.0
9095,0.0,0,0.0,0.0
9100,0.0,0,0.0,0.0
9104,0.0,0,0.0,0.0
9106,0.0,0,0.0,0.0
9107,0.0,0,0.0,0.0
1258,0.0,0,0.0,0.0
1259,0.0,0,0.0,0.0
9197,0.0,0,0.0,0.0
256,0.0,0,0.0,0.0
263,0.0,0,0.0,0.0
9783,0.0,0,0.0,0.0
9465,0.0,0,0.0,0.0
9507,0.0,0,0.0,0.0
9515,0.0,0,0.0,0.0
9525,0.0,0,0.0,0.0
9526,0.0,0,0.0,0.0
9537,0.0,0,0.0,0.0
9550,0.0,0,0.0,0.0
9553,0.0,0,0.0,0.0
9557,0.0,0,0.0,0.0
9572,0.0,0,0.0,0.0
9360,0.0,0,0.0,0.0
9581,0.0,0,0.0,0.0
9597,0.0,0,0.0,0.0
6632,0.0,0,0.0,0.0
9626,0.0,0,0.0,0.0
6626,0.0,0,0.0,0.0
6618,0.0,0,0.0,0.0
9282,0.0,0,0.0,0.0
9290,0.0,0,0.0,0.0
9310,0.0,0,0.0,0.0
9311,0.0,0,0.0,0.0
9314,0.0,0,0.0,0.0
9319,0.0,0,0.0,0.0
9351,0.0,0,0.0,0.0
9355,0.0,0,0.0,0.0
9573,0.0,0,0.0,0.0
8998,0.0,0,0.0,0.0
8999,0.0,0,0.0,0.0
9000,0.0,0,0.0,0.0
9015,0.0,0,0.0,0.0
8917,0.0,0,0.0,0.0
2263,0.0,0,0.0,0.0
6673,0.0,0,0.0,0.0
4503,0.0,0,0.0,0.0
4507,0.0,0,0.0,0.0
4510,0.0,0,0.0,0.0
4531,0.0,0,0.0,0.0
4548,0.0,0,0.0,0.0
4549,0.0,0,0.0,0.0
6693,0.0,0,0.0,0.0
6299,0.0,0,0.0,0.0
6138,0.0,0,0.0,0.0
6152,0.0,0,0.0,0.0
6171,0.0,0,0.0,0.0
6187,0.0,0,0.0,0.0
6188,0.0,0,0.0,0.0
2280,0.0,0,0.0,0.0
2281,0.0,0,0.0,0.0
2282,0.0,0,0.0,0.0
2291,0.0,0,0.0,0.0
8921,0.0,0,0.0,0.0
273,0.0,0,0.0,0.0
8820,0.0,0,0.0,0.0
8831,0.0,0,0.0,0.0
6256,0.0,0,0.0,0.0
1233,0.0,0,0.0,0.0
1235,0.0,0,0.0,0.0
9109,0.0,0,0.0,0.0
9113,0.0,0,0.0,0.0
9117,0.0,0,0.0,0.0
9122,0.0,0,0.0,0.0
9169,0.0,0,0.0,0.0
9019,0.0,0,0.0,0.0
9021,0.0,0,0.0,0.0
9023,0.0,0,0.0,0.0
2250,0.0,0,0.0,0.0
1189,0.0,0,0.0,0.0
1199,0.0,0,0.0,0.0
8969,0.0,0,0.0,0.0
9035,0.0,0,0.0,0.0
9042,0.0,0,0.0,0.0
9060,0.0,0,0.0,0.0
9061,0.0,0,0.0,0.0
9085,0.0,0,0.0,0.0
277,0.0,0,0.0,0.0
279,0.0,0,0.0,0.0
281,0.0,0,0.0,0.0
6674,0.0,0,0.0,0.0
283,0.0,0,0.0,0.0
284,0.0,0,0.0,0.0
8941,0.0,0,0.0,0.0
8952,0.0,0,0.0,0.0
8959,0.0,0,0.0,0.0
1200,0.0,0,0.0,0.0
10656,0.0,0,0.0,0.0
10667,0.0,0,0.0,0.0
10671,0.0,0,0.0,0.0
10673,0.0,0,0.0,0.0
10674,0.0,0,0.0,0.0
10685,0.0,0,0.0,0.0
10696,0.0,0,0.0,0.0
10711,0.0,0,0.0,0.0
10715,0.0,0,0.0,0.0
10339,0.0,0,0.0,0.0
6536,0.0,0,0.0,0.0
10344,0.0,0,0.0,0.0
10345,0.0,0,0.0,0.0
254,0.0,0,0.0,0.0
3874,0.0,0,0.0,0.0
10375,0.0,0,0.0,0.0
10417,0.0,0,0.0,0.0
10425,0.0,0,0.0,0.0
10437,0.0,0,0.0,0.0
10477,0.0,0,0.0,0.0
10482,0.0,0,0.0,0.0
10517,0.0,0,0.0,0.0
10551,0.0,0,0.0,0.0
10564,0.0,0,0.0,0.0
10073,0.0,0,0.0,0.0
10105,0.0,0,0.0,0.0
10114,0.0,0,0.0,0.0
10118,0.0,0,0.0,0.0
10349,0.0,0,0.0,0.0
11002,0.0,0,0.0,0.0
11034,0.0,0,0.0,0.0
11066,0.0,0,0.0,0.0
6542,0.0,0,0.0,0.0
11072,0.0,0,0.0,0.0
11083,0.0,0,0.0,0.0
11089,0.0,0,0.0,0.0
11098,0.0,0,0.0,0.0
11131,0.0,0,0.0,0.0
10718,0.0,0,0.0,0.0
10729,0.0,0,0.0,0.0
10774,0.0,0,0.0,0.0
10792,0.0,0,0.0,0.0
10642,0.0,0,0.0,0.0
10797,0.0,0,0.0,0.0
10822,0.0,0,0.0,0.0
10823,0.0,0,0.0,0.0
10826,0.0,0,0.0,0.0
10855,0.0,0,0.0,0.0
10866,0.0,0,0.0,0.0
10916,0.0,0,0.0,0.0
10932,0.0,0,0.0,0.0
10576,0.0,0,0.0,0.0
10598,0.0,0,0.0,0.0
10611,0.0,0,0.0,0.0
10624,0.0,0,0.0,0.0
10630,0.0,0,0.0,0.0
10635,0.0,0,0.0,0.0
10795,0.0,0,0.0,0.0
10034,0.0,0,0.0,0.0
10045,0.0,0,0.0,0.0
10047,0.0,0,0.0,0.0
10060,0.0,0,0.0,0.0
10061,0.0,0,0.0,0.0
10066,0.0,0,0.0,0.0
9822,0.0,0,0.0,0.0
9852,0.0,0,0.0,0.0
9864,0.0,0,0.0,0.0
2201,0.0,0,0.0,0.0
1294,0.0,0,0.0,0.0
1301,0.0,0,0.0,0.0
3853,0.0,0,0.0,0.0
10120,0.0,0,0.0,0.0
1324,0.0,0,0.0,0.0
1325,0.0,0,0.0,0.0
9865,0.0,0,0.0,0.0
3848,0.0,0,0.0,0.0
9912,0.0,0,0.0,0.0
9635,0.0,0,0.0,0.0
9666,0.0,0,0.0,0.0
9671,0.0,0,0.0,0.0
9696,0.0,0,0.0,0.0
1276,0.0,0,0.0,0.0
6635,0.0,0,0.0,0.0
1290,0.0,0,0.0,0.0
2240,0.0,0,0.0,0.0
9709,0.0,0,0.0,0.0
1341,0.0,0,0.0,0.0
10139,0.0,0,0.0,0.0
10175,0.0,0,0.0,0.0
10239,0.0,0,0.0,0.0
3863,0.0,0,0.0,0.0
10315,0.0,0,0.0,0.0
10334,0.0,0,0.0,0.0
9924,0.0,0,0.0,0.0
9940,0.0,0,0.0,0.0
9985,0.0,0,0.0,0.0
9992,0.0,0,0.0,0.0
9993,0.0,0,0.0,0.0
886,0.0,0,0.0,0.0
889,0.0,0,0.0,0.0
10033,0.0,0,0.0,0.0
901,0.0,0,0.0,0.0
902,0.0,0,0.0,0.0
6196,0.0,0,0.0,0.0
6197,0.0,0,0.0,0.0
6212,0.0,0,0.0,0.0
6213,0.0,0,0.0,0.0
5961,0.0,0,0.0,0.0
5974,0.0,0,0.0,0.0
5975,0.0,0,0.0,0.0
6000,0.0,0,0.0,0.0
6012,0.0,0,0.0,0.0
9995,0.0,0,0.0,0.0
9996,0.0,0,0.0,0.0
9997,0.0,0,0.0,0.0
891,0.0,0,0.0,0.0
8017,0.0,0,0.0,0.0
7907,0.0,0,0.0,0.0
7908,0.0,0,0.0,0.0
7909,0.0,0,0.0,0.0
7916,0.0,0,0.0,0.0
7917,0.0,0,0.0,0.0
4435,0.0,0,0.0,0.0
4443,0.0,0,0.0,0.0
4444,0.0,0,0.0,0.0
4454,0.0,0,0.0,0.0
6408,0.0,0,0.0,0.0
3324,0.0,0,0.0,0.0
6411,0.0,0,0.0,0.0
8833,0.0,0,0.0,0.0
6304,0.0,0,0.0,0.0
6307,0.0,0,0.0,0.0
6311,0.0,0,0.0,0.0
6319,0.0,0,0.0,0.0
6330,0.0,0,0.0,0.0
7924,0.0,0,0.0,0.0
7928,0.0,0,0.0,0.0
7930,0.0,0,0.0,0.0
7931,0.0,0,0.0,0.0
7957,0.0,0,0.0,0.0
7959,0.0,0,0.0,0.0
7975,0.0,0,0.0,0.0
7978,0.0,0,0.0,0.0
7984,0.0,0,0.0,0.0
862,0.0,0,0.0,0.0
3366,0.0,0,0.0,0.0
8203,0.0,0,0.0,0.0
8205,0.0,0,0.0,0.0
8208,0.0,0,0.0,0.0
8209,0.0,0,0.0,0.0
8054,0.0,0,0.0,0.0
8064,0.0,0,0.0,0.0
8068,0.0,0,0.0,0.0
8087,0.0,0,0.0,0.0
8100,0.0,0,0.0,0.0
8123,0.0,0,0.0,0.0
8128,0.0,0,0.0,0.0
8141,0.0,0,0.0,0.0
8003,0.0,0,0.0,0.0
8150,0.0,0,0.0,0.0
8155,0.0,0,0.0,0.0
8157,0.0,0,0.0,0.0
8158,0.0,0,0.0,0.0
8163,0.0,0,0.0,0.0
8164,0.0,0,0.0,0.0
2347,0.0,0,0.0,0.0
2348,0.0,0,0.0,0.0
3354,0.0,0,0.0,0.0
2362,0.0,0,0.0,0.0
3353,0.0,0,0.0,0.0
2372,0.0,0,0.0,0.0
3339,0.0,0,0.0,0.0
7989,0.0,0,0.0,0.0
8142,0.0,0,0.0,0.0
2439,0.0,0,0.0,0.0
332,0.0,0,0.0,0.0
339,0.0,0,0.0,0.0
341,0.0,0,0.0,0.0
344,0.0,0,0.0,0.0
347,0.0,0,0.0,0.0
2388,0.0,0,0.0,0.0
2395,0.0,0,0.0,0.0
6732,0.0,0,0.0,0.0
2399,0.0,0,0.0,0.0
1119,0.0,0,0.0,0.0
1129,0.0,0,0.0,0.0
7816,0.0,0,0.0,0.0
2346,0.0,0,0.0,0.0
7819,0.0,0,0.0,0.0
7820,0.0,0,0.0,0.0
2411,0.0,0,0.0,0.0
6726,0.0,0,0.0,0.0
2413,0.0,0,0.0,0.0
2416,0.0,0,0.0,0.0
2417,0.0,0,0.0,0.0
2420,0.0,0,0.0,0.0
2424,0.0,0,0.0,0.0
2433,0.0,0,0.0,0.0
2434,0.0,0,0.0,0.0
2438,0.0,0,0.0,0.0
7792,0.0,0,0.0,0.0
7796,0.0,0,0.0,0.0
7818,0.0,0,0.0,0.0
3289,0.0,0,0.0,0.0
310,0.0,0,0.0,0.0
2374,0.0,0,0.0,0.0
1149,0.0,0,0.0,0.0
1152,0.0,0,0.0,0.0
1153,0.0,0,0.0,0.0
2378,0.0,0,0.0,0.0
2383,0.0,0,0.0,0.0
311,0.0,0,0.0,0.0
315,0.0,0,0.0,0.0
321,0.0,0,0.0,0.0
323,0.0,0,0.0,0.0
325,0.0,0,0.0,0.0
7899,0.0,0,0.0,0.0
1133,0.0,0,0.0,0.0
2403,0.0,0,0.0,0.0
7839,0.0,0,0.0,0.0
7846,0.0,0,0.0,0.0
7863,0.0,0,0.0,0.0
3259,0.0,0,0.0,0.0
7870,0.0,0,0.0,0.0
7887,0.0,0,0.0,0.0
7888,0.0,0,0.0,0.0
7890,0.0,0,0.0,0.0
7891,0.0,0,0.0,0.0
7896,0.0,0,0.0,0.0
7897,0.0,0,0.0,0.0
7898,0.0,0,0.0,0.0
328,0.0,0,0.0,0.0
8698,0.0,0,0.0,0.0
8699,0.0,0,0.0,0.0
8705,0.0,0,0.0,0.0
8707,0.0,0,0.0,0.0
8738,0.0,0,0.0,0.0
8769,0.0,0,0.0,0.0
8772,0.0,0,0.0,0.0
8773,0.0,0,0.0,0.0
8778,0.0,0,0.0,0.0
8781,0.0,0,0.0,0.0
8787,0.0,0,0.0,0.0
8412,0.0,0,0.0,0.0
8452,0.0,0,0.0,0.0
8201,0.0,0,0.0,0.0
8543,0.0,0,0.0,0.0
8565,0.0,0,0.0,0.0
8568,0.0,0,0.0,0.0
8574,0.0,0,0.0,0.0
8586,0.0,0,0.0,0.0
8597,0.0,0,0.0,0.0
8606,0.0,0,0.0,0.0
8685,0.0,0,0.0,0.0
687,0.0,0,0.0,0.0
8690,0.0,0,0.0,0.0
8350,0.0,0,0.0,0.0
8352,0.0,0,0.0,0.0
8354,0.0,0,0.0,0.0
8355,0.0,0,0.0,0.0
8501,0.0,0,0.0,0.0
8839,0.0,0,0.0,0.0
6670,0.0,0,0.0,0.0
8862,0.0,0,0.0,0.0
8869,0.0,0,0.0,0.0
8873,0.0,0,0.0,0.0
8882,0.0,0,0.0,0.0
8884,0.0,0,0.0,0.0
8890,0.0,0,0.0,0.0
8894,0.0,0,0.0,0.0
8895,0.0,0,0.0,0.0
8898,0.0,0,0.0,0.0
8906,0.0,0,0.0,0.0
6662,0.0,0,0.0,0.0
8697,0.0,0,0.0,0.0
2292,0.0,0,0.0,0.0
2293,0.0,0,0.0,0.0
1160,0.0,0,0.0,0.0
1162,0.0,0,0.0,0.0
1163,0.0,0,0.0,0.0
1164,0.0,0,0.0,0.0
1174,0.0,0,0.0,0.0
1179,0.0,0,0.0,0.0
8793,0.0,0,0.0,0.0
8794,0.0,0,0.0,0.0
8799,0.0,0,0.0,0.0
8800,0.0,0,0.0,0.0
8693,0.0,0,0.0,0.0
8694,0.0,0,0.0,0.0
8792,0.0,0,0.0,0.0
6699,0.0,0,0.0,0.0
2345,0.0,0,0.0,0.0
2317,0.0,0,0.0,0.0
2318,0.0,0,0.0,0.0
2320,0.0,0,0.0,0.0
6696,0.0,0,0.0,0.0
2323,0.0,0,0.0,0.0
8222,0.0,0,0.0,0.0
8225,0.0,0,0.0,0.0
8232,0.0,0,0.0,0.0
8240,0.0,0,0.0,0.0
3367,0.0,0,0.0,0.0
8266,0.0,0,0.0,0.0
8361,0.0,0,0.0,0.0
8319,0.0,0,0.0,0.0
8349,0.0,0,0.0,0.0
2327,0.0,0,0.0,0.0
2329,0.0,0,0.0,0.0
2330,0.0,0,0.0,0.0
8167,0.0,0,0.0,0.0
8168,0.0,0,0.0,0.0
8170,0.0,0,0.0,0.0
8173,0.0,0,0.0,0.0
8174,0.0,0,0.0,0.0
8188,0.0,0,0.0,0.0
8190,0.0,0,0.0,0.0
8191,0.0,0,0.0,0.0
8193,0.0,0,0.0,0.0
8272,0.0,0,0.0,0.0
8398,0.0,0,0.0,0.0
6357,0.0,0,0.0,0.0
6360,0.0,0,0.0,0.0
6365,0.0,0,0.0,0.0
6368,0.0,0,0.0,0.0
6387,0.0,0,0.0,0.0
6401,0.0,0,0.0,0.0
6402,0.0,0,0.0,0.0
686,0.0,0,0.0,0.0
6644,0.0,0,0.0,0.0
4465,0.0,0,0.0,0.0
4479,0.0,0,0.0,0.0
4486,0.0,0,0.0,0.0
2338,0.0,0,0.0,0.0
8407,0.0,0,0.0,0.0
285,0.0,0,0.0,0.0
294,0.0,0,0.0,0.0
3475,0.0,0,0.0,0.0
3471,0.0,0,0.0,0.0
6704,0.0,0,0.0,0.0
8409,0.0,0,0.0,0.0
2331,0.0,0,0.0,0.0
2332,0.0,0,0.0,0.0
2333,0.0,0,0.0,0.0
2334,0.0,0,0.0,0.0
2335,0.0,0,0.0,0.0
6700,0.0,0,0.0,0.0
2337,0.0,0,0.0,0.0
4493,0.0,0,0.0,0.0
