DETAIL_LAB_PROCEDURE_ID,n_valid_patients,abnormal_rate_patients,abnormal_rate_patients_pos,abnormal_rate_patients_neg,delta_abnormal_pat,rr_abnormal_pat,lab_score_pat,n_patients_with_lab,n_encounters_with_lab
881,699.0,0.8512160228898427,0.0,0.8524355300859598,-0.8524355300859598,0.0,5.584373638038432,1262.0,1453.0
6834,179.0,0.106145251396648,1.0,0.1011235955056179,0.8988764044943821,9.888888888888896,4.667826382822661,179.0,181.0
17730,103.0,0.9514563106796116,0.0,0.9607843137254902,-0.9607843137254902,0.0,4.462257922704456,103.0,108.0
6610,555.0,0.2972972972972973,1.0,0.294755877034358,0.705244122965642,3.3926380368098163,4.457684692147788,613.0,624.0
6181,264.0,0.2121212121212121,1.0,0.2091254752851711,0.7908745247148289,4.781818181818182,4.412866174164008,264.0,264.0
6821,113.0,0.1061946902654867,1.0,0.0982142857142857,0.9017857142857143,10.181818181818183,4.271036100784322,195.0,216.0
8131,1514.0,0.1162483487450462,0.6923076923076923,0.1112591605596269,0.5810485317480654,6.222478120681714,4.255117593401478,1712.0,1815.0
1038,694.0,0.3544668587896253,1.0,0.3535353535353535,0.6464646464646465,2.828571428571429,4.230407657738856,699.0,722.0
10596,160.0,0.19375,1.0,0.1886792452830188,0.8113207547169812,5.300000000000002,4.122648824421357,160.0,166.0
7709,40373.0,0.3145171277834196,0.6671207992733879,0.2941762070681931,0.37294459220519477,2.267759197530011,3.9554284502524606,40381.0,50076.0
745,520.0,0.4173076923076923,1.0,0.413926499032882,0.5860735009671181,2.41588785046729,3.666329328145591,705.0,720.0
1269,235.0,0.3404255319148936,1.0,0.334763948497854,0.665236051502146,2.9871794871794877,3.6347378960470804,235.0,239.0
8930,1370.0,0.4941605839416058,0.0,0.4945215485756026,-0.4945215485756026,0.0,3.5720753652766155,2719.0,2777.0
6486,106.0,0.2452830188679245,1.0,0.238095238095238,0.761904761904762,4.200000000000002,3.5602505405424045,106.0,106.0
7923,2327.0,0.5410399656209712,1.0,0.5408426483233018,0.45915735167669824,1.8489666136724963,3.5597389578044796,2327.0,2620.0
6269,329.0,0.39209726443769,1.0,0.3902439024390244,0.6097560975609756,2.5625,3.5360321063783693,970.0,984.0
856,920.0,0.5793478260869566,0.0714285714285714,0.58719646799117,-0.5157678965625986,0.12164339419978512,3.5203531659714775,2118.0,3118.0
1757,326.0,0.0644171779141104,0.6666666666666666,0.0588235294117647,0.6078431372549019,11.333333333333334,3.5193875548591147,326.0,330.0
2147,114.0,0.2807017543859649,1.0,0.2743362831858407,0.7256637168141593,3.645161290322581,3.4432250842989958,114.0,115.0
1154,559.0,0.3202146690518783,0.8571428571428571,0.3134057971014493,0.5437370600414078,2.7349298100743185,3.4407337429127938,599.0,628.0
1167,2634.0,0.3151100987091875,0.74,0.3068885448916408,0.4331114551083592,2.4112988650693574,3.4114623451955497,2659.0,2814.0
1907,154.0,0.6428571428571429,0.0,0.6470588235294118,-0.6470588235294118,0.0,3.263392722712454,154.0,172.0
7806,5796.0,0.4925810904071773,0.860655737704918,0.4846669016566796,0.3759888360482384,1.7757675111773472,3.2579792921119806,7445.0,10110.0
3689,427.0,0.1334894613583138,0.6666666666666666,0.1297169811320754,0.5369496855345912,5.139393939393942,3.253444294482993,427.0,432.0
7014,200.0,0.39,1.0,0.3869346733668342,0.6130653266331658,2.5844155844155843,3.2512723556945087,412.0,417.0
6907,115.0,0.3304347826086956,1.0,0.3185840707964602,0.6814159292035398,3.138888888888889,3.2391720771255756,115.0,115.0
619,42831.0,0.0996941467628586,0.3930905695611578,0.092169540229885,0.3009210293312728,4.264864168582479,3.209335045092525,50081.0,51349.0
1767,380.0,0.5368421052631579,0.0,0.5396825396825397,-0.5396825396825397,0.0,3.207225059592188,391.0,395.0
6974,634.0,0.5694006309148265,0.0833333333333333,0.5787781350482315,-0.4954448017148982,0.14398148148148143,3.1974149579186997,708.0,711.0
7094,942.0,0.3439490445859872,0.8,0.3415154749199573,0.4584845250800427,2.3425000000000002,3.1401909018349343,1083.0,1084.0
2170,192.0,0.578125,0.0,0.5935828877005348,-0.5935828877005348,0.0,3.123842839403435,216.0,219.0
6494,106.0,0.3396226415094339,1.0,0.3333333333333333,0.6666666666666667,3.0,3.1152192229746043,133.0,136.0
1884,222.0,0.5675675675675675,0.0,0.5701357466063348,-0.5701357466063348,0.0,3.082821914950113,235.0,235.0
6453,465.0,0.6150537634408603,0.125,0.6236323851203501,-0.49863238512035013,0.20043859649122805,3.0636899373662616,466.0,469.0
879,404.0,0.4975247524752475,1.0,0.4925,0.5075000000000001,2.030456852791878,3.0469726865565687,468.0,473.0
1766,374.0,0.5106951871657754,0.0,0.5120643431635389,-0.5120643431635389,0.0,3.034967482467422,387.0,391.0
2565,147.0,0.4013605442176871,1.0,0.3972602739726027,0.6027397260273972,2.5172413793103448,3.012018356789329,185.0,190.0
1888,224.0,0.5535714285714286,0.0,0.5560538116591929,-0.5560538116591929,0.0,3.0116432729746556,237.0,237.0
408,118398.0,0.117062788222774,0.3664664117968323,0.1091026356156742,0.25736377618115813,3.358914381204775,3.0064761640025157,129538.0,134434.0
7721,511.0,0.5283757338551859,1.0,0.5265225933202358,0.47347740667976423,1.8992537313432836,2.9537057654902186,511.0,518.0
1898,178.0,0.4438202247191011,1.0,0.4310344827586206,0.5689655172413794,2.3200000000000003,2.951443648150775,245.0,248.0
5331,332.0,0.1656626506024096,0.6666666666666666,0.1610942249240121,0.5055724417426546,4.138364779874215,2.9364367806486746,333.0,338.0
2192,535.0,0.6579439252336449,0.2,0.6666666666666666,-0.4666666666666666,0.30000000000000004,2.9325959418330405,576.0,590.0
7059,131.0,0.4045801526717557,1.0,0.4,0.6,2.5,2.9296811535518223,8021.0,9385.0
462,123.0,0.6016260162601627,0.0,0.6065573770491803,-0.6065573770491803,0.0,2.9237773430719076,831.0,834.0
6437,137.0,0.4160583941605839,1.0,0.4117647058823529,0.5882352941176471,2.428571428571429,2.898384520680709,137.0,150.0
14407,390.0,0.5230769230769231,1.0,0.5181347150259067,0.4818652849740933,1.9300000000000002,2.8761129693193737,445.0,494.0
672,306.0,0.4967320261437908,0.0,0.4983606557377049,-0.4983606557377049,0.0,2.8540355987975534,402.0,408.0
684,261.0,0.7509578544061303,0.25,0.7587548638132295,-0.5087548638132295,0.3294871794871795,2.8329223496761218,261.0,268.0
576,159.0,0.5534591194968553,0.0,0.5569620253164557,-0.5569620253164557,0.0,2.8266790869656755,312.0,324.0
1885,227.0,0.5154185022026432,0.0,0.5176991150442478,-0.5176991150442478,0.0,2.8107674273790693,240.0,240.0
1728,713.0,0.4249649368863955,0.0,0.4261603375527426,-0.4261603375527426,0.0,2.8002497012502023,922.0,971.0
1630,88260.0,0.5361092227509631,0.7716216216216216,0.527936694021102,0.24368492760051963,1.4615798264455915,2.7750970201753047,89218.0,103161.0
6522,4758.0,0.4825556956704497,0.8048780487804879,0.479754080983676,0.32512396779681185,1.6776888007501378,2.7530824069867337,4783.0,5058.0
1887,214.0,0.5046728971962616,0.0,0.5070422535211268,-0.5070422535211268,0.0,2.7231404086281104,227.0,227.0
1886,224.0,0.5,0.0,0.5022421524663677,-0.5022421524663677,0.0,2.720193923977108,237.0,237.0
2189,112.0,0.5625,0.0,0.5675675675675675,-0.5675675675675675,0.0,2.6831120052151123,149.0,151.0
1216,380.0,0.55,1.0,0.5488126649076517,0.4511873350923483,1.8221153846153848,2.681315813051889,630.0,636.0
1996,556.0,0.1798561151079136,0.6,0.176043557168784,0.423956442831216,3.4082474226804127,2.680492268687865,838.0,846.0
1198,299257.0,0.2605218925538918,0.4603301221083635,0.2490139949109414,0.2113161271974221,1.8486114496215293,2.6644980134636307,337145.0,380199.0
16441,1333.0,0.5408852213053263,0.1764705882352941,0.5455927051671733,-0.3691221169318792,0.32344748484351954,2.6561795823455774,1349.0,1378.0
2213,989.0,0.2841253791708796,0.6666666666666666,0.2829614604462475,0.38370520622041915,2.356033452807646,2.6466852976507775,1094.0,1109.0
1101,4549.0,0.2398329303143548,0.5444444444444444,0.2336846826642745,0.3107597617801699,2.3298251226274256,2.617492962914386,5183.0,5633.0
6288,123.0,0.4634146341463415,1.0,0.4590163934426229,0.5409836065573771,2.178571428571429,2.607693305983053,123.0,123.0
457,250.0,0.536,1.0,0.532258064516129,0.467741935483871,1.878787878787879,2.584486052174544,252.0,254.0
6270,114.0,0.4649122807017544,1.0,0.4601769911504424,0.5398230088495576,2.1730769230769234,2.561423538319985,114.0,114.0
1349,1261.0,0.4456780333068993,0.0909090909090909,0.4488,-0.3578909090909091,0.20256036298817046,2.555503230916422,1801.0,1846.0
1469,1816.0,0.6607929515418502,1.0,0.6598564329099945,0.3401435670900055,1.5154811715481171,2.5527577659481175,2167.0,2630.0
8759,300.0,0.0566666666666666,0.5,0.0536912751677852,0.4463087248322148,9.312500000000007,2.5471331047369143,300.0,309.0
874,62761.0,0.3676168321091123,0.5959409594095941,0.3656278628714701,0.23031309653812404,1.6299112292191102,2.5442929773221508,62805.0,76330.0
2003,441.0,0.0861678004535147,0.5,0.0842824601366742,0.4157175398633258,5.932432432432436,2.532264358722506,441.0,444.0
747,541.0,0.2680221811460259,0.6666666666666666,0.2657992565055762,0.40086741016109045,2.5081585081585085,2.5235669782722745,779.0,796.0
7855,2833.0,0.5714789975291211,0.8846153846153846,0.5685785536159601,0.3160368309994245,1.5558367071524966,2.512317222782065,2907.0,5696.0
6932,506.0,0.5988142292490118,1.0,0.598019801980198,0.401980198019802,1.6721854304635762,2.5037380865920995,640.0,650.0
11233,124.0,0.1612903225806451,0.6666666666666666,0.1487603305785124,0.5179063360881542,4.481481481481481,2.5006142771703375,124.0,133.0
7171,10558.0,0.2320515249100208,0.4817170111287758,0.2162352704199818,0.265481740708794,2.2277448549127232,2.4596176712432105,25463.0,29284.0
2721,565.0,0.2548672566371681,0.625,0.24408014571949,0.38091985428051,2.560634328358209,2.41449633261246,565.0,613.0
13948,1049.0,0.6539561487130601,1.0,0.652963671128107,0.34703632887189295,1.5314787701317716,2.414173992221816,1049.0,1103.0
635,1368.0,0.3055555555555556,0.6363636363636364,0.3028739867354458,0.33348964962819055,2.1010838310108384,2.408407499047759,1443.0,1514.0
2260,256.0,0.4296875,0.0,0.4313725490196078,-0.4313725490196078,0.0,2.3937190954449967,427.0,460.0
16597,47269.0,0.4276375637309865,0.641317365269461,0.419811837978903,0.22150552729055806,1.5276304935967278,2.384203787635564,47276.0,62215.0
1674,4080.0,0.5286764705882353,0.7880434782608695,0.5029633620689655,0.285080116191904,1.5668009594559977,2.370183834408287,5553.0,5942.0
7181,186.0,0.4462365591397849,0.0,0.4510869565217391,-0.4510869565217391,0.0,2.35968486521158,234.0,271.0
962,1835.0,0.5471389645776567,0.238095238095238,0.5507166482910695,-0.31262141019583145,0.4323370990037655,2.349457617950014,2025.0,3254.0
2905,345.0,0.1014492753623188,0.5,0.0991253644314868,0.4008746355685132,5.044117647058828,2.34368901332489,374.0,380.0
8765,308.0,0.0941558441558441,0.5,0.0915032679738562,0.4084967320261438,5.464285714285714,2.3420511752033275,313.0,321.0
2242,163.0,0.4478527607361963,0.0,0.45625,-0.45625,0.0,2.3268140576947904,163.0,164.0
2158,135.0,0.4592592592592592,0.0,0.4732824427480916,-0.4732824427480916,0.0,2.325073304699506,135.0,141.0
4165,419.0,0.116945107398568,0.5,0.1151079136690647,0.3848920863309353,4.343750000000002,2.324846237793825,419.0,424.0
369,142.0,0.4647887323943662,0.0,0.4680851063829787,-0.4680851063829787,0.0,2.3230336567174033,160.0,161.0
1613,2853.0,0.2316859446196985,0.5151515151515151,0.2283687943262411,0.286782720825274,2.2557876905702994,2.2817800643241526,2925.0,3840.0
7104,355.0,0.2816901408450704,0.6666666666666666,0.2784090909090909,0.38825757575757575,2.3945578231292517,2.280986363304292,355.0,360.0
6521,3087.0,0.5931324910916748,0.8703703703703703,0.5881965051104517,0.2821738652599186,1.4797272047832584,2.267345708799201,4461.0,4614.0
7005,188.0,0.425531914893617,0.0,0.4324324324324324,-0.4324324324324324,0.0,2.266701411917683,193.0,194.0
1361,697.0,0.3443328550932568,0.0,0.3453237410071942,-0.3453237410071942,0.0,2.261255517500675,726.0,775.0
2182,914.0,0.1739606126914661,0.5,0.171806167400881,0.328193832599119,2.910256410256411,2.2379288231851384,996.0,1189.0
7874,149.0,0.4429530201342282,0.0,0.4459459459459459,-0.4459459459459459,0.0,2.2344724960158975,361.0,366.0
923,14775.0,0.604263959390863,0.375,0.6065204018864055,-0.23152040188640555,0.6182809330628803,2.2227717029201783,14775.0,15720.0
7886,262.0,0.3969465648854962,0.0,0.3984674329501915,-0.3984674329501915,0.0,2.2203219132049328,435.0,469.0
1950,100.0,0.03,0.5,0.0204081632653061,0.4795918367346939,24.50000000000003,2.2133741254238695,109.0,110.0
4354,212.0,0.410377358490566,0.0,0.4123222748815165,-0.4123222748815165,0.0,2.2105801820697626,297.0,297.0
1639,32416.0,0.2851061204343534,0.4956521739130435,0.2843565214699235,0.21129565244311999,1.7430659629357887,2.194609247763674,32416.0,42926.0
2097,7197.0,0.4274003056829234,0.67,0.4239819642102296,0.24601803578977044,1.5802558989697577,2.185023574126923,7226.0,7419.0
2004,8493.0,0.5412692805840104,0.7796610169491526,0.5396016125207493,0.24005940442840323,1.444882666875226,2.1718451133233128,8904.0,9698.0
7205,3409.0,0.4136110296274567,0.6774193548387096,0.411190053285968,0.2662293015527416,1.6474604612276178,2.1656336197384225,3409.0,3666.0
2321,224.0,0.1741071428571428,0.5555555555555556,0.1581395348837209,0.3974160206718347,3.5130718954248374,2.152445069403204,224.0,230.0
6250,265.0,0.120754716981132,0.5,0.11787072243346,0.38212927756654,4.241935483870971,2.1336174107701935,265.0,268.0
7823,1174.0,0.424190800681431,0.125,0.4262435677530017,-0.3012435677530017,0.2932595573440644,2.129497837551984,1296.0,1385.0
37,325.0,0.6338461538461538,1.0,0.6327160493827161,0.3672839506172839,1.5804878048780486,2.1254345320451793,327.0,343.0
7761,844.0,0.1208530805687203,0.4285714285714285,0.1156626506024096,0.3129087779690189,3.7053571428571432,2.1087975883881827,844.0,877.0
3494,448.0,0.15625,0.5,0.1547085201793722,0.3452914798206278,3.2318840579710146,2.108702970206967,493.0,498.0
1551,273.0,0.3736263736263736,0.0,0.375,-0.375,0.0,2.1049230398955263,294.0,326.0
1768,303.0,0.3663366336633663,0.0,0.3675496688741722,-0.3675496688741722,0.0,2.1012916385963267,314.0,316.0
7800,195.0,0.3948717948717948,0.0,0.3969072164948453,-0.3969072164948453,0.0,2.0949217977358234,195.0,198.0
2155,698.0,0.2550143266475644,0.5714285714285714,0.2518089725036179,0.3196195989249535,2.269293924466339,2.0933967433312946,869.0,935.0
1444,167473.0,0.2522973852501597,0.0812693498452012,0.2549775909854508,-0.1737082411402496,0.31873134235486006,2.089464064835826,181270.0,214529.0
611,138.0,0.5797101449275363,1.0,0.5766423357664233,0.4233576642335767,1.7341772151898736,2.08904735855168,171.0,177.0
906,147.0,0.4149659863945578,0.0,0.4178082191780822,-0.4178082191780822,0.0,2.0878763609562396,215.0,219.0
2188,166.0,0.6024096385542169,1.0,0.5925925925925926,0.40740740740740744,1.6875,2.0851085902438635,178.0,179.0
9595,125.0,0.576,1.0,0.5691056910569106,0.43089430894308944,1.7571428571428571,2.0839263501498237,140.0,207.0
1858,4986.0,0.6588447653429603,0.9,0.6559074299634592,0.24409257003654083,1.3721448467966575,2.078348108442684,6322.0,6495.0
1743,1422.0,0.0928270042194092,0.375,0.0896159317211948,0.2853840682788052,4.184523809523814,2.0720374768730823,1540.0,1552.0
820,142.0,0.4084507042253521,0.0,0.4172661870503597,-0.4172661870503597,0.0,2.0708272557919036,158.0,164.0
7869,901.0,0.4472807991120976,0.75,0.4459308807134894,0.3040691192865106,1.681875,2.069073144199644,1534.0,1757.0
3756,974.0,0.2012320328542094,0.5,0.1993801652892562,0.3006198347107438,2.5077720207253886,2.0689972149384026,1659.0,1674.0
3037,403.0,0.1588089330024814,0.5,0.1553884711779448,0.3446115288220552,3.2177419354838723,2.06815675618962,403.0,414.0
7011,301.0,0.6478405315614618,1.0,0.6406779661016949,0.3593220338983051,1.560846560846561,2.05188225031097,306.0,314.0
2730,2563.0,0.0788138899726882,0.3229813664596273,0.0624479600333055,0.2605334064263218,5.172008281573505,2.045011072457369,2563.0,2603.0
2257,703.0,0.2631578947368421,0.5714285714285714,0.2600574712643678,0.3113711001642036,2.197316495659037,2.041591290289768,875.0,940.0
2203,694.0,0.3069164265129683,0.0,0.3118594436310395,-0.3118594436310395,0.0,2.040780707328405,790.0,797.0
2157,689.0,0.262699564586357,0.5714285714285714,0.2595307917888563,0.3118977796397151,2.201775625504439,2.03877959547831,691.0,733.0
1614,2996.0,0.2777036048064085,0.5294117647058824,0.2748143146522619,0.25459745005362044,1.926434455846221,2.0381460420820523,2996.0,3910.0
3757,368.0,0.1576086956521739,0.5,0.1557377049180328,0.3442622950819672,3.2105263157894735,2.0348644184401814,368.0,373.0
6899,524.0,0.3206106870229007,0.0,0.3224568138195777,-0.3224568138195777,0.0,2.0196754474383734,524.0,530.0
12907,437.0,0.1807780320366132,0.5,0.1702127659574468,0.32978723404255317,2.9375,2.00583815129436,437.0,440.0
8926,54407.0,0.1533258588049331,0.336283185840708,0.1529450768040667,0.1833381090366413,2.198718604532202,1.9991675970316738,54408.0,61883.0
3825,338.0,0.1627218934911242,0.5,0.1607142857142857,0.3392857142857143,3.1111111111111116,1.9766786078612242,338.0,342.0
2258,658.0,0.270516717325228,0.5714285714285714,0.2672811059907834,0.304147465437788,2.1379310344827585,1.9741371118763382,828.0,890.0
2254,698.0,0.2736389684813753,0.5714285714285714,0.2706222865412446,0.3008062848873268,2.111535523300229,1.970176107080875,698.0,740.0
1073,9051.0,0.4912164401723566,0.2783505154639175,0.4935224480679026,-0.2151719326039851,0.5640078106956138,1.9603757498775116,9850.0,11804.0
2034,125.0,0.6,1.0,0.5967741935483871,0.4032258064516129,1.6756756756756757,1.9501136721578538,125.0,125.0
1096,1023.0,0.270772238514174,0.5454545454545454,0.2647352647352647,0.2807192807192807,2.060377358490566,1.9457977795938524,1281.0,1323.0
18233,283.0,0.2685512367491166,0.6,0.2564102564102564,0.3435897435897436,2.3400000000000003,1.940929610034876,283.0,286.0
196,2723.0,0.3301505692251194,0.0869565217391304,0.3322222222222222,-0.2452657004830918,0.26174203867965673,1.940016536218684,3248.0,3587.0
802,328.0,0.2713414634146341,0.6,0.2662538699690402,0.33374613003095976,2.2534883720930234,1.934411843753892,328.0,332.0
16439,17650.0,0.6009065155807365,0.7953667953667953,0.5980104651831407,0.19735633018365462,1.3300215325215325,1.9298582921463383,17650.0,19237.0
1348,1578.0,0.2585551330798479,0.0,0.2595419847328244,-0.2595419847328244,0.0,1.9114091487381055,1616.0,1690.0
6986,261.0,0.3409961685823754,0.0,0.3423076923076923,-0.3423076923076923,0.0,1.906087157056683,393.0,426.0
806,105.0,0.4,0.0,0.4077669902912621,-0.4077669902912621,0.0,1.9015965238126875,105.0,105.0
1247,150.0,0.3733333333333333,0.0,0.3783783783783784,-0.3783783783783784,0.0,1.8984302085245661,150.0,154.0
6975,1385.0,0.2859205776173285,0.03125,0.2919438285291943,-0.2606938285291943,0.10704113924050636,1.8859053452475176,1416.0,1441.0
434,128.0,0.125,0.5,0.1129032258064516,0.3870967741935484,4.428571428571429,1.8812177049141956,243.0,245.0
21217,10634.0,0.7476960692119616,0.948051948051948,0.7462347257743677,0.20181722227758037,1.2704473744077704,1.8712302591707495,10708.0,15110.0
754,4661.0,0.3452048916541514,0.125,0.3455834945196647,-0.2205834945196647,0.36170708955223885,1.8633128551123013,5345.0,5401.0
6640,2227.0,0.4809160305343511,0.71875,0.4774487471526196,0.2413012528473804,1.5053971851145038,1.8601574797572404,2285.0,2318.0
7156,522.0,0.10727969348659,0.4,0.104448742746615,0.29555125725338505,3.829629629629633,1.8500271715843728,532.0,563.0
6818,157.0,0.3630573248407643,0.0,0.3653846153846153,-0.3653846153846153,0.0,1.8497943389906222,157.0,159.0
3199,275.0,0.1745454545454545,0.5,0.1721611721611721,0.3278388278388279,2.904255319148937,1.8425856318010438,275.0,278.0
3112,121.0,0.4958677685950413,0.8571428571428571,0.4736842105263157,0.3834586466165414,1.8095238095238098,1.842143408130798,121.0,122.0
7927,711.0,0.279887482419128,0.0,0.2802816901408451,-0.2802816901408451,0.0,1.8409119779873004,711.0,839.0
3881,283.0,0.1766784452296819,0.5,0.1743772241992882,0.3256227758007118,2.867346938775511,1.8394346718567633,308.0,312.0
7921,8988.0,0.4058744993324432,0.6006389776357828,0.3988472622478386,0.20179171538794416,1.5059373210954958,1.8370627186164559,9003.0,9585.0
682,10068.0,0.3598529996027016,0.1632653061224489,0.3608144525401737,-0.19754914641772478,0.4524910379089393,1.8208532866743485,13356.0,13656.0
3822,198.0,0.1616161616161616,0.5,0.1581632653061224,0.3418367346938776,3.161290322580646,1.8094460370231684,198.0,202.0
1388,42787.0,0.1960174819454507,0.3641618497109826,0.195334866475806,0.1688269832351766,1.8642951782296753,1.8003731386401656,42787.0,59824.0
734,173.0,0.3468208092485549,0.0,0.3488372093023256,-0.3488372093023256,0.0,1.7996704532143706,380.0,384.0
2110,2336.0,0.507277397260274,0.7272727272727273,0.4952595936794582,0.23201313359326908,1.468467721886136,1.7996384859490324,2337.0,2840.0
683,1506.0,0.2443559096945551,0.0,0.2451698867421718,-0.2451698867421718,0.0,1.7941228788104926,1708.0,1730.0
7902,203.0,0.334975369458128,0.0,0.3366336633663366,-0.3366336633663366,0.0,1.790258215749538,306.0,327.0
6391,694.0,0.4135446685878962,0.1428571428571428,0.4163027656477438,-0.27344562279060103,0.34315684315684297,1.789404050097256,694.0,721.0
15608,1726.0,0.6848203939745076,0.918918918918919,0.679692125518058,0.23922679340086095,1.3519634617195593,1.7832302676826663,1732.0,1789.0
7071,276.0,0.3115942028985507,0.0,0.3127272727272727,-0.3127272727272727,0.0,1.7587836564804038,409.0,442.0
1616,142983.0,0.2272647797290587,0.3740902474526928,0.2265559116208466,0.14753433583184622,1.6512049708892735,1.751304565273768,143028.0,196442.0
331,3337.0,0.0617320946958345,0.2727272727272727,0.0596246973365617,0.213102575390711,4.5740655283802525,1.7289282803818429,4000.0,4058.0
6664,501.0,0.2275449101796407,0.5,0.2264529058116232,0.2735470941883768,2.207964601769912,1.7010799926611646,501.0,508.0
696,102.0,0.3627450980392157,0.0,0.3663366336633663,-0.3663366336633663,0.0,1.6978710154900643,102.0,103.0
6713,100.0,0.86,0.5,0.8673469387755102,-0.36734693877551017,0.5764705882352942,1.695350393941687,100.0,101.0
775,1424.0,0.1053370786516853,0.3333333333333333,0.1004304160688665,0.23290291726446682,3.319047619047621,1.691324004852339,1442.0,1459.0
11975,1668.0,0.7595923261390888,0.5357142857142857,0.7634146341463415,-0.22770034843205578,0.7017343678685531,1.6895320139766583,1668.0,1802.0
6820,273.0,0.2014652014652014,0.5,0.1992619926199262,0.30073800738007384,2.5092592592592595,1.6880809618842354,519.0,521.0
2020,201.0,0.4079601990049751,0.7142857142857143,0.3969072164948453,0.317378497790869,1.7996289424860856,1.6847300276729897,201.0,205.0
2729,10353.0,0.088186998937506,0.2625,0.0811815533005124,0.1813184466994876,3.2334931930693074,1.6763122843014158,10353.0,10533.0
1553,46220.0,0.2736261358719169,0.4256017505470459,0.2705601907032181,0.15504155984382784,1.573039069202518,1.6653307776426773,46397.0,60898.0
6985,166.0,0.6807228915662651,1.0,0.6748466257668712,0.32515337423312884,1.481818181818182,1.664132957411583,361.0,361.0
20168,15116.0,0.1884096321778248,0.358744394618834,0.1858591284496072,0.1728852661692268,1.9301951839083435,1.6637743629509063,15116.0,15381.0
979,762.0,0.2506561679790026,0.5,0.2493403693931398,0.2506596306068602,2.0052910052910056,1.6636926463641781,847.0,858.0
7884,191.0,0.193717277486911,0.5,0.1837837837837838,0.3162162162162162,2.7205882352941173,1.6625052933168931,732.0,743.0
2152,101.0,0.3465346534653465,0.0,0.3571428571428571,-0.3571428571428571,0.0,1.6517760047443821,101.0,103.0
15425,202.0,0.6336633663366337,0.9230769230769232,0.6137566137566137,0.3093203093203095,1.503978779840849,1.6434825169197236,204.0,204.0
1536,2430.0,0.2102880658436214,0.0,0.2103746397694524,-0.2103746397694524,0.0,1.640092887968521,2430.0,2580.0
7868,257.0,0.2918287937743191,0.0,0.29296875,-0.29296875,0.0,1.6268436283950052,390.0,423.0
2741,195.0,0.0307692307692307,0.3333333333333333,0.0260416666666666,0.30729166666666674,12.800000000000033,1.6219206504927115,195.0,197.0
6604,664.0,0.2454819277108433,0.0,0.2492354740061162,-0.2492354740061162,0.0,1.619977504016673,715.0,734.0
1654,1235.0,0.2267206477732793,0.0,0.227088402270884,-0.227088402270884,0.0,1.6167866817882708,1674.0,1698.0
2153,104.0,0.3365384615384615,0.0,0.3465346534653465,-0.3465346534653465,0.0,1.6127585371833,104.0,105.0
6759,5500.0,0.6318181818181818,0.8160919540229885,0.6288564566783669,0.18723549734462164,1.2977396436916677,1.612600391815985,5500.0,5697.0
23184,257.0,0.2801556420233463,0.0,0.2903225806451613,-0.2903225806451613,0.0,1.6121495569127278,257.0,262.0
864,248837.0,0.4649188022681514,0.3379980563654033,0.4675984439374292,-0.1296003875720259,0.7228382830346456,1.6102274494358162,251734.0,277576.0
2151,119.0,0.3277310924369748,0.0,0.3362068965517241,-0.3362068965517241,0.0,1.6095877411077566,119.0,121.0
17279,7491.0,0.4856494460018689,0.3088235294117647,0.4889191026512576,-0.18009557323949288,0.6316454557351306,1.6067390568008917,7491.0,8903.0
2586,582.0,0.2903780068728522,0.5172413793103449,0.2652671755725191,0.25197420373782575,1.949888365169933,1.6046188955340903,2562.0,2733.0
2400,1189.0,0.5004205214465938,0.2777777777777778,0.5038428693424424,-0.2260650915646646,0.5513182674199624,1.6009270999522283,1261.0,1345.0
5017,214.0,0.205607476635514,0.5,0.2028301886792453,0.2971698113207547,2.4651162790697674,1.5959914894907676,214.0,218.0
1100,602.0,0.8471760797342193,0.6,0.8492462311557789,-0.24924623115577893,0.7065088757396449,1.5956537334556204,602.0,794.0
7824,806.0,0.4292803970223325,0.6666666666666666,0.4283935242839352,0.23827314238273145,1.556201550387597,1.5948392634233919,833.0,1473.0
7901,212.0,0.589622641509434,0.875,0.5784313725490197,0.29656862745098034,1.5127118644067796,1.589991058948138,337.0,376.0
1211,5378.0,0.5429527705466716,0.7222222222222222,0.5373849693251533,0.18483725289706887,1.3439568716058192,1.5877996464563084,5475.0,6781.0
1046,389126.0,0.7683269686425477,0.6475325816371358,0.770484727842489,-0.12295214620535322,0.8404223448404438,1.5825983510139483,389199.0,495615.0
6694,3156.0,0.0551330798479087,0.25,0.0543893129770992,0.1956106870229008,4.596491228070178,1.5761091461396837,4755.0,4904.0
7127,668.0,0.1946107784431137,0.4242424242424242,0.1826771653543307,0.2415652588880935,2.322361546499477,1.5715714107549077,1905.0,2112.0
1862,16822.0,0.6754250386398764,0.835,0.6735049933822644,0.16149500661773553,1.2397829388119697,1.5714275295726514,18197.0,18988.0
2277,19636.0,0.7096149928702383,0.864476386036961,0.7056765366337667,0.15879984940319425,1.2250320666189423,1.5697636376599868,19654.0,21458.0
1445,35054.0,0.3155987904376105,0.4622641509433962,0.3124271391932851,0.1498370117501111,1.4795902562658407,1.5679954115209276,39604.0,44474.0
1322,382.0,0.3403141361256545,0.6,0.3368700265251989,0.2631299734748011,1.7811023622047246,1.5651062889302922,465.0,473.0
773,1370.0,0.1328467153284671,0.3448275862068966,0.128262490678598,0.21656509552829858,2.688452285485166,1.564313718873559,1557.0,1572.0
7002,1078.0,0.4044526901669759,0.625,0.4011299435028249,0.22387005649717512,1.5580985915492958,1.5634614540867433,1220.0,1409.0
1864,5486.0,0.6458257382427999,0.4678899082568807,0.6494327692021573,-0.1815428609452766,0.7204593461332325,1.5631088926842873,6844.0,7018.0
8374,1045.0,0.2239234449760765,0.0,0.2245681381957773,-0.2245681381957773,0.0,1.5613613271038569,1045.0,1098.0
6951,109.0,0.1743119266055046,0.5,0.1682242990654205,0.33177570093457953,2.972222222222223,1.5595051680900078,109.0,111.0
21196,3078.0,0.7358674463937622,0.925925925925926,0.732473544973545,0.19345238095238104,1.2641083521444696,1.553879195283014,3107.0,3299.0
7752,90973.0,0.2347070009783122,0.3684971098265896,0.2326401678777528,0.13585694194883682,1.5839788682590128,1.5512592642342997,90973.0,131570.0
6548,1812.0,0.7052980132450332,0.5,0.7066666666666667,-0.20666666666666667,0.7075471698113207,1.5505658968893359,1812.0,1907.0
6863,982.0,0.2647657841140529,0.0454545454545454,0.2697916666666666,-0.22433712121212118,0.16848016848016834,1.5458194134118026,982.0,1516.0
6515,26857.0,0.0803514912313363,0.2271016311166875,0.0758633921719109,0.1512382389447766,2.9935601957010025,1.5423758068370657,28362.0,31475.0
2049,429.0,0.303030303030303,0.0588235294117647,0.3131067961165049,-0.25428326670474016,0.18787049703602368,1.5419191114609694,484.0,503.0
9596,245.0,0.7224489795918367,1.0,0.7213114754098361,0.2786885245901639,1.3863636363636362,1.534272723128691,245.0,438.0
1425,12007.0,0.3284750562172066,0.1677018633540372,0.3306601384433564,-0.1629582750893192,0.5071729061250765,1.5307205890626956,13304.0,14395.0
2278,140.0,0.6285714285714286,0.3333333333333333,0.6417910447761194,-0.30845771144278605,0.5193798449612403,1.5264831502659026,145.0,147.0
6756,225.0,0.72,1.0,0.71875,0.28125,1.391304347826087,1.5245254685453304,225.0,229.0
1026,1357.0,0.4591009579955785,0.25,0.4603409933283914,-0.2103409933283914,0.5430756843800322,1.5173511915705444,1413.0,1432.0
750,2362.0,0.3395427603725656,0.5333333333333333,0.3383042181508308,0.19502911518250254,1.576490344248531,1.514925176684145,2532.0,2604.0
7029,269.0,0.2639405204460966,0.0,0.2699619771863117,-0.2699619771863117,0.0,1.511361061174466,321.0,329.0
1516,14873.0,0.5892556982451422,0.4341085271317829,0.590613130765057,-0.15650460363327406,0.7350133353274009,1.5035976340059118,19421.0,20645.0
1394,35046.0,0.2214232722707299,0.3618157543391188,0.2183572907251363,0.14345846361398248,1.6569895749190489,1.5012132448497886,35070.0,38760.0
6419,210.0,0.3904761904761905,0.6666666666666666,0.3864734299516908,0.2801932367149758,1.7249999999999999,1.4995544528580282,225.0,227.0
13612,280.0,0.4035714285714286,0.6666666666666666,0.4007220216606498,0.26594464500601683,1.6636636636636637,1.4994902309539804,280.0,299.0
1310,27582.0,0.3833297077804365,0.2392344497607655,0.3855470475629509,-0.1463125978021854,0.6205065017952291,1.4960397167416886,41586.0,44522.0
2499,721.0,0.2260748959778086,0.0,0.2270194986072423,-0.2270194986072423,0.0,1.4942480468517136,797.0,811.0
1387,327167.0,0.4307127552595463,0.5472693032015066,0.4297591460408244,0.1175101571606822,1.2734325918209068,1.4921708947846415,336068.0,498690.0
2154,750.0,0.2786666666666667,0.5,0.2762803234501347,0.2237196765498653,1.809756097560976,1.4813387307181223,921.0,990.0
7065,45209.0,0.0261231170784578,0.1547351524879614,0.016605692022616,0.1381294604653454,9.318199583445303,1.4806198503336097,46699.0,52597.0
7009,261.0,0.264367816091954,0.0,0.2653846153846154,-0.2653846153846154,0.0,1.4777529644596756,393.0,426.0
6715,512.0,0.1953125,0.4285714285714285,0.192079207920792,0.2364922206506365,2.2312223858615616,1.4757766920969628,592.0,599.0
417,1123.0,0.578806767586821,0.375,0.5847846012832264,-0.2097846012832264,0.6412617554858934,1.473663196008319,1163.0,1372.0
6865,505.0,0.2297029702970297,0.0,0.2357723577235772,-0.2357723577235772,0.0,1.4680452309702152,505.0,714.0
1206,410.0,0.2414634146341463,0.0,0.2426470588235294,-0.2426470588235294,0.0,1.4603939417527627,668.0,699.0
2030,4230.0,0.4695035460992908,0.639344262295082,0.4644595910418695,0.1748846712532125,1.3765336632642542,1.4603208715068412,4230.0,4413.0
7929,473.0,0.2642706131078224,0.5,0.2632696390658174,0.2367303609341826,1.8991935483870968,1.458544833055204,479.0,517.0
767,686.0,0.3454810495626822,0.125,0.3480825958702065,-0.2230825958702065,0.3591101694915254,1.4572500910009298,722.0,730.0
855,1479.0,0.3630831643002028,0.1666666666666666,0.3655030800821355,-0.1988364134154689,0.4559925093632957,1.451465527065877,2650.0,3928.0
419,232.0,0.5991379310344828,0.8571428571428571,0.5911111111111111,0.26603174603174595,1.4500537056928033,1.4501492774882716,232.0,235.0
4114,363.0,0.2451790633608815,0.0,0.2458563535911602,-0.2458563535911602,0.0,1.4498527464631765,371.0,375.0
7044,258.0,0.2596899224806202,0.0,0.2607003891050584,-0.2607003891050584,0.0,1.4486672378749768,391.0,424.0
7837,150.0,0.2866666666666667,0.0,0.2885906040268456,-0.2885906040268456,0.0,1.4479398186781323,2426.0,2450.0
1479,2021.0,0.8114794656110836,1.0,0.8099750623441396,0.19002493765586037,1.2346059113300494,1.4464398774265033,4447.0,4630.0
667,174.0,0.5287356321839081,0.8,0.5207100591715976,0.2792899408284024,1.5363636363636364,1.4424727690484611,174.0,176.0
2103,189.0,0.2645502645502645,0.0,0.2747252747252747,-0.2747252747252747,0.0,1.4414901297144191,189.0,190.0
176,114.0,0.2982456140350877,0.0,0.3035714285714285,-0.3035714285714285,0.0,1.4404258246817006,114.0,118.0
830,307.0,0.2442996742671009,0.0,0.2508361204013378,-0.2508361204013378,0.0,1.4373159990736393,364.0,366.0
9,4203453.0,0.3028828917558969,0.3957979590086613,0.3015759630295468,0.09422199597911451,1.3124320487368655,1.4370189631440107,4205506.0,5872575.0
1619,26100.0,0.3845210727969348,0.5227272727272727,0.3821512081060015,0.1405760646212712,1.3678545602877645,1.429620467976528,26149.0,28838.0
6770,438.0,0.5616438356164384,0.3333333333333333,0.568075117370892,-0.2347417840375587,0.5867768595041322,1.4282862472007445,493.0,512.0
5330,599.0,0.1786310517529215,0.4,0.1767676767676767,0.2232323232323233,2.262857142857144,1.4280014684876452,1288.0,1305.0
38,4796358.0,0.3387780895421067,0.4301984214796784,0.3374675615666714,0.092730859913007,1.2747845140508023,1.4265129102061134,4798274.0,7177227.0
1599,39242.0,0.1706335049181999,0.0385109114249037,0.1733094142422588,-0.1347985028173551,0.22220899882029266,1.4258349868885425,74468.0,87361.0
1597,34238.0,0.2342426543606519,0.3685220729366603,0.2321677492066316,0.13635432373002868,1.5873094958106002,1.4236919416994063,36685.0,42712.0
7064,263.0,0.4144486692015209,0.1666666666666666,0.4202334630350194,-0.2535667963683528,0.3966049382716048,1.4138755507978011,269.0,272.0
2150,121.0,0.2892561983471074,0.0,0.2941176470588235,-0.2941176470588235,0.0,1.4129473660980165,121.0,124.0
1967,146.0,0.2808219178082192,0.0,0.2827586206896552,-0.2827586206896552,0.0,1.4110878348822633,178.0,183.0
2211,152.0,0.2236842105263158,0.5,0.22,0.28,2.272727272727273,1.408522617989882,246.0,262.0
1012,11969.0,0.3877516918706659,0.2391304347826087,0.388902921613202,-0.1497724868305933,0.6148846447094704,1.406387434993312,14777.0,15441.0
1005,10547.0,0.5881293258746563,0.4375,0.589280596159358,-0.15178059615935802,0.7424306906614786,1.4060486257118847,10860.0,20488.0
834,331680.0,0.2173209117221418,0.3208033201354768,0.2103393119784241,0.1104640081570527,1.5251705309770327,1.4042106224093656,362312.0,411241.0
850,3791.0,0.2115536797678712,0.3809523809523809,0.2106100795755968,0.17034230137678408,1.8088041261844787,1.4037310922252626,3923.0,4055.0
6991,1200.0,0.1958333333333333,0.0,0.1976450798990748,-0.1976450798990748,0.0,1.4014834383421326,1445.0,1459.0
3310,225.0,0.2444444444444444,0.5,0.242152466367713,0.25784753363228696,2.064814814814815,1.3976715805298494,225.0,228.0
15678,389.0,0.6272493573264781,0.8571428571428571,0.6230366492146597,0.23410620792819736,1.3757503001200477,1.3967119890394277,389.0,404.0
2062,148.0,0.0608108108108108,0.3333333333333333,0.0551724137931034,0.2781609195402299,6.041666666666671,1.3919023057917257,148.0,154.0
6582,8260.0,0.0958837772397094,0.25,0.0957343674260785,0.1542656325739215,2.6113924050632917,1.39136816250219,8260.0,9483.0
942,1334.0,0.3673163418290854,0.1764705882352941,0.3697798025816249,-0.1933092143463308,0.4772315497040705,1.3911858269047779,1361.0,1396.0
6318,191.0,0.2617801047120419,0.0,0.2645502645502645,-0.2645502645502645,0.0,1.3908717915417408,205.0,206.0
12881,270.0,0.0888888888888888,0.3333333333333333,0.0861423220973782,0.2471910112359551,3.8695652173913078,1.3847934163972297,270.0,270.0
1039,4499.0,0.4238719715492332,0.5862068965517241,0.4228187919463087,0.16338810460541536,1.3864258347016967,1.3743933971500664,4499.0,4743.0
2025,301.0,0.2325581395348837,0.0,0.2405498281786941,-0.2405498281786941,0.0,1.3736422378564976,302.0,302.0
1412,3732.0,0.3344051446945337,0.5,0.3333333333333333,0.16666666666666669,1.5,1.3708279131524308,3955.0,4250.0
262,770.0,0.2246753246753246,0.4285714285714285,0.2228047182175622,0.2057667103538663,1.923529411764706,1.36787296808577,1221.0,1233.0
2088,3055.0,0.7548281505728314,0.9230769230769232,0.7526525198938993,0.170424403183024,1.2264317180616742,1.3676323425886001,3655.0,3706.0
9712,1777.0,0.2712436691052335,0.0909090909090909,0.2735042735042735,-0.1825951825951826,0.33238636363636365,1.3664043805573851,1946.0,2535.0
1398,8708.0,0.9000918695452458,0.75,0.9004373848987108,-0.15043738489871084,0.8329285440368146,1.3647848428026483,10858.0,11417.0
1077,27256.0,0.2567141179923686,0.3877995642701525,0.2544687838190842,0.13333078045106828,1.5239573139385947,1.3617160136241195,44785.0,54086.0
7920,259.0,0.2432432432432432,0.0,0.2441860465116279,-0.2441860465116279,0.0,1.3578408633875125,391.0,424.0
1859,16347.0,0.737321832752187,0.875,0.7356855462705045,0.13931445372949547,1.189366848969289,1.3516094437367563,17720.0,18505.0
5305,173.0,0.2601156069364161,0.0,0.2616279069767442,-0.2616279069767442,0.0,1.349752839910778,814.0,825.0
16621,50156.0,0.2166241327059574,0.3369942196531792,0.2123239582042704,0.1246702614489088,1.5871700137059772,1.3492954388416898,50176.0,66032.0
1145,7803.0,0.404075355632449,0.2549019607843137,0.4050567595459236,-0.15015479876160986,0.6292993630573249,1.3457461223979426,9939.0,10474.0
1066,55189.0,0.3593469713167479,0.2383531960996749,0.3614049312645118,-0.12305173516483689,0.6595183836194657,1.3435449302557185,56025.0,68836.0
7026,269.0,0.2342007434944238,0.0,0.2395437262357414,-0.2395437262357414,0.0,1.3410668570984698,321.0,329.0
2058,279.0,0.7670250896057348,1.0,0.7627737226277372,0.23722627737226276,1.3110047846889952,1.3367201613357707,346.0,351.0
819,196.0,0.2397959183673469,0.0,0.2526881720430107,-0.2526881720430107,0.0,1.3350030927456205,209.0,215.0
2307,145.0,0.3724137931034483,0.625,0.3576642335766423,0.2673357664233577,1.7474489795918369,1.3322962957669187,151.0,154.0
6924,2212.0,0.2662748643761302,0.1018518518518518,0.2747148288973384,-0.1728629770454866,0.3707548378828654,1.3314086857361873,4871.0,6127.0
307,5299.0,0.0968107190035855,0.248,0.0931580981832238,0.1548419018167762,2.6621410788381743,1.3278408604504912,5409.0,5819.0
1973,10639.0,0.3879123977817464,0.5269709543568465,0.3846893633391037,0.1422815910177428,1.3698609958506223,1.3192883760591476,10772.0,11026.0
15258,20407.0,0.5749497721370118,0.7058823529411765,0.5732929734021437,0.13258937953903283,1.231276826492737,1.3157748735722594,20436.0,21908.0
7062,107.0,0.2242990654205607,0.5,0.219047619047619,0.280952380952381,2.2826086956521747,1.315455916192043,180.0,181.0
1086,86165.0,0.4856728369987814,0.5973715651135006,0.4823200325148827,0.11505153259861794,1.2385377443244965,1.307449176983686,86172.0,121409.0
6977,185.0,0.2486486486486486,0.0,0.25,-0.25,0.0,1.3064366684283004,267.0,267.0
7856,241.0,0.2365145228215767,0.0,0.2375,-0.2375,0.0,1.303622709962213,374.0,407.0
789,434.0,0.2119815668202765,0.0,0.2144522144522144,-0.2144522144522144,0.0,1.3028714099304401,1029.0,1454.0
7718,10502.0,0.4192534755284707,0.5564516129032258,0.4159352447825239,0.14051636812070184,1.3378323185720227,1.3010995366941478,10505.0,10844.0
7184,10807.0,0.0885537151846025,0.2203947368421052,0.0806941857044808,0.13970055113762442,2.7312344119716063,1.29754456957505,12320.0,14136.0
13026,684.0,0.543859649122807,0.7368421052631579,0.5383458646616541,0.19849624060150373,1.3687150837988826,1.2960650927076898,965.0,1008.0
13893,4715.0,0.4740190880169671,0.6237623762376238,0.47074122236671,0.15302115387091375,1.3250642743832395,1.2943625226254563,4715.0,5585.0
1430,87573.0,0.5309969967912485,0.4192059095106186,0.5323968088796392,-0.11319089936902066,0.7873937306137947,1.2881395360278165,99497.0,118708.0
6287,469.0,0.2921108742004264,0.5,0.291220556745182,0.208779443254818,1.7169117647058825,1.2845641064960391,1110.0,1125.0
1972,7244.0,0.4431253451131971,0.5843373493975904,0.4398135066402939,0.14452384275729652,1.32860255670933,1.2845375765329192,7432.0,7575.0
7812,411.0,0.121654501216545,0.3333333333333333,0.1200980392156862,0.21323529411764713,2.7755102040816344,1.2838946847877672,452.0,452.0
1668,6701.0,0.1258021190867034,0.2689075630252101,0.1232148283196596,0.14569273470555047,2.1824285817903006,1.2835764883751482,7160.0,7619.0
1481,276468.0,0.1510843931304888,0.0503107428233205,0.1523312912640201,-0.10202054844069959,0.3302718857422543,1.2783025747099652,332309.0,394138.0
6572,5811.0,0.2858372053002925,0.4165366614664587,0.26963249516441,0.14690416630204867,1.544831090230697,1.2733183078000307,5811.0,6802.0
11746,186.0,0.2419354838709677,0.0,0.2432432432432432,-0.2432432432432432,0.0,1.2724318257213858,186.0,186.0
7176,249.0,0.2289156626506024,0.0,0.2298387096774193,-0.2298387096774193,0.0,1.2690454528957578,380.0,412.0
2256,762.0,0.2559055118110236,0.4444444444444444,0.2536520584329349,0.1907923860115095,1.7521815008726003,1.2663382963628156,934.0,1004.0
6816,2127.0,0.0855665256229431,0.25,0.0849457291175082,0.1650542708824918,2.9430555555555578,1.2648006197257777,2127.0,3047.0
6653,2479.0,0.2678499394917305,0.4285714285714285,0.2669371196754564,0.16163430889597208,1.605514546244029,1.2633359952138228,2479.0,2537.0
398,3051.0,0.2110783349721403,0.3653846153846153,0.2084028009336445,0.1569818144509708,1.7532615384615386,1.2595518129020622,3774.0,4240.0
7136,3622.0,0.428492545554942,0.58,0.4263717805151176,0.15362821948488237,1.3603151674326985,1.2589921216281021,3626.0,3928.0
1232,7683.0,0.5164649225562931,0.65625,0.5158802770879624,0.14036972291203764,1.272097479098049,1.2558732456111712,7683.0,7846.0
24,4906560.0,0.2530927982130046,0.3333766515053065,0.2519433858315735,0.08143326567373299,1.3232204941794816,1.2545677189077267,4909966.0,7354669.0
1945,463915.0,0.6052703620275266,0.510825534292499,0.6067506502377638,-0.09592511594526476,0.8419035630078432,1.2515789962948811,475751.0,591164.0
28,3664404.0,0.3560860101670012,0.4375527198980599,0.3548281437698219,0.08272457612823797,1.2331398384844627,1.2503138472695965,3667237.0,5116811.0
7762,254.0,0.2244094488188976,0.0,0.225296442687747,-0.225296442687747,0.0,1.248426964719487,385.0,417.0
2191,3933.0,0.1019577930333079,0.2442396313364055,0.0936490850376749,0.1505905462987306,2.608030086339319,1.2464999948613982,6063.0,6822.0
6502,40995.0,0.0471764849371874,0.1590425531914893,0.0417998210405215,0.11724273215096781,3.804862059990893,1.245261998204731,40996.0,46218.0
1391,56841.0,0.3199802959131613,0.2080924855491329,0.3217093039874232,-0.1136168184382903,0.6468339055474379,1.2438804240338062,56886.0,62650.0
3064,570.0,0.1947368421052631,0.0,0.1957671957671957,-0.1957671957671957,0.0,1.2426105860173138,650.0,654.0
6560,473903.0,0.3911728771499653,0.4844575500675758,0.3895427727346897,0.09491477733288611,1.2436568818016058,1.2404184500221311,473916.0,692884.0
1622,107847.0,0.6143703580071769,0.7178977272727273,0.610877337601963,0.10702038967076422,1.1751912914151954,1.240203442741954,107860.0,123037.0
7772,1913.0,0.8552012545739676,0.6923076923076923,0.8563157894736843,-0.16400809716599196,0.808472412651884,1.2394010836932903,1921.0,2092.0
2046,134135.0,0.3107391806761844,0.2075471698113207,0.312312198666374,-0.10476502885505329,0.6645503143891986,1.2369197838601385,167321.0,191575.0
1951,944.0,0.2489406779661017,0.0714285714285714,0.2516129032258064,-0.18018433179723498,0.2838827838827839,1.2344761781797478,1082.0,1123.0
1025,42377.0,0.3516766170328244,0.4650887573964497,0.3493691611287682,0.11571959626768152,1.3312244157263506,1.2329210888636588,42816.0,44155.0
2312,139.0,0.2446043165467626,0.0,0.2481751824817518,-0.2481751824817518,0.0,1.22639300999063,148.0,150.0
1649,1448.0,0.1657458563535911,0.0,0.1684210526315789,-0.1684210526315789,0.0,1.225874348180325,1705.0,1726.0
23446,318.0,0.0157232704402515,0.2222222222222222,0.0097087378640776,0.2125134843581446,22.888888888889053,1.2251808492433813,318.0,328.0
2196,134.0,0.4402985074626865,0.2,0.4496124031007752,-0.2496124031007752,0.44482758620689655,1.224417425315639,155.0,155.0
21189,2420.0,0.706198347107438,0.86,0.7029535864978903,0.15704641350210968,1.2234093637454981,1.223695596275251,2432.0,2587.0
1093,671508.0,0.5958558944941832,0.5060347691285572,0.5970803514688057,-0.09104558234024851,0.847515360175095,1.2215843166344804,677544.0,790514.0
2190,273.0,0.2857142857142857,0.5,0.2825278810408922,0.21747211895910779,1.769736842105263,1.2206988632851379,334.0,361.0
64,333121.0,0.5714860366053176,0.6657233816766891,0.5698589476191495,0.09586443405753964,1.1682248466187253,1.2190374582274002,333585.0,375066.0
5016,332.0,0.2921686746987952,0.5,0.2909090909090909,0.2090909090909091,1.71875,1.2144297933595474,344.0,347.0
1011,3399.0,0.1682847896440129,0.3157894736842105,0.1674556213017751,0.1483338523824354,1.8858099311883953,1.2061812760700112,3400.0,3626.0
39,5580293.0,0.5504221731726273,0.6269321098913103,0.549404700187414,0.07752740970389627,1.1411116608166074,1.2043690845914727,5582705.0,8253340.0
624,417.0,0.8009592326139089,1.0,0.8004807692307693,0.19951923076923073,1.249249249249249,1.2041946127393142,515.0,524.0
16144,4035.0,0.4421313506815365,0.582089552238806,0.437323763137657,0.144765789101149,1.3310265787125337,1.2019917050232543,4037.0,4140.0
66,3913.0,0.184257602862254,0.04,0.1851851851851851,-0.14518518518518508,0.2160000000000001,1.2010176066662068,4771.0,5038.0
832,1226.0,0.2512234910277324,0.4166666666666667,0.2479201331114808,0.16874653355518587,1.6806487695749446,1.2001806018043792,1674.0,1701.0
4079,257.0,0.2140077821011673,0.0,0.21484375,-0.21484375,0.0,1.1930186608230038,312.0,312.0
13650,220.0,0.7181818181818181,0.5,0.7201834862385321,-0.22018348623853212,0.6942675159235668,1.1885862829029914,220.0,239.0
2101,1291.0,0.3570875290472502,0.5102040816326531,0.344509639564124,0.16569444206852907,1.4809573464422268,1.1870261488708271,1399.0,1469.0
6791,1284.0,0.3037383177570093,0.4634146341463415,0.2984714400643604,0.1649431940819811,1.5526263887975809,1.1807481636000685,1362.0,1368.0
865,44488.0,0.4456482647005934,0.554002541296061,0.4436969405734423,0.11030560072261869,1.2486057275492088,1.1806005408172424,44515.0,50262.0
7061,331.0,0.2990936555891239,0.5,0.2966360856269113,0.2033639143730887,1.6855670103092784,1.1805549707429557,619.0,632.0
1879,4656.0,0.1542096219931271,0.2826086956521739,0.1431902985074626,0.1394183971447113,1.9736581220790268,1.177545452587684,6204.0,6293.0
463,1453.0,0.0887818306951135,0.25,0.0883367839889579,0.1616632160110421,2.830078125,1.1772434467966835,1475.0,1508.0
2146,114.0,0.2456140350877192,0.0,0.247787610619469,-0.247787610619469,0.0,1.1757353946386813,114.0,115.0
6798,2411.0,0.2301949398589796,0.3777777777777777,0.2273879966187658,0.15038978115901191,1.6613795952085917,1.171267431804709,2412.0,2779.0
6418,49778.0,0.5032343605608903,0.6104417670682731,0.502150974025974,0.10829079304229916,1.2156538544057425,1.1712026647218936,57392.0,62371.0
1466,1130.0,0.1964601769911504,0.0344827586206896,0.2007266121707538,-0.1662438535500642,0.17178967077547178,1.1688368405908225,9429.0,9966.0
6516,5210.0,0.1477927063339731,0.2690972222222222,0.1327147173068623,0.13638250491535991,2.0276366305329723,1.1672333581343968,21218.0,23349.0
798,946.0,0.2684989429175475,0.1,0.2702991452991453,-0.17029914529914528,0.3699604743083004,1.1671109780489966,1225.0,1243.0
4983,277.0,0.2057761732851985,0.0,0.2072727272727272,-0.2072727272727272,0.0,1.1664523762922407,277.0,278.0
2507,168.0,0.4404761904761904,0.2307692307692307,0.4580645161290322,-0.2272952853598015,0.503791982665222,1.166001792275319,168.0,171.0
1293,51628.0,0.2948206399628109,0.1895006402048655,0.2964383346116782,-0.10693769440681267,0.639258213527287,1.1604706223197359,58837.0,64558.0
6877,5900.0,0.4305084745762711,0.2982456140350877,0.4317987335272976,-0.13355311949220988,0.690705161635758,1.1596253238149796,5900.0,6046.0
1624,104852.0,0.4872868424064395,0.584439641864773,0.4841900150571285,0.10024962680764454,1.207046043268398,1.1589172292634058,107457.0,122676.0
11733,175.0,0.2228571428571428,0.0,0.2241379310344827,-0.2241379310344827,0.0,1.1589015850947577,175.0,175.0
14069,403.0,0.4094292803970223,0.6,0.4070351758793969,0.19296482412060306,1.4740740740740743,1.1580619664005438,416.0,496.0
394,8031.0,0.5133856306811106,0.6372549019607843,0.5084789644012945,0.1287759375594898,1.2532571582604528,1.1578487728941536,8396.0,9845.0
2819,261.0,0.367816091954023,0.5625,0.3551020408163265,0.20739795918367349,1.584051724137931,1.1548632861116765,834.0,1129.0
2251,608.0,0.5526315789473685,0.375,0.555,-0.18000000000000005,0.6756756756756757,1.1541272881877818,669.0,729.0
1040,109837.0,0.637663082567805,0.7357001972386588,0.6362864212120093,0.09941377602664947,1.1562406059794337,1.1538720211584368,109876.0,160590.0
6668,274.0,0.2007299270072992,0.0,0.2052238805970149,-0.2052238805970149,0.0,1.152695561088289,282.0,283.0
7038,237928.0,0.6327460408190713,0.7243916242218449,0.6313642840687048,0.09302734015314007,1.1473433681640073,1.1516531294083538,315510.0,451525.0
6576,2403.0,0.1818560133166874,0.0357142857142857,0.183578947368421,-0.1478646616541353,0.19454456094364347,1.1511100217169408,2700.0,2734.0
6611,155.0,0.2258064516129032,0.0,0.2272727272727272,-0.2272727272727272,0.0,1.1476945471021671,155.0,156.0
2172,709.0,0.2834978843441467,0.1111111111111111,0.2857142857142857,-0.1746031746031746,0.3888888888888889,1.14631610587919,791.0,807.0
4961,276.0,0.2028985507246377,0.0,0.2036363636363636,-0.2036363636363636,0.0,1.1452544739872397,334.0,336.0
16590,50447.0,0.2462980950304279,0.3481524249422633,0.2426767935954018,0.10547563134686147,1.4346341888904042,1.1421637984834934,50522.0,66544.0
1574,32620.0,0.1503065603923973,0.0417827298050139,0.1515142122066892,-0.1097314824016753,0.2757677263174209,1.140407642551294,32790.0,37581.0
276,242.0,0.2066115702479339,0.0,0.2074688796680498,-0.2074688796680498,0.0,1.1396393035976242,310.0,314.0
1542,56058.0,0.1438153341182347,0.041848299912816,0.1459452568702081,-0.1040969569573921,0.2867397050801897,1.1382127814829481,66117.0,68746.0
1808,2117.0,0.1478507321681625,0.0,0.1484819734345351,-0.1484819734345351,0.0,1.1371087360951153,2944.0,3071.0
6660,539.0,0.1799628942486085,0.0,0.180633147113594,-0.180633147113594,0.0,1.136465933961186,539.0,643.0
997,6836.0,0.2561439438267993,0.1282051282051282,0.256878034426953,-0.1286729062218248,0.49908949393485486,1.136195184827852,7747.0,8945.0
1565,2177917.0,0.4621902487560361,0.385579274736556,0.4633732407434173,-0.07779396600686128,0.8321138141640381,1.1353157993807628,2304184.0,2958626.0
6433,39461.0,0.2165175743138795,0.3212379935965848,0.2139705118886927,0.10726748170789208,1.5013189937298115,1.1352217844047854,39481.0,60135.0
1517,1050.0,0.8038095238095239,0.6428571428571429,0.805984555984556,-0.16312741312741308,0.7976047904191618,1.1349585479519348,10916.0,12916.0
6489,682.0,0.1730205278592375,0.0,0.1735294117647058,-0.1735294117647058,0.0,1.1325388138666954,757.0,808.0
7813,398.0,0.0628140703517587,0.25,0.0609137055837563,0.1890862944162437,4.10416666666667,1.1324305217215607,631.0,641.0
2836,235.0,0.0468085106382978,0.25,0.0432900432900432,0.2067099567099568,5.775000000000012,1.129428435887329,1480.0,1512.0
2600,646.0,0.326625386996904,0.5,0.3255451713395638,0.1744548286604362,1.5358851674641152,1.129132063838164,1193.0,1256.0
184,164.0,0.2195121951219512,0.0,0.2208588957055214,-0.2208588957055214,0.0,1.1276934788982873,168.0,176.0
435,728.0,0.260989010989011,0.4242424242424242,0.2532374100719424,0.1710050141704818,1.6752754820936642,1.1272092599493333,1028.0,1060.0
1028,3738.0,0.530765115034778,0.6666666666666666,0.530437114507911,0.13622955215875565,1.256825075834176,1.1207024202972304,4378.0,4426.0
6606,112.0,0.2321428571428571,0.0,0.2363636363636363,-0.2363636363636363,0.0,1.1173825753320075,122.0,125.0
2235,292.0,0.1952054794520548,0.0,0.196551724137931,-0.196551724137931,0.0,1.1164477197033544,345.0,448.0
387,15516.0,0.7321474606857438,0.8426323319027181,0.7269352770466356,0.1156970548560825,1.1591572984683478,1.1164408840527027,15569.0,19120.0
1712,2158.0,0.0787766450417052,0.2222222222222222,0.0769591740966682,0.14526304812555402,2.8875338753387543,1.1152425882170216,2380.0,2429.0
1523,4990228.0,0.3241859890970913,0.3953529463733545,0.323204086533285,0.07214885984006952,1.2232300359006734,1.1127513139848693,5016985.0,7407755.0
845,1326.0,0.6244343891402715,0.7777777777777778,0.6233864844343204,0.15439129334345736,1.2476654486398702,1.1101777729543525,1334.0,1397.0
6956,433.0,0.2193995381062355,0.4,0.2172897196261682,0.18271028037383183,1.8408602150537638,1.109607669548252,433.0,435.0
4030,369.0,0.1869918699186991,0.0,0.1875,-0.1875,0.0,1.1087818135571756,378.0,382.0
6180,447.0,0.1812080536912751,0.0,0.1816143497757847,-0.1816143497757847,0.0,1.1087180534206584,970.0,977.0
6487,743.0,0.1668909825033647,0.0,0.1675675675675675,-0.1675675675675675,0.0,1.107963632863923,824.0,879.0
1538,4341.0,0.4512785072563925,0.581081081081081,0.4490274197328334,0.13205366134824764,1.2940881904869377,1.106093398559096,4341.0,4679.0
7023,106.0,0.1037735849056603,0.3333333333333333,0.0970873786407767,0.2362459546925566,3.433333333333333,1.1039369091123594,106.0,106.0
6889,26279.0,0.0412496670345142,0.1463414634146341,0.0380392156862745,0.10830224772835961,3.847120945436259,1.1021446982327434,51805.0,54836.0
34,4269581.0,0.3461665207897449,0.4173506549980975,0.3452343043714511,0.0721163506266464,1.208891033461882,1.1010022352451019,4272360.0,6392857.0
402,39275.0,0.1281731381285805,0.2293942403177755,0.1255095641266854,0.1038846761910901,1.8277032663919714,1.0989304303296716,41947.0,44018.0
3036,636.0,0.2327044025157232,0.4,0.2300319488817891,0.16996805111821092,1.7388888888888894,1.0974445548768026,1360.0,1380.0
1471,1931783.0,0.2047124340570343,0.2792719470237875,0.2036543340025368,0.0756176130212507,1.3713037259511933,1.0944858892293658,1950390.0,2829644.0
877,163355.0,0.4336567598175752,0.5225362872421696,0.4314674962992699,0.09106879094289971,1.2110675583305899,1.093161275361479,164629.0,180431.0
2276,125.0,0.224,0.0,0.2258064516129032,-0.2258064516129032,0.0,1.092063656408398,185.0,188.0
2148,114.0,0.2280701754385964,0.0,0.2300884955752212,-0.2300884955752212,0.0,1.0917542950216326,114.0,115.0
275,363.0,0.1515151515151515,0.3333333333333333,0.1484593837535014,0.18487394957983191,2.2452830188679243,1.0902301267899854,482.0,486.0
737,1205.0,0.9029045643153528,0.75,0.903413821815154,-0.15341382181515395,0.830184331797235,1.0884809421441741,15820.0,16196.0
1586,854410.0,0.3669303964138996,0.2886819484240687,0.3682301148194419,-0.07954816639537321,0.7839715895198336,1.086482190621881,936566.0,1103655.0
1344,6009.0,0.3592943917457147,0.2365591397849462,0.3612237998647735,-0.1246646600798273,0.6548824852446148,1.0847296504253165,9330.0,10068.0
1617,22122.0,0.1761142753819727,0.2827380952380952,0.1744698430184522,0.10826825221964298,1.62055568083587,1.0831559868757257,25421.0,29233.0
630,596.0,0.5033557046979866,0.6666666666666666,0.4973913043478261,0.16927536231884055,1.3403263403263403,1.0819940852815302,680.0,695.0
433,135.0,0.1185185185185185,0.3333333333333333,0.1136363636363636,0.21969696969696972,2.933333333333334,1.0792953915632237,137.0,139.0
1626,34085.0,0.5861816048115006,0.6870925684485006,0.5838585749444745,0.10323399350402618,1.1768133550386648,1.0774162346808183,39459.0,46696.0
2807,457.0,0.7024070021881839,0.875,0.6993318485523385,0.17566815144766146,1.2511942675159236,1.0762957837349807,464.0,465.0
6817,895.0,0.2804469273743016,0.125,0.2832764505119454,-0.1582764505119454,0.44126506024096385,1.0759538793573802,2506.0,2740.0
1946,371.0,0.1805929919137466,0.0,0.1815718157181571,-0.1815718157181571,0.0,1.0747043041634163,377.0,379.0
12089,203.0,0.1921182266009852,0.0,0.2020725388601036,-0.2020725388601036,0.0,1.0746460091187793,243.0,246.0
47,4859150.0,0.2718063858905364,0.3404732290069711,0.2708152053190725,0.06965802368789858,1.2572160732475417,1.0724810049489102,4861268.0,7270532.0
6882,930.0,0.3129032258064516,0.1612903225806451,0.3181312569521691,-0.156840934371524,0.5069930069930068,1.0722052926541346,1072.0,1101.0
2252,673.0,0.2659732540861813,0.4285714285714285,0.2642642642642642,0.1643071643071643,1.621753246753247,1.0701703700040384,845.0,910.0
1146,1262850.0,0.2393728471314883,0.3142290624114814,0.2380958517091525,0.0761332107023289,1.3197586608746543,1.0695865255125665,1263455.0,1486525.0
5707,316.0,0.1835443037974683,0.0,0.1853035143769968,-0.1853035143769968,0.0,1.067144737651381,316.0,318.0
7906,269.0,0.1895910780669145,0.0,0.1902985074626865,-0.1902985074626865,0.0,1.0653713429437204,452.0,489.0
2237,227.0,0.0572687224669603,0.25,0.0538116591928251,0.1961883408071749,4.645833333333334,1.0651743106132592,230.0,258.0
330,26421.0,0.2152832973770864,0.1129943502824858,0.2173812282734646,-0.10438687799097879,0.5197981039114354,1.0628622098861464,29771.0,30877.0
6425,557.0,0.3087971274685817,0.1428571428571428,0.3109090909090909,-0.16805194805194812,0.45948203842940666,1.0628208438079765,557.0,588.0
6620,108.0,0.2222222222222222,0.0,0.2264150943396226,-0.2264150943396226,0.0,1.0621919733349001,108.0,109.0
1213,166.0,0.2048192771084337,0.0,0.2073170731707317,-0.2073170731707317,0.0,1.0610474976961566,177.0,179.0
1099,119.0,0.7899159663865546,1.0,0.7787610619469026,0.22123893805309736,1.2840909090909092,1.0591795891110722,119.0,120.0
7525,537.0,0.7374301675977654,0.5714285714285714,0.7396226415094339,-0.1681940700808625,0.7725947521865889,1.0575805233264024,571.0,603.0
7828,517.0,0.0560928433268858,0.2222222222222222,0.0531496062992126,0.1690726159230096,4.181069958847736,1.0566996636628563,615.0,620.0
863,19734.0,0.4156785243741766,0.3095238095238095,0.4163606691146471,-0.10683685959083761,0.743403093721565,1.0566324587737783,20836.0,23782.0
5848,259.0,0.1891891891891892,0.0,0.189922480620155,-0.189922480620155,0.0,1.0560984493013983,312.0,312.0
1915,4459.0,0.5229872168647679,0.6470588235294118,0.521551724137931,0.12550709939148075,1.2406417112299466,1.0546241131546614,5320.0,5601.0
248,1248.0,0.2107371794871795,0.3548387096774194,0.2070665571076417,0.14777215256977766,1.713645673323093,1.0536300048758211,1369.0,1387.0
5274,280.0,0.1857142857142857,0.0,0.1863799283154122,-0.1863799283154122,0.0,1.0508761390872932,336.0,337.0
6864,203.0,0.4778325123152709,0.6666666666666666,0.4690721649484536,0.19759450171821302,1.421245421245421,1.050831270261314,245.0,246.0
2491,5006.0,0.2758689572512984,0.1538461538461538,0.2771497779572063,-0.1233036241110525,0.5551011261135076,1.0503732921044708,5774.0,5899.0
14087,899.0,0.4860956618464961,0.3333333333333333,0.4876404494382022,-0.15430711610486886,0.6835637480798772,1.0496579185354364,899.0,1112.0
1343,15656.0,0.1537429739397036,0.046875,0.1555194805194805,-0.1086444805194805,0.30140918580375786,1.0493615519112802,17763.0,18456.0
6431,1126.0,0.191829484902309,0.0454545454545454,0.1947463768115942,-0.14929183135704882,0.23340380549682846,1.0491206533229678,1133.0,1144.0
1964,1294.0,0.4435857805255023,0.3,0.4458398744113029,-0.14583987441130292,0.672887323943662,1.0451273296656431,1309.0,1339.0
7895,3476.0,0.4306674338319908,0.3061224489795918,0.4342806394316163,-0.12815819045202453,0.7048954551145611,1.0449922899994128,3492.0,3652.0
1664,6610.0,0.372768532526475,0.4883720930232558,0.3696800248524386,0.11869206817081718,1.3210670314637483,1.0440736153527628,6743.0,6921.0
1089,104935.0,0.495249440129604,0.4076495586793069,0.4978797754132474,-0.0902302167339405,0.8187710744847024,1.0431610928000745,104953.0,122093.0
5781,250.0,0.188,0.0,0.1887550200803212,-0.1887550200803212,0.0,1.0429569804786896,250.0,250.0
1407,86069.0,0.7800834214409369,0.8707926167209555,0.7791022689904636,0.0916903477304919,1.1176871784102251,1.041869737394373,86069.0,116006.0
2837,565.0,0.1628318584070796,0.0,0.1642857142857142,-0.1642857142857142,0.0,1.041340455704808,800.0,811.0
15610,680.0,0.7441176470588236,0.8947368421052632,0.735202492211838,0.1595343498934252,1.2169937555753791,1.040732271500816,689.0,724.0
805,19859.0,0.3790724608489853,0.2796442687747035,0.384411312145169,-0.1047670433704655,0.7274610812417994,1.036823161797656,19883.0,22639.0
1803,1204.0,0.117109634551495,0.2592592592592592,0.1138487680543755,0.1454104912048837,2.2772249861802103,1.031576173668721,1207.0,1223.0
23423,256.0,0.04296875,0.2222222222222222,0.0364372469635627,0.1857849752586595,6.098765432098774,1.0309349631406777,256.0,261.0
6886,166.0,0.4156626506024096,0.2307692307692307,0.4313725490196078,-0.2006033182503771,0.5349650349650349,1.0266865415556992,166.0,169.0
6221,262.0,0.183206106870229,0.0,0.1839080459770115,-0.1839080459770115,0.0,1.0247639599407383,315.0,317.0
6564,2606.0,0.428626247122026,0.3,0.4301242236024845,-0.1301242236024845,0.6974729241877256,1.0235513411298565,2610.0,3032.0
1321,19637.0,0.4200743494423792,0.5221674876847291,0.4190079242564578,0.10315956342827132,1.2461995524579423,1.019755159474763,21137.0,23767.0
1747,22368.0,0.573453147353362,0.6723076923076923,0.5704945206740952,0.10181317163359704,1.1784647668715464,1.0197028310992444,22368.0,30508.0
2005,3165.0,0.2600315955766192,0.1363636363636363,0.2626653759277186,-0.1263017395640823,0.5191534509716326,1.018020342844277,3461.0,3654.0
3309,640.0,0.24375,0.4,0.24251968503937,0.15748031496063003,1.64935064935065,1.0177999144756968,705.0,710.0
1438,2020.0,0.8123762376237624,0.9423076923076924,0.8089430894308943,0.13336460287679808,1.1648627754155394,1.0150843656887574,25343.0,29123.0
2215,113.0,0.2123893805309734,0.0,0.2142857142857142,-0.2142857142857142,0.0,1.0148996675131057,116.0,119.0
1366,127366.0,0.094986103041628,0.0097529258777633,0.0960279111167625,-0.0862749852389992,0.10156344925492025,1.0141476088981198,127366.0,187003.0
7105,874.0,0.0675057208237986,0.2142857142857142,0.0651162790697674,0.14916943521594678,3.2908163265306127,1.0105071511543413,874.0,883.0
7363,954.0,0.1457023060796645,0.0,0.147089947089947,-0.147089947089947,0.0,1.0092887580177998,954.0,989.0
6543,21790.0,0.6039926571821936,0.5049261083743842,0.6058735503179947,-0.1009474419436105,0.8333852965018396,1.008389468582492,28815.0,30532.0
1242,13226.0,0.3325268410706185,0.4371859296482412,0.3309280724648806,0.10625785718336062,1.3210904907278216,1.0083887089069419,19314.0,20302.0
7211,388.0,0.1675257731958762,0.0,0.1688311688311688,-0.1688311688311688,0.0,1.0068380710005167,389.0,398.0
13399,8258.0,0.6450714458706709,0.5368852459016393,0.6483653606189169,-0.11148011471727759,0.8280597306881712,1.0054457089758901,8258.0,9169.0
7822,249.0,0.180722891566265,0.0,0.1814516129032258,-0.1814516129032258,0.0,1.0018779891282301,382.0,415.0
2519,238.0,0.3445378151260504,0.1666666666666666,0.3491379310344827,-0.1824712643678161,0.4773662551440328,0.999297228585204,300.0,305.0
3113,557.0,0.400359066427289,0.5555555555555556,0.3978102189781022,0.15774533657745338,1.3965341488277268,0.9976381331574736,580.0,586.0
1446,10998.0,0.3306055646481178,0.4375,0.3302936348714207,0.10720636512857928,1.3245789618995032,0.9976152243369245,14811.0,16978.0
1197,2270.0,0.1916299559471365,0.0652173913043478,0.1942446043165467,-0.12902721301219888,0.3357487922705314,0.997119146424317,2715.0,2741.0
1592,1867101.0,0.4104871670038204,0.3424677935810559,0.4114798969483921,-0.06901210336733621,0.8322831713550475,0.9965277371256068,1982600.0,2493369.0
2367,9040.0,0.0625,0.1691542288557214,0.0600746690802126,0.1090795597755088,2.8157330110277283,0.9936629840436745,9477.0,9768.0
6887,166.0,0.4096385542168674,0.2307692307692307,0.4248366013071895,-0.19406737053795878,0.5431952662721893,0.9932356016052628,166.0,169.0
62,3705019.0,0.3165840714986886,0.3811891372925524,0.315550728043588,0.06563840924896436,1.2080122256599501,0.9927940160337092,3708061.0,5172413.0
1963,63132.0,0.5798802509028702,0.6674191121143717,0.5779978318204618,0.08942128029390983,1.1547086777337359,0.9883733119401495,67075.0,74042.0
40,5346328.0,0.5687821622616495,0.6316765148881938,0.5679592517357427,0.06371726315245108,1.1121863284341693,0.9871027889426379,5348157.0,7890781.0
12018,105.0,0.2095238095238095,0.0,0.2115384615384615,-0.2115384615384615,0.0,0.9864967314467833,112.0,119.0
152,1284.0,0.2274143302180685,0.0909090909090909,0.2285938727415553,-0.1376847818324644,0.39768822243049057,0.9856184379669302,3175.0,3311.0
42,3978615.0,0.5421879221789492,0.6061416949006236,0.5414342736878083,0.06470742121281536,1.1195111287877682,0.9833227402518055,4004503.0,5941092.0
2268,262.0,0.2862595419847328,0.4545454545454545,0.2788844621513944,0.17566099239406008,1.6298701298701297,0.9788101070649096,284.0,284.0
12,613.0,0.3491027732463295,0.5,0.3486088379705401,0.1513911620294599,1.4342723004694835,0.9719304923954348,7076.0,7942.0
2007,2566.0,0.3963367108339828,0.5166666666666667,0.3934557063048683,0.1232109603617984,1.3131507775524005,0.9672668041288828,2774.0,3025.0
2534,1090.0,0.1376146788990825,0.0,0.1382488479262673,-0.1382488479262673,0.0,0.9670299519584891,1091.0,1099.0
2261,753.0,0.2563081009296148,0.4,0.2543741588156124,0.14562584118438765,1.5724867724867726,0.9648283367677807,753.0,795.0
1562,1592256.0,0.5306565024719643,0.4644294733274013,0.5316529128457181,-0.06722343951831683,0.8735576578363926,0.9599952897991204,1628085.0,2032013.0
2259,769.0,0.2574772431729519,0.4,0.2555994729907773,0.14440052700922273,1.5649484536082479,0.9597422930531113,769.0,814.0
1044,44336.0,0.2497067845543125,0.1610169491525423,0.250661134415466,-0.0896441852629237,0.6423690275240669,0.959154667567365,135607.0,173826.0
894,261.0,0.3295019157088122,0.5,0.3281853281853282,0.1718146718146718,1.5235294117647058,0.9567232834647443,261.0,261.0
1037,31230.0,0.2809798270893371,0.1899313501144164,0.2822719449225473,-0.09234059480813092,0.6728665513199752,0.9556481876319511,35148.0,37310.0
15603,136.0,0.8088235294117647,1.0,0.8059701492537313,0.19402985074626866,1.2407407407407407,0.9546231647129199,136.0,143.0
6965,2268.0,0.7350088183421517,0.8571428571428571,0.7338673787271918,0.12327547841566533,1.1679805942995756,0.9525612693742841,2292.0,2569.0
26,70078.0,0.5912982676446246,0.6761229314420804,0.5907831455028354,0.08533978593924496,1.144451964462543,0.9521682890868942,70628.0,88584.0
633,287.0,0.0348432055749128,0.2,0.0319148936170212,0.1680851063829788,6.266666666666683,0.9518593147462552,387.0,411.0
2226,682.0,0.5234604105571847,0.6666666666666666,0.5208955223880597,0.14577114427860693,1.279847182425979,0.9513746238080801,731.0,741.0
6721,547066.0,0.6059250620583256,0.6765779304422499,0.6047010692701069,0.07187686117214298,1.1188634596907536,0.9496605619279473,547130.0,801608.0
1282,1533.0,0.4918460534898891,0.6190476190476191,0.490079365079365,0.12896825396825407,1.2631578947368423,0.9460639063993421,1557.0,1573.0
1342,1421.0,0.4377199155524278,0.3103448275862069,0.4403735632183908,-0.13002873563218387,0.704730831973899,0.9439851648532588,1544.0,1590.0
11968,1146.0,0.8821989528795812,0.75,0.8835978835978836,-0.1335978835978836,0.8488023952095808,0.9411844137963843,1146.0,1198.0
6477,525.0,0.0514285714285714,0.2,0.05,0.15000000000000002,4.0,0.9397951819106567,535.0,566.0
8,4280300.0,0.2371350139008948,0.2976999263321601,0.2362581665072768,0.061441759824883285,1.26006195143731,0.9381870340417272,4283302.0,5969061.0
1607,1827249.0,0.3930115709462695,0.3289362793594958,0.3939830818274649,-0.06504680246796907,0.8348995033841207,0.9378657861368433,1954430.0,2457210.0
1509,67657.0,0.410482285646718,0.4926340601060695,0.4083687083080655,0.08426535179800404,1.2063462505418898,0.93721785542509,67657.0,97362.0
480,283.0,0.4134275618374558,0.25,0.4157706093189964,-0.1657706093189964,0.6012931034482759,0.9364339014872967,286.0,291.0
869,915.0,0.0306010928961748,0.1666666666666666,0.0297029702970297,0.1369636963696369,5.611111111111109,0.9340946506071823,920.0,928.0
1418,275802.0,0.1880153153349141,0.2616094606287857,0.1870784144527879,0.07453104617599782,1.398394685960987,0.9336833672417693,283243.0,351170.0
1634,113117.0,0.5396536329640991,0.61731843575419,0.5371153126340871,0.08020312312010291,1.1493219821396932,0.9332585226198163,114464.0,130156.0
1891,17685.0,0.3203279615493355,0.2263374485596707,0.3216374269005848,-0.09529997834091408,0.7037037037037035,0.9320841680441201,18853.0,20629.0
943,51929.0,0.4262165649251863,0.3417874396135266,0.4275845873857654,-0.08579714777223879,0.7993446202146831,0.9315555676844558,60175.0,62301.0
769,174.0,0.3218390804597701,0.5,0.3197674418604651,0.18023255813953493,1.563636363636364,0.9308625883234244,190.0,190.0
13396,34195.0,0.2654189208948677,0.1798344620015048,0.2688796933000669,-0.0890452312985621,0.6688287233384019,0.9296201007895984,34296.0,50231.0
12492,149.0,0.3691275167785235,0.5384615384615384,0.3529411764705882,0.18552036199095023,1.5256410256410258,0.9295748735653687,149.0,181.0
1647,1449.0,0.2125603864734299,0.0869565217391304,0.214586255259467,-0.1276297335203366,0.4052287581699346,0.929057523173535,1687.0,1708.0
807,199.0,0.3366834170854271,0.1666666666666666,0.3419689119170984,-0.17530224525043178,0.4873737373737373,0.9288069304052258,305.0,306.0
6435,210747.0,0.4155219291377813,0.4899162271175923,0.4143665311000173,0.075549696017575,1.1823257680030612,0.9261197827111567,210792.0,288742.0
6925,350.0,0.4628571428571428,0.3125,0.4700598802395209,-0.1575598802395209,0.6648089171974523,0.9234247754787157,398.0,421.0
13587,4859.0,0.6752418193043837,0.782051282051282,0.6734992679355783,0.1085520141157037,1.1611761426978817,0.9214756553816329,4892.0,5226.0
948,265.0,0.5358490566037736,0.6923076923076923,0.5277777777777778,0.1645299145299145,1.311740890688259,0.918652170461946,415.0,451.0
7787,33702.0,0.0977686784167111,0.0108303249097472,0.0984891548242333,-0.0876588299144861,0.10996464462585066,0.9138732928501087,33702.0,39504.0
1987,171.0,0.8245614035087719,1.0,0.8224852071005917,0.1775147928994083,1.2158273381294964,0.9137564160023881,259.0,260.0
1905,37810.0,0.2446707220312086,0.1593959731543624,0.2460364378997151,-0.0866404647453527,0.6478551490789038,0.9132212856342613,41927.0,45570.0
6823,257.0,0.1634241245136186,0.0,0.1640625,-0.1640625,0.0,0.9110324319012029,391.0,424.0
2342,1724.0,0.1618329466357308,0.0416666666666666,0.1635294117647059,-0.1218627450980393,0.25479616306954395,0.9082408858358404,1889.0,1909.0
1843,606.0,0.1402640264026402,0.0,0.1416666666666666,-0.1416666666666666,0.0,0.9078749120667619,630.0,736.0
1482,1925040.0,0.4011625732452312,0.3396339528158832,0.4020824776728636,-0.06244852485698038,0.8446872760573545,0.9036587451250977,2063197.0,2637127.0
2573,525.0,0.2571428571428571,0.4,0.2557692307692307,0.14423076923076933,1.5639097744360908,0.9036492133756319,1030.0,1053.0
1467,24612.0,0.2712497968470664,0.1831395348837209,0.2724987638041866,-0.08935922892046569,0.6720747365126476,0.903513847753541,25542.0,27171.0
6803,39124.0,0.7438656579081894,0.659942363112392,0.7453812125943273,-0.08543884948193536,0.8853756332487074,0.903474560142109,39124.0,48522.0
7153,122.0,0.5163934426229508,0.3333333333333333,0.5210084033613446,-0.18767507002801126,0.639784946236559,0.9031270358822185,395.0,403.0
2269,2557.0,0.5005866249511146,0.6136363636363636,0.4986072423398329,0.11502912129653076,1.2307008633824277,0.9026313272060127,2787.0,2854.0
6448,2426.0,0.2407254740313273,0.3548387096774194,0.2392484342379958,0.11559027543942357,1.4831391093846762,0.9009581381580675,2427.0,2605.0
1754,181.0,0.5027624309392266,0.3333333333333333,0.5056179775280899,-0.1722846441947566,0.6592592592592592,0.8965704404701597,183.0,183.0
751,2556.0,0.3243348982785602,0.4375,0.3236220472440945,0.11387795275590551,1.3518856447688565,0.8935536025011714,2754.0,2836.0
1638,107828.0,0.537782394183329,0.6123372948500283,0.5352561029397664,0.07708119191026186,1.1440080579874041,0.8932401240535727,109305.0,124769.0
7872,1245.0,0.6755020080321286,0.8,0.675,0.125,1.1851851851851851,0.8909617124184248,1674.0,2002.0
7746,68273.0,0.0875455890322675,0.1671309192200557,0.0871248932473422,0.08000602597271352,1.918291236760329,0.8905698207822608,69624.0,101092.0
3880,435.0,0.2551724137931034,0.4,0.2534883720930233,0.14651162790697675,1.5779816513761469,0.8904452589092772,474.0,475.0
35,3100181.0,0.2553260599945616,0.3138894122079879,0.2545127622994541,0.05937664990853381,1.2332953733717784,0.8875010866693162,3102888.0,4686372.0
6723,3858.0,0.2607568688439606,0.3658536585365853,0.2584745762711864,0.10737908226539888,1.4154338264694122,0.886754002959651,4070.0,4395.0
1646,1446.0,0.2067773167358229,0.0869565217391304,0.2087139845397048,-0.1217574628005744,0.4166300688039818,0.8860592193658975,1704.0,1725.0
6896,1645.0,0.2188449848024316,0.3217391304347826,0.2021201413427562,0.1196189890920264,1.5918212222560046,0.8859105995746103,1650.0,1816.0
2156,373.0,0.5201072386058981,0.6666666666666666,0.5177111716621253,0.1489554950045413,1.287719298245614,0.8824504548374053,373.0,381.0
1094,4039.0,0.8675414706610547,0.9701492537313432,0.8640204865556979,0.10612876717564534,1.1228313087791628,0.8812932795440698,4041.0,4144.0
6822,238.0,0.1596638655462184,0.0,0.160337552742616,-0.160337552742616,0.0,0.8780827636008327,368.0,400.0
1063,30462.0,0.1080690696605607,0.0249110320284697,0.1096321070234113,-0.0847210749949416,0.22722387359708496,0.8746830929356729,30484.0,34668.0
1228,20365.0,0.3423029707832065,0.2559366754617414,0.3439407585309716,-0.08800408306923019,0.744130112856905,0.8731432574703847,29423.0,31353.0
2217,465.0,0.1397849462365591,0.0,0.1419213973799126,-0.1419213973799126,0.0,0.8719914109566961,506.0,521.0
1484,900448.0,0.3727544511176658,0.3101306662364897,0.3736287371206576,-0.06349807088416787,0.8300503559402013,0.8705997498015877,902971.0,1272134.0
1166,96929.0,0.2062437454219067,0.1317507418397626,0.2075616311788669,-0.07581088933910429,0.6347548007378395,0.870441250147197,96942.0,106301.0
7058,5298.0,0.1004152510381276,0.0,0.1013140354218244,-0.1013140354218244,0.0,0.8687955532519803,5305.0,5639.0
1397,43867.0,0.5754439555930426,0.6553846153846153,0.574241617881852,0.08114299750276333,1.1413046267911884,0.867332664499229,43877.0,48221.0
6459,1544.0,0.6068652849740933,0.7222222222222222,0.6041114058355438,0.11811081638667842,1.195511647761922,0.867261644599097,6163.0,7043.0
2303,457.0,0.2210065645514223,0.0833333333333333,0.2247191011235955,-0.14138576779026218,0.3708333333333332,0.8662521037464813,612.0,618.0
407,3795.0,0.2577075098814229,0.3596491228070175,0.2545503939146971,0.10509872889232041,1.4128798517103858,0.8661925259954247,4024.0,4104.0
1478,29100.0,0.8248797250859107,0.7431551499348109,0.8270920834362757,-0.0839369335014648,0.8985156124905265,0.8627481058542423,29109.0,30631.0
16176,203.0,0.6945812807881774,0.8461538461538461,0.6842105263157895,0.16194331983805665,1.2366863905325443,0.8612340071002778,204.0,204.0
1914,126.0,0.6746031746031746,0.5,0.6774193548387096,-0.17741935483870963,0.7380952380952381,0.8594525475974918,129.0,142.0
1705,2234.0,0.6844225604297225,0.575,0.6864175022789426,-0.11141750227894265,0.8376826029216466,0.8592513883991814,3291.0,3597.0
836,21890.0,0.094792142530836,0.180327868852459,0.0945531174126162,0.0857747514398428,1.907159423052485,0.8572183590148305,21964.0,22045.0
509,260.0,0.6076923076923076,0.4615384615384615,0.6153846153846154,-0.1538461538461539,0.7499999999999999,0.8560800626650301,260.0,296.0
1181,9029.0,0.449883708051833,0.5416666666666666,0.4478895552789408,0.09377711138772582,1.2093755263601145,0.8541507807111621,10043.0,10526.0
13392,1209.0,0.2564102564102564,0.375,0.2548197820620285,0.12018021793797151,1.4716282894736843,0.8530843312514285,1558.0,1801.0
772,4652.0,0.523645743766122,0.4242424242424242,0.5250763192324466,-0.10083389499002238,0.8079633544749824,0.8515692114019571,5272.0,5344.0
988,962.0,0.1226611226611226,0.0,0.1239495798319327,-0.1239495798319327,0.0,0.8515402338153134,962.0,1060.0
2102,8482.0,0.325159160575336,0.4121405750798722,0.3182281059063136,0.09391246917355855,1.2951105431309904,0.8495152392905206,10239.0,11128.0
1084,12495.0,0.2811524609843938,0.1923076923076923,0.2822757111597374,-0.08996801885204508,0.6812760882528325,0.8486830650776761,14315.0,14490.0
2708,795.0,0.2,0.3191489361702128,0.1925133689839572,0.12663556718625557,1.6578014184397165,0.8458748314762544,801.0,876.0
20775,1277.0,0.0336726703210649,0.15,0.0318217979315831,0.1181782020684169,4.7137500000000045,0.8453347815194613,1277.0,1337.0
7125,680.0,0.038235294117647,0.1666666666666666,0.0370919881305637,0.1295746785361029,4.493333333333344,0.8452884887295612,2476.0,2523.0
11469,231.0,0.1515151515151515,0.0,0.1548672566371681,-0.1548672566371681,0.0,0.8435212743731009,329.0,364.0
741,1481.0,0.4280891289669142,0.5416666666666666,0.4262182566918325,0.11544840997483413,1.2708668813741277,0.8429059051773279,1590.0,1602.0
6692,242.0,0.0991735537190082,0.25,0.0966386554621848,0.1533613445378152,2.5869565217391326,0.8424232885795382,264.0,265.0
1652,31449.0,0.5889217463194378,0.6692708333333334,0.587928536938677,0.0813422963946564,1.138354053739597,0.8423933694988477,31565.0,37351.0
4,788097.0,0.3422256397372404,0.4031163796317006,0.341171367938411,0.06194501169328959,1.1815656808119726,0.8410508220377964,788184.0,957751.0
2516,200.0,0.405,0.25,0.4081632653061224,-0.1581632653061224,0.6125,0.8387880211726086,200.0,203.0
6747,790.0,0.6253164556962025,0.5,0.6256345177664975,-0.12563451776649748,0.7991886409736308,0.8383965720926368,790.0,967.0
2179,1940.0,0.4010309278350515,0.2954545454545454,0.4060475161987041,-0.11059297074415869,0.7276353965183752,0.8372948010936475,1943.0,2008.0
1594,5164.0,0.2426413632842757,0.3367875647668393,0.2389861194930597,0.0978014452737796,1.4092348354006385,0.8361691419159296,5309.0,5679.0
1512,23365.0,0.2879092659961481,0.2057761732851985,0.2888946638946639,-0.08311849060946538,0.7122878993716136,0.8360919934767745,24128.0,25348.0
1327,275.0,0.1454545454545454,0.0217391304347826,0.1703056768558952,-0.1485665464211126,0.1276477146042363,0.8350035461218284,16225.0,17457.0
648,2420.0,0.1892561983471074,0.0833333333333333,0.1903171953255425,-0.1069838619922092,0.4378654970760234,0.8336114010691937,5017.0,5165.0
1495,2122420.0,0.2639086514450486,0.3202372393961179,0.2631605079728826,0.05707673142323533,1.2168894256318916,0.8314977032339058,2168588.0,3155631.0
1691,1010.0,0.1316831683168317,0.25,0.1302605210420841,0.1197394789579159,1.9192307692307702,0.8284409605941351,1336.0,1394.0
2187,5495.0,0.4795268425841674,0.575,0.4788267644362969,0.09617323556370305,1.2008518376722819,0.8282223458956802,6080.0,7656.0
1165,2294.0,0.3561464690496949,0.4615384615384615,0.3549382716049383,0.10660018993352322,1.300334448160535,0.8249243036562427,2381.0,2438.0
2185,679.0,0.5773195876288659,0.7,0.5735963581183612,0.12640364188163877,1.2203703703703703,0.8244162823787152,682.0,686.0
2253,670.0,0.1253731343283582,0.0,0.1265060240963855,-0.1265060240963855,0.0,0.8233985052795499,842.0,909.0
724,3499.0,0.3320948842526436,0.4313725490196078,0.3306264501160093,0.10074609890359854,1.3047127622979016,0.8221403784649893,4451.0,4550.0
15658,2098.0,0.386558627264061,0.28125,0.388189738625363,-0.10693973862536299,0.7245168329177057,0.8180051939304795,2098.0,2222.0
1223,4657.0,0.3813613914537255,0.4772727272727273,0.3804465640580967,0.09682616321463061,1.2545066045066047,0.8178268358472184,4665.0,5701.0
16163,847.0,0.4002361275088548,0.5172413793103449,0.3960880195599022,0.12115335975044267,1.305874840357599,0.8169226434223901,867.0,933.0
2246,348.0,0.4224137931034483,0.2857142857142857,0.4252199413489736,-0.13950565563468792,0.6719211822660098,0.816815647295102,448.0,459.0
7919,175.0,0.5257142857142857,0.375,0.5329341317365269,-0.15793413173652693,0.7036516853932584,0.8165959004139595,58960.0,73302.0
1609,101033.0,0.5329347836845387,0.6027820710973725,0.5320285946319895,0.07075347646538299,1.1329881084950406,0.8153073354272292,109705.0,123872.0
1303,10158.0,0.1810395747194329,0.2682926829268293,0.1799701046337817,0.08832257829304757,1.4907624989871167,0.8148742901381164,12316.0,12514.0
16501,8670.0,0.0685121107266436,0.1559139784946236,0.0665959453088166,0.089318033185807,2.341193262917498,0.8099126489510909,8695.0,9594.0
2358,290524.0,0.3157295094381187,0.2520775623268698,0.3163686047643549,-0.06429104243748512,0.7967843791409963,0.8087456265546715,290525.0,337965.0
16096,2655.0,0.4508474576271186,0.5507246376811594,0.4481825212683681,0.10254211641279132,1.2287954383464006,0.8085011624151283,2741.0,2871.0
1473,1248935.0,0.2595795617866422,0.3159418957433115,0.2585804376045587,0.05736145813875282,1.221832164374609,0.8052288231484638,1375989.0,1871162.0
301,1112.0,0.1717625899280575,0.0588235294117647,0.1735159817351598,-0.11469245232339512,0.33900928792569657,0.8045462605411383,1112.0,1156.0
2016,17602.0,0.5790251107828656,0.4978540772532189,0.5801139962001267,-0.08225991894690782,0.8582004235620443,0.8041585409664275,21388.0,22055.0
15393,21102.0,0.7570846365273434,0.8364779874213837,0.7558698999230177,0.08060808749836601,1.1066428065287104,0.80262847004992,21107.0,22936.0
1190,314.0,0.410828025477707,0.5454545454545454,0.4059405940594059,0.1395139513951395,1.3436807095343681,0.8025641395301287,326.0,327.0
2432,74498.0,0.0519477032940481,0.1223628691983122,0.0510401087695445,0.0713227604287677,2.3973865289120586,0.8001373107808966,94019.0,102991.0
59,5102901.0,0.2212014303236531,0.2723066267812145,0.2205126473672503,0.051793979413964186,1.2348798585130787,0.7999745838158137,5106356.0,7546932.0
16528,234.0,0.1452991452991453,0.0,0.1459227467811159,-0.1459227467811159,0.0,0.7966777145103064,234.0,235.0
1993,297.0,0.1144781144781144,0.25,0.1107266435986159,0.1392733564013841,2.2578125,0.7934533315980712,358.0,359.0
922,15435.0,0.1841269841269841,0.1035598705501618,0.1857728414650271,-0.08221297091486529,0.5574543067408354,0.7928995222424898,15435.0,18768.0
16809,4033.0,0.848251921646417,0.9402985074626866,0.8450884842267248,0.09521002323596184,1.112662786220642,0.7904825240566249,4035.0,4138.0
1559,34400.0,0.2615988372093023,0.1874062968515742,0.2630658405715471,-0.07565954371997288,0.7123931273038262,0.7903275572267924,36764.0,39975.0
6750,309.0,0.1359223300970873,0.0,0.1377049180327869,-0.1377049180327869,0.0,0.7899542180135282,548.0,551.0
882,3425.0,0.4636496350364963,0.369047619047619,0.4660281352888357,-0.09698051624121667,0.7918998684894638,0.7893388406421934,4290.0,4435.0
1686,2876.0,0.3800417246175243,0.4782608695652174,0.3792499123729407,0.0990109571922767,1.261070481395162,0.7885731015863461,3195.0,3351.0
2218,1202.0,0.3643926788685524,0.4736842105263157,0.3626373626373626,0.11104684788895308,1.3062200956937797,0.7876079545790269,1332.0,1346.0
6480,10672.0,0.6429910044977512,0.7272727272727273,0.6423784804152902,0.08489424685743707,1.1321561189324927,0.7874342493255548,10712.0,15114.0
20768,1078.0,0.1669758812615955,0.2777777777777778,0.1650943396226415,0.11268343815513629,1.6825396825396828,0.7869574646386264,1078.0,1140.0
1227,952.0,0.245798319327731,0.1333333333333333,0.247598719316969,-0.1142653859836357,0.5385057471264367,0.7838165446651474,978.0,1011.0
1480,1956363.0,0.3899291695866257,0.3367207583547558,0.3906150092132042,-0.0538942508584484,0.8620271889526088,0.7807443578176634,2046458.0,2681553.0
348,1040.0,0.0759615384615384,0.1851851851851851,0.0730503455083909,0.11213483967679419,2.535035035035034,0.779105809273595,1728.0,1756.0
2660,1536.0,0.5045572916666666,0.6086956521739131,0.5029742233972241,0.105721428776689,1.2101925384219847,0.7757402600212219,1601.0,1670.0
6997,134727.0,0.5191980820473996,0.4548259144997796,0.5203007745851516,-0.06547486008537196,0.8741595952118721,0.7733244374001272,243746.0,314589.0
8929,174286.0,0.1685103794911811,0.2315711094564408,0.16752331002331,0.0640477994331308,1.3823217164478119,0.772958218741248,174286.0,250192.0
1045,1096.0,0.8905109489051095,1.0,0.8899082568807339,0.11009174311926606,1.1237113402061856,0.7706790231495666,1096.0,1127.0
722,22022.0,0.0534465534465534,0.1300813008130081,0.0530161194575094,0.0770651813554987,2.4536179211921345,0.7706396866380743,22098.0,24269.0
49,222067.0,0.6427294465183931,0.7044494965898019,0.6418616545198824,0.06258784206991952,1.0975098631133149,0.7705025833051521,222114.0,243852.0
1378,2363316.0,0.0735889741363406,0.1253885003885003,0.0729030006499664,0.052485499738533906,1.7199360694429537,0.7702549769810814,2382013.0,3486336.0
1347,962.0,0.3326403326403326,0.2222222222222222,0.3336831059811123,-0.11146088375889007,0.6659678546470998,0.765742224749797,1082.0,1143.0
295,3859.0,0.4568541072816792,0.3653846153846153,0.4581034935644865,-0.09271887817987118,0.7976027699364854,0.7657116662546363,4699.0,4808.0
7388,403.0,0.1215880893300248,0.0,0.1266149870801033,-0.1266149870801033,0.0,0.7598690672353908,403.0,405.0
17218,98466.0,0.5007413726565515,0.4358130348913759,0.5017586928940555,-0.0659456580026796,0.8685709705948158,0.758208669362128,98466.0,146170.0
880,54913.0,0.3969369730300657,0.4658119658119658,0.3963449352557627,0.06946703055620312,1.1752691264021724,0.7581300776815665,57621.0,65604.0
6426,860.0,0.3523255813953488,0.4594594594594595,0.347509113001215,0.11195034645824448,1.3221508221508225,0.7565710211682425,860.0,894.0
6,190536.0,0.2218898265944493,0.1606848864010536,0.222881188699673,-0.06219630229861939,0.7209441377198171,0.7561578693410645,210891.0,280096.0
898,9377.0,0.471472752479471,0.3906976744186046,0.4733682602051953,-0.0826705857865907,0.8253567196272207,0.756115246852534,18225.0,19864.0
1558,4556.0,0.3948639157155399,0.3066666666666666,0.3963401026556572,-0.08967343598899064,0.773746246246246,0.7554466688962876,21338.0,21879.0
2042,13192.0,0.6735900545785325,0.7505882352941177,0.6710268661392653,0.07956136915485235,1.118566592739582,0.7548338486349451,13194.0,14164.0
7149,270.0,0.1296296296296296,0.0,0.1346153846153846,-0.1346153846153846,0.0,0.7541313797338058,270.0,291.0
2267,6579.0,0.4661802705578355,0.5504587155963303,0.4647604327666151,0.0856982828297152,1.184392381080232,0.7534413080835894,8371.0,8761.0
8934,112571.0,0.3501434650131916,0.2864435621100397,0.3511569561764494,-0.06471339406640969,0.8157137629536448,0.7527040257971425,114117.0,153619.0
746,1253.0,0.203511572226656,0.3076923076923077,0.2024193548387096,0.10527295285359811,1.5200735519460626,0.751027111964287,1362.0,1371.0
1669,2496.0,0.4206730769230769,0.5138888888888888,0.4179042904290429,0.09598459845984592,1.2296808160579136,0.7508726640010008,3105.0,3390.0
20,9181.0,0.3775187888029626,0.2967741935483871,0.3789053844449368,-0.08213119089654974,0.7832408979437842,0.7494471436079801,9309.0,9669.0
2396,1640996.0,0.362628549978184,0.3109540636042402,0.3632691160421074,-0.05231505243786716,0.8559881637947906,0.7486710131889793,1799163.0,2763070.0
1927,663.0,0.5113122171945701,0.4,0.5147744945567652,-0.11477449455676514,0.7770392749244713,0.745837049193407,679.0,737.0
1389,17161.0,0.6675601654915214,0.7427536231884058,0.6663310630737341,0.07642256011467163,1.1146915765297511,0.7451545741463375,19243.0,20735.0
1640,691967.0,0.2925862071457165,0.3470717914310361,0.2917521356234612,0.05531965580757492,1.189611828168316,0.7438997304315488,692026.0,996565.0
642,612.0,0.1862745098039215,0.3,0.1843853820598006,0.1156146179401994,1.6270270270270275,0.7420568098690374,1334.0,1354.0
1703,35144.0,0.6689619849760984,0.7389162561576355,0.6681443951868271,0.07077186097080834,1.1059230032918543,0.7407858869788914,35164.0,36684.0
1362,303308.0,0.2802761549316206,0.2228058285327007,0.2814166492942307,-0.058610820761530014,0.7917293773892873,0.739815516838185,304746.0,327295.0
33,225808.0,0.2228220435059874,0.2814743896601244,0.2217163741370753,0.0597580155230491,1.269524593100661,0.7366636370118926,236951.0,281779.0
1033,7029.0,0.917057902973396,1.0,0.9169042189281642,0.0830957810718358,1.0906264573293953,0.7360576079163549,7162.0,8187.0
728,1312.0,0.0990853658536585,0.2,0.0975232198142414,0.1024767801857586,2.050793650793653,0.735790442227315,1412.0,1447.0
6910,258.0,0.1317829457364341,0.0,0.1322957198443579,-0.1322957198443579,0.0,0.7351445684738683,391.0,424.0
1191,1126.0,0.3969804618117229,0.5,0.3960573476702509,0.10394265232974909,1.262443438914027,0.7304377093446361,1270.0,1302.0
50,95028.0,0.3357852422443911,0.2730061349693251,0.3366587000128035,-0.06365256504347844,0.810928501057428,0.7295817150603044,103362.0,111143.0
1601,36541.0,0.1577679866451383,0.2263279445727482,0.1569458291791292,0.06938211539361902,1.4420768347684483,0.7289435993045631,36740.0,41963.0
7090,1958.0,0.2267620020429009,0.3125,0.2165714285714285,0.0959285714285715,1.4429419525065967,0.7271567420213948,1979.0,2104.0
1534,6647.0,0.7155107567323604,0.6359832635983264,0.7184769038701623,-0.08249364027183592,0.8851826136268626,0.7261149064831798,6647.0,7280.0
7113,1276.0,0.0242946708463949,0.125,0.0236593059936908,0.1013406940063092,5.283333333333346,0.7248158895900487,1278.0,1321.0
1157,21917.0,0.3504585481589634,0.4218289085545723,0.3493372879784966,0.07249162057607567,1.2075118318904963,0.7245583505875082,21917.0,25100.0
2440,873.0,0.7479954180985109,0.6428571428571429,0.7497089639115251,-0.10685182105438218,0.8574755989352263,0.7237159722864929,880.0,882.0
1248,6624.0,0.4270833333333333,0.5075757575757576,0.4254467036352434,0.08212905394051417,1.193041932723323,0.7226211581003358,6624.0,6888.0
6826,18844.0,0.2100933984292082,0.2830188679245283,0.2096808624186145,0.0733380055059138,1.3497601290836887,0.7219395392985487,18887.0,24419.0
1498,2608035.0,0.2179982247170762,0.2662100191559761,0.2173527858652982,0.0488572332906779,1.2247831013353405,0.7218220414919744,2613111.0,3735584.0
7826,622.0,0.1109324758842443,0.0,0.112012987012987,-0.112012987012987,0.0,0.7207527756433997,667.0,669.0
340,2493.0,0.1752908142799839,0.0851063829787234,0.1770237121831561,-0.0919173292044327,0.48076261608766174,0.7189445461541886,3674.0,3712.0
720,1503.0,0.2754491017964072,0.3714285714285714,0.2731607629427793,0.09826780848579209,1.3597434983968648,0.718915839125533,1930.0,1988.0
7035,12020.0,0.0972545757071547,0.1726190476190476,0.0961862976712791,0.07643274994776848,1.7946324143692562,0.7180406209567379,12042.0,13452.0
7830,671.0,0.1087928464977645,0.0,0.1099397590361445,-0.1099397590361445,0.0,0.715736233220165,716.0,719.0
2207,2746.0,0.1026948288419519,0.1891891891891892,0.0990512333965844,0.0901379557926048,1.9100134617376003,0.7137361922293994,3712.0,3764.0
7151,309.0,0.3203883495145631,0.2,0.3244147157190635,-0.12441471571906348,0.6164948453608249,0.7137140115927286,313.0,316.0
994,23446.0,0.5269555574511644,0.5967302452316077,0.525846007192686,0.07088423803892163,1.1348003732449137,0.7132724917257708,23813.0,26435.0
342,856.0,0.1039719626168224,0.0,0.1055753262158956,-0.1055753262158956,0.0,0.7129964113347597,1290.0,1305.0
2562,189.0,0.1322751322751322,0.0,0.1358695652173913,-0.1358695652173913,0.0,0.7129108793696313,192.0,193.0
13,4537819.0,0.3255597016981065,0.3715163896021141,0.3250129000981611,0.046503489503953,1.1430819807149437,0.7128035004170468,4540156.0,6873560.0
406,2958.0,0.3394185260311021,0.425531914893617,0.3365921787709497,0.08893973612266731,1.2642358965304141,0.71086032659675,3414.0,3501.0
41,5170763.0,0.4761726654267465,0.5215391834819334,0.4756047436836098,0.04593443979832362,1.0965811220522244,0.7100789621042783,5174117.0,7600337.0
2949,441.0,0.2176870748299319,0.3333333333333333,0.2168949771689497,0.11643835616438361,1.5368421052631582,0.7092621095569925,442.0,446.0
6920,233.0,0.3733905579399141,0.5,0.3700440528634361,0.1299559471365639,1.3511904761904763,0.7089514224804062,233.0,241.0
1573,28061.0,0.3467802287872848,0.2783882783882784,0.3474521376133583,-0.0690638592250799,0.8012277037652491,0.7073638994030547,51057.0,54886.0
860,1337.0,0.1787584143605086,0.0833333333333333,0.1813989239046887,-0.0980655905713554,0.45939265536723145,0.705967443600666,1343.0,1350.0
2167,479.0,0.313152400835073,0.2,0.3143459915611814,-0.11434599156118141,0.6362416107382551,0.7059476937373099,939.0,957.0
763,7387.0,0.219710301881684,0.2982456140350877,0.2190995907230559,0.0791460233120318,1.3612330951912783,0.705002094020586,8755.0,8841.0
2404,937.0,0.3991462113127001,0.5,0.397170837867247,0.102829162132753,1.2589041095890412,0.7037370731023812,937.0,1007.0
1490,5491676.0,0.2026920379133801,0.2473675551168147,0.2020907074338314,0.04527684768298332,1.2240422048985498,0.7026398187927336,5508165.0,8115230.0
8931,6698.0,0.61749776052553,0.6962025316455697,0.6165583925064209,0.0796441391391488,1.1291753386331844,0.7016420509962837,8044.0,8497.0
1508,49465.0,0.5644799353077934,0.501,0.5657897451769318,-0.06478974517693181,0.8854879471937566,0.7003150018812261,64963.0,77784.0
1014,7419.0,0.4043671653861706,0.3271028037383177,0.4054978118161925,-0.0783950080778748,0.8066697136372949,0.6986511642728649,8238.0,8525.0
7093,694.0,0.4394812680115273,0.3333333333333333,0.4399421128798842,-0.1066087795465509,0.7576754385964912,0.69763845531588,835.0,835.0
1064,240.0,0.125,0.0,0.1265822784810126,-0.1265822784810126,0.0,0.6942780928469181,253.0,257.0
1943,4980.0,0.7329317269076305,0.6521739130434783,0.7336846372111877,-0.08151072416770944,0.88890223396589,0.6939322541542086,5205.0,5809.0
2209,103.0,0.145631067961165,0.0,0.1485148514851485,-0.1485148514851485,0.0,0.6897610246249563,140.0,140.0
1518,31096.0,0.267397736043221,0.2016574585635359,0.268172057005271,-0.06651459844173513,0.751970435754879,0.6880846498604782,37488.0,40429.0
7854,13761.0,0.092435142794855,0.1631799163179916,0.0911847359858009,0.07199518033219071,1.7895529833348605,0.6860900545562735,17753.0,19293.0
29,3810040.0,0.2033390725556687,0.2478492008921833,0.2026313915994807,0.04521780929270258,1.2231530314023589,0.6851922698633995,3812192.0,5325501.0
17375,51717.0,0.1382524121662122,0.2002118644067796,0.1371004273925117,0.06311143701426791,1.4603299801070861,0.6849838416799142,51717.0,67808.0
1822,2518.0,0.4003177124702144,0.3148148148148148,0.4021915584415584,-0.08737674362674358,0.7827484396606497,0.6843012149386378,4294.0,4358.0
2099,607.0,0.2932454695222405,0.1904761904761904,0.2969283276450511,-0.1064521371688607,0.6414887794198139,0.6823768158114479,618.0,642.0
1386,2486.0,0.6158487530168946,0.5294117647058824,0.6164439044147428,-0.08703213970886048,0.8588157996444307,0.6804897176092689,2711.0,2741.0
1173,855.0,0.2853801169590643,0.3846153846153846,0.2838479809976247,0.10076740361775988,1.355004827808175,0.6804087543289182,855.0,892.0
7,213267.0,0.6659914567185734,0.7201844477048837,0.6647513621364438,0.055433085568439844,1.0833892019269935,0.6801808597964518,219303.0,244861.0
6868,1697.0,0.3081909251620506,0.21875,0.3099099099099099,-0.09115990990990991,0.7058502906976745,0.6779750623853954,1697.0,1706.0
8427,21140.0,0.1066225165562913,0.1736111111111111,0.1056972952234797,0.0679138158876314,1.6425312563016745,0.6763516252638626,21174.0,23485.0
422,355.0,0.0535211267605633,0.1666666666666666,0.0515759312320916,0.115090735434575,3.231481481481486,0.6761500984409454,355.0,357.0
2464,65091.0,0.2220276228664485,0.2797759433962264,0.2188528177117943,0.06092312568443212,1.2783748745911114,0.6752449320463456,65233.0,85125.0
15457,27227.0,0.0304109890917104,0.0933435348125478,0.0272376543209876,0.0661058804915602,3.4270034310782487,0.6750733265814189,28697.0,32178.0
2265,921.0,0.3018458197611292,0.4,0.3013100436681222,0.09868995633187783,1.3275362318840584,0.6737114500103895,1061.0,1163.0
2408,472.0,0.1080508474576271,0.0,0.1089743589743589,-0.1089743589743589,0.0,0.6711834718228384,1987.0,2089.0
1477,9174.0,0.7557226945716154,0.6845637583892618,0.7581117620549798,-0.07354800366571801,0.9029852755926716,0.6710694658150063,9197.0,9472.0
1249,4748.0,0.6533277169334457,0.5753424657534246,0.6545454545454545,-0.07920298879202992,0.8789954337899543,0.6705078985899431,4748.0,4826.0
2230,4247.0,0.0923004473746173,0.1710526315789473,0.0908654998801246,0.08018713169882269,1.8824815997778093,0.6698996213387821,4585.0,4624.0
1635,36166.0,0.1886302051650721,0.2522522522522522,0.1884343364304535,0.06381791582179869,1.3386745591632252,0.6698266145505689,37039.0,37296.0
6434,5843.0,0.10439842546637,0.028169014084507,0.1053361053361053,-0.07716709125159829,0.26742031134173433,0.6692833604708001,8460.0,9300.0
6718,85481.0,0.344415718112797,0.4016096579476861,0.3427032628078462,0.05890639513983992,1.1718874651417275,0.6689446227684338,85510.0,120045.0
548,332.0,0.3855421686746988,0.5,0.3848484848484848,0.11515151515151523,1.2992125984251972,0.6688164079371425,356.0,358.0
950,12242.0,0.2305995752328051,0.16,0.2310347661707898,-0.0710347661707898,0.6925364638918535,0.6686296271796334,12745.0,15235.0
6441,148.0,0.2027027027027027,0.3333333333333333,0.2,0.1333333333333333,1.6666666666666665,0.6671928407927278,148.0,149.0
16492,5006.0,0.5629244906112665,0.64,0.5617521800851755,0.07824781991482455,1.139292418772563,0.6665612693582204,5006.0,5396.0
7189,100.0,0.14,0.0,0.1443298969072164,-0.1443298969072164,0.0,0.6660998684100783,1562.0,1576.0
400,656.0,0.375,0.4736842105263157,0.3720565149136577,0.101627695612658,1.273151232511659,0.6593283766616599,669.0,681.0
801,3170.0,0.3750788643533123,0.2950819672131147,0.3766484400128658,-0.0815664727997511,0.7834413629936582,0.6575727759431037,3380.0,3407.0
1048,58868.0,0.8279031052524292,0.7700477960701009,0.8298148635605861,-0.059767067490485215,0.9279754194399031,0.6564258808802994,58922.0,81230.0
6523,1307.0,0.1568477429227238,0.0666666666666666,0.1578947368421052,-0.0912280701754386,0.42222222222222194,0.6546758520436693,1359.0,1388.0
2409,4007.0,0.1617169952582979,0.24,0.161225514816675,0.078774485183325,1.4885981308411218,0.6535168821151262,6922.0,7085.0
1225,469.0,0.3901918976545842,0.2857142857142857,0.3917748917748918,-0.10606060606060608,0.729281767955801,0.6525625585292233,989.0,1018.0
873,68745.0,0.5273983562440905,0.5853314527503526,0.5267946381327533,0.0585368146175993,1.1111188504596128,0.6519932167834337,68824.0,76336.0
22,114708.0,0.5334588694772815,0.4783683559950556,0.5342470598638253,-0.05587870386876964,0.8954066235141984,0.6509954922936798,114838.0,121285.0
6784,3523.0,0.3380641498722679,0.4157303370786517,0.3360512521840419,0.07967908489460979,1.237103966662123,0.6507671323408006,3524.0,3752.0
12848,256.0,0.109375,0.2222222222222222,0.1052631578947368,0.11695906432748542,2.111111111111112,0.6490147467713709,256.0,261.0
1215,785.0,0.3821656050955414,0.2857142857142857,0.3830334190231362,-0.0973191333088505,0.7459252157238735,0.6488224568467643,814.0,844.0
1956,291.0,0.1134020618556701,0.0,0.1141868512110726,-0.1141868512110726,0.0,0.6482106417814989,392.0,401.0
1373,3830560.0,0.2376947495927488,0.2798279415718254,0.237071976666097,0.04275596490572839,1.1803501430535919,0.648117227199192,3841818.0,5780286.0
391,330.0,0.6121212121212121,0.7142857142857143,0.6026490066225165,0.11163670766319778,1.185243328100471,0.6477293928992371,337.0,404.0
6979,2629.0,0.5435526816279954,0.625,0.5428023032629559,0.08219769673704413,1.151432107496464,0.6472854184942087,2801.0,2978.0
54,310099.0,0.5570414609527925,0.6072852482783617,0.5561312097602936,0.0511540385180681,1.0919819596891833,0.6468249185231931,310653.0,341850.0
2313,227.0,0.2863436123348017,0.4,0.2811059907834101,0.11889400921658994,1.4229508196721314,0.6455166692489616,296.0,296.0
2212,210.0,0.0761904761904762,0.1875,0.0670103092783505,0.1204896907216495,2.798076923076924,0.6448437312886757,215.0,218.0
1918,747.0,0.4042838018741633,0.5,0.4029850746268656,0.09701492537313439,1.240740740740741,0.6419868560721512,754.0,770.0
420,250.0,0.448,0.3333333333333333,0.4493927125506073,-0.116059379217274,0.7417417417417417,0.6412806380098969,251.0,251.0
6602,387.0,0.1059431524547803,0.0,0.1073298429319371,-0.1073298429319371,0.0,0.6397937668182043,638.0,658.0
1329,842049.0,0.258487332684915,0.2123588916581146,0.2592469643544779,-0.0468880726963633,0.8191374282313619,0.6397218589087975,906558.0,1162349.0
56,148713.0,0.5459912717785265,0.5987432675044884,0.5451889271939107,0.05355434031057771,1.0982307923717785,0.6378204259952857,148773.0,190449.0
51,269695.0,0.4290031331689501,0.3789494868182733,0.4299426576913488,-0.05099317087307553,0.881395414107332,0.637672185985639,271053.0,298612.0
1217,2514.0,0.081145584725537,0.0,0.081437125748503,-0.081437125748503,0.0,0.637654981571618,2953.0,3010.0
1423,46709.0,0.3889614421203622,0.3306772908366533,0.3899164418139089,-0.05923915097725557,0.8480721902834557,0.6369223824597637,56671.0,62172.0
21195,191.0,0.8795811518324608,1.0,0.8789473684210526,0.12105263157894741,1.1377245508982037,0.6364336502981001,215.0,354.0
2214,6302.0,0.6643922564265312,0.5925925925925926,0.6653271178267159,-0.07273452523412338,0.8906785500165544,0.6363384316495602,6765.0,6872.0
956,61053.0,0.2028237760634203,0.1467676179382644,0.2044458676014561,-0.05767824966319171,0.7178800905106633,0.6355862795124197,61093.0,81621.0
872,8375.0,0.4704477611940298,0.5384615384615384,0.4681560108615156,0.07030552760002284,1.1501754243647206,0.6350786719104073,8585.0,10566.0
1916,6888.0,0.26698606271777,0.1964285714285714,0.2681523022432113,-0.0717237308146399,0.7325261419922949,0.633871468532806,8202.0,8334.0
6579,2357.0,0.2469240560033941,0.1666666666666666,0.2481688927186557,-0.08150222605198909,0.671585648148148,0.6329111666699307,2621.0,2650.0
2513,197.0,0.0507614213197969,0.1666666666666666,0.0471204188481675,0.1195462478184991,3.5370370370370385,0.6321924809818072,197.0,198.0
1091,113.0,0.3274336283185841,0.2,0.3333333333333333,-0.1333333333333333,0.6000000000000001,0.6314931264525993,113.0,118.0
17253,96551.0,0.3116591231577094,0.3657142857142857,0.3108637849313196,0.054850500782966105,1.176445451164678,0.6295651074812892,96596.0,136423.0
7793,10176.0,0.1288325471698113,0.0614035087719298,0.1295965016895249,-0.06819299291759512,0.4738052954472069,0.6292771340368097,10298.0,11404.0
7018,453.0,0.7284768211920529,0.8260869565217391,0.7232558139534884,0.10283114256825077,1.142178107087935,0.6291309252182055,453.0,562.0
6546,2637.0,0.8619643534319302,0.9411764705882352,0.8614503816793894,0.0797260889088458,1.0925486721050846,0.6280642963508641,2637.0,2950.0
1138,3095.0,0.0652665589660743,0.1428571428571428,0.0647364996746909,0.07812064318245189,2.206748025843504,0.6279232800700282,3674.0,3832.0
1374,187134.0,0.220339435912234,0.2717770034843205,0.2201016787188696,0.05167532476545089,1.2347793304723245,0.6273170263572194,187162.0,252341.0
511,133245.0,0.4304626815265113,0.3782645324347093,0.4314095559749677,-0.05314502354025841,0.8768107409671237,0.6271087439699722,145712.0,175121.0
2227,711.0,0.3164556962025316,0.2222222222222222,0.3176638176638177,-0.09544159544159547,0.6995515695067264,0.6268678348498612,725.0,737.0
8090,183.0,0.1147540983606557,0.0,0.12,-0.12,0.0,0.6257922909130783,247.0,249.0
591,596.0,0.7030201342281879,0.8,0.7021996615905245,0.09780033840947555,1.139277108433735,0.6251316567751146,788.0,796.0
897,365.0,0.6246575342465753,0.7272727272727273,0.6214689265536724,0.10580380071905493,1.1702479338842975,0.6245210409248491,404.0,408.0
809,2276.0,0.2210017574692442,0.3,0.2195885509838998,0.0804114490161002,1.3661914460285134,0.6216298788364315,2458.0,2467.0
2026,338998.0,0.079133210225429,0.1272365805168986,0.0784821404546283,0.048754440062270296,1.6212170027454331,0.6208269699334069,534022.0,680024.0
7128,73047.0,0.2670609333716648,0.2126387702818104,0.267947576381546,-0.05530880609973557,0.793583480594808,0.6193962421018737,73049.0,85564.0
7032,1482.0,0.082995951417004,0.0,0.0847107438016528,-0.0847107438016528,0.0,0.6185428017100307,1482.0,1517.0
1506,1707596.0,0.4681224364545244,0.5105543756230766,0.4675412950238197,0.0430130805992569,1.0919984631455186,0.6172634145288552,1776330.0,2569650.0
6682,10798.0,0.3305241711428042,0.3951048951048951,0.3287671232876712,0.06633777181722389,1.2017773892773893,0.6160927392701587,11828.0,13867.0
13228,1884.0,0.8200636942675159,0.9,0.8183297180043384,0.08167028199566162,1.0998011928429423,0.6159313854892875,1884.0,1960.0
1292,984.0,0.5172764227642277,0.4285714285714285,0.5179119754350051,-0.08934054686357662,0.8274985883681535,0.6157923735569747,1548.0,1605.0
1237,115382.0,0.1726699138513806,0.1201716738197424,0.1729898938813948,-0.05281822006165239,0.6946745334275679,0.6156498231523633,118724.0,138427.0
971,311.0,0.1061093247588424,0.0,0.1071428571428571,-0.1071428571428571,0.0,0.6153217701224443,35120.0,50287.0
6962,3529.0,0.4361008784358175,0.3625,0.4378080603073354,-0.07530806030733539,0.8279884105960266,0.6151955472685565,3550.0,4071.0
1429,28495.0,0.4135111423056676,0.4725848563968668,0.4127063175867956,0.059878538810071213,1.1450875265496228,0.6142052498676378,34724.0,38012.0
15475,110981.0,0.0781485119074436,0.1301739652069586,0.0773551420678046,0.052818823139153995,1.6828094645971483,0.6136027812316203,110981.0,140653.0
1671,46208.0,0.4583189058171745,0.4042724707779121,0.4613854140462414,-0.057112943268329275,0.876214241868935,0.6134461179313321,46216.0,56578.0
2932,316.0,0.2278481012658227,0.3333333333333333,0.2268370607028754,0.10649627263045791,1.4694835680751173,0.6133015733628625,334.0,338.0
2031,42276.0,0.799271454253004,0.8558139534883721,0.7983954264850712,0.05741852700330086,1.0719174047076965,0.6116220624739426,42300.0,46003.0
3493,1191.0,0.2854743912678421,0.2,0.2861981371718882,-0.08619813717188818,0.6988165680473374,0.6105748373312909,1977.0,1996.0
6946,104.0,0.1442307692307692,0.25,0.119047619047619,0.130952380952381,2.100000000000001,0.6094471887111044,104.0,116.0
2238,2815.0,0.0746003552397868,0.0,0.0766983199415631,-0.0766983199415631,0.0,0.609220332588884,2815.0,2883.0
1291,30836.0,0.5023349331949669,0.4446254071661237,0.5035073787307259,-0.05888197156460223,0.8830563879460204,0.608631764808021,35419.0,37041.0
2159,11750.0,0.1262978723404255,0.0627615062761506,0.1276170619407523,-0.06485555566460172,0.4917955743667594,0.6078063973948719,11750.0,12062.0
259,10550.0,0.1187677725118483,0.053763440860215,0.1193458927034522,-0.06558245184323719,0.45048421560518304,0.6075542547252102,12117.0,12321.0
445,1913.0,0.4140094093047569,0.4918032786885246,0.4114470842332613,0.08035619445526326,1.1953014069962566,0.6072477896534815,2627.0,3420.0
12464,168.0,0.2559523809523809,0.1428571428571428,0.2608695652173913,-0.1180124223602485,0.5476190476190473,0.6053917738107978,296.0,324.0
1311,202541.0,0.3185379750272784,0.366790825328367,0.3172913290113452,0.049499496317021774,1.156006457759997,0.6048196219433035,202593.0,247133.0
7341,954.0,0.0870020964360587,0.0,0.0878306878306878,-0.0878306878306878,0.0,0.6026688267300534,954.0,989.0
6686,585.0,0.0923076923076923,0.0,0.0944055944055944,-0.0944055944055944,0.0,0.6016770430719557,1354.0,1451.0
1497,434348.0,0.2811616491845248,0.3266894197952218,0.2803806820709891,0.04630873772423272,1.1651637958156758,0.6011616780840536,451362.0,661428.0
1447,52078.0,0.3581550750796881,0.3038906414300736,0.3591644336651867,-0.055273792235113084,0.846104494058453,0.600301964395384,56937.0,68689.0
1356,60477.0,0.2858111348115812,0.2322643343051506,0.2867379895034315,-0.0544736551982809,0.8100228878195821,0.5997568471255793,80677.0,86540.0
1577,9308.0,0.1512677266867211,0.0869565217391304,0.1523996938887066,-0.0654431721495762,0.5705819973800762,0.598067935652496,9308.0,9962.0
2243,334.0,0.1766467065868263,0.2727272727272727,0.1698717948717948,0.10285547785547791,1.6054888507718703,0.5980151741649911,375.0,385.0
2517,307.0,0.1009771986970684,0.0,0.1040268456375839,-0.1040268456375839,0.0,0.596084205611345,367.0,376.0
16498,1423.0,0.803232607167955,0.8823529411764706,0.8002915451895044,0.08206139598696616,1.1025393764063,0.5958662676228026,1440.0,1507.0
1491,5447678.0,0.1855950370047568,0.2234136003011754,0.1850905112929618,0.0383230890082136,1.2070505329554992,0.594417944511817,5449521.0,8011979.0
6627,442.0,0.0972850678733031,0.0,0.0975056689342403,-0.0975056689342403,0.0,0.5941575966257158,442.0,453.0
1839,124.0,0.1209677419354838,0.0,0.1229508196721311,-0.1229508196721311,0.0,0.5936451316355287,145.0,145.0
6733,313.0,0.4984025559105431,0.6,0.4967532467532468,0.1032467532467532,1.2078431372549019,0.593606158934683,423.0,439.0
1392,14787.0,0.6034354500574829,0.664,0.6023938914494049,0.06160610855059512,1.1022688135206122,0.591515444999683,14788.0,16623.0
6884,1613.0,0.1128332300061996,0.0380952380952381,0.1180371352785145,-0.0799418971832764,0.3227394328517927,0.5904884931444279,1977.0,2030.0
572,11434.0,0.5383068042679727,0.4758064516129032,0.5389920424403183,-0.0631855908274151,0.8827708280416561,0.5904335899643267,13232.0,13591.0
1461,60812.0,0.3574458988357561,0.3048561151079136,0.3584254606365159,-0.05356934552860232,0.8505425774344537,0.5900962788095874,71920.0,81871.0
900,212624.0,0.252055271276996,0.2991616766467065,0.2511117827382237,0.0480498939084828,1.191348623248688,0.5894417586370841,241490.0,319859.0
1629,42935.0,0.9165249796203564,0.968847352024922,0.9136354699174204,0.05521188210750161,1.0604309748531238,0.5889708704216461,42946.0,52722.0
1002,112239.0,0.3042347134240326,0.2565628815628815,0.3071900990661103,-0.050627217503228794,0.8351925480113429,0.5887132684383781,123209.0,143199.0
1650,1448.0,0.1229281767955801,0.0434782608695652,0.1242105263157894,-0.0807322654462242,0.35003684598378787,0.5876202038560033,1707.0,1728.0
7098,425.0,0.0964705882352941,0.0,0.0969267139479905,-0.0969267139479905,0.0,0.5868369106313099,425.0,432.0
2231,126.0,0.3809523809523809,0.5,0.3790322580645161,0.12096774193548387,1.3191489361702127,0.5859903733619264,136.0,136.0
1114,187.0,0.320855614973262,0.4285714285714285,0.3166666666666666,0.1119047619047619,1.3533834586466167,0.5859827910785895,187.0,187.0
6478,1157.0,0.0432152117545375,0.125,0.0420683610867659,0.0829316389132341,2.9713541666666736,0.5850370717798687,1157.0,1191.0
7529,3532.0,0.015855039637599,0.0869565217391304,0.0153889997150185,0.0715675220241119,5.6505636070853535,0.5846996876497257,26338.0,28488.0
7010,2594.0,0.2397841171935235,0.1666666666666666,0.240987460815047,-0.07432079414838039,0.6915989159891597,0.5842611653208458,3285.0,3796.0
1107,302.0,0.1688741721854304,0.0714285714285714,0.1736111111111111,-0.10218253968253971,0.41142857142857125,0.58384372913439,345.0,349.0
6923,3861.0,0.4216524216524216,0.3537414965986394,0.4243403338718363,-0.07059883727319688,0.8336268517559307,0.5830715937955435,3861.0,4294.0
188,170.0,0.1117647058823529,0.0,0.1130952380952381,-0.1130952380952381,0.0,0.5814976641282771,172.0,175.0
5056,297.0,0.101010101010101,0.0,0.1016949152542373,-0.1016949152542373,0.0,0.5793654393056344,308.0,313.0
2048,176.0,0.1079545454545454,0.0,0.1117647058823529,-0.1117647058823529,0.0,0.5785108524641336,261.0,267.0
7073,2597.0,0.4624566807855217,0.3902439024390244,0.4636150234741784,-0.07337112103515397,0.8417412781722755,0.5768802334965613,2603.0,2668.0
3789,227.0,0.105726872246696,0.0,0.1061946902654867,-0.1061946902654867,0.0,0.5765676774110909,227.0,227.0
12900,437.0,0.2654462242562929,0.3571428571428571,0.2624113475177305,0.09473150962512661,1.3610038610038608,0.5761777792504534,437.0,440.0
6589,7692.0,0.1790171606864274,0.1188524590163934,0.1830927262631871,-0.0642402672467937,0.64913807032153,0.5748261578281779,10730.0,11310.0
7072,563.0,0.2433392539964476,0.3333333333333333,0.2428571428571428,0.09047619047619052,1.3725490196078434,0.573171575135539,904.0,1211.0
2351,132.0,0.3636363636363636,0.25,0.3671875,-0.1171875,0.6808510638297872,0.5730877884634867,132.0,155.0
67,2573.0,0.6828604741546832,0.7540983606557377,0.6811305732484076,0.07296778740733001,1.1071274587768631,0.5730318238747323,2583.0,3199.0
1295,1232.0,0.3636363636363636,0.2857142857142857,0.3659147869674185,-0.08020050125313283,0.7808219178082192,0.5708034488753359,2324.0,2477.0
813,8241.0,0.0902803057881325,0.1515151515151515,0.0885143570536829,0.0630007944614686,1.711757917681754,0.5680780573073432,8273.0,9207.0
2015,13121.0,0.4563676549043518,0.3971631205673759,0.4570107858243451,-0.05984766525696922,0.8690453986791199,0.5674782844311785,14494.0,14905.0
8363,495.0,0.2242424242424242,0.3125,0.2212943632567849,0.09120563674321511,1.4121462264150948,0.5660747093920574,495.0,507.0
1252,415.0,0.6240963855421687,0.7142857142857143,0.6209476309226932,0.09333808336302107,1.1503155479059095,0.5628926035584082,623.0,627.0
6642,646.0,0.0866873065015479,0.0,0.0869565217391304,-0.0869565217391304,0.0,0.5628127212609477,753.0,798.0
657,370.0,0.0945945945945946,0.0,0.0951086956521739,-0.0951086956521739,0.0,0.562682261389294,403.0,407.0
16440,208.0,0.7740384615384616,0.875,0.77,0.10499999999999998,1.1363636363636362,0.5609450964563051,210.0,212.0
2228,489.0,0.3394683026584867,0.4285714285714285,0.3381742738589212,0.09039715471250731,1.2673093777388253,0.5599566224916784,499.0,504.0
6578,2627.0,0.1781499809668823,0.1081081081081081,0.1791505791505791,-0.07104247104247101,0.6034482758620691,0.5593868810220956,2684.0,2718.0
290,587.0,0.0868824531516184,0.0,0.0874785591766723,-0.0874785591766723,0.0,0.557826885665231,5422.0,5834.0
1620,14888.0,0.4340408382590005,0.4907407407407407,0.4327794561933534,0.057961284547387304,1.1339279943119385,0.556913929225062,14993.0,17819.0
2067,1960.0,0.3229591836734694,0.25,0.3234086242299794,-0.0734086242299794,0.7730158730158732,0.556526183339875,2248.0,2318.0
1336,358760.0,0.1946482328018731,0.1516987665007574,0.1952086610059892,-0.043509894505231794,0.777110839852045,0.5565094640764537,376650.0,460358.0
1462,115701.0,0.4080863605327525,0.3611422172452407,0.4088223675547557,-0.047680150309515,0.8833719627556118,0.5558920585584468,125515.0,148451.0
431,129.0,0.3333333333333333,0.2307692307692307,0.3448275862068966,-0.11405835543766588,0.669230769230769,0.5551829744551464,168.0,169.0
8129,16170.0,0.2311069882498453,0.2875536480686695,0.2302817343289201,0.05727191373974941,1.248703675550514,0.5550206724318818,18561.0,19033.0
12377,113.0,0.1150442477876106,0.0,0.1171171171171171,-0.1171171171171171,0.0,0.5546899083705265,113.0,117.0
1977,29564.0,0.5639291029630632,0.6167557932263814,0.562907285453229,0.05384850777315242,1.095661415591372,0.5543351979692901,30104.0,31295.0
13391,1211.0,0.3848059454995871,0.3095238095238095,0.3875106928999144,-0.07798688337610493,0.7987490802060339,0.5537089906110928,1232.0,1426.0
1612,286650.0,0.1747008547008547,0.1312547146090017,0.1753121097522579,-0.044057395143256184,0.7486916608013227,0.5536261405436168,355838.0,417806.0
1984,1609.0,0.5655686761963953,0.6382978723404256,0.5633802816901409,0.0749175906502847,1.1329787234042554,0.5531906995788515,1609.0,1743.0
8928,600825.0,0.165668871967711,0.2066003616636528,0.1650570883666088,0.04154327329704402,1.251690331558328,0.5527773142614917,601807.0,855884.0
258,233.0,0.0987124463519313,0.0,0.1013215859030837,-0.1013215859030837,0.0,0.5527417870186218,4558.0,4643.0
25,1198206.0,0.3280437587526685,0.3667743061616338,0.3272885840941384,0.0394857220674954,1.1206449720108114,0.5526554660605187,1198529.0,1468547.0
701,101303.0,0.4133737401656417,0.3663366336633663,0.4142333015027391,-0.04789666783937285,0.8843727250667311,0.5520513022492,117654.0,137848.0
410,177.0,0.1016949152542373,0.0,0.1065088757396449,-0.1065088757396449,0.0,0.5519059402677957,217.0,220.0
6950,1346.0,0.4242199108469539,0.5,0.4234234234234234,0.07657657657657663,1.1808510638297873,0.5517828738692624,2122.0,2213.0
1829,2195.0,0.3284738041002278,0.4,0.328310502283105,0.07168949771689503,1.2183588317107095,0.5516071552569954,2669.0,2688.0
4653,728.0,0.25,0.3333333333333333,0.2496551724137931,0.08367816091954022,1.3351749539594844,0.5515791352761268,1373.0,1391.0
1087,399.0,0.7568922305764411,0.6666666666666666,0.7582697201017812,-0.09160305343511455,0.8791946308724832,0.5488364470633268,399.0,432.0
1503,2455596.0,0.4451595457884766,0.4820763877650105,0.4447841933785296,0.037292194386480904,1.0838433445739464,0.5487128905487443,2458184.0,3499574.0
623,1621.0,0.0727945712523133,0.0,0.0741671904462602,-0.0741671904462602,0.0,0.5482005013775564,2918.0,2974.0
1364,33738.0,0.2762760092477325,0.2245283018867924,0.2771019031558661,-0.05257360126907368,0.81027340241867,0.5481539071426627,35384.0,36860.0
953,12476.0,0.3296729721064443,0.3870967741935484,0.3290965025906736,0.0580002716028748,1.1762409236995595,0.5470378109089825,13167.0,13666.0
1255,10466.0,0.6451366329065545,0.5862068965517241,0.645300373670595,-0.05909347711887092,0.9084248521618923,0.546968203659344,56962.0,74097.0
7889,26935.0,0.5681826619639874,0.5157699443413729,0.5692529171086528,-0.05348297276727987,0.9060470817805724,0.5455915158757134,27044.0,28904.0
1463,2394.0,0.0367585630743525,0.1044776119402985,0.034808766652342,0.0696688452879565,3.0014741109268535,0.5421029350065527,2473.0,2800.0
549,490.0,0.6632653061224489,0.75,0.6625514403292181,0.08744855967078191,1.1319875776397517,0.5418701140561053,498.0,500.0
1600,62085.0,0.2184585648707417,0.1701030927835051,0.2190706095353047,-0.048967516751799584,0.7764761012183693,0.5404190200978884,67878.0,74203.0
1236,14932.0,0.3134878114117332,0.3686131386861314,0.3124573611679629,0.05615577751816847,1.1797230102317278,0.5397316421992274,16634.0,17321.0
1434,2056.0,0.2028210116731517,0.2727272727272727,0.2020648967551622,0.0706623759721105,1.3497013934970141,0.5390835411433507,2121.0,2258.0
1930,6358.0,0.1373073293488518,0.0769230769230769,0.138184139141535,-0.06126106221845809,0.5566708118671166,0.5365014964666646,6366.0,7377.0
7214,95221.0,0.5517690425431365,0.5058275058275058,0.552612159777552,-0.04678465395004616,0.9153390798188755,0.5363376956097725,108189.0,140063.0
8932,112641.0,0.5453609254179207,0.5,0.5460834272829763,-0.04608342728297632,0.9156110129321023,0.5360410402848035,112641.0,151940.0
1965,883.0,0.5889014722536806,0.6666666666666666,0.5881006864988558,0.0785659801678108,1.1335927367055771,0.533027519032553,891.0,894.0
10,270472.0,0.4880911887367269,0.5297401011686727,0.4871892694314022,0.04255083173727042,1.0873394272146664,0.5322227208653935,270788.0,332141.0
920,34293.0,0.1710261569416499,0.1207349081364829,0.1715911771644255,-0.050856269027942616,0.7036195574367433,0.5310780671132201,34293.0,41008.0
7158,3092.0,0.565006468305304,0.5,0.5659881812212738,-0.06598818122127381,0.8834106728538282,0.530340200692613,4893.0,5471.0
9024,298.0,0.8859060402684564,0.9622641509433962,0.8693877551020408,0.09287639584135543,1.1068296571884135,0.529436653793544,299.0,316.0
17725,887.0,0.0349492671927846,0.1111111111111111,0.0333716915995397,0.0777394195115714,3.3295019157088124,0.5277707223806724,1207.0,1285.0
1700,518.0,0.583011583011583,0.5,0.5843137254901961,-0.08431372549019611,0.8557046979865771,0.5271213077963398,841.0,849.0
6908,729.0,0.0795610425240054,0.0,0.0798898071625344,-0.0798898071625344,0.0,0.5267170564466407,733.0,744.0
13398,5613.0,0.6620345626224835,0.7222222222222222,0.661252481501534,0.06096974072068817,1.0922034206695779,0.5263529152463615,5613.0,6007.0
7786,180.0,0.1,0.0,0.1011235955056179,-0.1011235955056179,0.0,0.5256907110268809,180.0,183.0
1489,5274794.0,0.2616801717754285,0.2951016556575448,0.2612310590195456,0.03387059663799924,1.1296576171498236,0.5242643491994486,5290312.0,7798612.0
1340,896665.0,0.1891352957905126,0.2267101460016304,0.1885612315607831,0.03814891444084728,1.2023157895452645,0.5228857579956873,898514.0,1032561.0
2518,306.0,0.088235294117647,0.0,0.0912162162162162,-0.0912162162162162,0.0,0.5223813823812645,367.0,375.0
1874,350.0,0.0885714285714285,0.0,0.0888252148997134,-0.0888252148997134,0.0,0.5205855957806352,350.0,353.0
12429,196.0,0.096938775510204,0.0,0.0984455958549222,-0.0984455958549222,0.0,0.520108139098558,459.0,541.0
732,1744.0,0.2006880733944954,0.2692307692307692,0.19965075669383,0.06958001253693921,1.34850863422292,0.5193806878761156,1972.0,1995.0
5763,441.0,0.1655328798185941,0.25,0.1647597254004576,0.08524027459954239,1.5173611111111116,0.5192249270192092,480.0,484.0
1621,209278.0,0.6880704135169488,0.7294172062904718,0.6871981029889633,0.042219103301508465,1.0614365830142383,0.5172441172481239,209300.0,235512.0
1401,160100.0,0.8030293566520924,0.8456449834619625,0.8025409701426531,0.04310401331930935,1.05370942409538,0.5165395361054751,161054.0,175402.0
2056,163.0,0.0981595092024539,0.0,0.10062893081761,-0.10062893081761,0.0,0.5131941059445732,163.0,166.0
14323,215.0,0.0930232558139534,0.0,0.0952380952380952,-0.0952380952380952,0.0,0.5119312769223012,215.0,216.0
815,482740.0,0.206554252806894,0.2448446880709997,0.2059367093403609,0.03890797873063881,1.1889317298274094,0.5091978826917725,484542.0,539813.0
1681,2637.0,0.3598786499810391,0.4222222222222222,0.3576756968983117,0.06454652532391053,1.1804610318331505,0.5084830895919837,2871.0,2893.0
527,705.0,0.076595744680851,0.0,0.0772532188841201,-0.0772532188841201,0.0,0.5067513917376748,846.0,849.0
7720,2678.0,0.7352501867064973,0.673469387755102,0.7375968992248062,-0.06412751146970419,0.9130588651645629,0.5061712010393781,2680.0,2804.0
827,20888.0,0.3239180390654921,0.374331550802139,0.3234626346553306,0.050868916146808385,1.1572636548917385,0.5059919889624397,23306.0,26061.0
1130,1050658.0,0.2399781850992425,0.275994556951893,0.2395447737113079,0.03644978324058512,1.1521627154534095,0.505373625506419,1060305.0,1371177.0
5008,214.0,0.0934579439252336,0.0,0.0938967136150234,-0.0938967136150234,0.0,0.5042852608570572,270.0,275.0
951,114.0,0.8947368421052632,1.0,0.8938053097345132,0.10619469026548678,1.118811881188119,0.5038865977022923,131.0,164.0
6893,776.0,0.086340206185567,0.1549295774647887,0.0794326241134751,0.0754969533513136,1.9504527162977883,0.5024654696641565,1464.0,1486.0
19,7059.0,0.4282476271426547,0.484375,0.4277340957827019,0.056640904217298116,1.1324208305481285,0.5019630400736381,7115.0,7170.0
1692,11674.0,0.3030666438238821,0.25,0.3035251425609124,-0.0535251425609124,0.8236549957301451,0.5012739371549796,12834.0,13908.0
12361,10940.0,0.1970749542961608,0.1438848920863309,0.1977594667160448,-0.0538745746297139,0.7275752431762453,0.5010482237722467,14104.0,15078.0
1715,872.0,0.073394495412844,0.0,0.0739884393063583,-0.0739884393063583,0.0,0.5010449428598082,882.0,899.0
2180,153.0,0.3986928104575163,0.3076923076923077,0.4071428571428571,-0.09945054945054937,0.755735492577598,0.5009277038664101,153.0,159.0
1525,136890.0,0.5517130542771569,0.5095785440613027,0.5518743400211193,-0.042295795959816695,0.9233597344674549,0.5002298523915109,136890.0,201323.0
6697,18246.0,0.4685958566261098,0.5192307692307693,0.4683055892404366,0.05092517999033269,1.108743481095176,0.49966543838283795,50536.0,58726.0
6895,2480.0,0.1177419354838709,0.0618892508143322,0.1256327657616198,-0.06374351494728761,0.49262030043788996,0.4982458928341911,2485.0,2580.0
4355,394.0,0.0812182741116751,0.0,0.0833333333333333,-0.0833333333333333,0.0,0.49824048040842667,395.0,403.0
1390,132421.0,0.1241494929052038,0.0828729281767955,0.1250134920512543,-0.04214056387445882,0.6629118730866137,0.4969952360805165,149285.0,165047.0
7086,6613.0,0.1915923181611976,0.1358024691358024,0.1922841396203306,-0.05648167048452821,0.7062593378941573,0.496866086265907,6624.0,7115.0
2713,142.0,0.5985915492957746,0.5,0.6,-0.09999999999999998,0.8333333333333334,0.4962844630259906,142.0,142.0
7084,120881.0,0.1590572546554049,0.200836820083682,0.1584709079927521,0.04236591209092991,1.2673418902406213,0.4957900578800123,120881.0,166326.0
1644,728.0,0.0741758241758241,0.0,0.075208913649025,-0.075208913649025,0.0,0.4957526205131856,798.0,802.0
187,119.0,0.1008403361344537,0.0,0.1034482758620689,-0.1034482758620689,0.0,0.49525776649469405,316.0,336.0
1126,33575.0,0.4244825018615041,0.4712871287128712,0.4237677653462353,0.047519363366635925,1.1121353893631118,0.495226219857104,33857.0,37311.0
842,258.0,0.0852713178294573,0.0,0.0890688259109311,-0.0890688259109311,0.0,0.4949401512444928,258.0,441.0
803,640.0,0.425,0.5,0.4238095238095238,0.0761904761904762,1.1797752808988764,0.4924212919558606,763.0,772.0
2296,768.0,0.0104166666666666,0.0833333333333333,0.0092592592592592,0.0740740740740741,9.000000000000055,0.492228960704122,768.0,779.0
1821,555.0,0.0774774774774774,0.0,0.077757685352622,-0.077757685352622,0.0,0.491488312211166,555.0,578.0
1231,85033.0,0.3067632566180189,0.3495934959349593,0.3063251437532671,0.04326835218169223,1.1412497572074698,0.4911306912625305,85034.0,93593.0
1155,436.0,0.2958715596330275,0.375,0.2943925233644859,0.0806074766355141,1.2738095238095242,0.49008807296915435,451.0,457.0
1667,2937.0,0.1467483827034388,0.2068965517241379,0.1455366446682876,0.06135990705585029,1.4216113900090523,0.4899885779251338,3245.0,3330.0
2462,2202.0,0.1435059037238873,0.0816326530612244,0.144914073385973,-0.06328142032474861,0.5633176347462058,0.4871135010024216,2952.0,3052.0
709,3976.0,0.0968309859154929,0.0384615384615384,0.0972151898734177,-0.058753651411879305,0.3956330128205123,0.4869668928411221,4017.0,4252.0
1575,528112.0,0.3358946587087587,0.3724094620054427,0.3355613517154404,0.036848110290002345,1.1098103524188028,0.4855499648670915,589037.0,721512.0
8861,212.0,0.0896226415094339,0.0,0.0904761904761904,-0.0904761904761904,0.0,0.48506929118323333,1991.0,2045.0
1968,158.0,0.0949367088607595,0.0,0.0955414012738853,-0.0955414012738853,0.0,0.4842902104032066,185.0,190.0
9014,298.0,0.8926174496644296,0.9622641509433962,0.8775510204081632,0.084713130535233,1.0965335673541028,0.4829024205413752,298.0,315.0
23422,257.0,0.0272373540856031,0.1111111111111111,0.0241935483870967,0.08691756272401441,4.592592592592606,0.4826497130263417,257.0,262.0
1994,147.0,0.0952380952380952,0.0,0.096551724137931,-0.096551724137931,0.0,0.48248946091515577,170.0,172.0
6724,766.0,0.706266318537859,0.7777777777777778,0.7054161162483488,0.07236166152942902,1.1025801081980857,0.480661381634237,766.0,782.0
6656,1902.0,0.1345951629863301,0.0714285714285714,0.1350635593220339,-0.0636349878934625,0.5288515406162463,0.48051968488166347,2307.0,2340.0
6566,1228.0,0.4332247557003257,0.5,0.4325657894736842,0.06743421052631582,1.1558935361216731,0.4797240139674466,1228.0,1418.0
1017,187.0,0.160427807486631,0.25,0.1584699453551912,0.09153005464480879,1.5775862068965523,0.47929181900219503,189.0,190.0
6535,2894.0,0.8109882515549413,0.8690476190476191,0.8092526690391459,0.059794950008473124,1.0738890982954308,0.4766100231509918,5715.0,5889.0
821,64867.0,0.2102609955755623,0.1679306608884073,0.2108720130113849,-0.04294135212297759,0.7963629620178226,0.4757948928261377,76471.0,78221.0
389,452.0,0.077433628318584,0.0,0.0776053215077605,-0.0776053215077605,0.0,0.47462577470489165,452.0,531.0
1098,222011.0,0.4399376607465395,0.4018161180476731,0.4402426344728012,-0.03842651642512812,0.9127151406606846,0.47304911989561577,224938.0,290044.0
2510,301.0,0.0797342192691029,0.0,0.0824742268041237,-0.0824742268041237,0.0,0.47096305297937063,363.0,373.0
7155,305.0,0.3311475409836065,0.25,0.3322259136212624,-0.08222591362126241,0.7525000000000001,0.47062701419708086,343.0,344.0
1673,15726.0,0.3315528424265547,0.3787234042553191,0.3300996329313057,0.04862377132401341,1.147300288983151,0.4698580305067167,15946.0,16249.0
2511,302.0,0.0794701986754966,0.0,0.0821917808219178,-0.0821917808219178,0.0,0.4696218744254275,365.0,375.0
3198,1097.0,0.2333637192342753,0.1666666666666666,0.2337305224564619,-0.06706385578979529,0.7130718954248365,0.4695305267474029,1768.0,1787.0
2584,1307.0,0.2257077276205049,0.1621621621621621,0.2275590551181102,-0.06539689295594811,0.7126157299167678,0.4693047494549627,1627.0,1815.0
2595,745.0,0.0697986577181208,0.0,0.0707482993197279,-0.0707482993197279,0.0,0.4679805866810824,745.0,752.0
21,241655.0,0.5648507169311622,0.6020376659462797,0.5643455137239112,0.03769215222236855,1.0667891412366366,0.4672044227595214,255928.0,268279.0
6922,496.0,0.1451612903225806,0.074074074074074,0.1492537313432835,-0.07517965726920951,0.496296296296296,0.4667596702869771,496.0,500.0
1969,10980.0,0.4072859744990892,0.3586626139817629,0.4087879072387569,-0.050125293256994,0.8773806847771605,0.46636180794322063,11964.0,19272.0
1751,6229.0,0.371327660940761,0.3188405797101449,0.3719155844155844,-0.05307500470543952,0.8572928725510661,0.4637233014073474,6240.0,6388.0
2576,3169.0,0.0571158094035973,0.0,0.0574603174603174,-0.0574603174603174,0.0,0.4632155945726059,3817.0,3825.0
2683,1554.0,0.5888030888030888,0.65,0.5871862615587847,0.0628137384412153,1.1069741282339707,0.461632662761379,1554.0,1573.0
6608,1643.0,0.1278149726110773,0.0666666666666666,0.1289522628642281,-0.062285596197561494,0.5169871794871792,0.4612178374231661,2049.0,2079.0
5657,298.0,0.0805369127516778,0.0,0.0808080808080808,-0.0808080808080808,0.0,0.4606419049204594,324.0,328.0
6276,212.0,0.0849056603773584,0.0,0.0857142857142857,-0.0857142857142857,0.0,0.45953932848937923,212.0,216.0
6681,118706.0,0.1764022037639209,0.2151589242053789,0.175860596224481,0.03929832798089791,1.2234629520460327,0.45917791599391705,118724.0,163838.0
1870,15005.0,0.1832055981339553,0.136150234741784,0.1838831800973499,-0.04773294535556591,0.7404170118751724,0.45900980689114196,21506.0,23132.0
1505,957099.0,0.4644994927379508,0.4972990777338603,0.4639708934632383,0.03332818427062201,1.0718324893655482,0.4589845274488925,957111.0,1328590.0
6280,377.0,0.0769230769230769,0.0,0.0773333333333333,-0.0773333333333333,0.0,0.4589651511279146,377.0,382.0
16491,1114.0,0.9353680430879712,1.0,0.9346049046321526,0.06539509536784738,1.0699708454810495,0.4588518594372239,1114.0,1173.0
57,64576.0,0.2414829038652131,0.2820723684210526,0.2407039141414141,0.041368454279638506,1.171864485158868,0.4581810143847028,65203.0,68219.0
15309,22157.0,0.7134088549893939,0.7584905660377359,0.7128631463548328,0.04562741968290307,1.0640058613160397,0.4565458571967204,22160.0,24349.0
1297,51682.0,0.329205526101931,0.3704092339979014,0.3284314691793649,0.04197776481853649,1.1278128582605809,0.4555798199756207,52290.0,59260.0
1219,451.0,0.926829268292683,1.0,0.9258426966292136,0.07415730337078641,1.0800970873786406,0.45337418412238956,458.0,529.0
7739,464.0,0.0732758620689655,0.0,0.0737527114967462,-0.0737527114967462,0.0,0.4529919127765078,464.0,465.0
6983,17503.0,0.5273953036622293,0.5727002967359051,0.5265058837236397,0.046194413012265345,1.0877376957035347,0.45132794747912947,18929.0,19880.0
1492,4506486.0,0.2188479005593271,0.2479370318649232,0.2184875724134739,0.029449459451449278,1.134787801091579,0.4511960067480961,4510580.0,6675490.0
1670,10484.0,0.7312094620373903,0.6834862385321101,0.73222287161504,-0.04873663308292986,0.9334401655940724,0.45118917406686126,10501.0,12189.0
4682,211.0,0.0805687203791469,0.0,0.0841584158415841,-0.0841584158415841,0.0,0.450801815195169,239.0,245.0
7857,273.0,0.6227106227106227,0.7,0.6197718631178707,0.08022813688212926,1.1294478527607361,0.45033081005622916,321.0,336.0
7040,12955.0,0.2551138556541876,0.2083333333333333,0.2558175977434772,-0.04748426441014389,0.814382337927514,0.4496434230680997,15157.0,16562.0
382,7751.0,0.7326796542381628,0.7804154302670623,0.7305098462368492,0.04990558403021306,1.0683161004431314,0.4469397459969139,7961.0,9495.0
2341,1955.0,0.0572890025575447,0.0,0.0584246218049034,-0.0584246218049034,0.0,0.4427801602851392,2229.0,2237.0
6034,978.0,0.263803680981595,0.2,0.2641315519013361,-0.06413155190133607,0.7571984435797665,0.44164396145313856,1080.0,1086.0
3,4996311.0,0.3720166739020049,0.4002240880467465,0.3716129126560684,0.02861117539067809,1.076991876267653,0.44130479468893336,4996706.0,7509878.0
6574,44688.0,0.1026226279985678,0.1423948220064725,0.1011983404028463,0.0411964816036262,1.4070865336292364,0.44111061264244933,44694.0,62001.0
1212,35192.0,0.7794669243009775,0.8206060606060606,0.7784793551953909,0.04212670541066965,1.0541140945222578,0.4410077326594352,36055.0,46945.0
6903,565.0,0.0690265486725663,0.0,0.0693950177935943,-0.0693950177935943,0.0,0.43986684884328137,565.0,571.0
2365,25767.0,0.2261807738580354,0.2681638044914134,0.2249100359856057,0.04325376850580773,1.1923158667253781,0.4393237121802478,27742.0,28688.0
7707,138.0,0.9130434782608696,1.0,0.9111111111111112,0.0888888888888888,1.097560975609756,0.43861990516717214,138.0,141.0
2186,3101.0,0.3743953563366656,0.4285714285714285,0.374025974025974,0.05454545454545451,1.1458333333333333,0.438534673294717,3341.0,3942.0
278,416.0,0.0721153846153846,0.0,0.072639225181598,-0.072639225181598,0.0,0.43823870860523945,448.0,458.0
2596,1382.0,0.0593342981186685,0.0,0.0605612998522895,-0.0605612998522895,0.0,0.4379799462308051,1471.0,1505.0
1615,35669.0,0.1356359864307942,0.1765650080256821,0.1349084060948467,0.041656601930835396,1.3087769186269158,0.43664722071337964,35723.0,43822.0
7893,4243.0,0.1006363422106999,0.1518987341772152,0.0996637848222862,0.05223494935492899,1.524111636419095,0.4363321913870771,5713.0,6233.0
1313,2575677.0,0.1895012456919093,0.2185847208619001,0.1890326675837539,0.029552053278146195,1.1563330489691825,0.4362362799591641,2648027.0,3406941.0
7217,122298.0,0.5449802940358796,0.5814224640497474,0.5441971183963249,0.037225345653422504,1.068404157969672,0.43606604286029604,124538.0,191101.0
447,3844.0,0.3881373569198751,0.4385964912280701,0.3857881840457391,0.05280830718233098,1.1368842006215256,0.43590769684289715,4448.0,5463.0
2249,636.0,0.5047169811320755,0.5714285714285714,0.5039745627980922,0.06745400863047923,1.1338440739071654,0.43553499607198115,690.0,746.0
2418,38490.0,0.0810859963626916,0.0407407407407407,0.0819532908704883,-0.0412125501297476,0.4971214738054113,0.43512951126610716,59689.0,63449.0
7724,1927.0,0.4987026466009341,0.5555555555555556,0.4981665793609219,0.05738897619463368,1.1152003738754528,0.43410390178209146,3403.0,3724.0
618,5060.0,0.3081027667984189,0.261744966442953,0.3125948406676783,-0.05084987422472531,0.8373297712908059,0.433714817248749,5698.0,6062.0
593,8172.0,0.1063387175721977,0.0588235294117647,0.1069392812887236,-0.0481157518769589,0.5500647535955289,0.4334551445945324,9870.0,10084.0
542,2017.0,0.1070897372335151,0.1627906976744186,0.1058763931104356,0.056914304563982984,1.537554245020586,0.4331100149927359,2186.0,2224.0
829,737.0,0.1112618724559023,0.0476190476190476,0.1131284916201117,-0.0655094440010641,0.4209288653733098,0.4326206881638377,866.0,874.0
6982,7174.0,0.4776972400334541,0.525,0.4763406940063091,0.04865930599369095,1.1021523178807948,0.4320147406204556,7176.0,7801.0
1932,349.0,0.0716332378223495,0.0,0.0737463126843657,-0.0737463126843657,0.0,0.4320009700946499,801.0,811.0
2486,8841.0,0.1796176903065264,0.1327433628318584,0.180224564619615,-0.04748120178775661,0.7365442280969232,0.43147442338372954,16730.0,18246.0
2733,5294.0,0.2786173026067245,0.323051948051948,0.2727661393758016,0.050285808676146404,1.184355025851891,0.4311765846136977,6003.0,6350.0
6616,10175.0,0.4169041769041769,0.4626168224299065,0.4159220961750828,0.04669472625482368,1.1122679624002652,0.4308890012378961,10175.0,11360.0
30,1476.0,0.059620596205962,0.1176470588235294,0.0589444825222755,0.058702576301253896,1.995896032831738,0.42839779943416895,1482.0,1540.0
1027,4989.0,0.495289637201844,0.5454545454545454,0.4951787866613097,0.0502757587932357,1.1015305181633783,0.428107698283658,5494.0,5574.0
1685,15169.0,0.0704726745335882,0.1142857142857142,0.0698576108028611,0.0444281034828531,1.6359808612440192,0.42771268755123154,19306.0,20333.0
7758,5258.0,0.5701787751996957,0.5212765957446809,0.5710689388071263,-0.0497923430624454,0.912808525068,0.42660566713016135,5258.0,5746.0
7042,6236.0,0.5044900577293137,0.5522388059701493,0.5034414945919371,0.048797311378212194,1.0969274720149254,0.42640332947283294,7262.0,7691.0
1628,4996.0,0.1008807045636509,0.0522388059701492,0.102221308103661,-0.04998250213351179,0.511036367458482,0.4256806283597634,6626.0,7130.0
2178,4659.0,0.4194033054303498,0.46875,0.4183651106728029,0.05038488932719709,1.1204328182294396,0.42558960825813374,5171.0,5318.0
1598,762687.0,0.2518910116469797,0.2210107303565247,0.252366098589993,-0.031355368233468295,0.8757544360805377,0.4246960558562181,815009.0,1015135.0
6894,739.0,0.1745602165087956,0.2293577981651376,0.165079365079365,0.06427843308577261,1.3893789696541996,0.4246651219146491,3751.0,4061.0
2662,1536.0,0.2473958333333333,0.3043478260869565,0.2465300727032386,0.05781775338371789,1.234526168551113,0.4242428385873056,1601.0,1670.0
2306,145.0,0.5448275862068965,0.625,0.5401459854014599,0.08485401459854014,1.1570945945945945,0.42287902903182045,151.0,154.0
3688,505.0,0.2336633663366336,0.3,0.2323232323232323,0.0676767676767677,1.291304347826087,0.42139187559824276,1163.0,1176.0
976,436.0,0.0688073394495412,0.0,0.069284064665127,-0.069284064665127,0.0,0.42124248464865505,436.0,444.0
2756,383.0,0.0704960835509138,0.0,0.0706806282722513,-0.0706806282722513,0.0,0.4205951542404937,386.0,391.0
2149,114.0,0.087719298245614,0.0,0.0884955752212389,-0.0884955752212389,0.0,0.4199054980852432,114.0,115.0
6741,28646.0,0.280492913495776,0.2409766454352441,0.2818365578977765,-0.0408599124625324,0.855022667153945,0.4193372732488312,39711.0,44035.0
14076,390.0,0.5307692307692308,0.6,0.5298701298701298,0.07012987012987015,1.1323529411764706,0.41858468602494786,396.0,476.0
2501,238.0,0.0756302521008403,0.0,0.0762711864406779,-0.0762711864406779,0.0,0.4176963726049454,458.0,468.0
954,87507.0,0.10535157187425,0.141298104537622,0.1046218781335261,0.036676226404095916,1.3505598165355723,0.4173565864404813,93255.0,103637.0
8012,183.0,0.0765027322404371,0.0,0.08,-0.08,0.0,0.41719486060871885,247.0,249.0
2053,163.0,0.0797546012269938,0.0,0.0817610062893081,-0.0817610062893081,0.0,0.41697021107996557,163.0,166.0
1355,5147.0,0.6700990868467068,0.7175572519083969,0.668859649122807,0.04869760278558988,1.0728069077712425,0.416187418330569,5275.0,5530.0
3824,1201.0,0.2581182348043297,0.2,0.2586062132661629,-0.05860621326616289,0.7733766233766234,0.4156201508258956,1842.0,1861.0
1938,1081.0,0.1110083256244218,0.0526315789473684,0.1120527306967985,-0.0594211517494301,0.4697036709420608,0.4151498257918678,1248.0,1256.0
6843,1440.0,0.175,0.12,0.176978417266187,-0.05697841726618699,0.678048780487805,0.41440930475047594,1458.0,1520.0
2287,14381.0,0.9288644739586956,0.8857142857142857,0.9289697476648544,-0.04325546195056873,0.953437168369261,0.41411623068818615,14381.0,17870.0
2096,4750.0,0.0713684210526315,0.12,0.0711111111111111,0.0488888888888889,1.6875000000000002,0.41389873072469396,4750.0,5009.0
6875,596.0,0.1057046979865771,0.0434782608695652,0.1082024432809773,-0.0647241824114121,0.40182328190743327,0.4137116092058495,1346.0,1428.0
8130,11514.0,0.2419663018933472,0.2857142857142857,0.2415094339622641,0.0442048517520216,1.1830357142857144,0.41337750760371594,15727.0,16117.0
261,240.0,0.075,0.0,0.0753138075313807,-0.0753138075313807,0.0,0.41308094059762224,437.0,446.0
6417,1132.0,0.058303886925795,0.0,0.0587188612099644,-0.0587188612099644,0.0,0.4129476879251319,1415.0,1451.0
6764,2032.0,0.9463582677165354,1.0,0.9457981103928392,0.05420188960716077,1.0573080967402735,0.41287030914246253,2032.0,2080.0
1132,591282.0,0.3360613040816395,0.3057675996607294,0.3368039311494384,-0.03103633148870899,0.9078504476394063,0.41247439826936094,591438.0,680620.0
6577,3867.0,0.2156710628394104,0.1666666666666666,0.2162869861220214,-0.049620319455354805,0.7705811138014527,0.4098882944018378,4900.0,4964.0
568,6035.0,0.0687655343827672,0.0227272727272727,0.0697950194816195,-0.047067746754346794,0.325628861429832,0.4097481196892475,6294.0,6343.0
2415,957910.0,0.3974809742042572,0.3681697197432284,0.3978771309102605,-0.029707411167032127,0.925335213162245,0.40914562185070447,960019.0,1528503.0
977,3571.0,0.6202744329319518,0.5714285714285714,0.6213508872352604,-0.049922315806689044,0.9196551951042968,0.40840852196326755,3860.0,4187.0
15420,51717.0,0.3232399404451148,0.3601694915254237,0.3225533255864337,0.03761616593899003,1.1166199910374515,0.40826935771298284,51717.0,67808.0
141,796.0,0.1369346733668341,0.0769230769230769,0.1379310344827586,-0.06100795755968169,0.5576923076923076,0.4075852987060343,918.0,946.0
876,13766.0,0.2732819991282871,0.2307692307692307,0.2734836873220932,-0.04271445655286252,0.8438135123483401,0.4070700396989714,13766.0,19485.0
1659,80932.0,0.4349330301981911,0.4707317073170731,0.4347507513474578,0.035980955969615314,1.0827622628784348,0.4066343457458304,96801.0,145559.0
2100,2612.0,0.3254211332312404,0.375,0.3235294117647059,0.0514705882352941,1.159090909090909,0.4049836754312079,2992.0,3184.0
1125,7329.0,0.4508118433619866,0.4059405940594059,0.4514388489208633,-0.045498254861457366,0.899215021103704,0.4049222199038425,7871.0,8130.0
2652,1535.0,0.0762214983713355,0.1304347826086956,0.0753968253968253,0.0550379572118703,1.729977116704807,0.40381001992283155,1601.0,1670.0
17276,7078.0,0.6532918903645097,0.6086956521739131,0.654178674351585,-0.04548302217767197,0.9304730894464662,0.40320189449442817,7078.0,8504.0
999,216.0,0.074074074074074,0.0,0.0747663551401869,-0.0747663551401869,0.0,0.40223531615255764,242.0,246.0
20801,1749.0,0.0531732418524871,0.0,0.0537883169462116,-0.0537883169462116,0.0,0.4016573217023319,1761.0,1843.0
2435,8947.0,0.0755560523080362,0.0319148936170212,0.0760194284423359,-0.044104534825314706,0.4198254876545153,0.4013153359430461,8950.0,9662.0
1357,174206.0,0.5836940174276432,0.5513489004760825,0.5845342913513354,-0.03318539087525285,0.943227640591394,0.4004812813623031,174677.0,190573.0
2405,15052.0,0.5186686154663832,0.4775280898876404,0.5191609519967729,-0.04163286210913253,0.9198074085714534,0.4004803471290156,15052.0,16736.0
192,153.0,0.0784313725490196,0.0,0.0794701986754966,-0.0794701986754966,0.0,0.40028762403287077,186.0,186.0
1727,331.0,0.066465256797583,0.0,0.06875,-0.06875,0.0,0.3991030291130086,334.0,336.0
14382,3572.0,0.2273236282194848,0.2747252747252747,0.2260844584889399,0.04864081623633479,1.2151444489436867,0.3979383418950117,3700.0,3755.0
6981,1157.0,0.372515125324114,0.4285714285714285,0.3721739130434782,0.056397515527950304,1.1515353805073432,0.3978534341356962,1333.0,1408.0
664,484.0,0.0640495867768595,0.0,0.0643153526970954,-0.0643153526970954,0.0,0.3977357170519956,556.0,558.0
11739,291.0,0.0687285223367697,0.0,0.0699300699300699,-0.0699300699300699,0.0,0.39697579036841113,291.0,291.0
833,326626.0,0.0922063767122029,0.062978308554716,0.0941651884447145,-0.031186879889998492,0.6688066959234231,0.39596653228309026,350526.0,397931.0
2602,612.0,0.0604575163398692,0.0,0.0615640599001663,-0.0615640599001663,0.0,0.395140603377104,662.0,670.0
18,61529.0,0.7876448503957484,0.8232044198895028,0.7875399361022364,0.03566448378726639,1.0452859368170968,0.393282253761207,62368.0,66842.0
23102,257.0,0.0428015564202334,0.1111111111111111,0.0403225806451612,0.0707885304659499,2.7555555555555618,0.39308584875341246,257.0,262.0
23103,257.0,0.0428015564202334,0.1111111111111111,0.0403225806451612,0.0707885304659499,2.7555555555555618,0.39308584875341246,257.0,262.0
17540,349.0,0.9226361031518624,0.8571428571428571,0.9239766081871345,-0.06683375104427736,0.9276672694394213,0.3915076460807658,349.0,649.0
1312,55801.0,0.2920556979265604,0.3275109170305676,0.2917622824928175,0.035748634537750124,1.1225265796261041,0.3907170244848489,55801.0,59522.0
12963,366.0,0.0655737704918032,0.0,0.0661157024793388,-0.0661157024793388,0.0,0.3904371469788144,366.0,367.0
2719,9086.0,0.1074180057230904,0.1494252873563218,0.1065978456014362,0.04282744175488559,1.401766485178464,0.3903550048887769,11571.0,12543.0
2236,28690.0,0.2704775182990589,0.3078880407124681,0.2699579460720218,0.03793009464044633,1.1405037161985483,0.389327340729436,30490.0,35671.0
1926,369.0,0.6856368563685636,0.75,0.6842105263157895,0.06578947368421051,1.096153846153846,0.3890462503709387,394.0,421.0
1604,2061177.0,0.1235886098088616,0.1499015716268112,0.1231869923504696,0.02671457927634159,1.2168620141348856,0.3883976105381625,2176644.0,2782268.0
655,575.0,0.0608695652173913,0.0,0.0610820244328097,-0.0610820244328097,0.0,0.38824392342819536,599.0,605.0
2013,6986.0,0.495276266819353,0.5384615384615384,0.4947063089195069,0.04375522954203154,1.0884468800036082,0.3873128278311227,8008.0,8390.0
190,5033.0,0.0566262666401748,0.0120481927710843,0.0573737373737373,-0.045325544602653,0.2099949092143217,0.3863535903901595,5241.0,5567.0
2055,163.0,0.0736196319018405,0.0,0.0754716981132075,-0.0754716981132075,0.0,0.3848955794584299,163.0,166.0
2052,163.0,0.0736196319018405,0.0,0.0754716981132075,-0.0754716981132075,0.0,0.3848955794584299,163.0,166.0
6873,1203.0,0.0897755610972568,0.1397849462365591,0.0855855855855855,0.054199360650973596,1.6332767402376922,0.38445799556074567,8223.0,8395.0
6930,1523.0,0.0787918581746552,0.1304347826086956,0.078,0.05243478260869559,1.6722408026755846,0.38429943677884254,1841.0,1846.0
1241,388.0,0.0618556701030927,0.0,0.064343163538874,-0.064343163538874,0.0,0.3837155609834925,392.0,397.0
7187,2788.0,0.2406743185078909,0.2875,0.2392909896602658,0.04820901033973418,1.2014660493827163,0.3824632132587777,2936.0,3561.0
2569,917.0,0.0556161395856052,0.0,0.056043956043956,-0.056043956043956,0.0,0.3823429306831261,925.0,936.0
617,647.0,0.1221020092735703,0.1785714285714285,0.1195476575121163,0.0590237710593122,1.4937258687258683,0.38211344232450783,929.0,1004.0
7082,1061.0,0.0970782280867106,0.0434782608695652,0.0982658959537572,-0.054787635084192,0.44245524296675187,0.3817552666481052,1110.0,1125.0
7743,338.0,0.0650887573964497,0.0,0.0654761904761904,-0.0654761904761904,0.0,0.38146429274514804,338.0,339.0
1809,125298.0,0.060296253731105,0.0282708744247205,0.0606897888945442,-0.0324189144698237,0.46582588174502537,0.3805480710968497,129382.0,136240.0
1648,1444.0,0.3123268698060942,0.2608695652173913,0.3131597466572836,-0.05229018143989228,0.8330239374694676,0.3804562800946676,1702.0,1723.0
1323,6040.0,0.7377483443708609,0.7804878048780488,0.7368598952171709,0.04362790966087793,1.0592078764824346,0.37983875360383046,6095.0,7143.0
6964,2538.0,0.5019700551615445,0.55,0.5015885623510723,0.048411437648927746,1.096516231195566,0.37952270389587006,2554.0,3047.0
1510,96661.0,0.1226554660100764,0.0899908172635445,0.1230276650064872,-0.03303684774294269,0.7314681397781493,0.3792291703403069,222375.0,268729.0
1696,385.0,0.0623376623376623,0.0,0.0634920634920634,-0.0634920634920634,0.0,0.37814840441046493,387.0,391.0
1008,217634.0,0.2088506391464569,0.178907344406644,0.2095543108678169,-0.030646966461172903,0.8537516773849407,0.3766688283705013,224721.0,237540.0
592,7295.0,0.6570253598355038,0.6987951807228916,0.6565446478092068,0.042250532913684746,1.0643528708286154,0.3758219350272888,8844.0,9018.0
1460,16916.0,0.3893946559470324,0.3514492753623188,0.3900240384615384,-0.03857476309921959,0.901096447153927,0.3755667601201316,19506.0,20900.0
2244,10507.0,0.3487199010183687,0.3885714285714285,0.3480449090205187,0.0405265195509098,1.1164404894327031,0.3752712002889325,10607.0,10722.0
7173,478.0,0.0606694560669456,0.0,0.060796645702306,-0.060796645702306,0.0,0.3752186946015017,725.0,725.0
1320,993.0,0.4008056394763343,0.4545454545454545,0.40020366598778,0.054341788557674464,1.1357853342586166,0.37505274396476634,1059.0,1383.0
7066,36675.0,0.011042944785276,0.0448617631716223,0.0091777432533517,0.035684019918270596,4.888103963383247,0.3750346912220462,50032.0,57448.0
2715,2011.0,0.1367478866235703,0.1839080459770115,0.1346153846153846,0.04929266136162688,1.3661740558292284,0.3749635832144071,2011.0,2051.0
2407,587.0,0.9420783645655876,1.0,0.9412780656303972,0.058721934369602824,1.0623853211009175,0.3744537413273809,587.0,596.0
1280,1173.0,0.4526854219948849,0.4,0.4529109589041096,-0.05291095890410957,0.8831758034026466,0.37398375823970964,1173.0,1212.0
6796,403.0,0.0620347394540942,0.0,0.0621890547263681,-0.0621890547263681,0.0,0.3732223182811657,591.0,593.0
1511,196020.0,0.4203295582083461,0.4505229283990346,0.4199417156675313,0.03058121273150327,1.0728225170078471,0.3726619572819014,198084.0,294502.0
1682,17478.0,0.5471449822634169,0.5843230403800475,0.5462273553379844,0.038095685042063065,1.0697432757070375,0.3721474304698498,17484.0,18355.0
823,214.0,0.1822429906542056,0.25,0.1809523809523809,0.06904761904761911,1.3815789473684215,0.3708297686088151,273.0,275.0
16488,1528.0,0.4764397905759162,0.5263157894736842,0.4758117958913188,0.0505039935823654,1.1061427943116844,0.3703139273197751,1528.0,1578.0
6553,4130.0,0.4319612590799031,0.4761904761904761,0.4317352153808713,0.044455260809604824,1.1029688087185265,0.3701467172461601,4130.0,4708.0
581,607.0,0.1894563426688632,0.1333333333333333,0.1908783783783783,-0.057545045045044985,0.6985250737463129,0.368873802329359,697.0,709.0
1243,3472.0,0.7111175115207373,0.6666666666666666,0.7118197776477472,-0.045153110981080546,0.9365666529661597,0.36812311160722705,5029.0,5167.0
946,42409.0,0.768634016364451,0.8023255813953488,0.767793701815018,0.03453187958033077,1.0449754660642558,0.3679419928295973,56695.0,64628.0
1317,90286.0,0.1443745431185344,0.1759656652360515,0.1437933562686819,0.03217230896736961,1.2237398848056287,0.36711013479983706,90910.0,98056.0
1556,46956.0,0.1427080671266717,0.109090909090909,0.1431064948498039,-0.03401558575889489,0.7623057863684269,0.36590523313703033,54048.0,58691.0
17599,7153.0,0.6998462183699147,0.6594202898550725,0.7006414825374199,-0.04122119268234736,0.941166497117667,0.36585568319995027,7153.0,8595.0
12721,104.0,0.0769230769230769,0.0,0.0784313725490196,-0.0784313725490196,0.0,0.36501649805157044,104.0,105.0
14,58256.0,0.2648997528151606,0.2325102880658436,0.2657311877178774,-0.033220899652033814,0.8749830611252756,0.3645202925214728,58297.0,74348.0
1180,8255.0,0.0926711084191399,0.0526315789473684,0.0930431593104291,-0.0404115803630607,0.5656684418009544,0.364459737472024,11867.0,12417.0
6963,553.0,0.8571428571428571,0.8,0.8576642335766423,-0.0576642335766423,0.9327659574468086,0.3642744600387118,554.0,588.0
1618,22265.0,0.2090725353694139,0.2452830188679245,0.2088993185613069,0.03638370030661761,1.1741685925889696,0.3642305339090758,25193.0,28591.0
799,75218.0,0.7267675290488979,0.6967832659518369,0.7292209006313912,-0.032437634679554295,0.9555174095374003,0.364214924229347,95572.0,103958.0
2270,217.0,0.5668202764976958,0.5,0.5674418604651162,-0.06744186046511624,0.8811475409836066,0.36314036469972905,258.0,263.0
2489,3395.0,0.0933726067746686,0.1372549019607843,0.0927033492822966,0.044551552678487705,1.480581910183429,0.36221987436311215,5538.0,5616.0
8369,283.0,0.0636042402826855,0.0,0.0640569395017793,-0.0640569395017793,0.0,0.36185600102100224,12292.0,13037.0
927,369038.0,0.1043334290777643,0.1308323668480685,0.1026195834054584,0.028212783442610107,1.2749259206319234,0.36165001113342643,396214.0,448643.0
1105,211.0,0.0663507109004739,0.0,0.0673076923076923,-0.0673076923076923,0.0,0.3605394607952316,276.0,279.0
7795,2686.0,0.0949367088607595,0.05,0.0956160241874527,-0.0456160241874527,0.5229249011857711,0.36019236563109924,2715.0,2757.0
15613,823.0,0.7339003645200486,0.7857142857142857,0.7320754716981132,0.05363881401617254,1.0732695139911634,0.3601401443266808,841.0,908.0
2688,1458.0,0.0308641975308641,0.0789473684210526,0.0295774647887323,0.0493699036323203,2.6691729323308344,0.35968475621320845,1458.0,1476.0
6916,1189.0,0.0504625735912531,0.0,0.0507614213197969,-0.0507614213197969,0.0,0.3594775932033283,1189.0,1199.0
1274,67681.0,0.6316100530429515,0.6635135135135135,0.631257375898179,0.032256137615334524,1.051098234803893,0.3587713274058592,68268.0,76198.0
20776,1277.0,0.0493343774471417,0.0,0.0501193317422434,-0.0501193317422434,0.0,0.3585061678608281,1277.0,1337.0
308,231.0,0.0649350649350649,0.0,0.0657894736842105,-0.0657894736842105,0.0,0.35833798497804653,2521.0,2639.0
905,960952.0,0.2764508529042033,0.2507495502698381,0.2767212859615582,-0.02597173569172012,0.9061447853515393,0.35777834017526217,1002631.0,1184880.0
1680,4114.0,0.3762761302868255,0.4186046511627907,0.3758290346352247,0.04277561652756601,1.1138166894664845,0.3559955391737162,4130.0,5079.0
1135,241738.0,0.3349825017167346,0.3065088757396449,0.3351829634073185,-0.028674087667673598,0.9144524310657506,0.3554329199708813,292302.0,360128.0
861,339.0,0.0589970501474926,0.0,0.0609756097560975,-0.0609756097560975,0.0,0.3554235132689147,339.0,342.0
8758,976.0,0.0512295081967213,0.0,0.0515463917525773,-0.0515463917525773,0.0,0.3548704459815866,978.0,1012.0
522,779.0,0.0526315789473684,0.0,0.0531088082901554,-0.0531088082901554,0.0,0.3536671641282758,781.0,792.0
2057,163.0,0.0674846625766871,0.0,0.0691823899371069,-0.0691823899371069,0.0,0.35282094783689416,163.0,166.0
2054,163.0,0.0674846625766871,0.0,0.0691823899371069,-0.0691823899371069,0.0,0.35282094783689416,163.0,166.0
969,767.0,0.4524119947848761,0.4,0.4531043593130779,-0.05310435931307789,0.8827988338192421,0.3528141971896118,833.0,864.0
1660,1033331.0,0.1138454183606221,0.1389436476106315,0.1134829475172291,0.0254607000934024,1.2243570567246407,0.3525873899460374,1147214.0,1472776.0
2937,644.0,0.1444099378881987,0.0909090909090909,0.1453396524486571,-0.0544305615395662,0.6254940711462453,0.35212492748321045,644.0,655.0
1515,153148.0,0.1562344921252644,0.1855828220858895,0.1561090126954149,0.029473809390474587,1.1888027403515842,0.3518927201394293,153787.0,205643.0
774,5903.0,0.4169066576317127,0.4567901234567901,0.4163517691514943,0.0404383543052958,1.0971254532860695,0.35114181401106387,6604.0,6704.0
1456,51257.0,0.123339251224223,0.1551956815114709,0.1228719613587774,0.0323237201526935,1.2630683175823207,0.35053868773878955,52432.0,66506.0
2622,4930.0,0.0766734279918864,0.1170212765957446,0.075889164598842,0.0411321119969026,1.542002434923763,0.3497585680935063,12257.0,13631.0
1474,409254.0,0.4956970487765544,0.5223281485198193,0.4953022131299981,0.027025935389821232,1.0545645359002827,0.3492316697787463,409276.0,603996.0
1675,1362.0,0.2569750367107195,0.3043478260869565,0.2561613144137416,0.04818651167321486,1.1881100266193432,0.3477834221722129,1400.0,1461.0
1706,3226.0,0.0427774333539987,0.0,0.0430308699719363,-0.0430308699719363,0.0,0.3476596602753877,3445.0,3673.0
7797,187961.0,0.3720559052143796,0.4001258257313621,0.3715729887110216,0.02855283702034045,1.076843144921243,0.34674551268685727,188069.0,245297.0
1504,652882.0,0.4811236946339461,0.4556514913657771,0.4815276416312686,-0.025876150265491504,0.9462623782555224,0.3464597406266136,656556.0,1000363.0
7139,100536.0,0.4970458343280019,0.5267489711934157,0.4966824739984494,0.03006649719496629,1.060534644906879,0.346314366321784,100536.0,143032.0
2081,1253.0,0.0478850758180367,0.0,0.0485044462409054,-0.0485044462409054,0.0,0.34603526537718016,1253.0,1272.0
990,510.0,0.0549019607843137,0.0,0.0554455445544554,-0.0554455445544554,0.0,0.34577890797169025,527.0,541.0
1399,443411.0,0.7144613011404769,0.7405027618081389,0.7139296727573986,0.026573089050740295,1.0372208777205008,0.34551007039311343,443439.0,496014.0
574,9178.0,0.1582044018304641,0.1954887218045112,0.1576561636263128,0.03783255817819842,1.2399687859199193,0.34520974275656924,10657.0,10851.0
247,4528.0,0.0618374558303886,0.0217391304347826,0.0626690712353471,-0.040929940800564495,0.34688770722552414,0.34455873787872643,5007.0,5070.0
1476,125057.0,0.4888810702319742,0.5175958877026493,0.4882883912248629,0.02930749647778641,1.0600208749674942,0.3439683968822623,125057.0,193605.0
4023,1028.0,0.3258754863813229,0.375,0.3254901960784314,0.04950980392156862,1.1521084337349397,0.3434169687839406,1818.0,1836.0
7131,475.0,0.0547368421052631,0.0,0.0556745182012847,-0.0556745182012847,0.0,0.3432566685439329,1243.0,1332.0
1123,34401.0,0.2857184384174878,0.2533333333333333,0.2861476834261141,-0.032814350092780775,0.8853237261966032,0.34277443458697404,34990.0,37368.0
903,60684.0,0.3879770614989124,0.3584327086882453,0.3894786056901418,-0.031045897001896527,0.9202885690039782,0.341922491135262,78587.0,96445.0
1689,23651.0,0.4905078009386495,0.4570446735395189,0.4909246575342466,-0.03387998399472769,0.9309874061635125,0.3412121949888058,25736.0,27560.0
249,359.0,0.3454038997214484,0.4,0.3421828908554572,0.0578171091445428,1.1689655172413793,0.34031751922248704,380.0,392.0
1997,4118.0,0.3406993686255464,0.3,0.3407984420642648,-0.040798442064264806,0.8802857142857143,0.33958035306413964,5130.0,6384.0
309,4433.0,0.0399278141213625,0.0,0.0404109589041095,-0.0404109589041095,0.0,0.3393331411098616,4548.0,4874.0
20783,454.0,0.013215859030837,0.0666666666666666,0.0113895216400911,0.0552771450265755,5.853333333333335,0.33831256803312737,454.0,461.0
1214,750.0,0.2826666666666667,0.3333333333333333,0.282258064516129,0.05107526881720431,1.180952380952381,0.3381900736116091,752.0,780.0
7802,114.0,0.0701754385964912,0.0,0.0707964601769911,-0.0707964601769911,0.0,0.33592439846819444,150.0,152.0
12592,156.0,0.0641025641025641,0.0,0.0662251655629139,-0.0662251655629139,0.0,0.3348507155859806,156.0,179.0
3081,292.0,0.0582191780821917,0.0,0.0588235294117647,-0.0588235294117647,0.0,0.3341278005304157,293.0,295.0
8938,38795.0,0.3453022296687718,0.3763676148796498,0.3449319213313161,0.0314356935483337,1.0911359361203885,0.3321518148408106,38795.0,48921.0
7133,90485.0,0.4115599270597336,0.440251572327044,0.41115084124511,0.029100731081934006,1.0707787219741707,0.33212520107009924,90485.0,132351.0
2483,446.0,0.0538116591928251,0.0,0.0544217687074829,-0.0544217687074829,0.0,0.3321120323599216,446.0,450.0
6467,6821.0,0.2939451693300102,0.2567567567567567,0.2943530457981325,-0.0375962890413758,0.8722748428186493,0.3318965794068061,8669.0,9063.0
3701,116.0,0.0689655172413793,0.0,0.0695652173913043,-0.0695652173913043,0.0,0.33128166502940887,120.0,120.0
6638,1436.0,0.1448467966573816,0.1,0.1454802259887005,-0.045480225988700496,0.6873786407766994,0.33065547306743537,1954.0,2017.0
1882,745.0,0.4510067114093959,0.5,0.4502046384720327,0.04979536152796732,1.1106060606060608,0.32938265267044686,801.0,820.0
2539,1987.0,0.042778057372924,0.0,0.0433673469387755,-0.0433673469387755,0.0,0.3293699861803082,1987.0,2164.0
14215,504.0,0.5476190476190477,0.6,0.5470941883767535,0.05290581162324648,1.0967032967032966,0.3293153156971332,504.0,513.0
271,4925.0,0.0698477157360406,0.0319148936170212,0.0705858000413992,-0.038670906424377996,0.4521432582516998,0.3287909739937723,4925.0,5290.0
8378,1244.0,0.0458199356913183,0.0,0.0461165048543689,-0.0461165048543689,0.0,0.32866729458513894,2051.0,2216.0
1307,1366.0,0.1881405563689604,0.1428571428571428,0.188373804267844,-0.04551666141070121,0.7583705357142854,0.32864731118484963,1868.0,2252.0
4164,780.0,0.2846153846153846,0.3333333333333333,0.2840466926070039,0.049286640726329434,1.1735159817351597,0.32827737444086647,1430.0,1443.0
17384,29145.0,0.0855378281008749,0.1169724770642201,0.0850604340102406,0.0319120430539795,1.3751690598020878,0.3280581309324709,29145.0,35909.0
1443,223523.0,0.4981008665774886,0.4720101781170484,0.4985678049846762,-0.026557626867627804,0.9467321664132643,0.32711756877261355,254011.0,307613.0
6955,2811.0,0.2130914265385983,0.253012048192771,0.2118768328445748,0.041135215348196225,1.1941468295326632,0.32668153450957077,3307.0,3374.0
1756,1746.0,0.0234822451317296,0.0666666666666666,0.023108030040439,0.043558636626227595,2.8850000000000033,0.3251937668307958,1750.0,1771.0
7134,29836.0,0.6258211556508916,0.5949367088607594,0.6264043984564424,-0.03146768959568291,0.9497645775265561,0.3242274817650226,29836.0,34532.0
14016,128549.0,0.2613711503006635,0.2884525479195886,0.2609129024602484,0.02753964545934018,1.1055511061341092,0.32397840543531475,128549.0,161468.0
2120,101.0,0.0693069306930693,0.0,0.07,-0.07,0.0,0.323748096929899,101.0,101.0
151,3719.0,0.0674912610916913,0.0285714285714285,0.0678610206297502,-0.03928959205832171,0.4210285714285708,0.3230185539542082,11244.0,11911.0
1435,241735.0,0.479293441164912,0.4537533512064343,0.4797752666916745,-0.026021915485240188,0.9457622822771249,0.32255729463663957,258654.0,312607.0
6698,41757.0,0.081686902794741,0.0517928286852589,0.0820506605259968,-0.030257831840737902,0.6312298810665752,0.32193262945840584,41757.0,51238.0
2043,674.0,0.0489614243323442,0.0,0.0491803278688524,-0.0491803278688524,0.0,0.3203957061084847,2387.0,2477.0
1441,123701.0,0.7068738328711975,0.6798975672215108,0.7072188244541056,-0.02732125723259471,0.961368028836501,0.3203589732903531,131976.0,145995.0
987,4717.0,0.225567097731609,0.2626262626262626,0.2247726288436552,0.03785363378260739,1.168408555691793,0.3202091975165246,4756.0,4850.0
1432,145304.0,0.5117959588173759,0.4854651162790697,0.5122396708095398,-0.026774554530470118,0.9477304159434669,0.3182581591118779,158757.0,176517.0
2495,1408.0,0.7357954545454546,0.6923076923076923,0.7362007168458782,-0.04389302453818589,0.940378997827878,0.31825232244121077,1521.0,1561.0
6508,7316.0,0.3402132312739201,0.375,0.3392355255761664,0.035764474423833625,1.1054266777133388,0.31823070858796887,7968.0,9066.0
1483,1379.0,0.1385061638868745,0.1818181818181818,0.137803979366249,0.0440142024519328,1.3193971803597477,0.3182155876763836,1510.0,1539.0
1403,11552.0,0.6478531855955678,0.680327868852459,0.6464208242950108,0.033907044557448196,1.0524535152382,0.3171902440467112,11553.0,12376.0
16566,3203.0,0.5385576022478926,0.5,0.5391690453536314,-0.039169045353631415,0.9273529411764707,0.31617861736798214,3203.0,3354.0
986,2935863.0,0.1118665959549202,0.1327594357226382,0.1115765953993376,0.021182840323300603,1.189850212291263,0.31546571104059584,3004568.0,4320833.0
1385,250449.0,0.669166177545129,0.6941236848858096,0.6687716992764204,0.025351985609389116,1.037908281162045,0.315150902711483,251485.0,281629.0
1690,410117.0,0.2693304593567202,0.2452674897119341,0.2696190318736012,-0.0243515421616671,0.9096816645603741,0.3147242061284983,464238.0,544446.0
2663,1536.0,0.2161458333333333,0.1739130434782608,0.216787838730998,-0.042874795252737186,0.8022269353128312,0.31459757215321116,1601.0,1670.0
526,19149.0,0.5361637683429944,0.5046728971962616,0.5365196725640349,-0.03184677536777325,0.9406419242456161,0.31401105206752294,22394.0,30713.0
1457,253779.0,0.4223399099216247,0.3975072924953593,0.4227144731368596,-0.025207180641500293,0.9403683047461232,0.3136837778338834,276775.0,335729.0
1400,388404.0,0.6595889846654515,0.6834334988241443,0.6591096520026264,0.02432384682151789,1.036904097440559,0.31304313841032555,388479.0,437949.0
1309,1762.0,0.3269012485811577,0.2857142857142857,0.3275663206459054,-0.04185203493161971,0.8722334004024145,0.3128344264836149,1853.0,1914.0
17728,887.0,0.0450958286358511,0.0,0.0460299194476409,-0.0460299194476409,0.0,0.31249582246223984,1207.0,1285.0
6800,190125.0,0.0881735700197238,0.0628910108659861,0.0885839818694945,-0.025692971003508397,0.709959177028638,0.31230942627239994,190734.0,286461.0
1470,469116.0,0.1239181780199353,0.1002710027100271,0.1241814850738226,-0.02391048236379549,0.8074553356357324,0.3122376039243994,483523.0,676356.0
640,771.0,0.2334630350194552,0.1875,0.2344370860927152,-0.04693708609271521,0.7997881355932204,0.31208396025364626,780.0,782.0
1156,354.0,0.1949152542372881,0.1428571428571428,0.1959654178674351,-0.053108275010292305,0.7289915966386553,0.3118580464562901,489.0,494.0
6680,100856.0,0.0909018799079876,0.1176029962546816,0.0905437043438068,0.02705929191087479,1.298853378122536,0.3117625209939582,109191.0,153402.0
2266,2525.0,0.4914851485148515,0.4523809523809524,0.4921465968586387,-0.039765644477686324,0.9191995947315097,0.31153965901625863,3099.0,3312.0
15295,1741.0,0.3222286042504307,0.3636363636363636,0.3219653179190751,0.04167104571728847,1.1294271258364614,0.3109822281570188,1773.0,1891.0
1278,75051.0,0.2926809769356837,0.2656343061346039,0.2932998964182522,-0.02766559028364829,0.9056747355812341,0.3105721593610692,75207.0,104312.0
2751,255.0,0.0549019607843137,0.0,0.056,-0.056,0.0,0.3105299368908555,450.0,459.0
558,1087.0,0.0441582336706531,0.0,0.044362292051756,-0.044362292051756,0.0,0.3101854237670634,1087.0,1119.0
6763,1155.0,0.0432900432900432,0.0,0.0439367311072056,-0.0439367311072056,0.0,0.30987350831424954,1287.0,1389.0
1439,2970.0,0.0969696969696969,0.0588235294117647,0.0974114441416893,-0.0385879147299246,0.6038667215137807,0.3085741978710722,2970.0,3199.0
6671,715.0,0.0461538461538461,0.0,0.046742209631728,-0.046742209631728,0.0,0.30726833641600726,715.0,721.0
6507,111552.0,0.1011008318990246,0.1271763815291446,0.1007883444765991,0.0263880370525455,1.2618163557460975,0.30668849803530895,111570.0,155024.0
6597,1992.0,0.0456827309236947,0.0817307692307692,0.0414798206278026,0.0402509486029666,1.9703742203742238,0.3058024088012528,2013.0,2138.0
312,540.0,0.0481481481481481,0.0,0.0485074626865671,-0.0485074626865671,0.0,0.30527780083956774,549.0,555.0
2801,538.0,0.0483271375464684,0.0,0.0485074626865671,-0.0485074626865671,0.0,0.3050981433649883,538.0,540.0
193,11195.0,0.0982581509602501,0.0657894736842105,0.0984800791438079,-0.0326906054595974,0.6680485460225905,0.3047847092859089,15519.0,16971.0
11,61893.0,0.337824955972404,0.3651515151515151,0.3375304166054251,0.027621098546090017,1.0818329169379104,0.3047485112725816,61980.0,75697.0
7900,23595.0,0.1337571519389701,0.1043307086614173,0.1344046433057565,-0.03007393464433919,0.7762433357609221,0.30280941010238743,23606.0,29362.0
6035,536.0,0.1380597014925373,0.0909090909090909,0.139047619047619,-0.048138528138528106,0.6537982565379827,0.30259869615124907,536.0,545.0
6849,683.0,0.9546120058565154,1.0,0.953662182361734,0.046337817638266054,1.04858934169279,0.30249132353706876,684.0,727.0
7135,3648.0,0.2467105263157894,0.2830188679245283,0.2461752433936022,0.0368436245309261,1.1496642149024625,0.30219908795645894,9785.0,10923.0
656,4516.0,0.3691319751992914,0.3333333333333333,0.3692273534635879,-0.03589402013025461,0.9027861294848667,0.3020698355382242,5132.0,5182.0
16149,24122.0,0.3917171047176851,0.3622828784119106,0.3922172098317804,-0.029934331419869786,0.9236791995111371,0.30206497418081835,24122.0,26387.0
1804,473.0,0.5264270613107822,0.48,0.5290178571428571,-0.04901785714285711,0.9073417721518988,0.30200918032237456,512.0,537.0
1633,32201.0,0.2011117667153194,0.2300884955752212,0.2010097232610321,0.029078772314189094,1.1446635110104961,0.30183137099471163,32201.0,32511.0
12088,204.0,0.0539215686274509,0.0,0.056701030927835,-0.056701030927835,0.0,0.30182015345630125,244.0,247.0
566,173.0,0.0578034682080924,0.0,0.0581395348837209,-0.0581395348837209,0.0,0.2999450755357283,175.0,179.0
1572,9294.0,0.2801807617817947,0.247787610619469,0.2805794575754275,-0.03279184695595852,0.8831281262023855,0.29962671007100267,10631.0,11301.0
1240,43112.0,0.4570421228428279,0.4295612009237875,0.4576054537707712,-0.028044252846983697,0.9387152128194872,0.29927648372317217,43335.0,44763.0
6547,113.0,0.9469026548672568,1.0,0.936842105263158,0.06315789473684197,1.0674157303370786,0.29912832305649384,113.0,113.0
2032,18210.0,0.1040087863811092,0.0736842105263157,0.1041678167264697,-0.030483606200154,0.7073606113853789,0.29903750353826397,18213.0,18421.0
6634,158.0,0.0569620253164556,0.0,0.0588235294117647,-0.0588235294117647,0.0,0.29817083542471945,297.0,300.0
1353,170549.0,0.0948231886437328,0.1192193466270683,0.0944813070776255,0.0247380395494428,1.2618299885406763,0.29801381378734026,244084.0,308637.0
1427,36447.0,0.535105770022224,0.507168458781362,0.5355401376466327,-0.0283716788652707,0.9470223109887773,0.2980059539449699,43994.0,46246.0
2575,388.0,0.0489690721649484,0.0,0.0498687664041994,-0.0498687664041994,0.0,0.29739634521981706,509.0,513.0
15431,203.0,0.0246305418719211,0.0769230769230769,0.0210526315789473,0.055870445344129605,3.653846153846165,0.29712573244959617,204.0,204.0
1170,45528.0,0.3980846951326656,0.3706896551724138,0.3983667672643352,-0.027677112091921363,0.9305235417050833,0.29686760387806194,46354.0,51117.0
2583,1681.0,0.0386674598453301,0.0,0.039828431372549,-0.039828431372549,0.0,0.29583518666338104,1709.0,1762.0
1440,196334.0,0.486548432772724,0.4627329192546583,0.4869859745217644,-0.024253055267106083,0.9501976308641674,0.29558599463031404,224131.0,271335.0
20548,1822.0,0.0384193194291986,0.0,0.0391061452513966,-0.0391061452513966,0.0,0.29361827610475183,1822.0,1870.0
7177,217178.0,0.2001077457201005,0.2237623762376237,0.1998856654179719,0.023876710819651814,1.1194518414800996,0.29340841597591893,217178.0,310415.0
7719,5027.0,0.0342152377163318,0.0,0.0343931213757248,-0.0343931213757248,0.0,0.2931249234133456,5027.0,5102.0
1169,38406.0,0.3618445034630005,0.3343283582089552,0.3620866276168212,-0.02775826940786602,0.9233380431899262,0.29301615345641463,41706.0,46261.0
1554,22502.0,0.635765709714692,0.6647398843930635,0.6355412244166778,0.02919865997638571,1.045942983483385,0.2926115653311309,22502.0,24209.0
346,138.0,0.0579710144927536,0.0,0.0592592592592592,-0.0592592592592592,0.0,0.2924132701114481,160.0,161.0
7789,1020.0,0.2558823529411764,0.2142857142857142,0.2564612326043737,-0.04217551831865951,0.835548172757475,0.29221467367152903,1039.0,1054.0
4024,589.0,0.1358234295415959,0.0909090909090909,0.1366782006920415,-0.04576910978295061,0.6651323360184119,0.2920125288200427,589.0,599.0
759,3686.0,0.3374932175800325,0.3725490196078431,0.3370013755158184,0.03554764409202471,1.105482192877151,0.29193745850183683,4294.0,4327.0
1417,466554.0,0.5396331400009431,0.5176574085710695,0.5400144353321108,-0.022357026761041343,0.9585992053207028,0.2918292033653072,516262.0,646698.0
1393,7187.0,0.0562126060943369,0.0244897959183673,0.0573321809276865,-0.0328423850093192,0.42715618910880887,0.29164590454517664,9261.0,10016.0
944,304.0,0.2828947368421052,0.3333333333333333,0.2823920265780731,0.05094130675526021,1.180392156862745,0.2914001569478857,317.0,328.0
17207,16811.0,0.607578371304503,0.636963696369637,0.6070390113884178,0.02992468498121925,1.049296148056079,0.2911626421841252,16852.0,19903.0
1931,232.0,0.0517241379310344,0.0,0.0533333333333333,-0.0533333333333333,0.0,0.29072205085683717,277.0,280.0
1076,101494.0,0.0668413896387963,0.0419213973799126,0.0671257311981185,-0.0252043338182059,0.6245205323154474,0.2905496325792344,113171.0,126722.0
6811,296.0,0.0506756756756756,0.0,0.0510204081632653,-0.0510204081632653,0.0,0.2904965376940153,296.0,296.0
194,5386.0,0.0698106201262532,0.0363636363636363,0.0701556931157381,-0.033792056752101805,0.518327661643169,0.2903326982347464,6606.0,7081.0
2324,130.0,0.1923076923076923,0.25,0.1904761904761904,0.05952380952380959,1.3125000000000004,0.2901903168572117,193.0,194.0
405,182615.0,0.0603181556827204,0.036979969183359,0.060913563053147,-0.023933593869787995,0.6070892479412842,0.289958861174668,208636.0,220555.0
6495,575.0,0.0452173913043478,0.0,0.0456140350877193,-0.0456140350877193,0.0,0.28992771785630383,576.0,595.0
1818,137.0,0.0583941605839416,0.0,0.0588235294117647,-0.0588235294117647,0.0,0.28983845206807085,230.0,254.0
7030,260.0,0.05,0.0,0.052,-0.052,0.0,0.2893550611807801,260.0,261.0
6558,142829.0,0.1216209593289878,0.1457821457821458,0.1214126320546861,0.0243695137274597,1.2007164601825229,0.2892517594568345,142829.0,187185.0
1971,2383.0,0.5518254301300881,0.5151515151515151,0.5523404255319149,-0.03718891038039973,0.9326703086333287,0.2892008642332202,2711.0,2787.0
847,3435028.0,0.1693759119285199,0.1882867165663046,0.1690778157038975,0.01920890086240712,1.1136098238697811,0.28908504362981574,3448240.0,4812007.0
272,17164.0,0.0465509205313446,0.017632241813602,0.0472356414385399,-0.0296033996249379,0.3732825738493249,0.28865172857150617,17164.0,17772.0
379,8594.0,0.7181754712590179,0.748314606741573,0.7165296355381028,0.031784971203470236,1.0443596044420413,0.28793801728189394,8872.0,10591.0
6484,974.0,0.5071868583162218,0.4666666666666667,0.5084745762711864,-0.041807909604519744,0.9177777777777778,0.2877403236462375,980.0,992.0
2310,146.0,0.9452054794520548,1.0,0.9424460431654677,0.05755395683453235,1.0610687022900762,0.287219141685107,168.0,170.0
16155,781.0,0.8860435339308579,0.926829268292683,0.8837837837837837,0.04304548450889922,1.0487058999030359,0.28676276503468007,791.0,823.0
2503,722.0,0.0429362880886426,0.0,0.0434173669467787,-0.0434173669467787,0.0,0.28583429395927407,766.0,775.0
7224,282840.0,0.4032810069297129,0.3811252268602541,0.4038566873551293,-0.022731460494875233,0.9437140421179,0.2853398443871439,310348.0,404980.0
11308,331.0,0.6797583081570997,0.7272727272727273,0.678125,0.049147727272727315,1.0724759111855886,0.2853091902336799,331.0,343.0
1777,5162.0,0.0707090275087175,0.0379746835443038,0.0712177847727719,-0.033243101228468096,0.5332191062312057,0.2842043505904719,5216.0,5370.0
6531,5657.0,0.8447940604560721,0.8759398496240601,0.84325728065294,0.032682568971120096,1.0387575295475822,0.2824043836026446,5911.0,6162.0
7085,17804.0,0.5992473601437879,0.5710955710955711,0.5999424460431655,-0.028846874947594414,0.9519172628343772,0.2823311324652703,19565.0,23996.0
1406,44710.0,0.0873853723999105,0.0614173228346456,0.0877595008508224,-0.026342178016176804,0.6998367383497949,0.28207137930523873,44814.0,69922.0
1192,2420.0,0.3793388429752066,0.34375,0.3798157453936348,-0.036065745393634774,0.9050441014332967,0.28102197834643594,2459.0,2518.0
6728,13236.0,0.2113931701420368,0.1818181818181818,0.2114177693761814,-0.0295995875579996,0.8599947977630383,0.2809229136516613,13236.0,15584.0
7143,920.0,0.1260869565217391,0.1666666666666666,0.1255506607929515,0.04111600587371511,1.327485380116959,0.28063565494148096,931.0,1016.0
1507,315045.0,0.5819327397673348,0.5600234810683886,0.582172263972943,-0.022148782904554354,0.961954932800468,0.2804140887412916,318922.0,406929.0
8169,101.0,0.0594059405940594,0.0,0.0606060606060606,-0.0606060606060606,0.0,0.28030138262328913,101.0,101.0
2687,1459.0,0.2165867032213845,0.1794871794871795,0.2176056338028169,-0.0381184543156374,0.8248278151190773,0.2777383660118585,1459.0,1477.0
1220,136.0,0.2794117647058823,0.3333333333333333,0.2769230769230769,0.05641025641025643,1.2037037037037037,0.2775373855595354,166.0,169.0
2019,121.0,0.3057851239669421,0.25,0.3076923076923077,-0.05769230769230771,0.8125,0.2771550602730726,121.0,123.0
2174,1806.0,0.1727574750830564,0.1363636363636363,0.1732062780269058,-0.036842641663269504,0.787290379523389,0.27629856497646693,2036.0,2051.0
1762,243965.0,0.2726866558727686,0.2508928571428571,0.2730943482890369,-0.022201491146179808,0.9187039523693026,0.27540470548323986,318943.0,419347.0
397,102.0,0.0588235294117647,0.0,0.0594059405940594,-0.0594059405940594,0.0,0.2753304349443348,103.0,104.0
2344,1767.0,0.0747028862478777,0.0384615384615384,0.0752441125789776,-0.0367825741174392,0.5111567821491477,0.2750455322962932,1995.0,2016.0
1567,76760.0,0.3432126107347577,0.3671361502347418,0.3428760155888764,0.02426013464586535,1.070754831317669,0.27288895953546866,77638.0,84353.0
991,2659.0,0.1037984204588191,0.0697674418604651,0.1043577981651376,-0.0345903563046725,0.6685407615640173,0.2727823655350742,3192.0,3236.0
6639,1215.0,0.0707818930041152,0.0333333333333333,0.0717299578059071,-0.038396624472573804,0.46470588235294114,0.2727435897425636,2053.0,2092.0
7815,476.0,0.0441176470588235,0.0,0.0442105263157894,-0.0442105263157894,0.0,0.27266915012348414,478.0,483.0
6861,1032.0,0.6753875968992248,0.7142857142857143,0.6751219512195122,0.03916376306620206,1.0580099091659785,0.2718052284073334,1032.0,1107.0
6794,1312.0,0.0998475609756097,0.0625,0.1003086419753086,-0.0378086419753086,0.6230769230769233,0.27146869123521344,1654.0,1674.0
1794,172.0,0.0523255813953488,0.0,0.0526315789473684,-0.0526315789473684,0.0,0.27122587339461984,212.0,213.0
790,921.0,0.5385450597176982,0.5,0.5395763656633222,-0.03957636566332223,0.9266528925619834,0.2701698499846816,1488.0,1525.0
424,2113.0,0.0657832465688594,0.0990990990990991,0.0639360639360639,0.035163035163035206,1.549971846846848,0.26922005300323787,2233.0,2261.0
1207,50141.0,0.5941046249576195,0.5696767001114827,0.5945495897977419,-0.024872889686259114,0.9581651554166902,0.26918969058675,50143.0,54199.0
627,5606.0,0.030859793078844,0.0,0.0311543309922564,-0.0311543309922564,0.0,0.2689170537780287,5734.0,5907.0
6876,1891.0,0.2316234796404019,0.2666666666666666,0.231058570660935,0.035608096005731615,1.1541085271317826,0.26867696260484103,1893.0,1924.0
2664,1536.0,0.0944010416666666,0.1304347826086956,0.0938532716457369,0.0365815109629587,1.3897734231475813,0.2684200464819285,1601.0,1670.0
6272,152.0,0.0526315789473684,0.0,0.0533333333333333,-0.0533333333333333,0.0,0.26829002247426303,152.0,153.0
2001,203.0,0.0492610837438423,0.0,0.050251256281407,-0.050251256281407,0.0,0.26724221074594035,203.0,204.0
2492,2589.0,0.0590961761297798,0.0256410256410256,0.0596078431372549,-0.033966817496229304,0.4301619433198373,0.26695925225294076,3500.0,3794.0
7048,843.0,0.0237247924080664,0.0625,0.022974607013301,0.039525392986699,2.7203947368421155,0.26632812535321143,852.0,872.0
6570,463.0,0.0431965442764578,0.0,0.0432900432900432,-0.0432900432900432,0.0,0.2657958680617421,710.0,710.0
8341,1224.0,0.2034313725490196,0.2391304347826087,0.2020373514431239,0.0370930833394848,1.1835951772013156,0.2637576438914051,2597.0,2735.0
2703,341.0,0.0439882697947214,0.0,0.0451807228915662,-0.0451807228915662,0.0,0.2636209670359607,341.0,348.0
563,4064.0,0.0140255905511811,0.0449438202247191,0.0133333333333333,0.0316104868913858,3.3707865168539413,0.26268848893455954,4586.0,4700.0
16813,276.0,0.3550724637681159,0.4,0.3533834586466165,0.0466165413533835,1.1319148936170214,0.2621722446493348,278.0,280.0
68,2029.0,0.5914243469689502,0.625,0.5906108026249369,0.034389197375063074,1.0582264957264957,0.2619009423434835,2036.0,2476.0
238,9548.0,0.0921658986175115,0.0641025641025641,0.0926320272572402,-0.028529463154676096,0.6920129678750369,0.2614494699025892,11454.0,13411.0
12822,2028.0,0.0216962524654832,0.0555555555555555,0.0213930348258706,0.0341625207296849,2.5968992248062044,0.2601577873970344,2420.0,2528.0
1379,2177038.0,0.0632304075537496,0.0808635034854958,0.0630484550095762,0.017815048475919595,1.2825612217335656,0.25998348690819306,2197115.0,3064332.0
748,391.0,0.2429667519181585,0.2857142857142857,0.2421875,0.0435267857142857,1.1797235023041475,0.2599098345444508,498.0,502.0
2233,15562.0,0.2944351625755044,0.2679425837320574,0.294795805380056,-0.026853221647998582,0.9089090782232164,0.25920479240100214,15847.0,16320.0
6529,1207.0,0.0364540182270091,0.0,0.0364842454394693,-0.0364842454394693,0.0,0.25891852458853176,1490.0,2251.0
8423,16997.0,0.511031358475025,0.5370370370370371,0.5105260001199544,0.026511036917082675,1.051928867307157,0.25824005964451235,17000.0,21041.0
7109,3635.0,0.0836313617606602,0.0526315789473684,0.0841252096143096,-0.0314936306669412,0.6256338520720408,0.25820492297654735,3640.0,3689.0
1557,135480.0,0.501380277531739,0.4798792756539235,0.5017004764330447,-0.021821200779121197,0.9565055211143827,0.2578521106442169,149017.0,160510.0
2423,1741.0,0.0246984491671453,0.0588235294117647,0.0243619489559164,0.034461580455848295,2.414565826330539,0.2571795089732014,1741.0,1797.0
2425,15600.0,0.0539102564102564,0.0276243093922651,0.0542188209352098,-0.0265945115429447,0.5094966824393966,0.25677241026523456,23647.0,25880.0
359,24706.0,0.1057233060794948,0.0805687203791469,0.1059399877526025,-0.02537126737345559,0.7605128345615433,0.25662635786080623,26863.0,28391.0
1718,161.0,0.0496894409937888,0.0,0.050314465408805,-0.050314465408805,0.0,0.25597968982301283,165.0,166.0
11978,36075.0,0.0982952182952183,0.0748546511627906,0.0992247615205049,-0.024370110357714303,0.7543948709548857,0.2557249042528446,36087.0,52219.0
555,1203.0,0.0357439733998337,0.0,0.0360435875943,-0.0360435875943,0.0,0.2556717509743137,1203.0,1257.0
1697,4482.0,0.0298973672467648,0.0,0.0302824858757062,-0.0302824858757062,0.0,0.25461658705465046,4589.0,4902.0
2487,2001.0,0.184407796101949,0.217391304347826,0.1840242669362992,0.0333670374115268,1.1813186813186813,0.25365294709391356,2209.0,2236.0
866,2835.0,0.454673721340388,0.4230769230769231,0.4549661801352794,-0.031889257058356324,0.9299085108944265,0.25352437341979783,2877.0,3021.0
908,53397.0,0.056763488585501,0.0338164251207729,0.057033500075792,-0.023217074955019096,0.5929221435793727,0.25273013275938033,53418.0,70109.0
857,68200.0,0.3664809384164222,0.3888888888888889,0.3661934180824522,0.02269547080643669,1.0619767305629906,0.25260545840120985,68200.0,76823.0
6667,300.0,0.21,0.1666666666666666,0.2108843537414966,-0.04421768707483001,0.7903225806451609,0.252355215788216,400.0,404.0
2422,205753.0,0.5454938688621794,0.5657502484266314,0.5451922223208736,0.020558026105757743,1.0377078492026952,0.25151586617778504,205947.0,249540.0
2601,597.0,0.0385259631490787,0.0,0.0392491467576791,-0.0392491467576791,0.0,0.25094298181034846,647.0,656.0
1959,3152.0,0.3194796954314721,0.35,0.3188874514877102,0.031112548512289784,1.0975659229208925,0.2506461026029221,3755.0,3813.0
1124,285.0,0.543859649122807,0.5,0.5441696113074205,-0.044169611307420475,0.9188311688311689,0.24982295984186617,294.0,297.0
1962,481.0,0.0395010395010395,0.0,0.0403397027600849,-0.0403397027600849,0.0,0.24921642922921727,520.0,523.0
7145,5400.0,0.062037037037037,0.0909090909090909,0.0619189289698772,0.0289901619392137,1.4681954681954699,0.24915129098375274,75968.0,102195.0
1701,9683.0,0.1557368584116492,0.1822222222222222,0.1551067879044195,0.027115434317802695,1.1748178444292965,0.24887170134296566,13305.0,13616.0
11967,1443.0,0.966042966042966,1.0,0.9658536585365852,0.034146341463414775,1.0353535353535355,0.2484205182252176,1443.0,1517.0
1519,1140804.0,0.3848242116963124,0.4024078046080399,0.3845985842779027,0.017809220330137154,1.0463059955448732,0.2483895540658313,1269415.0,1632773.0
16522,3882.0,0.0847501287995878,0.1138211382113821,0.0837988826815642,0.030022255529817896,1.3582655826558272,0.2481148276764608,5641.0,6030.0
7159,2656.0,0.3189006024096386,0.288135593220339,0.3195995379283789,-0.031463944708039926,0.9015519705942413,0.24809172351088332,3427.0,3658.0
2,2228552.0,0.3556421389314676,0.3723832662162611,0.355413337699937,0.016969928516324118,1.0477470221746468,0.24804712115757344,2231838.0,2911267.0
1595,56606.0,0.2558032717379783,0.233433734939759,0.2560687855278681,-0.022635050588109107,0.9116055846422338,0.24771545695909927,57766.0,63137.0
6524,249629.0,0.2343357542593208,0.253836582330983,0.2339516435396046,0.019884938791378398,1.0849959354442926,0.2471247517901519,252718.0,344660.0
2068,34455.0,0.4806269046582498,0.5038461538461538,0.4802711065271843,0.023575047318969533,1.0490869573425716,0.24629885527227338,37807.0,41679.0
16478,25436.0,0.1720789432300676,0.1482965931863727,0.1725548381922444,-0.024258245005871704,0.8594171843570944,0.2460746690952949,25436.0,30441.0
2785,1053.0,0.0341880341880341,0.0,0.0351219512195122,-0.0351219512195122,0.0,0.24446099341233865,2029.0,2076.0
6687,1234.0,0.0340356564019448,0.0,0.034313725490196,-0.034313725490196,0.0,0.24427344972271778,1234.0,1249.0
7838,685.0,0.1941605839416058,0.2307692307692307,0.1934523809523809,0.037316849816849795,1.1928994082840236,0.2437117796060711,1118.0,1125.0
7041,3631.0,0.0509501514734233,0.0217391304347826,0.0513249651324965,-0.0295858346977139,0.42355860113421545,0.24253102608149685,3836.0,4145.0
2173,14829.0,0.15941735787983,0.1350210970464135,0.1602229188436085,-0.025201821797195018,0.8427077600440285,0.242048564647851,16046.0,18036.0
1139,202.0,0.0445544554455445,0.0,0.0454545454545454,-0.0454545454545454,0.0,0.2415093626837173,243.0,244.0
1442,28460.0,0.0830990864371047,0.0600858369098712,0.0834821747517325,-0.0233963378418613,0.719744509394495,0.23995962603270118,42186.0,47875.0
17378,38795.0,0.0760407268977961,0.0984682713347921,0.0757733841097605,0.0226948872250316,1.2995100125415704,0.23979582215393325,38795.0,48921.0
7121,892.0,0.0560538116591928,0.0909090909090909,0.0556186152099886,0.0352904756991023,1.6345083487940644,0.23978419261786865,1598.0,1629.0
2698,13843.0,0.0382142599147583,0.0625,0.0374319588397584,0.025068041160241597,1.6696962151394423,0.23903899389670058,17672.0,18445.0
1608,55338.0,0.0601575770718132,0.0817236255572065,0.0598920698801792,0.021831555677027298,1.364514963678894,0.23842751029789502,55839.0,64004.0
1316,25193.0,0.2389552653514865,0.2619469026548672,0.2384278057495533,0.023519096905313897,1.0986424248269875,0.23835102195823454,25355.0,27580.0
7116,6979.0,0.0266513827195873,0.0,0.0268553277505053,-0.0268553277505053,0.0,0.23769124753258605,6979.0,7510.0
1496,2419365.0,0.3357389232298557,0.3517338709677419,0.335573266960805,0.01616060400693692,1.0481581985159278,0.23754497816594256,2432341.0,3436722.0
2515,240.0,0.0416666666666666,0.0,0.0432900432900432,-0.0432900432900432,0.0,0.23743709668790663,302.0,312.0
6509,1829.0,0.0311645708037178,0.0,0.0315439955727725,-0.0315439955727725,0.0,0.23696074212098556,1830.0,2063.0
23380,257.0,0.0700389105058365,0.1111111111111111,0.0685483870967741,0.042562724014337,1.6209150326797406,0.23634908627578613,257.0,262.0
1578,151.0,0.9536423841059604,1.0,0.953020134228188,0.04697986577181201,1.0492957746478873,0.2360212325229791,151.0,152.0
2724,2727.0,0.3472680601393472,0.3181818181818182,0.3479894776399849,-0.029807659458166713,0.9143432161790696,0.23581805222047447,2818.0,3000.0
1095,4095.0,0.0275946275946275,0.0,0.0282995241672927,-0.0282995241672927,0.0,0.2353888246529636,5559.0,6025.0
1816,425.0,0.0376470588235294,0.0,0.0387409200968523,-0.0387409200968523,0.0,0.2345545509450604,425.0,428.0
1299,13512.0,0.7920367081113084,0.8161290322580645,0.7914709892440539,0.024658043014010644,1.031154702255811,0.23453269437203303,13523.0,16026.0
1112,1457.0,0.5593685655456417,0.5909090909090909,0.5588850174216028,0.03202407348748815,1.0572999319882113,0.23328964024728743,1472.0,1486.0
14086,899.0,0.3670745272525028,0.3333333333333333,0.3674157303370786,-0.03408239700374527,0.9072375127421001,0.231841918899817,899.0,1112.0
814,307724.0,0.1358392585563687,0.1530761322439262,0.1347379193273476,0.018338212916578583,1.1361028358470169,0.23173929621670508,324995.0,368136.0
1940,753.0,0.0345285524568393,0.0,0.03485254691689,-0.03485254691689,0.0,0.23091179834880224,920.0,926.0
1991,766.0,0.0339425587467362,0.0,0.03475935828877,-0.03475935828877,0.0,0.23088857865715023,766.0,772.0
1074,7644.0,0.0460491889063317,0.0714285714285714,0.0456718003186404,0.025756771109931,1.5639534883720947,0.2303120792568317,8564.0,9294.0
6851,3384.0,0.4722222222222222,0.5,0.47166968053044,0.028330319469559995,1.0600638977635783,0.2302435995848583,3384.0,3581.0
1637,34658.0,0.219458710831554,0.2413793103448276,0.2194035463249544,0.021975764019873195,1.1001613893119362,0.22971953336619808,34739.0,34987.0
2369,1255.0,0.0318725099601593,0.0,0.0321543408360128,-0.0321543408360128,0.0,0.22944332305556686,3014.0,3336.0
7078,1897.0,0.3447548761201898,0.375,0.3446267866596083,0.030373213340391725,1.0881336405529953,0.22927390116721613,1950.0,2065.0
6725,2758.0,0.1493836113125453,0.1777777777777777,0.1489126428308146,0.028865134946963106,1.1938393839383934,0.22868759860377313,2758.0,2921.0
2136,2457.0,0.0288970288970288,0.0,0.0292783505154639,-0.0292783505154639,0.0,0.22857910663873987,5114.0,5553.0
357,19107.0,0.0536452608991469,0.0306748466257668,0.0538429054054054,-0.0231680587796386,0.5697100926260062,0.228387534934232,19124.0,21169.0
13972,103.0,0.9514563106796116,1.0,0.9509803921568628,0.04901960784313719,1.0515463917525774,0.2276662205461454,103.0,108.0
1894,9262.0,0.2293241200604621,0.2045454545454545,0.229442395313517,-0.02489694076806251,0.8914893617021276,0.22740326054499907,10111.0,10981.0
2183,131.0,0.0458015267175572,0.0,0.0465116279069767,-0.0465116279069767,0.0,0.22710706616680773,285.0,331.0
1131,242834.0,0.2700816195425681,0.2882194244604316,0.2699139686629815,0.018305455797450076,1.0678195941029882,0.2269901685104304,299450.0,359174.0
2490,8497.0,0.1752383194068494,0.2,0.1749285033365109,0.025071496663489123,1.1433242506811994,0.22683652523712766,8606.0,8723.0
6584,9220.0,0.0442516268980477,0.0687022900763358,0.0438992188359555,0.024803071240380295,1.5650002869769843,0.22643315959612412,11681.0,12252.0
1018,197.0,0.2081218274111675,0.25,0.2072538860103626,0.0427461139896374,1.2062500000000005,0.22605286530170993,199.0,200.0
1088,865.0,0.1236994219653179,0.0909090909090909,0.1241217798594847,-0.033212688950393796,0.7324185248713555,0.22464680556434694,994.0,1001.0
148,4026.0,0.0258320914058618,0.0526315789473684,0.0255767301905717,0.027054848756796698,2.057791537667699,0.22457626523973864,5788.0,6197.0
1298,15749.0,0.4091688361165788,0.4318840579710145,0.4086600882887561,0.023223969682258372,1.0568295518642585,0.22445027623343608,15879.0,18282.0
1472,2722583.0,0.1455599333427117,0.1605115490016964,0.145389684951063,0.015121864050633399,1.1040091947081616,0.22406205065779752,2733491.0,3875273.0
365,1207.0,0.0190555095277547,0.05,0.0185341196293176,0.0314658803706824,2.697727272727274,0.22330458591978045,1647.0,1718.0
1583,579385.0,0.257151980116848,0.2736545138888889,0.2568852392887021,0.01676927460018679,1.065279245497405,0.22252364899696156,683150.0,886658.0
7123,720.0,0.0333333333333333,0.0,0.0338028169014084,-0.0338028169014084,0.0,0.22244413985188527,740.0,748.0
2461,2219.0,0.1302388463271744,0.1020408163265306,0.1308755760368663,-0.02883475971033571,0.7796780684104629,0.22217939196783712,2973.0,3075.0
6458,6256.0,0.4812979539641944,0.4566473988439306,0.4819990136445832,-0.025351614800652622,0.9474031811622203,0.22161002824959952,6470.0,7370.0
1419,573086.0,0.3540498284725155,0.3705410225921522,0.3538539227838223,0.01668709980832994,1.047158159720401,0.22125079906911005,575580.0,703961.0
2614,487.0,0.0369609856262833,0.0714285714285714,0.0359408033826638,0.0354877680459076,1.9873949579831953,0.21968047725392487,487.0,489.0
1570,2298.0,0.0282854656222802,0.0,0.028347143480157,-0.028347143480157,0.0,0.21941339690780934,2436.0,2959.0
2704,779.0,0.0320924261874197,0.0,0.0329380764163372,-0.0329380764163372,0.0,0.21934433200538933,779.0,797.0
13750,671.0,0.0327868852459016,0.0,0.0336906584992343,-0.0336906584992343,0.0,0.21933489049235722,671.0,735.0
1140,334.0,0.18562874251497,0.2222222222222222,0.1846153846153846,0.03760683760683761,1.2037037037037037,0.21865106273530166,394.0,394.0
6677,915.0,0.0316939890710382,0.0,0.031973539140022,-0.031973539140022,0.0,0.21806006017149887,955.0,973.0
6976,221808.0,0.1185619995671932,0.1359248630315679,0.1182566808120197,0.01766818221954819,1.149405362117625,0.21748775990690838,221820.0,289118.0
2109,1251.0,0.0775379696243005,0.0476190476190476,0.0780487804878048,-0.030429732868757192,0.610119047619048,0.21703999518407982,1322.0,1336.0
345,878.0,0.3952164009111617,0.3636363636363636,0.3956170703575548,-0.03198070672119119,0.9191624701828782,0.21679033173890966,1926.0,1952.0
743,5423.0,0.4755670293195648,0.4507042253521127,0.4758968609865471,-0.025192635634434413,0.9470628245325902,0.21662111535494033,5432.0,5570.0
7882,1511.0,0.0767703507610853,0.0476190476190476,0.0771812080536912,-0.029562160434643603,0.6169772256728782,0.2164301506866093,2718.0,2762.0
7876,39067.0,0.228530473289477,0.2484662576687116,0.2280185880437921,0.020447669624919507,1.0896754505864779,0.21619441728659247,39252.0,44086.0
2512,237.0,0.0379746835443038,0.0,0.0394736842105263,-0.0394736842105263,0.0,0.2160106844870318,299.0,309.0
7219,2319.0,0.6752910737386805,0.7027027027027027,0.6748466257668712,0.027856076935831586,1.0412776412776414,0.2158657227761469,2319.0,2497.0
251,543.0,0.5340699815837937,0.5,0.5341959334565619,-0.03419593345656191,0.9359861591695502,0.21539844929174656,698.0,733.0
2398,134315.0,0.6947101961806201,0.7126197417742607,0.6943842200221356,0.01823552175212506,1.0262614287973648,0.21532413840370707,134426.0,147848.0
1954,10282.0,0.2699863839719899,0.2474226804123711,0.2706435792212991,-0.023220898808928025,0.9142011834319527,0.21452040631099703,10444.0,10506.0
636,4432.0,0.0958935018050541,0.1212121212121212,0.0957035689929529,0.0255085522191683,1.2665371050169154,0.21419102333216897,4447.0,4673.0
1978,140.0,0.0428571428571428,0.0,0.0431654676258992,-0.0431654676258992,0.0,0.2136155348364673,198.0,198.0
20784,455.0,0.0329670329670329,0.0666666666666666,0.0318181818181818,0.034848484848484795,2.095238095238094,0.2133595979073192,455.0,462.0
329,2976.0,0.3780241935483871,0.3523809523809524,0.3789620341344479,-0.026581081753495495,0.929858193277311,0.21261333736650342,3187.0,3325.0
2000,5584.0,0.3964899713467049,0.3723404255319149,0.3969034608378871,-0.024563035305972203,0.9381133254567291,0.2119259314479246,5633.0,5677.0
6848,647.0,0.0324574961360123,0.0,0.0327102803738317,-0.0327102803738317,0.0,0.21176277978722347,690.0,710.0
182,476.0,0.0336134453781512,0.0,0.0341151385927505,-0.0341151385927505,0.0,0.21040567985973,510.0,518.0
16731,2680.0,0.1854477611940298,0.2115384615384615,0.184931506849315,0.026606954689146506,1.143874643874644,0.2100338406116525,5742.0,6230.0
1645,1377.0,0.1154684095860566,0.0869565217391304,0.1159527326440177,-0.0289962109048873,0.7499307671005261,0.20959587604427996,1631.0,1652.0
16,71963.0,0.4481191723524589,0.429731925264013,0.4484391788723633,-0.018707253608350294,0.9582836324529199,0.2092204515890213,101172.0,126519.0
1230,175746.0,0.2586858306874694,0.2755123600253539,0.2582201353113506,0.017292224714003324,1.0669669880435664,0.20883475221931178,177236.0,216900.0
8708,2494.0,0.0525260625501202,0.0263157894736842,0.0529315960912052,-0.026615806617521002,0.4971659919028339,0.2081900106756073,2494.0,2668.0
15639,1158.0,0.2789291882556131,0.3076923076923077,0.2782685512367491,0.029423756455558614,1.1057387057387058,0.20759380682020362,1158.0,1190.0
625,1525.0,0.2452459016393442,0.217391304347826,0.2456724367509986,-0.028281132403172593,0.8848827618710969,0.207312160365078,1898.0,1934.0
8366,218.0,0.036697247706422,0.0,0.0384615384615384,-0.0384615384615384,0.0,0.20727198960832663,5417.0,5761.0
2447,312.0,0.0352564102564102,0.0,0.0360655737704918,-0.0360655737704918,0.0,0.20724011506866122,2228.0,2290.0
1602,33555.0,0.0981373863805692,0.1178160919540229,0.0979311590929623,0.019884932861060606,1.2030501123976751,0.20722030796552962,33893.0,39063.0
1999,7589.0,0.332323099222559,0.3095238095238095,0.3327080262628969,-0.023184216739087438,0.9303166292695089,0.2071413984773192,7677.0,7745.0
2476,8773.0,0.0318021201413427,0.0096153846153846,0.0323409223584354,-0.0227255377430508,0.2973132463204669,0.2063376126211123,23596.0,25615.0
2585,2270.0,0.0418502202643171,0.0650684931506849,0.038422649140546,0.0266458440101389,1.693493150684931,0.2059184308091133,2270.0,2396.0
15100,1957.0,0.1962187020950434,0.1698113207547169,0.196953781512605,-0.02714246075788812,0.8621886792452826,0.2057311350131283,1957.0,1984.0
1748,594.0,0.6986531986531986,0.6666666666666666,0.6988155668358714,-0.0321489001692048,0.9539951573849879,0.20538522285172114,791.0,796.0
1734,147.0,0.0408163265306122,0.0,0.0410958904109589,-0.0410958904109589,0.0,0.2053648879629088,219.0,221.0
2691,118.0,0.0423728813559322,0.0,0.0427350427350427,-0.0427350427350427,0.0,0.20423604671416776,131.0,136.0
1566,7628.0,0.6225747246984793,0.6,0.6228442557707615,-0.022844255770761546,0.9633226837060702,0.20422106868059728,18522.0,19787.0
7001,27590.0,0.4385646973541138,0.4577735124760076,0.4378107578725327,0.019962754603474908,1.0455967658275016,0.20412405493011854,27653.0,31621.0
1819,381.0,0.0341207349081364,0.0,0.0343007915567282,-0.0343007915567282,0.0,0.20393263301289027,386.0,396.0
6498,41351.0,0.6520035791153781,0.6709844559585493,0.6518247284267057,0.019159727531843584,1.0293939869051747,0.2036655291386069,62673.0,73331.0
7892,1152.0,0.0859375,0.1136363636363636,0.0848375451263537,0.0287988185100099,1.3394584139265,0.2030351989345622,1152.0,1205.0
812,118942.0,0.4296716046476433,0.4464651639344262,0.4291016881378327,0.017363475796593475,1.040464710991806,0.2029165177454624,119655.0,136812.0
1998,4744.0,0.4607925801011804,0.484375,0.4604700854700854,0.02390491452991461,1.0519141531322507,0.2023514371363363,4821.0,4854.0
1415,24163.0,0.2796424285063941,0.2995169082125604,0.2794706962765069,0.020046211936053493,1.0717292088334724,0.20231878349831345,25065.0,28887.0
6575,3901.0,0.1699564214304024,0.1458333333333333,0.170256942642097,-0.024423609308763722,0.8565485264227642,0.2019647974640099,4934.0,4998.0
1611,322.0,0.4627329192546583,0.4285714285714285,0.4634920634920635,-0.03492063492063502,0.9246575342465752,0.20175928747761715,581.0,633.0
899,34653.0,0.4350849854269472,0.4161585365853658,0.4354501867811866,-0.019291650195820798,0.9556972283364416,0.20165886894525617,38347.0,40299.0
9108,124.0,0.0403225806451612,0.0,0.0413223140495867,-0.0413223140495867,0.0,0.19951709658273936,159.0,169.0
7741,122.0,0.040983606557377,0.0,0.0413223140495867,-0.0413223140495867,0.0,0.19885059319720697,122.0,122.0
1183,1590.0,0.340251572327044,0.3666666666666666,0.3397435897435897,0.026923076923076883,1.079245283018868,0.19848010076294012,1830.0,1841.0
2389,2611.0,0.0225967062428188,0.0476190476190476,0.0223938223938223,0.025225225225225304,2.1264367816092036,0.19846883038837632,2624.0,2716.0
6989,513.0,0.0311890838206627,0.0,0.0314960629921259,-0.0314960629921259,0.0,0.19660545717968972,733.0,739.0
1679,4605.0,0.5387622149837134,0.5614035087719298,0.5381874860832777,0.023216022688652083,1.0431374256908301,0.19582982308750804,4835.0,4904.0
6443,148.0,0.6283783783783784,0.6666666666666666,0.6275862068965518,0.03908045977011487,1.062271062271062,0.19555652230131645,148.0,149.0
7160,29131.0,0.5720709896673647,0.5531914893617021,0.5721628147637117,-0.01897132540200952,0.9668427851085636,0.1950174944188218,29132.0,34572.0
17,57145.0,0.2448508180943214,0.2272727272727272,0.2450423676343116,-0.017769640361584377,0.9274833958995089,0.1946373510333147,59034.0,66084.0
2002,5438.0,0.3313718278778962,0.3536585365853658,0.3310306198655713,0.022627916719794472,1.0683559627474446,0.19463064277870532,6018.0,6148.0
6801,174908.0,0.0919912182404464,0.0762036716314513,0.092256178024776,-0.0160525063933247,0.8260007433972205,0.19378619617156811,252929.0,373427.0
11752,301.0,0.0332225913621262,0.0,0.0338983050847457,-0.0338983050847457,0.0,0.19357379719914777,301.0,301.0
267,3817.0,0.0560649724914854,0.0335570469798657,0.056979280261723,-0.023422233281857295,0.5889342024983131,0.19317444749229948,6018.0,6162.0
8940,113540.0,0.0619517350713405,0.0782608695652174,0.0617510699001426,0.0165097996650748,1.2673605443885059,0.19217273549903438,113540.0,142608.0
8392,4796.0,0.0379482902418682,0.015625,0.0382502113271344,-0.022625211327134402,0.4084944751381216,0.1917655444390986,4797.0,5022.0
2094,1937.0,0.2318017552916881,0.2068965517241379,0.2321802935010482,-0.025283741776910312,0.8911029812407565,0.19138305316342363,1998.0,2011.0
9826,2518.0,0.1239078633836378,0.1,0.1243922204213938,-0.0243922204213938,0.8039087947882739,0.19103053486078864,2518.0,2829.0
562,3336.0,0.0233812949640287,0.0,0.0235365117682558,-0.0235365117682558,0.0,0.19094765942746073,3336.0,3604.0
6966,2794.0,0.5916249105225483,0.6153846153846154,0.5914017341040463,0.023982881280569135,1.0405526056106387,0.1903182501601678,2804.0,3515.0
841,27813.0,0.6404199475065617,0.658695652173913,0.640112601908383,0.018583050265529977,1.0290309083278908,0.19016583109361151,28580.0,31129.0
6407,198.0,0.3686868686868687,0.3333333333333333,0.3692307692307692,-0.03589743589743588,0.9027777777777778,0.19001607063113554,213.0,213.0
1150,10433.0,0.6723856992236174,0.691768826619965,0.6712634354086392,0.020505391211325774,1.0305474574208602,0.1897327960982848,10738.0,13482.0
1488,2520305.0,0.4678183791247488,0.4804362524620043,0.4676457433732536,0.012790509088750679,1.0273508510875975,0.18853070827662266,2520327.0,3641861.0
2620,200.0,0.035,0.0,0.0355329949238578,-0.0355329949238578,0.0,0.1884423063777333,314.0,319.0
1920,19177.0,0.2366897846378474,0.2553699284009546,0.2362725237232114,0.019097404677743235,1.0808278693468203,0.1883294203734083,20263.0,22201.0
20779,835.0,0.0275449101796407,0.0,0.0278450363196125,-0.0278450363196125,0.0,0.1873589081125274,1220.0,1263.0
27,1245.0,0.8441767068273093,0.8181818181818182,0.8444084278768234,-0.02622660969500512,0.9689408480195428,0.1869352406783314,1263.0,1330.0
11732,169.0,0.0355029585798816,0.0,0.0363636363636363,-0.0363636363636363,0.0,0.1867563068018274,169.0,169.0
11744,168.0,0.0357142857142857,0.0,0.0363636363636363,-0.0363636363636363,0.0,0.1865417714517478,168.0,168.0
654,754.0,0.0557029177718832,0.0833333333333333,0.0552560646900269,0.028077268643306404,1.508130081300814,0.18606013446903163,1470.0,1509.0
2685,1554.0,0.0495495495495495,0.025,0.0501981505944517,-0.0251981505944517,0.49802631578947454,0.18518702507199325,1554.0,1573.0
494,8959.0,0.0199799084719276,0.0,0.0202649156571946,-0.0202649156571946,0.0,0.18442138181460951,10744.0,11527.0
1433,10847.0,0.3944869549184106,0.375,0.3947639083683964,-0.01976390836839642,0.9499348649928945,0.18364101908853037,11040.0,11693.0
6900,170.0,0.0352941176470588,0.0,0.0357142857142857,-0.0357142857142857,0.0,0.18363084130366636,170.0,170.0
2114,1617.0,0.0173160173160173,0.0416666666666666,0.0169491525423728,0.0247175141242938,2.458333333333341,0.18263637953152928,1643.0,1689.0
870,322366.0,0.2192911163087918,0.232792191372073,0.2184088858631891,0.014383305508883892,1.0658549465697726,0.1824298776742504,358020.0,403548.0
197,74850.0,0.1280694722778891,0.1120331950207468,0.1282786996183309,-0.016245504597584115,0.873357738689903,0.1823274366379281,80996.0,87840.0
1485,1548907.0,0.5156900963066213,0.5283174865646961,0.5155303339860287,0.012787152578667471,1.0248038800739396,0.1822560621969166,1579360.0,2316376.0
23290,252.0,0.0317460317460317,0.0,0.0329218106995884,-0.0329218106995884,0.0,0.18216920127497965,252.0,256.0
2028,18453.0,0.2316154554814935,0.25,0.2315313843976264,0.01846861560237359,1.0797672231366096,0.18141788383940285,18453.0,18628.0
673,2637.0,0.0227531285551763,0.0,0.0229533282325937,-0.0229533282325937,0.0,0.1808211859206714,2658.0,2741.0
632,1265.0,0.8553359683794466,0.8782608695652174,0.8530434782608696,0.025217391304347858,1.0295616717635068,0.1801434004160172,2059.0,2591.0
1256,125687.0,0.3073110186415461,0.2922350472193074,0.307543160905147,-0.01530811368583962,0.9502245029907819,0.17974110355906783,197018.0,264599.0
646,362.0,0.0303867403314917,0.0,0.0304709141274238,-0.0304709141274238,0.0,0.17960784259532772,439.0,454.0
2419,37051.0,0.0385144800410245,0.0219072164948453,0.0388697450034459,-0.0169625285086006,0.5636058711705768,0.17844711637865845,49785.0,53059.0
1319,12329.0,0.1127423148673858,0.0944700460829493,0.1134089953762085,-0.01893894929325919,0.8330031120509133,0.1784009364537635,12337.0,13386.0
770,1035.0,0.1304347826086956,0.1052631578947368,0.1309055118110236,-0.025642353916286817,0.8041155520379895,0.1780380024500426,1129.0,1134.0
428,108.0,0.037037037037037,0.0,0.0377358490566037,-0.0377358490566037,0.0,0.1770319955558164,108.0,108.0
137,2910.0,0.0151202749140893,0.037037037037037,0.0149150190773499,0.0221220179596871,2.4832041343669364,0.17645078875052983,8042.0,8501.0
7206,33923.0,0.2328803466674527,0.2495238095238095,0.2326187196838134,0.016905089839996112,1.0726729553966006,0.17635183491635592,33923.0,38499.0
1941,985.0,0.0253807106598984,0.0,0.025562372188139,-0.025562372188139,0.0,0.1762182094734821,1140.0,1149.0
2271,1106.0,0.3580470162748643,0.3333333333333333,0.3584558823529412,-0.025122549019607865,0.9299145299145298,0.17609421951044998,1475.0,1567.0
16485,5027.0,0.0974736423314103,0.0769230769230769,0.0975804839032193,-0.0206574069801424,0.7883039092055487,0.1760584848587313,5027.0,5102.0
124,3791.0,0.0263782643102083,0.0476190476190476,0.0262599469496021,0.0213591006694455,1.8133718133718142,0.1760128486543764,15715.0,16647.0
2295,768.0,0.0572916666666666,0.0833333333333333,0.0568783068783068,0.026455026455026502,1.465116279069769,0.17579605739432952,768.0,779.0
7111,680.0,0.0264705882352941,0.0,0.0269058295964125,-0.0269058295964125,0.0,0.1755218557708385,680.0,685.0
12798,1809.0,0.087893864013267,0.1111111111111111,0.0877777777777777,0.0233333333333334,1.2658227848101276,0.17502524956606416,1814.0,1870.0
6971,20745.0,0.0171607616293082,0.0,0.0175603018793469,-0.0175603018793469,0.0,0.17455131011754887,20745.0,21687.0
1315,36082.0,0.3497034532453855,0.3660886319845857,0.3494643309057166,0.016624301078869086,1.0475708094035905,0.17444838542522034,36619.0,39107.0
7147,483.0,0.0269151138716356,0.0,0.0281995661605206,-0.0281995661605206,0.0,0.17433211233691148,483.0,492.0
11738,648.0,0.0262345679012345,0.0,0.0268987341772151,-0.0268987341772151,0.0,0.17418094332906514,648.0,648.0
512,750.0,0.0253333333333333,0.0,0.0262793914246196,-0.0262793914246196,0.0,0.17400651090389815,755.0,789.0
1402,279535.0,0.8474752714329153,0.8609879186419942,0.8471516066169468,0.013836312025047426,1.016332746012608,0.17351961681284875,281532.0,316591.0
12970,146.0,0.0342465753424657,0.0,0.0347222222222222,-0.0347222222222222,0.0,0.17327890926315045,146.0,146.0
1746,8293.0,0.0879054624382009,0.0691489361702127,0.0883405305367057,-0.019191594366492995,0.7827543682396287,0.17317127625454456,8936.0,9223.0
2661,1536.0,0.1536458333333333,0.1304347826086956,0.1539986781229345,-0.023563895514238903,0.8469863780556074,0.17290215091530348,1601.0,1670.0
65,116045.0,0.2469903916584084,0.2323848238482384,0.2471785561539334,-0.014793732305695001,0.9401496127500557,0.1725206885258966,124175.0,144536.0
1721,737.0,0.0257801899592944,0.0,0.0260631001371742,-0.0260631001371742,0.0,0.1721192492008353,737.0,942.0
3821,236.0,0.3644067796610169,0.3333333333333333,0.3648068669527897,-0.03147353361945637,0.9137254901960784,0.17209917468522593,892.0,903.0
6702,112.0,0.9642857142857144,1.0,0.9636363636363636,0.036363636363636376,1.0377358490566038,0.17190501158953972,112.0,114.0
15385,2003.0,0.7693459810284573,0.7916666666666666,0.7690752905507833,0.022591376115883355,1.029374726237407,0.17175998391329103,2003.0,2086.0
2567,1810.0,0.2044198895027624,0.1818181818181818,0.2046979865771812,-0.022879804758999395,0.8882265275707898,0.17163593176975475,1811.0,1827.0
1587,1918714.0,0.1071295669912243,0.095426578359525,0.1072873029061423,-0.011860724546617296,0.8894489447927183,0.17159107385079955,2004999.0,2600840.0
2023,1222.0,0.0237315875613747,0.0,0.0240863787375415,-0.0240863787375415,0.0,0.17123156306887685,1437.0,1448.0
404,57422.0,0.3176308731844937,0.3328631875881523,0.3172451967716592,0.015617990816493121,1.0492300308260754,0.17114507007193538,72520.0,75854.0
2181,387.0,0.0284237726098191,0.0,0.0285714285714285,-0.0285714285714285,0.0,0.17031443827495027,998.0,1017.0
2672,1491.0,0.0663983903420523,0.0434782608695652,0.0667574931880109,-0.023279232318445697,0.6512866015971603,0.17012166821704408,1556.0,1621.0
1699,3878.0,0.8478597215059309,0.8275862068965517,0.8481675392670157,-0.020581332370464,0.9757343550446999,0.17007039611629482,3882.0,4153.0
7220,3524.0,0.1276958002270147,0.1481481481481481,0.1273775216138328,0.0207706265343153,1.1630635160046925,0.16964691110971758,3524.0,3703.0
20809,1074.0,0.0242085661080074,0.0,0.0242537313432835,-0.0242537313432835,0.0,0.16929288661810188,1086.0,1118.0
919,10196.0,0.1666339741074931,0.1490514905149051,0.1672941894779688,-0.018242698963063714,0.8909543779136088,0.1683773538328619,10201.0,12445.0
2817,193.0,0.0310880829015544,0.0,0.0319148936170212,-0.0319148936170212,0.0,0.16812313273606325,193.0,194.0
2176,777.0,0.1248391248391248,0.1,0.1251629726205997,-0.02516297262059969,0.7989583333333337,0.16750302727072058,854.0,856.0
2300,67813.0,0.0660935218910828,0.0513051305130513,0.066339839884861,-0.015034709371809701,0.7733683198828359,0.16725398437203795,67820.0,90119.0
1833,4006.0,0.100099850224663,0.12,0.0998483316481294,0.0201516683518706,1.2018227848101268,0.1671741722396143,4503.0,4599.0
14387,1246.0,0.1195826645264847,0.1428571428571428,0.1194511702986279,0.023405972558514898,1.1959459459459456,0.16684938048807163,1246.0,1250.0
2116,47421.0,0.2257860441576516,0.2409302325581395,0.225434773227463,0.015495459330676503,1.0687358880302003,0.16683715512584824,47637.0,51369.0
7050,230629.0,0.233526572980848,0.2467206790123456,0.2332231808201557,0.0134974981921899,1.0578737419870718,0.16667480089693876,230664.0,301399.0
2475,370.0,0.027027027027027,0.0,0.0280112044817927,-0.0280112044817927,0.0,0.1657199457313006,371.0,377.0
725,2681.0,0.0604252144722118,0.081081081081081,0.0601361573373676,0.0209449237437134,1.3482916879143287,0.16534588985578202,3388.0,3442.0
1222,17108.0,0.4390928220715455,0.4556354916067146,0.4386795278892816,0.01695596371743302,1.0386522794875273,0.16527588114130756,17150.0,18021.0
12468,302.0,0.3278145695364238,0.3,0.3287671232876712,-0.028767123287671226,0.9125,0.1643676560488996,447.0,495.0
6559,102433.0,0.250993332226919,0.2644976076555024,0.2502674676981318,0.014230139957370602,1.0568597272680074,0.16417275424530167,102434.0,142665.0
6688,1701.0,0.0840681951793062,0.0625,0.0844817255841821,-0.0219817255841821,0.7398049645390075,0.163534351200616,1988.0,2027.0
6935,6341.0,0.2649424381012458,0.2467532467532467,0.2653951834491676,-0.01864193669592093,0.9297578183083661,0.16320921351792983,6815.0,8839.0
1568,34227.0,0.1764688696058667,0.161038961038961,0.1766444063589622,-0.015605445320001188,0.9116561591636868,0.16293332259725699,35346.0,40149.0
11310,126.0,0.9682539682539684,1.0,0.9663865546218487,0.03361344537815125,1.0347826086956522,0.16282981803222152,131.0,152.0
16733,2181.0,0.1627693718477762,0.1833333333333333,0.1621876473361622,0.021145685997171093,1.130377906976744,0.16256797402768783,2181.0,2296.0
2653,1535.0,0.0651465798045602,0.0869565217391304,0.0648148148148148,0.022141706924315607,1.341614906832298,0.16245230686550674,1600.0,1669.0
1580,92982.0,0.353455507517584,0.3674603174603175,0.3532631211704934,0.014197196289824077,1.0401887302665034,0.16241836690158984,110856.0,120535.0
1109,2882.0,0.0201249132546842,0.0,0.0203651685393258,-0.0203651685393258,0.0,0.162240880780557,2908.0,2939.0
6731,133634.0,0.3465510274331382,0.3600174978127734,0.3463166549928434,0.013700842819930004,1.0395616053181536,0.16170923219291797,146054.0,185546.0
1475,190336.0,0.3376082296570276,0.324582338902148,0.3378417404697728,-0.013259401567624785,0.9607526247372884,0.16118859754175996,190338.0,273436.0
20810,1525.0,0.021639344262295,0.0,0.0219269102990033,-0.0219269102990033,0.0,0.16073313753545848,1525.0,1596.0
478,30946.0,0.0319588961416661,0.0166204986149584,0.0321399378780447,-0.015519439263086299,0.5171291456139412,0.16047148840425896,38393.0,40734.0
7130,1383.0,0.1467823571945047,0.125,0.1471670345842531,-0.022167034584253092,0.8493750000000002,0.1603282455683225,1400.0,1434.0
2529,7079.0,0.1741771436643593,0.15625,0.1742585497374769,-0.018008549737476898,0.8966561482084693,0.159646319032651,7080.0,7182.0
2297,274.0,0.4562043795620438,0.4285714285714285,0.4569288389513108,-0.02835741037988232,0.9379391100702575,0.15927708302639304,342.0,347.0
1128,382.0,0.0261780104712041,0.0,0.0266666666666666,-0.0266666666666666,0.0,0.15861426637815015,383.0,394.0
7039,199491.0,0.7095107047435724,0.6966977745872218,0.7096921786431458,-0.012994404055924003,0.98169008417034,0.15857759211721412,199510.0,290204.0
21204,1449.0,0.9213250517598344,0.9423076923076924,0.9205440229062276,0.02176366940146479,1.023642182079196,0.1584246886018195,1465.0,1534.0
1494,1093541.0,0.2597415186078985,0.2485058408041293,0.2598948663211647,-0.011389025517035412,0.9561783359623524,0.15836363136425896,1154803.0,1663162.0
1326,1990.0,0.2020100502512563,0.1818181818181818,0.2025839793281653,-0.020765797509983502,0.8974953617810763,0.15774514439259413,1990.0,2113.0
380,2077.0,0.7010110736639383,0.6813186813186813,0.701913393756294,-0.020594712437612683,0.9706591829977771,0.15732632759489704,2095.0,2441.0
1035,640360.0,0.8626975451308639,0.8511154779794243,0.862856156869698,-0.011740678890273637,0.986393237393279,0.15697038021105605,640413.0,814750.0
785,934.0,0.0224839400428265,0.0,0.0229257641921397,-0.0229257641921397,0.0,0.1568247566758321,1018.0,1022.0
1925,787.0,0.3913595933926302,0.3684210526315789,0.3919270833333333,-0.023506030701754388,0.9400244798041616,0.15677342686549156,1031.0,1085.0
1793,8432.0,0.0169592030360531,0.0,0.0172621921776919,-0.0172621921776919,0.0,0.1560486267406049,8433.0,8633.0
1142,36247.0,0.06121885949182,0.075801749271137,0.0609375439385844,0.014864205332552602,1.243925244961192,0.1560465009348397,37831.0,39378.0
6659,2169.0,0.0511756569847856,0.03125,0.0514740290126345,-0.020224029012634502,0.6071022727272731,0.15537074788776914,2758.0,3378.0
1641,489.0,0.0245398773006134,0.0,0.0250521920668058,-0.0250521920668058,0.0,0.15518343359761155,563.0,566.0
5,471878.0,0.2518553524427924,0.2635069780295702,0.2516738729470709,0.011833105082499296,1.047017614279683,0.15459333955198176,477142.0,580490.0
390,7777.0,0.7487463032017487,0.7652173913043478,0.7479817007534983,0.017235690550849503,1.0230429307742244,0.15441549124383083,8017.0,9295.0
6751,300.0,0.0266666666666666,0.0,0.027027027027027,-0.027027027027027,0.0,0.15424622337159108,569.0,573.0
2710,2418.0,0.1604631927212572,0.1418439716312056,0.1616161616161616,-0.019772189984956,0.8776595744680847,0.15404729743737905,2537.0,2633.0
2454,9439.0,0.0281809513719673,0.0119760479041916,0.028775398132894,-0.0167993502287024,0.4161905197239106,0.15375960198447297,16278.0,17549.0
2684,1553.0,0.0309079201545396,0.0512820512820512,0.0303830911492734,0.020898960132777797,1.6878483835005573,0.15357783784108378,1553.0,1572.0
2311,141.0,0.1134751773049645,0.1428571428571428,0.1119402985074626,0.0309168443496802,1.2761904761904768,0.1532185337637918,163.0,165.0
628,792.0,0.0227272727272727,0.0,0.0229007633587786,-0.0229007633587786,0.0,0.15288144782369864,836.0,842.0
2732,2092.0,0.0372848948374761,0.0548523206751054,0.0350404312668463,0.0198118894082591,1.5654008438818567,0.15148871432553043,2093.0,2170.0
776,2570.0,0.721011673151751,0.7021276595744681,0.721363456202933,-0.019235796628464863,0.9733341126958149,0.15104044090346203,2713.0,2778.0
6720,66127.0,0.3424017421023183,0.3291139240506329,0.3426772042479624,-0.013563280197329497,0.9604196601664957,0.15054356064849975,66127.0,110052.0
401,89720.0,0.0404034774855104,0.0276363636363636,0.0408071748878923,-0.013170811251528702,0.6772427572427576,0.15020599185522504,103214.0,106240.0
2746,452.0,0.0243362831858407,0.0,0.0245535714285714,-0.0245535714285714,0.0,0.15016699415248505,459.0,462.0
1328,1014687.0,0.3103400358928418,0.2996515679442508,0.3104654409125354,-0.010813872968284621,0.9651688350996492,0.14955685515165046,1068009.0,1254129.0
85,719.0,0.0222531293463143,0.0,0.0227272727272727,-0.0227272727272727,0.0,0.14952843663659304,1251.0,1302.0
6757,3458.0,0.667727009832273,0.6857142857142857,0.6675430908559743,0.018171194858311424,1.0272210065645515,0.14807224806190242,3458.0,3564.0
1380,526124.0,0.0680600010643878,0.0570359981299672,0.0682422406331148,-0.011206242503147605,0.8357873012494591,0.14762312831793764,526296.0,770955.0
20764,1526.0,0.019659239842726,0.0,0.0199203187250996,-0.0199203187250996,0.0,0.14603705787288113,1526.0,1597.0
2580,137.0,0.0291970802919708,0.0,0.0296296296296296,-0.0296296296296296,0.0,0.14599270178243556,147.0,150.0
1253,215609.0,0.4422820939756689,0.4539835164835165,0.4421218917051016,0.011861624778414903,1.0268288564781738,0.14567530055141323,231692.0,284851.0
2286,12761.0,0.3346916385863177,0.3195876288659793,0.3349248030556219,-0.015337174189642588,0.9542071114180949,0.14500113068974835,14089.0,14303.0
1395,219435.0,0.7113906168113564,0.6998061478814733,0.7115844391726592,-0.011778291291185905,0.9834477953103075,0.14485903617422013,220216.0,246339.0
1961,479.0,0.022964509394572,0.0,0.0234541577825159,-0.0234541577825159,0.0,0.14480095339642013,519.0,522.0
1465,116889.0,0.5199804943151195,0.5321188878235859,0.519759936587023,0.012358951236562832,1.023778191366032,0.1442164610948454,133655.0,144538.0
534,5656.0,0.2657355021216407,0.282051282051282,0.2653908647770355,0.016660417274246497,1.0627769056340486,0.14395681778271577,6017.0,6144.0
6999,22878.0,0.1400909170382026,0.1259259259259259,0.14026008492569,-0.01433415899976409,0.897803006412278,0.14388592593361746,27389.0,29157.0
1451,250986.0,0.4333508641916282,0.4447126991791405,0.4331602145484597,0.011552484630680815,1.0266702348061294,0.14363384849846283,278283.0,337722.0
1279,1112.0,0.0971223021582733,0.0769230769230769,0.097361237488626,-0.020438160565549104,0.7900790797987058,0.14336990204888778,1112.0,1123.0
7804,381.0,0.0236220472440944,0.0,0.0240641711229946,-0.0240641711229946,0.0,0.14307161892368733,545.0,557.0
437,7815.0,0.0305822136916186,0.0152905198776758,0.03125,-0.015959480122324197,0.4892966360856256,0.1430596338256576,7834.0,7926.0
8396,764.0,0.0209424083769633,0.0,0.0215343203230148,-0.0215343203230148,0.0,0.14298521311066562,764.0,776.0
12335,862.0,0.0208816705336426,0.0,0.0210772833723653,-0.0210772833723653,0.0,0.14249117615866683,874.0,894.0
1354,27319.0,0.6821625974596435,0.668646080760095,0.6825924387203989,-0.013946357960303857,0.9795685431464082,0.14246726687714054,28005.0,35360.0
1421,105813.0,0.0516760700481037,0.0395348837209302,0.051825913913684,-0.0122910301927538,0.7628400685181452,0.14220031318212858,112812.0,157195.0
280,56425.0,0.0896765618077093,0.1024042742653606,0.0894181042276952,0.012986170037665404,1.145229762471784,0.1420775999482538,73463.0,81884.0
804,6440.0,0.1222049689440993,0.1067961165048543,0.1229815690751916,-0.016185452570337308,0.8683912338080397,0.14195352585633716,20062.0,21725.0
20812,1521.0,0.0190664036817883,0.0,0.0193204530313124,-0.0193204530313124,0.0,0.1415760397163402,1521.0,1592.0
768,1685.0,0.0498516320474777,0.03125,0.0502117362371445,-0.0189617362371445,0.6223644578313264,0.14088786450728696,1812.0,1828.0
1722,2093.0,0.1610129001433349,0.1428571428571428,0.1611969111969112,-0.018339768339768414,0.8862275449101792,0.140241116252104,2131.0,2149.0
7918,76431.0,0.0220852795331737,0.0342465753424657,0.0218242565987303,0.012422318743735401,1.5691977954684657,0.139678498974512,132082.0,174172.0
83,4316.0,0.0275718257645968,0.0112359550561797,0.0279157795126567,-0.016679824456476998,0.4024947629023021,0.13961540145110687,4711.0,4787.0
7536,147.0,0.6394557823129252,0.6666666666666666,0.6388888888888888,0.02777777777777779,1.0434782608695652,0.13881145204900325,147.0,165.0
7183,1919.0,0.0953621677957269,0.0790697674418604,0.0974178403755868,-0.01834807293372641,0.8116559260296999,0.13871290775706074,1940.0,2061.0
1486,2428183.0,0.2826129661561752,0.2918927740829899,0.2825183448337836,0.00937442924920634,1.0331816656179325,0.13782899167494567,2432726.0,3435135.0
7728,5285.0,0.0255439924314096,0.040625,0.0245720040281973,0.0160529959718027,1.653304303278694,0.1376193982956728,6733.0,7579.0
327,232.0,0.3577586206896552,0.3333333333333333,0.3584070796460177,-0.025073746312684386,0.9300411522633745,0.13667795532539379,268.0,274.0
2904,538.0,0.2434944237918215,0.2222222222222222,0.2438563327032136,-0.021634110480991398,0.9112833763996554,0.13607240155505715,1187.0,1200.0
6479,1157.0,0.0190146931719965,0.0,0.0192813321647677,-0.0192813321647677,0.0,0.13601918709809316,1157.0,1191.0
1250,196.0,0.0255102040816326,0.0,0.0256410256410256,-0.0256410256410256,0.0,0.1354667622753328,204.0,244.0
822,7776.0,0.4612911522633744,0.4464285714285714,0.4615083507306889,-0.015079779302117513,0.9673250131265398,0.1350986259395357,8478.0,8663.0
634,3089.0,0.0165101974749109,0.0,0.0168039538714991,-0.0168039538714991,0.0,0.13503533603442486,3446.0,3564.0
255,4051.0,0.0950382621574919,0.1111111111111111,0.0948941469489414,0.01621696416216971,1.1708953047535733,0.13471376773504923,5288.0,5499.0
1846,409.0,0.0220048899755501,0.0,0.0223880597014925,-0.0223880597014925,0.0,0.1346900856648883,410.0,421.0
23450,257.0,0.0233463035019455,0.0,0.0241935483870967,-0.0241935483870967,0.0,0.13434579640939356,257.0,262.0
23413,257.0,0.0233463035019455,0.0,0.0241935483870967,-0.0241935483870967,0.0,0.13434579640939356,257.0,262.0
23176,257.0,0.0233463035019455,0.0,0.0241935483870967,-0.0241935483870967,0.0,0.13434579640939356,257.0,262.0
1431,23429.0,0.0752059413547313,0.0620915032679738,0.0753794922804134,-0.013287989012439591,0.823718778006517,0.13370072284426296,27021.0,33993.0
2692,153.0,0.0261437908496732,0.0,0.0264900662251655,-0.0264900662251655,0.0,0.13342920801095676,153.0,159.0
6465,851.0,0.0188014101057579,0.0,0.0196560196560196,-0.0196560196560196,0.0,0.13263069340205005,879.0,913.0
6436,4135.0,0.6592503022974607,0.675,0.6590964590964591,0.015903540903540958,1.0241293071507966,0.13243648903644994,4136.0,4386.0
2308,108301.0,0.0247735477973425,0.0135338345864661,0.024913294257322,-0.0113794596708559,0.5432374557406641,0.13191842202017875,112349.0,118305.0
2193,501.0,0.1457085828343313,0.1666666666666666,0.1454545454545454,0.02121212121212121,1.1458333333333335,0.13190969950861242,583.0,595.0
6609,896.0,0.1986607142857142,0.217391304347826,0.1981672394043528,0.0192240649434732,1.0970092988187983,0.13070549144652047,1325.0,1339.0
1333,3287.0,0.1016124125342257,0.1176470588235294,0.1015290519877675,0.016118006835761894,1.1587526576895826,0.13052417955628332,3315.0,4593.0
12797,260.0,0.023076923076923,0.0,0.0234375,-0.0234375,0.0,0.13041844704662564,260.0,261.0
2470,17704.0,0.1983732489832806,0.1851851851851851,0.1985155580930631,-0.013330372907878002,0.9328497321019605,0.13039240715597944,17711.0,18664.0
7137,3402.0,0.6325690770135215,0.6170212765957447,0.6330108827085853,-0.015989606112840615,0.9747403930175373,0.13003407541234216,3475.0,3589.0
4681,327.0,0.2721712538226299,0.25,0.2724458204334365,-0.022445820433436514,0.9176136363636365,0.13002894322224462,1071.0,1088.0
7883,660.0,0.0196969696969696,0.0,0.0198170731707317,-0.0198170731707317,0.0,0.12868719499706083,660.0,672.0
1543,4439.0,0.0148682135616129,0.0,0.0151933701657458,-0.0151933701657458,0.0,0.12760014669846498,4444.0,4661.0
735,1307.0,0.0558530986993114,0.0384615384615384,0.0562060889929742,-0.017744550531435796,0.6842948717948713,0.12733941116982336,1866.0,1894.0
545,1876.0,0.0165245202558635,0.0,0.0167386609071274,-0.0167386609071274,0.0,0.12616648549361845,1950.0,1966.0
1992,405.0,0.1037037037037037,0.0833333333333333,0.104325699745547,-0.020992366412213692,0.7987804878048783,0.126087566327517,476.0,485.0
63,103285.0,0.5420148133804521,0.5313725490196078,0.5422292458886858,-0.010856696869077975,0.9799776626742359,0.12534335680931144,109970.0,127330.0
1666,6957.0,0.2498203248526664,0.2360248447204969,0.250147145379635,-0.01412230065913811,0.943544026306175,0.12494913608339153,7043.0,7250.0
20774,281.0,0.0213523131672597,0.0,0.0219780219780219,-0.0219780219780219,0.0,0.12399795760303503,281.0,285.0
6952,1976.0,0.3016194331983806,0.2857142857142857,0.3020238713025428,-0.016309585588257125,0.9459990181639665,0.12377892216602703,2446.0,2502.0
7383,2708.0,0.1539881831610044,0.1692307692307692,0.1536133181990162,0.015617451031753021,1.1016672982190228,0.12344556233484323,2708.0,2790.0
6123,117.0,0.0256410256410256,0.0,0.0258620689655172,-0.0258620689655172,0.0,0.12337977477066356,117.0,117.0
652,1089.0,0.017447199265381,0.0,0.0175763182238667,-0.0175763182238667,0.0,0.12292759160891759,3423.0,3480.0
6457,979.0,0.1910112359550561,0.2083333333333333,0.1905759162303665,0.0177574171029668,1.0931776556776556,0.12230514383366024,979.0,1019.0
16529,51727.0,0.0705240976665957,0.0815677966101695,0.0703188074749424,0.011248989135227094,1.1599712728239253,0.12209376644653089,51727.0,67820.0
23267,257.0,0.1322957198443579,0.1111111111111111,0.1330645161290322,-0.02195340501792109,0.8350168350168353,0.12190637081593125,257.0,262.0
1345,297400.0,0.340383322125084,0.330906303889634,0.3405526026675246,-0.009646298777890583,0.9716745703825729,0.12157072802061149,297605.0,358780.0
7841,11523.0,0.065173999826434,0.0779220779220779,0.0650013193772539,0.01292075854482401,1.198776865894593,0.1208373513360761,14709.0,15819.0
2520,5692.0,0.1217498243148278,0.1081081081081081,0.1220211431643074,-0.0139130350561993,0.8859784895027191,0.12030591157729335,10032.0,10335.0
638,781.0,0.2676056338028169,0.25,0.2679738562091503,-0.01797385620915032,0.9329268292682927,0.11973921919280782,790.0,792.0
626,3558.0,0.0340078695896571,0.0196078431372549,0.0342172797262617,-0.014609436589006798,0.5730392156862756,0.11946479453327544,3806.0,3869.0
13023,993.0,0.0171198388721047,0.0,0.017293997965412,-0.017293997965412,0.0,0.11935862920972709,1000.0,1059.0
2559,9738.0,0.0219757650441569,0.0093896713615023,0.022257217847769,-0.0128675464862667,0.42187084772787514,0.11817417939226864,9738.0,10280.0
1910,1094.0,0.016453382084095,0.0,0.0168067226890756,-0.0168067226890756,0.0,0.11762201079412753,1094.0,1151.0
718,128.0,0.2265625,0.25,0.2258064516129032,0.024193548387096808,1.1071428571428572,0.11757610655713739,258.0,261.0
1009,40451.0,0.3785567723912882,0.3894039735099338,0.3783504635227731,0.011053509987160703,1.0292150031593537,0.1172542120757874,40636.0,43264.0
2343,2013.0,0.0362642821659215,0.0212765957446808,0.0366225839267548,-0.015345988182074,0.580969267139479,0.11675040700319188,2284.0,2292.0
6571,16407.0,0.151642591576766,0.1625850340136054,0.1505657093124456,0.012019324701159823,1.079827769257992,0.1166538479537187,16407.0,19076.0
1917,1789.0,0.5986584684181107,0.5833333333333334,0.5988668555240794,-0.015533522190745996,0.9740618101545254,0.11634562916509211,1919.0,1960.0
6461,416.0,0.0192307692307692,0.0,0.0192771084337349,-0.0192771084337349,0.0,0.1163004572876875,416.0,416.0
20780,1542.0,0.0155642023346303,0.0,0.0157687253613666,-0.0157687253613666,0.0,0.11576584261282234,1542.0,1613.0
723,133.0,0.0225563909774436,0.0,0.0236220472440944,-0.0236220472440944,0.0,0.11569700314844629,561.0,575.0
1610,88911.0,0.5434310715209592,0.5533790401567091,0.5433155080213904,0.010063532135318742,1.0185224459577225,0.1146779982022007,89647.0,99874.0
1502,1834485.0,0.4032706726956067,0.4111155968241152,0.4031741669756847,0.007941429848430492,1.019697268572541,0.11453348430357195,1846850.0,2644524.0
867,2499.0,0.4881952781112445,0.4736842105263157,0.4883064516129032,-0.014622241086587495,0.9700551957929504,0.11440508704329386,3017.0,3134.0
895,1298.0,0.234206471494607,0.25,0.2341085271317829,0.0158914728682171,1.067880794701987,0.11393153127267264,1309.0,1670.0
6684,1007.0,0.141012909632572,0.125,0.1414038657171922,-0.016403865717192212,0.8839928057553961,0.11344459878858551,1233.0,1273.0
15373,8199.0,0.0123185754360287,0.0,0.0125528212776534,-0.0125528212776534,0.0,0.11312463742958988,8199.0,9025.0
756,710.0,0.0169014084507042,0.0,0.0172166427546628,-0.0172166427546628,0.0,0.11305605331081592,710.0,751.0
1582,76347.0,0.1553695626547212,0.1455431754874651,0.1555579287421073,-0.010014753254642211,0.9356204255506305,0.11259644283607456,130398.0,144161.0
1764,7834.0,0.5907582333418433,0.6031746031746031,0.5906575730279243,0.01251703014667882,1.0211916865511637,0.11223215029536714,7974.0,11012.0
2121,316.0,0.0189873417721519,0.0,0.0194174757281553,-0.0194174757281553,0.0,0.1118233354150926,316.0,317.0
6613,533.0,0.2176360225140713,0.2,0.2178030303030303,-0.017803030303030293,0.9182608695652175,0.11181007743603372,599.0,631.0
11751,659.0,0.0166919575113808,0.0,0.0171606864274571,-0.0171606864274571,0.0,0.11141129202063212,659.0,659.0
670,3016.0,0.4864058355437666,0.5,0.4861111111111111,0.013888888888888895,1.0285714285714287,0.11127803109943146,3445.0,3473.0
2430,5954.0,0.0337588176016123,0.0212765957446808,0.0340615861001204,-0.012784990355439604,0.6246507629486341,0.11112696333928891,6101.0,6188.0
2649,1526.0,0.2024901703800786,0.217391304347826,0.2022621423819028,0.015129161965923205,1.074799771167048,0.1109127987396031,1598.0,1667.0
6947,104.0,0.0192307692307692,0.0,0.0238095238095238,-0.0238095238095238,0.0,0.11080857976565528,104.0,116.0
1054,75994.0,0.615588072742585,0.6059063136456212,0.6157148189622994,-0.009808505316678207,0.9840697267393871,0.11023213005589208,78673.0,93227.0
8242,1420.0,0.0816901408450704,0.0666666666666666,0.0818505338078291,-0.015183867141162502,0.8144927536231884,0.11022145485129634,1421.0,1467.0
2202,4929.0,0.6447555285047677,0.6574074074074074,0.6444721012238125,0.012935306183594952,1.020071165468655,0.10999012785209109,5126.0,5206.0
1716,800.0,0.01625,0.0,0.0163316582914572,-0.0163316582914572,0.0,0.10919119637171887,810.0,825.0
6512,264.0,0.0189393939393939,0.0,0.01953125,-0.01953125,0.0,0.10897909816379339,274.0,275.0
2755,522.0,0.0172413793103448,0.0,0.0173410404624277,-0.0173410404624277,0.0,0.10854765544621225,529.0,535.0
8923,250231.0,0.0622185100966706,0.07080274686242,0.0620711521576534,0.008731594704766595,1.1406707367472313,0.10853497749122124,250231.0,335735.0
2006,1394.0,0.4691535150645624,0.4545454545454545,0.4695077149155033,-0.01496226037004883,0.9681320244700525,0.10833648597376473,1432.0,1563.0
2665,1849.0,0.2833964305029746,0.2692307692307692,0.2835984640702139,-0.014367694839444667,0.949337896146407,0.10808731940603553,1921.0,2004.0
1368,3109.0,0.1338050820199421,0.1470588235294117,0.1336585365853658,0.01340028694404588,1.1002576212966937,0.10777017298180526,5577.0,6014.0
1579,212374.0,0.1128057106802151,0.1214750542299349,0.1126913094920041,0.00878374473793081,1.0779451829739723,0.10774236914490141,277607.0,342642.0
6596,421.0,0.0166270783847981,0.0,0.0176767676767676,-0.0176767676767676,0.0,0.10685615454104015,423.0,439.0
2108,2190.0,0.0136986301369863,0.0,0.0138888888888888,-0.0138888888888888,0.0,0.10683490749438079,2252.0,2274.0
2532,5847.0,0.6907815974003763,0.6789473684210526,0.6911790701785399,-0.012231701757487223,0.9823031363575179,0.10609600746517596,5847.0,6600.0
2377,7019.0,0.0255022082917794,0.0137931034482758,0.0257491998836194,-0.0119560964353436,0.5356711474771072,0.10588938923177378,16011.0,17597.0
1643,478.0,0.0167364016736401,0.0,0.017094017094017,-0.017094017094017,0.0,0.1054991555112971,552.0,555.0
1792,2635.0,0.0132827324478178,0.0,0.0133536818008393,-0.0133536818008393,0.0,0.1051871905176583,2723.0,3063.0
800,1784.0,0.0140134529147982,0.0,0.0140370578326782,-0.0140370578326782,0.0,0.10509789014898514,1789.0,2231.0
1187,107.0,0.6448598130841121,0.6666666666666666,0.6442307692307693,0.022435897435897356,1.0348258706467661,0.10504781599317123,107.0,107.0
1985,143.0,0.0209790209790209,0.0,0.0211267605633802,-0.0211267605633802,0.0,0.10499605562484468,201.0,201.0
7835,478.0,0.0167364016736401,0.0,0.0169851380042462,-0.0169851380042462,0.0,0.10482718636791312,1001.0,1028.0
6804,38228.0,0.7493460290886261,0.7395626242544732,0.7494764744864149,-0.00991385023194169,0.9867722996392445,0.10460450036212772,38231.0,51948.0
1375,214924.0,0.1538032048538088,0.1454213568603589,0.1539333859391316,-0.008512029078772715,0.9447031647693468,0.10451107104023374,214925.0,314094.0
1642,484.0,0.0165289256198347,0.0,0.0168776371308016,-0.0168776371308016,0.0,0.104373820944092,558.0,561.0
6672,700.0,0.0157142857142857,0.0,0.0159189580318379,-0.0159189580318379,0.0,0.10430909805699048,700.0,706.0
1381,2601622.0,0.0360625025464883,0.0429996746556772,0.0359627377143396,0.007036936941337599,1.195673004575837,0.10394714169627238,2661019.0,3823744.0
7727,26237.0,0.0165034112131722,0.0264200792602377,0.0162087912087912,0.010211288051446499,1.629984550970598,0.10389948852786923,43433.0,47895.0
6953,1998.0,0.3268268268268268,0.34,0.3264887063655031,0.013511293634496935,1.0413836477987422,0.1026912676817509,2469.0,2526.0
2195,27404.0,0.2378119982484308,0.2279693486590038,0.2380031247675024,-0.010033776108498593,0.9578418303612599,0.10252994808955761,27487.0,28910.0
7409,501.0,0.0159680638722554,0.0,0.0164271047227926,-0.0164271047227926,0.0,0.10215359539534663,501.0,504.0
23178,257.0,0.0933852140077821,0.1111111111111111,0.0927419354838709,0.018369175627240206,1.1980676328502424,0.10200328986639207,257.0,262.0
6444,2426.0,0.3742786479802143,0.3870967741935484,0.3741127348643006,0.012984039329247798,1.0347062211981568,0.10120294164348394,2427.0,2605.0
2175,990.0,0.1393939393939394,0.1538461538461538,0.1392016376663254,0.014644516179828398,1.1052036199095026,0.10102833661801285,1183.0,1191.0
2619,285.0,0.0175438596491228,0.0,0.0178571428571428,-0.0178571428571428,0.0,0.10099985376463991,399.0,407.0
1452,2596.0,0.7800462249614792,0.7674418604651163,0.7802585193889542,-0.012816658923837876,0.9835738302045391,0.1007660106378221,6888.0,7153.0
7000,14106.0,0.541967956897774,0.5319148936170213,0.5422787400423884,-0.01036384642536714,0.9808883408843263,0.09902060796539248,14126.0,15046.0
12285,2925.0,0.0294017094017094,0.0172413793103448,0.0296477153819323,-0.0124063360715875,0.5815415821501011,0.09901982628002162,11900.0,13352.0
1455,102605.0,0.1150236343258125,0.1235177865612648,0.1149390213892689,0.008578765171995906,1.0746375344796248,0.09898738324602697,110139.0,142143.0
1802,662.0,0.0151057401812688,0.0,0.0151285930408472,-0.0151285930408472,0.0,0.09828706490447597,2285.0,2378.0
16738,2009.0,0.1408661025385764,0.1282051282051282,0.1411167512690355,-0.012911623063907307,0.908503966057923,0.09820438475913945,2009.0,2094.0
20813,530.0,0.0150943396226415,0.0,0.0155642023346303,-0.0155642023346303,0.0,0.09766166570026333,562.0,573.0
9561,2582.0,0.0224632068164213,0.0341880341880341,0.0219066937119675,0.012281340476066601,1.5606204495093376,0.09649089114663537,2593.0,2890.0
7200,119665.0,0.3925375005222914,0.3844305622296972,0.392680977003674,-0.00825041477397681,0.9789895226477966,0.09646764314204138,194806.0,245853.0
6987,559.0,0.0143112701252236,0.0,0.0150093808630394,-0.0150093808630394,0.0,0.09497841326422807,955.0,976.0
2613,165.0,0.0181818181818181,0.0,0.0185185185185185,-0.0185185185185185,0.0,0.09466644052512109,165.0,171.0
2612,165.0,0.0181818181818181,0.0,0.0185185185185185,-0.0185185185185185,0.0,0.09466644052512109,165.0,172.0
1042,633862.0,0.1970255355266603,0.2040256175663312,0.196940009038487,0.007085608527844206,1.0359785122507001,0.09466081152389305,648056.0,838793.0
546,953.0,0.0136411332633788,0.0,0.0137566137566137,-0.0137566137566137,0.0,0.09437950024214535,953.0,961.0
175,40238.0,0.2661166061931507,0.2748735244519393,0.2659856223987892,0.008887902053150099,1.0334149717304064,0.09423479879284931,40238.0,48685.0
2255,475.0,0.4294736842105263,0.4444444444444444,0.4291845493562232,0.015259895088221231,1.0355555555555556,0.09408362963061753,646.0,683.0
1422,12391.0,0.0143652651117746,0.0045662100456621,0.0145415708182714,-0.0099753607726093,0.3140107834790918,0.09401584387340525,22565.0,26536.0
334,2766.0,0.0997830802603036,0.088235294117647,0.1000741289844329,-0.0118388348667859,0.8816993464052283,0.09382891043527486,2926.0,3047.0
1924,439.0,0.6514806378132119,0.6666666666666666,0.651270207852194,0.015396458814472602,1.023640661938534,0.09371477639587805,541.0,677.0
7834,847.0,0.0802833530106257,0.0666666666666666,0.0805288461538461,-0.013862179487179507,0.8278606965174126,0.09347102163397443,1181.0,1194.0
399,3421.0,0.318035662087109,0.3069306930693069,0.3183734939759036,-0.011442800906596662,0.9640585629045403,0.09312129012207085,9099.0,9208.0
1013,1512.0,0.4087301587301587,0.396551724137931,0.4092159559834938,-0.012664231845562812,0.9690524485656331,0.09272560231378346,1877.0,1901.0
6808,729.0,0.0137174211248285,0.0,0.0139470013947001,-0.0139470013947001,0.0,0.09195320131300444,729.0,760.0
6520,8659.0,0.1529044924356161,0.1428571428571428,0.1529452690166975,-0.010088126159554706,0.9340409401061411,0.09146369319751992,8659.0,8872.0
23503,251.0,0.0159362549800796,0.0,0.0165289256198347,-0.0165289256198347,0.0,0.09139552210762678,251.0,255.0
20811,1277.0,0.0125293657008613,0.0,0.0127287191726332,-0.0127287191726332,0.0,0.09104918548846397,1277.0,1337.0
12936,107.0,0.0186915887850467,0.0,0.0194174757281553,-0.0194174757281553,0.0,0.09091516945872254,107.0,107.0
7725,90966.0,0.0140711914341622,0.021860701576004,0.0138990325733997,0.007961669002604302,1.572821810479208,0.09090834366810752,91041.0,120000.0
7811,392.0,0.1147959183673469,0.1,0.1151832460732984,-0.015183246073298393,0.8681818181818185,0.09070182133204616,1357.0,1384.0
1449,546614.0,0.1449962862275755,0.1517150395778364,0.1449018058230093,0.006813233754827119,1.047019660770475,0.09001303771422534,556610.0,733156.0
6744,599.0,0.013355592654424,0.0,0.0140597539543057,-0.0140597539543057,0.0,0.08993925701534061,1063.0,1092.0
1302,24745.0,0.2357648009698929,0.2445141065830721,0.235650536313764,0.008863570269308091,1.0376131979496386,0.08966759191029589,30804.0,31445.0
783,176.0,0.0170454545454545,0.0,0.0172413793103448,-0.0172413793103448,0.0,0.08924396090644518,831.0,848.0
7043,2623.0,0.0777735417460922,0.0666666666666666,0.077967416602017,-0.011300749935350407,0.8550580431177444,0.08896464702813449,3497.0,3742.0
6665,2552.0,0.1853448275862069,0.1964285714285714,0.1850961538461538,0.011332417582417598,1.0612244897959184,0.08890309264044276,4421.0,4628.0
313,4824.0,0.0325456053067993,0.0428571428571428,0.0323937736642827,0.010463369192860103,1.3230055658627073,0.08874575653572259,5301.0,5421.0
1725,1561.0,0.2703395259449071,0.282051282051282,0.2700394218134034,0.012011860237878591,1.0444818765986648,0.08833188486092722,1562.0,1830.0
744,260.0,0.0153846153846153,0.0,0.0158730158730158,-0.0158730158730158,0.0,0.08832572075115346,285.0,285.0
1251,16789.0,0.8133897194591697,0.8223684210526315,0.8133076876840777,0.009060733368553842,1.0111405972250853,0.0881476956800427,18287.0,19539.0
771,1041.0,0.0624399615754082,0.05,0.0626836434867776,-0.012683643486777599,0.797656250000001,0.08813733499408119,1137.0,1142.0
955,55050.0,0.2738964577656675,0.2659176029962546,0.2739746129576638,-0.008057009961409178,0.9705921294150922,0.08795044406973147,55050.0,59714.0
7088,2423.0,0.0354931902600082,0.0465116279069767,0.0352941176470588,0.0112175102599179,1.3178294573643408,0.08742001319692388,2477.0,2597.0
760,33995.0,0.3217237829092513,0.3299492385786802,0.3215782541013052,0.008370984477374999,1.0260309407449484,0.08734283654741606,35876.0,36439.0
1015,108423.0,0.3848445440543058,0.3921274038461538,0.3846139207383796,0.0075134831077742215,1.0195351304324864,0.0871098561116184,108667.0,132096.0
1569,576728.0,0.2990508523948897,0.2925573412388828,0.2991238236846396,-0.006566482445756805,0.9780476113040073,0.08710522860598101,655029.0,835899.0
1955,22224.0,0.0455363570914326,0.054054054054054,0.0454504135987637,0.008603640455290301,1.1892972972972975,0.08611360553821426,22224.0,25749.0
17215,29205.0,0.113507960965588,0.1052631578947368,0.1136332035595105,-0.008370045664773701,0.9263415498059927,0.08606189299915983,29205.0,35988.0
198,26712.0,0.1006663671758011,0.108991825613079,0.1005503890681343,0.008441436544944711,1.0839523011614076,0.08604276597688772,26718.0,28504.0
6933,1303.0,0.3215656178050652,0.3333333333333333,0.3213448006254886,0.011988532707844723,1.037307380373074,0.08599604382444227,1411.0,1450.0
2469,15453.0,0.0838024978968485,0.0750853242320819,0.0839709762532981,-0.00888565202121619,0.894181865953152,0.08570765082530118,15468.0,16276.0
1358,112.0,0.9821428571428572,1.0,0.981981981981982,0.018018018018017945,1.018348623853211,0.0851781588957175,8648.0,9688.0
3705,113.0,0.0176991150442477,0.0,0.0178571428571428,-0.0178571428571428,0.0,0.08457497229275858,113.0,113.0
2429,5646.0,0.0299326957137796,0.0204081632653061,0.0301873067830514,-0.009779143517745299,0.6760511433489066,0.08448084451342851,5793.0,5875.0
7052,348.0,0.014367816091954,0.0,0.0144092219020172,-0.0144092219020172,0.0,0.08436703057928516,348.0,349.0
6496,616.0,0.0129870129870129,0.0,0.0131147540983606,-0.0131147540983606,0.0,0.08426057736269325,617.0,636.0
12238,46807.0,0.0276240733223663,0.03515625,0.0274123047861708,0.0077439452138291995,1.2824988731971174,0.0832769108913938,62724.0,64263.0
149,195.0,0.0153846153846153,0.0,0.0157068062827225,-0.0157068062827225,0.0,0.08290232449053161,2485.0,2595.0
2752,194.0,0.0154639175257731,0.0,0.0157068062827225,-0.0157068062827225,0.0,0.08282198259524202,390.0,395.0
1694,53956.0,0.0268366817406775,0.0194986072423398,0.027089204578133,-0.0075905973357932,0.7197925352920662,0.08270671372094955,62457.0,64513.0
269,193.0,0.0155440414507772,0.0,0.015625,-0.015625,0.0,0.0823102837353645,3983.0,4121.0
265,541.0,0.0129390018484288,0.0,0.0130597014925373,-0.0130597014925373,0.0,0.08221429479492068,599.0,632.0
3119,628.0,0.4124203821656051,0.4,0.4127243066884176,-0.012724306688417564,0.9691699604743085,0.0819971024506741,636.0,645.0
957,2412.0,0.0381426202321724,0.0277777777777777,0.0382996632996633,-0.010521885521885599,0.7252747252747233,0.08195103183528081,2965.0,3094.0
1117,1830.0,0.453551912568306,0.4642857142857143,0.45338512763596,0.010900586649754296,1.0240426648015388,0.08189193851218887,1845.0,1861.0
711,3680.0,0.1298913043478261,0.12,0.1299589603283173,-0.009958960328317307,0.9233684210526321,0.08177242306292595,3680.0,4079.0
17727,1876.0,0.0106609808102345,0.0,0.0108225108225108,-0.0108225108225108,0.0,0.08157391814487545,1895.0,2015.0
6752,619.0,0.9596122778675282,0.9473684210526316,0.96,-0.012631578947368327,0.986842105263158,0.08121750919628323,619.0,665.0
18190,8754.0,0.0322138450993831,0.0407608695652173,0.031838778917243,0.0089220906479743,1.280227161700047,0.08098920938952255,8754.0,9304.0
2314,202.0,0.0148514851485148,0.0,0.0151515151515151,-0.0151515151515151,0.0,0.08050312089457226,293.0,319.0
2673,1491.0,0.2065727699530516,0.217391304347826,0.2064032697547684,0.01098803459305761,1.0532357583584442,0.08029915891669571,1556.0,1621.0
7831,468.0,0.0128205128205128,0.0,0.0130434782608695,-0.0130434782608695,0.0,0.0802252535014728,565.0,569.0
981,14175.0,0.047689594356261,0.0556328233657858,0.0472651605231866,0.008367662842599204,1.1770365899528539,0.07998904687971174,14748.0,16525.0
6600,230.0,0.3478260869565217,0.3333333333333333,0.3480176211453744,-0.014684287812041064,0.957805907172996,0.0799180280546516,318.0,322.0
10357,124.0,0.0161290322580645,0.0,0.0165289256198347,-0.0165289256198347,0.0,0.07980683863309584,125.0,134.0
1787,203.0,0.0147783251231527,0.0,0.0149253731343283,-0.0149253731343283,0.0,0.07937492528125666,205.0,205.0
6501,6835.0,0.0335040234089246,0.0414993306559571,0.0325229960578186,0.0089763345981385,1.275999621381148,0.07926065789258233,6879.0,8051.0
293,1719.0,0.0104712041884816,0.0,0.0105757931844888,-0.0105757931844888,0.0,0.07879050073826939,1722.0,1787.0
6954,1995.0,0.2345864661654135,0.2244897959183673,0.2348406988694758,-0.01035090295110852,0.9559237261644263,0.07865548116421016,2467.0,2524.0
8400,1507.0,0.0106171201061712,0.0,0.0107310529845741,-0.0107310529845741,0.0,0.07853563566538317,1507.0,1619.0
264,387.0,0.9870801033591732,1.0,0.987012987012987,0.012987012987012991,1.013157894736842,0.07741565376134124,387.0,394.0
1007,12155.0,0.1919374742904154,0.2,0.1917957304311427,0.008204269568857309,1.0427760803142736,0.07716589862667227,13947.0,14927.0
1729,13525.0,0.4709796672828096,0.4789473684210526,0.4708661417322834,0.008081226688769205,1.0171624713958811,0.07687161054439749,61577.0,72336.0
2219,1376.0,0.3604651162790697,0.35,0.3606194690265487,-0.0106194690265487,0.9705521472392638,0.07675393803959654,1395.0,1461.0
1606,51685.0,0.0150140272806423,0.0219594594594594,0.014933552541444,0.007025906918015402,1.4704779320605004,0.07625176190011994,51994.0,60127.0
2194,27095.0,0.2764347665620963,0.2837573385518591,0.2762940114354499,0.00746332711640918,1.0270122652229574,0.0761792351505766,27347.0,28795.0
17184,12278.0,0.0284248248900472,0.0363636363636363,0.0282799800962016,0.008083656267434701,1.2858437749933371,0.07611284390148478,12278.0,14040.0
60,23049.0,0.0590481148856783,0.066465256797583,0.058940047539396,0.0075252092581869975,1.1276756564058943,0.0755938954759928,57299.0,65840.0
6957,989.0,0.3185035389282103,0.3076923076923077,0.3186475409836065,-0.010955233291298772,0.9656195894138019,0.07556596682651893,1064.0,1073.0
1487,547840.0,0.3576646466121495,0.3632537093549405,0.3575659856186738,0.005687723736266692,1.0159067807482458,0.07515610479193041,551552.0,808455.0
1118,236.0,0.0127118644067796,0.0,0.0136986301369863,-0.0136986301369863,0.0,0.07490493344020728,263.0,265.0
1111,236.0,0.0127118644067796,0.0,0.0136986301369863,-0.0136986301369863,0.0,0.07490493344020728,263.0,265.0
2133,133.0,0.0150375939849624,0.0,0.015267175572519,-0.015267175572519,0.0,0.0747761801519219,133.0,133.0
1960,166.0,0.180722891566265,0.1666666666666666,0.18125,-0.014583333333333393,0.9195402298850571,0.07463740976441131,246.0,257.0
403,77505.0,0.0515321592155344,0.045144157814871,0.0517570690138775,-0.006612911199006498,0.8722317294042792,0.0744488858760201,89707.0,91756.0
289,609.0,0.0114942528735632,0.0,0.0115131578947368,-0.0115131578947368,0.0,0.0738391656252818,2237.0,2403.0
23202,325.0,0.0123076923076923,0.0,0.0126984126984126,-0.0126984126984126,0.0,0.07348441119195762,325.0,335.0
2124,137.0,0.0145985401459854,0.0,0.0148148148148148,-0.0148148148148148,0.0,0.07299635089121778,137.0,137.0
189,18188.0,0.0642731471299758,0.056910569105691,0.0643232770550788,-0.007412707949387802,0.8847585463806448,0.07270808182136297,26202.0,28136.0
2132,139.0,0.014388489208633,0.0,0.0145985401459854,-0.0145985401459854,0.0,0.07214076529356647,139.0,139.0
1546,6760.0,0.0270710059171597,0.019047619047619,0.0271975957926371,-0.008149976745018099,0.700342015259141,0.07187404252582248,14309.0,14937.0
6506,97420.0,0.0236399096694723,0.0297766749379652,0.0235627942750828,0.006213880662882403,1.2637157796456027,0.07137758620502828,97420.0,139609.0
2591,3448.0,0.0266821345707656,0.0350877192982456,0.0263947210557888,0.008692998242456798,1.3293460925039888,0.07081176943859492,3457.0,3514.0
1203,1370.0,0.1635036496350365,0.1538461538461538,0.163596168017686,-0.009750014171532206,0.9404019404019405,0.07042723524089993,1370.0,1444.0
758,3676.0,0.7562568008705114,0.7647058823529411,0.7561379310344828,0.008567951318458333,1.0113312015795006,0.07034161639151365,4046.0,4077.0
1371,1638290.0,0.3756984416678366,0.3805313212292698,0.3756221928469213,0.0049091283823485266,1.01306932464544,0.07024552401989309,1662293.0,2275206.0
1933,766.0,0.010443864229765,0.0,0.0105680317040951,-0.0105680317040951,0.0,0.07019801111088242,1131.0,1156.0
8604,144.0,0.0138888888888888,0.0,0.0140845070422535,-0.0140845070422535,0.0,0.0700948414425432,144.0,146.0
1980,889.0,0.0101237345331833,0.0,0.0102857142857142,-0.0102857142857142,0.0,0.06985256361661162,975.0,996.0
287,29072.0,0.0201912493120528,0.0135135135135135,0.0202773325900634,-0.006763819076549899,0.6664344757128259,0.06951559147503925,39497.0,43824.0
2484,446.0,0.0112107623318385,0.0,0.0113378684807256,-0.0113378684807256,0.0,0.0691900067416503,446.0,450.0
2570,897.0,0.0100334448160535,0.0,0.0101123595505617,-0.0101123595505617,0.0,0.06876576473563956,905.0,916.0
1254,635553.0,0.4761868797724187,0.48125,0.4761118553729763,0.005138144627023722,1.010791885497156,0.0686571850578156,685680.0,903640.0
2087,2581.0,0.34134056567222,0.35,0.3412729402577118,0.008727059742288157,1.0255720823798626,0.06856257025417298,2581.0,2616.0
1560,58989.0,0.3658987268812829,0.3597678916827853,0.3660081097403158,-0.0062402180575305,0.9829506016630124,0.06854956426290297,78750.0,85144.0
1062,1841.0,0.6089082020640956,0.6,0.6090308370044053,-0.009030837004405323,0.9851717902350813,0.0678993162752041,1844.0,2322.0
2104,158.0,0.0126582278481012,0.0,0.0133333333333333,-0.0133333333333333,0.0,0.06758538936293625,158.0,158.0
2659,1536.0,0.2083333333333333,0.217391304347826,0.208195637805684,0.00919566654214199,1.0441683919944789,0.067474010113289,1601.0,1670.0
23004,256.0,0.01171875,0.0,0.0121457489878542,-0.0121457489878542,0.0,0.06739768524164207,256.0,261.0
1010,172299.0,0.1481030069820486,0.1535987133092078,0.148022519021035,0.005576194288172798,1.0376712565429345,0.06723213227897654,172424.0,193792.0
7161,208594.0,0.0180781805804577,0.0126715945089757,0.0181528337375396,-0.005481239228563899,0.6980504912999431,0.06713503944579509,219290.0,311643.0
844,741778.0,0.2359560407561292,0.2407917815083939,0.2358496804966561,0.004942101011737782,1.0209544528588321,0.06680142374194602,789884.0,953638.0
2444,14146.0,0.025095433338046,0.0182481751824817,0.0252306805074971,-0.0069825053250154,0.723253388946818,0.06673360394509484,20582.0,21848.0
1593,50810.0,0.0114347569376107,0.0053571428571428,0.011502487562189,-0.006145344705046201,0.4657377656945103,0.06659014493289123,51148.0,59267.0
58,970973.0,0.4254217161548261,0.4301452900991052,0.425318384696907,0.004826905402198156,1.0113489225386716,0.06654398321160476,971247.0,1198289.0
15265,1319.0,0.1630022744503411,0.1538461538461538,0.1630934150076569,-0.009247261161503095,0.9433008306247744,0.06644515027954542,1320.0,1482.0
1513,2542636.0,0.0595063548223182,0.0550886100909516,0.0595779885814317,-0.004489378490480103,0.9246470282503079,0.06621255171442698,2623744.0,3368897.0
12234,5314.0,0.64734663153933,0.6547085201793722,0.6470241602828521,0.007684359896520054,1.0118764651588292,0.06591865452242704,5684.0,6773.0
17124,2847.0,0.7147874956094135,0.7226890756302521,0.7144428152492669,0.008246260380985193,1.0115422259206401,0.06559382492658669,2916.0,3085.0
564,3104.0,0.023840206185567,0.0158730158730158,0.0240052614271621,-0.008132245554146302,0.6612307023265901,0.06538950790636316,3285.0,3344.0
6424,13847.0,0.41756337112732,0.4239130434782608,0.4170627191273861,0.006850324350874737,1.016425165896409,0.06532398123970433,19161.0,20706.0
2363,267.0,0.0112359550561797,0.0,0.0116279069767441,-0.0116279069767441,0.0,0.06501147651756761,268.0,282.0
7865,1191.0,0.214945424013434,0.2065217391304347,0.2156505914467698,-0.00912885231633509,0.9576683177398638,0.06466320156029401,1191.0,1262.0
7523,376.0,0.0106382978723404,0.0,0.010840108401084,-0.010840108401084,0.0,0.06430618089374532,376.0,382.0
2690,488.0,0.0102459016393442,0.0,0.0103305785123966,-0.0103305785123966,0.0,0.06397068687473983,737.0,749.0
2224,5628.0,0.6346837242359631,0.6419753086419753,0.6345772489634036,0.007398059678571656,1.011658249158249,0.06388732842373339,5697.0,5950.0
2783,163.0,0.0122699386503067,0.0,0.0125,-0.0125,0.0,0.06374833034780249,457.0,459.0
2650,1536.0,0.1822916666666666,0.1739130434782608,0.1824190350297422,-0.008505991551481379,0.9533711405166981,0.062413459354792616,1601.0,1670.0
6883,292.0,0.0102739726027397,0.0,0.0109090909090909,-0.0109090909090909,0.0,0.06196551937109523,294.0,302.0
8935,187306.0,0.0526998601219395,0.0577066269545793,0.0526270176578918,0.0050796092966875,1.0965209415762092,0.061669018310303865,187306.0,245479.0
2538,169.0,0.0118343195266272,0.0,0.0119760479041916,-0.0119760479041916,0.0,0.061506568108386284,174.0,180.0
1277,121.0,0.512396694214876,0.5,0.5126050420168067,-0.012605042016806678,0.9754098360655739,0.060554887118486216,121.0,123.0
15439,203.0,0.7586206896551724,0.7692307692307693,0.7578947368421053,0.011336032388663986,1.014957264957265,0.06028638049701955,204.0,204.0
777,4500.0,0.418,0.410958904109589,0.4181161057149311,-0.007157201605342056,0.9828822628272019,0.060206772643357644,4823.0,4959.0
1889,2781.0,0.1049982020855807,0.0975609756097561,0.1051094890510948,-0.0075485134413386945,0.9281842818428193,0.05986669677644495,3832.0,4001.0
12239,16326.0,0.0135979419331128,0.0076142131979695,0.0137459201606829,-0.006131706962713399,0.5539253181280827,0.05948108607891893,16326.0,16628.0
1581,472523.0,0.4071463188035291,0.4116209611729568,0.4070754605434294,0.00454550062952741,1.0111662359196483,0.059390801301283894,504596.0,574188.0
1024,21402.0,0.5635454630408373,0.5578231292517006,0.5636251658139094,-0.00580203656220879,0.9897058596490625,0.05785376813799393,22668.0,24615.0
1405,1699026.0,0.3613358477151026,0.3573690516946251,0.3613911669326318,-0.004022115238006718,0.9888704661153035,0.05769952078180898,1731742.0,2514478.0
2232,2009.0,0.1463414634146341,0.1538461538461538,0.1462925851703407,0.00755356867581311,1.0516332982086403,0.057451612463635005,2674.0,2742.0
1923,10182.0,0.3327440581418189,0.326797385620915,0.3329283110571081,-0.006130925436193091,0.9815848480511427,0.05657909176023083,10323.0,10435.0
1603,37469.0,0.1512717179535082,0.1565656565656565,0.1512151700698621,0.005350486495794393,1.035383265404671,0.056347556452225236,41202.0,46378.0
12438,198.0,0.0101010101010101,0.0,0.0104712041884816,-0.0104712041884816,0.0,0.05542727565156497,198.0,203.0
6917,1189.0,0.1505466778805719,0.1428571428571428,0.1505922165820643,-0.007735073724921493,0.9486356340288921,0.054777538011936175,1189.0,1199.0
1893,29008.0,0.021442360728075,0.0161812297734627,0.0214990069340395,-0.005317777160576801,0.7526501025423117,0.054642082199633665,30626.0,34626.0
2086,3741.0,0.1307137129109863,0.1372549019607843,0.1306233062330623,0.006631595727722012,1.0507688552599466,0.054560628261485306,5568.0,6765.0
2248,87615.0,0.44936369343149,0.4451380219170481,0.4497425565256324,-0.0046045346085842875,0.9897618436552782,0.05240291408543987,108652.0,118843.0
7046,1805.0,0.1069252077562326,0.1,0.1069637883008356,-0.006963788300835591,0.9348958333333339,0.052220541322958655,1806.0,1980.0
1919,1465.0,0.5979522184300341,0.5909090909090909,0.5980595980595981,-0.007150507150507135,0.9880438217634047,0.05212929138522566,1546.0,1579.0
1663,12265.0,0.3912759885854056,0.3858267716535433,0.3913330037897512,-0.005506232136207934,0.9859295482801491,0.05183889865934589,15089.0,18212.0
15,155688.0,0.2718385488926571,0.267579046720151,0.2718973230274339,-0.004318276307282931,0.984117988881975,0.0516276520449761,177045.0,196098.0
6949,6322.0,0.9857639987345777,0.9915254237288136,0.9856544165054804,0.0058710072233332244,1.005956456061089,0.05138275613810653,8210.0,9856.0
12246,8877.0,0.0145319364650219,0.02,0.014469636550074,0.005530363449926001,1.3822047244094544,0.05027836791102067,8877.0,8956.0
12759,3945.0,0.0103929024081115,0.016260162601626,0.010204081632653,0.006056080968973001,1.5934959349593576,0.05014712221009884,11598.0,12804.0
637,14413.0,0.0936654409213904,0.0884955752212389,0.0937062937062937,-0.005210718485054805,0.9443930788535196,0.049897606957595826,15085.0,15401.0
7225,61497.0,0.152365156023871,0.156798245614035,0.1522984237022365,0.004499821911798485,1.0295460832910275,0.049618455962387745,61497.0,78086.0
1284,19704.0,0.2579679252943564,0.2628571428571428,0.2579241128578012,0.004933029999341587,1.019125896934116,0.04878089704526026,19797.0,21364.0
16136,174091.0,0.1552751147388434,0.1592523364485981,0.1552130489569235,0.0040392874916745924,1.0260241488638988,0.048743452183726506,174091.0,229931.0
55,243567.0,0.6222846280489557,0.6184805906168135,0.6223513585775876,-0.003870767960774124,0.9937804137366697,0.048009721219351244,243920.0,267480.0
2119,5300.0,0.010377358490566,0.005,0.0105882352941176,-0.0055882352941176,0.4722222222222243,0.047922754252578505,8937.0,9414.0
1740,10823.0,0.1930148757276171,0.188034188034188,0.193069306930693,-0.0050351188965049865,0.9739206662283588,0.04677384358179799,12027.0,12357.0
1272,1688.0,0.8827014218009479,0.8888888888888888,0.8826347305389222,0.006254158349966676,1.007085783205186,0.04648022888755335,1688.0,3322.0
16484,4013.0,0.9753301769249938,0.9699248120300752,0.9755154639175256,-0.0055906518874504485,0.9942690279198658,0.04638867739359797,5982.0,6149.0
1108,1039.0,0.0163618864292589,0.0227272727272727,0.0160804020100502,0.006646870717222499,1.4133522727272754,0.046175651295372634,1039.0,1100.0
1420,57647.0,0.4563116901139695,0.4604072398190045,0.4562479079682187,0.004159331850785819,1.0091163855836804,0.045595056739490734,57650.0,66662.0
11980,4286.0,0.7015865608959403,0.7066666666666667,0.7014023210831721,0.005264345583494534,1.0075054578880847,0.04402752497728735,4315.0,5082.0
1229,27805.0,0.2878618953425643,0.2837370242214533,0.2879494619311712,-0.004212437709717909,0.985370913071111,0.04310590500756133,31777.0,33691.0
52,4146884.0,0.6737854253941031,0.6711068413176419,0.6738208498574433,-0.0027140085398014158,0.9959722105061374,0.04135570390195451,4153615.0,6256209.0
2284,29121.0,0.0553552419216373,0.0514138817480719,0.055408603647501,-0.0039947218994291,0.927904303006032,0.04106274181411131,29152.0,32976.0
1755,1547.0,0.2087912087912088,0.2142857142857142,0.2087410306588388,0.00554468362687538,1.0265624999999998,0.040724143483543314,1674.0,1700.0
868,1074.0,0.2942271880819367,0.3,0.2941729323308271,0.005827067669172903,1.0198083067092651,0.04067337484161909,2449.0,2518.0
2221,6848.0,0.1305490654205607,0.1262135922330097,0.1306152705707931,-0.0044016783377834046,0.9663004308872315,0.03887499775574109,7110.0,7157.0
1571,2316888.0,0.0928119960913086,0.0953884479462371,0.0927730258862951,0.002615422059942002,1.0281916218098517,0.038330934965750865,2479966.0,3191386.0
2726,30660.0,0.0151337247227658,0.01875,0.0150762094102054,0.0036737905897946,1.2436813186813216,0.037953000260653624,30660.0,32053.0
614,8968.0,0.1709411239964317,0.175,0.1709045904590459,0.004095409540954081,1.0239631336405528,0.03727449061281438,9389.0,9581.0
61,227271.0,0.0122672932314285,0.00929203539823,0.0122971765824781,-0.0030051411842481005,0.7556234828301936,0.03706511931798536,239361.0,278050.0
1883,857.0,0.3652275379229872,0.36,0.3653846153846153,-0.005384615384615321,0.9852631578947371,0.0363709451510886,858.0,887.0
252,12118.0,0.0110579303515431,0.0073529411764705,0.0110999833082957,-0.003747042131825201,0.6624281291463919,0.03523167511137771,12373.0,12724.0
808,38546.0,0.1829242982410626,0.1862348178137652,0.1829029478576464,0.0033318699561187826,1.0182166006351738,0.035183325789366976,38547.0,52084.0
1115,1677.0,0.3935599284436494,0.3888888888888889,0.3936106088004822,-0.004721719911593314,0.9880040837161818,0.035060460185882554,2050.0,2089.0
15294,47625.0,0.199748031496063,0.1965699208443271,0.1997994324364691,-0.0032295115921420203,0.9838362324018667,0.03478550246741749,47625.0,57669.0
8927,90512.0,0.0957552589711861,0.092790863668808,0.0958018650896073,-0.0030110014207992974,0.9685705344255773,0.03436530824970152,90512.0,116729.0
7060,724.0,0.1767955801104972,0.1818181818181818,0.1767180925666199,0.0051000892515618845,1.0288600288600287,0.033590063265865874,935.0,949.0
1636,118796.0,0.4917084750328294,0.49444724886421,0.4916139819217305,0.0028332669424794843,1.0057631943896392,0.03310720993851316,120990.0,137390.0
1350,2568.0,0.0992990654205607,0.0952380952380952,0.0993325480957989,-0.004094452857703698,0.9587803500846983,0.032146663065175586,2950.0,3011.0
6555,3911.0,0.2344668882638711,0.2307692307692307,0.2345421340986172,-0.003772903329386512,0.9839137503208693,0.031208716969176372,8702.0,9035.0
680,1261.0,0.0911974623314829,0.0869565217391304,0.0912762520193861,-0.004319730280255701,0.9526741054251632,0.03084483122502804,1463.0,1469.0
749,1658.0,0.0235223160434258,0.0196078431372549,0.0236465463596764,-0.004038703222421499,0.8292053663570697,0.029942825701929403,1658.0,1672.0
1079,101709.0,0.0120933250744771,0.0146460537021969,0.012062101910828,0.0025839517913689002,1.2142206897662935,0.02979265642034595,110769.0,128993.0
13406,202271.0,0.3654849187476208,0.3631427658894922,0.3655217434970372,-0.0023789776075450186,0.9934915565219602,0.029064846335065665,202272.0,303623.0
2285,2386.0,0.0704107292539815,0.074074074074074,0.0703688003391267,0.0037052737349473064,1.0526550647032573,0.028818850734240096,5166.0,5619.0
7129,6724.0,0.0440214158239143,0.0471698113207547,0.0439709882139619,0.0031988231067928002,1.0727484925111848,0.02819310640339212,6735.0,6987.0
1524,386778.0,0.1014380342211811,0.0993630573248407,0.1014679385128631,-0.002104881188022406,0.9792557016642693,0.02708057782920294,411151.0,508061.0
1034,226591.0,0.1029917340053223,0.1008249312557287,0.1030128025168331,-0.00218787126110441,0.9787611713529792,0.026978435566262306,226591.0,297345.0
2936,725.0,0.2262068965517241,0.2222222222222222,0.2262569832402234,-0.004034761018001182,0.9821673525377231,0.02657919000394819,1397.0,1411.0
6919,10829.0,0.0207775417859451,0.0180995475113122,0.0208333333333333,-0.0027337858220210995,0.868778280542987,0.025397076249986276,11540.0,12083.0
1623,138364.0,0.7208739267439508,0.7229540918163673,0.7208355721740922,0.002118519642275052,1.002938977658782,0.025078294890806697,140491.0,156898.0
8924,13228.0,0.4802691260961597,0.4776785714285714,0.4803137496155029,-0.002635178186931486,0.994513631581355,0.025008280195076317,13228.0,14874.0
266,4288.0,0.0590018656716417,0.0618556701030927,0.0589358148413266,0.002919855261766101,1.0495429692391163,0.024421111379862675,5278.0,5339.0
1,1532316.0,0.2726728690426779,0.2743343276985968,0.2726530067744718,0.001681320924124985,1.006166522584934,0.023945862751728723,1532463.0,1861787.0
1947,181.0,0.2541436464088398,0.25,0.2543352601156069,-0.00433526011560692,0.9829545454545455,0.022560722631835735,192.0,193.0
1995,453.0,0.1214128035320088,0.125,0.1213483146067415,0.003651685393258497,1.0300925925925932,0.02234136617262333,508.0,511.0
1501,90831.0,0.7072805539958824,0.7091795288383428,0.7072544642857143,0.0019250645526285304,1.0027218839185028,0.02197801331372958,97908.0,108001.0
2029,21682.0,0.6490637395074255,0.6469135802469136,0.6491046670113267,-0.0021910867644131526,0.9966244476803694,0.0218764321353266,21682.0,22954.0
6867,6485.0,0.1134926754047802,0.1111111111111111,0.1135536928673098,-0.0024425817561987,0.9784896316929744,0.02143952025013697,6485.0,6730.0
13888,5735.0,0.7980819529206626,0.7959183673469388,0.7981388690050107,-0.0022205016580719716,0.9972179006131601,0.019217370197164234,5737.0,5877.0
1318,100178.0,0.1337918505060991,0.1353658536585366,0.1337656538594248,0.001600199799111801,1.011962710553439,0.01842584281332995,100702.0,109656.0
16489,9481.0,0.1886931758253348,0.1868131868131868,0.1887299709646198,-0.0019167841514330097,0.9898437744591593,0.017552281033994258,9481.0,10429.0
1922,10567.0,0.1741269991482918,0.1723076923076923,0.1741847295450107,-0.001877037237318413,0.9892238703001036,0.017391849658891893,10929.0,11919.0
2223,1551.0,0.5261121856866537,0.5238095238095238,0.5261437908496732,-0.002334267040149385,0.9955634427684117,0.017150559525544208,1561.0,1589.0
1287,92217.0,0.2908682780832167,0.2894236858771374,0.2909195028015136,-0.0014958169243761699,0.9948583133479479,0.017100045380742897,92258.0,109445.0
7877,19470.0,0.2194144838212635,0.2210526315789473,0.2193735193471966,0.0016791122317507123,1.0076541245121442,0.016584056645427402,19515.0,22705.0
14383,2284.0,0.0179509632224168,0.0158730158730158,0.0180099054479963,-0.0021368895749805,0.8813492063492071,0.01652696318471685,5501.0,5727.0
8936,151404.0,0.0226083855116113,0.0239520958083832,0.0225888375895411,0.0013632582188420998,1.060350968191179,0.01626055365791318,151404.0,190034.0
1081,997135.0,0.4382475793147367,0.4393843368039837,0.4382348467178452,0.001149490086138516,1.002623000189847,0.01587749555835068,1038455.0,1223792.0
929,1588.0,0.1020151133501259,0.1,0.1020408163265306,-0.002040816326530595,0.9800000000000002,0.015042571768442151,1901.0,1915.0
2782,5131.0,0.0571038783862794,0.0588235294117647,0.0570924072984108,0.0017311221133538973,1.0303214069132811,0.014789410251247503,5131.0,5593.0
16579,34849.0,0.1219260237022583,0.1232,0.1219027582982702,0.0012972417017298038,1.0106416107382552,0.013567602427882585,34849.0,42414.0
81,931.0,0.1686358754027927,0.1666666666666666,0.1686486486486486,-0.0019819819819819895,0.9882478632478632,0.013551470443521042,1085.0,1160.0
1377,537412.0,0.0175470588673122,0.0165425971877584,0.0175584859428605,-0.0010158887551021019,0.9421425766203279,0.013404166696793602,552236.0,762026.0
7729,815.0,0.4515337423312883,0.45,0.4515723270440251,-0.0015723270440251014,0.9965181058495823,0.01054153200466017,837.0,1026.0
1454,523399.0,0.2176140955561627,0.2168438077634011,0.2176270488379638,-0.0007832410745627072,0.9964009939079499,0.010313797787943344,563694.0,689237.0
848,158917.0,0.0338352725007393,0.0346784363177805,0.0338267728546821,0.0008516634630984024,1.0251772011109987,0.01019964395414699,237497.0,310072.0
2204,6103.0,0.6288710470260528,0.627906976744186,0.6288848263254113,-0.0009778495812252652,0.9984451054624122,0.008523621027089583,6473.0,6742.0
7034,5779.0,0.0591797888908115,0.0600858369098712,0.0591417237648755,0.0009441131449956994,1.0159635716528845,0.008178058139751568,5780.0,6306.0
9006,4129.0,0.9888592879631872,0.9879518072289156,0.9888973000252336,-0.0009454927963179482,0.9990438918214319,0.007872203926478305,14071.0,15168.0
21174,101629.0,0.5769317812829016,0.576271186440678,0.5769458821164766,-0.0006746956757985867,0.998830573721536,0.007778629898800365,107353.0,118021.0
1127,24992.0,0.3802416773367477,0.3809523809523809,0.3802313781205602,0.000721002831820694,1.0018962212834315,0.007301127793618117,25311.0,27540.0
7067,4394.0,0.0259444697314519,0.0251889168765743,0.0260195146359769,-0.0008305977594025987,0.9680778918814211,0.006967239071454842,6234.0,6833.0
1564,1843085.0,0.097494689610083,0.0970224035502111,0.09750195990068,-0.000479556350468896,0.9950815721965242,0.0069185364008889924,1878251.0,2408676.0
1383,36751.0,0.5324208865064897,0.5319488817891374,0.5324290657439447,-0.0004801839548073117,0.9990981259557339,0.005047668727320863,44321.0,47891.0
989,19574.0,0.0575252886482068,0.0571428571428571,0.0575315436938574,-0.00038868655100030014,0.9932439401753477,0.003841003808928264,21459.0,21937.0
6961,5354.0,0.7954800149420994,0.7959183673469388,0.7954759660697456,0.000442401277193194,1.0005561466292678,0.0037983626845343524,5819.0,6843.0
6249,461.0,0.2494577006507592,0.25,0.24945295404814,0.0005470459518600035,1.0021929824561406,0.0033564359360406283,512.0,513.0
288,41369.0,0.0239067901085353,0.0236051502145922,0.0239102266337432,-0.000305076419151,0.9872407558563053,0.0032430572934952274,42579.0,45674.0
1561,1766430.0,0.2577866091495275,0.2579982593559617,0.2577831104819287,0.00021514887403301097,1.0008346119869171,0.0030948028865293354,1835443.0,2374342.0
1458,310083.0,0.4095645359468271,0.4093655589123867,0.4095679933855446,-0.00020243447315793084,0.9995057365897062,0.0025597026371589437,344492.0,410866.0
6762,2924.0,0.0834473324213406,0.0833333333333333,0.0834482758620689,-0.00011494252873560373,0.9986225895316808,0.0009173620413406876,3385.0,3617.0
2050,2837.0,0.1667254141698977,0.1666666666666666,0.1667261692252767,-5.950255861009168e-05,0.9996431120628119,0.0004730962071718158,2837.0,2898.0
443,125.0,0.92,,0.92,,,,416.0,517.0
467,283.0,0.2685512367491166,,0.2685512367491166,,,,283.0,283.0
621,494.0,0.0323886639676113,,0.0323886639676113,,,,14573.0,14974.0
645,188.0,0.0957446808510638,,0.0957446808510638,,,,247.0,247.0
663,495.0,0.0565656565656565,,0.0565656565656565,,,,520.0,526.0
752,119.0,0.8907563025210085,,0.8907563025210085,,,,119.0,119.0
835,343.0,0.8775510204081632,,0.8775510204081632,,,,404.0,452.0
883,223.0,0.9865470852017936,,0.9865470852017936,,,,258.0,268.0
1050,431.0,0.9211136890951276,,0.9211136890951276,,,,432.0,439.0
1097,191.0,0.4136125654450261,,0.4136125654450261,,,,276.0,287.0
1182,545.0,0.4788990825688073,,0.4788990825688073,,,,545.0,581.0
1194,102.0,0.3235294117647059,,0.3235294117647059,,,,121.0,124.0
1205,259.0,0.694980694980695,,0.694980694980695,,,,259.0,261.0
1265,279.0,0.3476702508960573,,0.3476702508960573,,,,345.0,346.0
1268,178.0,0.0393258426966292,,0.0393258426966292,,,,197.0,200.0
1411,139.0,0.0287769784172661,,0.0287769784172661,,,,139.0,158.0
1500,239.0,0.1213389121338912,,0.1213389121338912,,,,239.0,243.0
1521,370.0,0.1621621621621621,,0.1621621621621621,,,,370.0,425.0
1655,438.0,0.3538812785388128,,0.3538812785388128,,,,1406.0,1431.0
1656,351.0,0.2592592592592592,,0.2592592592592592,,,,541.0,546.0
1749,202.0,0.1138613861386138,,0.1138613861386138,,,,202.0,204.0
1760,211.0,0.3554502369668246,,0.3554502369668246,,,,211.0,211.0
1778,108.0,0.0277777777777777,,0.0277777777777777,,,,129.0,131.0
1866,270.0,0.0814814814814814,,0.0814814814814814,,,,661.0,682.0
1892,163.0,0.0184049079754601,,0.0184049079754601,,,,168.0,170.0
1928,111.0,0.063063063063063,,0.063063063063063,,,,211.0,222.0
2041,101.0,0.1584158415841584,,0.1584158415841584,,,,128.0,130.0
2229,184.0,0.3152173913043478,,0.3152173913043478,,,,233.0,237.0
2349,217.0,0.0230414746543778,,0.0230414746543778,,,,279.0,283.0
2360,145.0,0.0137931034482758,,0.0137931034482758,,,,232.0,240.0
2376,232.0,0.5732758620689655,,0.5732758620689655,,,,232.0,232.0
2386,288.0,0.2013888888888889,,0.2013888888888889,,,,303.0,305.0
2410,120.0,0.6083333333333333,,0.6083333333333333,,,,488.0,493.0
2455,101.0,0.1089108910891089,,0.1089108910891089,,,,101.0,102.0
2528,1462.0,0.8570451436388509,,0.8570451436388509,,,,1462.0,1463.0
2530,1586.0,0.5031525851197982,,0.5031525851197982,,,,1586.0,1588.0
2827,111.0,0.3333333333333333,,0.3333333333333333,,,,231.0,254.0
2828,111.0,0.3603603603603603,,0.3603603603603603,,,,231.0,255.0
2829,135.0,0.3259259259259259,,0.3259259259259259,,,,255.0,278.0
2830,127.0,0.3385826771653543,,0.3385826771653543,,,,247.0,270.0
2890,456.0,0.3267543859649123,,0.3267543859649123,,,,550.0,553.0
2918,522.0,0.2796934865900383,,0.2796934865900383,,,,532.0,535.0
3098,131.0,0.1603053435114503,,0.1603053435114503,,,,800.0,814.0
3178,144.0,0.2152777777777778,,0.2152777777777778,,,,186.0,187.0
3315,171.0,0.391812865497076,,0.391812865497076,,,,220.0,223.0
3482,236.0,0.4194915254237288,,0.4194915254237288,,,,303.0,306.0
3495,106.0,0.1792452830188679,,0.1792452830188679,,,,106.0,106.0
3584,123.0,0.4878048780487805,,0.4878048780487805,,,,127.0,129.0
3704,180.0,0.1388888888888889,,0.1388888888888889,,,,685.0,691.0
3788,596.0,0.1308724832214765,,0.1308724832214765,,,,1129.0,1137.0
3849,436.0,0.2087155963302752,,0.2087155963302752,,,,945.0,953.0
3896,258.0,0.2713178294573643,,0.2713178294573643,,,,745.0,759.0
3912,186.0,0.4462365591397849,,0.4462365591397849,,,,255.0,255.0
4078,853.0,0.2989449003516999,,0.2989449003516999,,,,1345.0,1356.0
4091,122.0,0.1557377049180328,,0.1557377049180328,,,,170.0,170.0
4457,222.0,0.5315315315315315,,0.5315315315315315,,,,284.0,287.0
4836,127.0,0.3385826771653543,,0.3385826771653543,,,,201.0,201.0
4843,112.0,0.1696428571428571,,0.1696428571428571,,,,112.0,115.0
4867,116.0,0.4137931034482758,,0.4137931034482758,,,,121.0,123.0
4915,149.0,0.261744966442953,,0.261744966442953,,,,149.0,150.0
4960,620.0,0.3693548387096774,,0.3693548387096774,,,,680.0,682.0
4999,404.0,0.1188118811881188,,0.1188118811881188,,,,404.0,407.0
5273,1017.0,0.3706981317600786,,0.3706981317600786,,,,1600.0,1615.0
5284,100.0,0.7,,0.7,,,,102.0,102.0
5298,272.0,0.3602941176470588,,0.3602941176470588,,,,340.0,342.0
5435,148.0,0.5675675675675675,,0.5675675675675675,,,,172.0,174.0
5463,121.0,0.1818181818181818,,0.1818181818181818,,,,154.0,155.0
5569,404.0,0.1089108910891089,,0.1089108910891089,,,,404.0,407.0
5728,250.0,0.156,,0.156,,,,748.0,754.0
5744,193.0,0.2797927461139896,,0.2797927461139896,,,,259.0,261.0
5780,536.0,0.2630597014925373,,0.2630597014925373,,,,1083.0,1089.0
5847,780.0,0.2423076923076923,,0.2423076923076923,,,,1336.0,1345.0
5971,113.0,0.0884955752212389,,0.0884955752212389,,,,113.0,116.0
6032,106.0,0.1698113207547169,,0.1698113207547169,,,,111.0,113.0
6122,127.0,0.1653543307086614,,0.1653543307086614,,,,189.0,190.0
6220,568.0,0.2658450704225352,,0.2658450704225352,,,,1119.0,1129.0
6233,256.0,0.3828125,,0.3828125,,,,256.0,257.0
6429,118.0,0.2627118644067797,,0.2627118644067797,,,,216.0,221.0
6503,264.0,0.0303030303030303,,0.0303030303030303,,,,264.0,266.0
6528,710.0,0.3901408450704225,,0.3901408450704225,,,,1411.0,2009.0
6530,440.0,0.0272727272727272,,0.0272727272727272,,,,440.0,607.0
6565,151.0,0.304635761589404,,0.304635761589404,,,,151.0,205.0
6567,184.0,0.4130434782608695,,0.4130434782608695,,,,184.0,245.0
6595,131.0,0.0610687022900763,,0.0610687022900763,,,,131.0,132.0
6624,108.0,0.8240740740740741,,0.8240740740740741,,,,108.0,108.0
6683,308.0,0.4025974025974026,,0.4025974025974026,,,,309.0,318.0
6767,140.0,0.4285714285714285,,0.4285714285714285,,,,140.0,143.0
6769,236.0,0.7203389830508474,,0.7203389830508474,,,,265.0,271.0
6813,198.0,0.1464646464646464,,0.1464646464646464,,,,198.0,198.0
6830,247.0,0.2955465587044534,,0.2955465587044534,,,,247.0,248.0
6835,131.0,0.8931297709923665,,0.8931297709923665,,,,131.0,131.0
6980,196.0,0.1122448979591836,,0.1122448979591836,,,,201.0,209.0
7051,165.0,0.0727272727272727,,0.0727272727272727,,,,165.0,165.0
7097,205.0,0.0634146341463414,,0.0634146341463414,,,,205.0,206.0
7124,149.0,0.1006711409395973,,0.1006711409395973,,,,846.0,865.0
7512,100.0,0.28,,0.28,,,,100.0,100.0
7717,168.0,0.7619047619047619,,0.7619047619047619,,,,222.0,231.0
7732,206.0,0.3689320388349514,,0.3689320388349514,,,,347.0,380.0
7774,142.0,0.2253521126760563,,0.2253521126760563,,,,142.0,146.0
7807,100.0,0.84,,0.84,,,,100.0,157.0
7871,140.0,0.1285714285714285,,0.1285714285714285,,,,517.0,580.0
7878,2475.0,0.1503030303030303,,0.1503030303030303,,,,2491.0,2942.0
8187,208.0,0.0576923076923076,,0.0576923076923076,,,,637.0,642.0
8212,184.0,0.1902173913043478,,0.1902173913043478,,,,308.0,346.0
8856,117.0,0.1196581196581196,,0.1196581196581196,,,,117.0,118.0
8889,105.0,0.0476190476190476,,0.0476190476190476,,,,105.0,110.0
11939,176.0,0.2159090909090909,,0.2159090909090909,,,,177.0,182.0
11952,100.0,0.69,,0.69,,,,100.0,103.0
12436,284.0,0.1197183098591549,,0.1197183098591549,,,,284.0,295.0
13024,289.0,0.0207612456747404,,0.0207612456747404,,,,289.0,292.0
17683,154.0,0.0324675324675324,,0.0324675324675324,,,,169.0,169.0
17785,237.0,0.0126582278481012,,0.0126582278481012,,,,249.0,260.0
20262,145.0,0.3241379310344827,,0.3241379310344827,,,,145.0,145.0
20912,185.0,0.0216216216216216,,0.0216216216216216,,,,505.0,531.0
